sample_index,human_value,ai_value,metric,condition
0,0.09208057920923346,0.06525960576392917,mean_pairwise_distance,persona
1,0.09208057920923346,0.06393819010776022,mean_pairwise_distance,persona
2,0.09208057920923346,0.0646161674982003,mean_pairwise_distance,persona
3,0.09208057920923346,0.060634491471905014,mean_pairwise_distance,persona
4,0.09208057920923346,0.06660131974653764,mean_pairwise_distance,persona
5,0.09208057920923346,0.06130208987963529,mean_pairwise_distance,persona
6,0.09208057920923346,0.06419012409896248,mean_pairwise_distance,persona
7,0.09208057920923346,0.06612757826039914,mean_pairwise_distance,persona
8,0.09208057920923346,0.06064843990114838,mean_pairwise_distance,persona
9,0.09208057920923346,0.06281448046680496,mean_pairwise_distance,persona
10,0.09208057920923346,0.06393814840806802,mean_pairwise_distance,persona
11,0.09208057920923346,0.06346273728510136,mean_pairwise_distance,persona
12,0.09208057920923346,0.060820908414516525,mean_pairwise_distance,persona
13,0.09208057920923346,0.05925697983489206,mean_pairwise_distance,persona
14,0.09208057920923346,0.06401882741762244,mean_pairwise_distance,persona
15,0.09208057920923346,0.060204473408785736,mean_pairwise_distance,persona
16,0.09208057920923346,0.057564125230661026,mean_pairwise_distance,persona
17,0.09208057920923346,0.06718520425525107,mean_pairwise_distance,persona
18,0.09208057920923346,0.06306329687593483,mean_pairwise_distance,persona
19,0.09208057920923346,0.05984592861808807,mean_pairwise_distance,persona
20,0.09208057920923346,0.0653242940016886,mean_pairwise_distance,persona
21,0.09208057920923346,0.06708246540175125,mean_pairwise_distance,persona
22,0.09208057920923346,0.0612397198620521,mean_pairwise_distance,persona
23,0.09208057920923346,0.0698647204595121,mean_pairwise_distance,persona
24,0.09208057920923346,0.061481063309394325,mean_pairwise_distance,persona
25,0.09208057920923346,0.0632286611281836,mean_pairwise_distance,persona
26,0.09208057920923346,0.06923016234348885,mean_pairwise_distance,persona
27,0.09208057920923346,0.06318669663116394,mean_pairwise_distance,persona
28,0.09208057920923346,0.06108965232909432,mean_pairwise_distance,persona
29,0.09208057920923346,0.06066471408949539,mean_pairwise_distance,persona
30,0.09208057920923346,0.06717688410649658,mean_pairwise_distance,persona
31,0.09208057920923346,0.06344561143354936,mean_pairwise_distance,persona
32,0.09208057920923346,0.062360274226297974,mean_pairwise_distance,persona
33,0.09208057920923346,0.06838401457066592,mean_pairwise_distance,persona
34,0.09208057920923346,0.06502609196387732,mean_pairwise_distance,persona
35,0.09208057920923346,0.06503712871800298,mean_pairwise_distance,persona
36,0.09208057920923346,0.06616045246011183,mean_pairwise_distance,persona
37,0.09208057920923346,0.06864966281317911,mean_pairwise_distance,persona
38,0.09208057920923346,0.06260485422941064,mean_pairwise_distance,persona
39,0.09208057920923346,0.06669396067796489,mean_pairwise_distance,persona
40,0.09208057920923346,0.06634847330952821,mean_pairwise_distance,persona
41,0.09208057920923346,0.060308463488642876,mean_pairwise_distance,persona
42,0.09208057920923346,0.06579516362766974,mean_pairwise_distance,persona
43,0.09208057920923346,0.0639635178411431,mean_pairwise_distance,persona
44,0.09208057920923346,0.06752175469643514,mean_pairwise_distance,persona
45,0.09208057920923346,0.06351215707454756,mean_pairwise_distance,persona
46,0.09208057920923346,0.06163796417326795,mean_pairwise_distance,persona
47,0.09208057920923346,0.06358966855663556,mean_pairwise_distance,persona
48,0.09208057920923346,0.061385061429894486,mean_pairwise_distance,persona
49,0.09208057920923346,0.06198593161322854,mean_pairwise_distance,persona
50,0.09208057920923346,0.06729745982663905,mean_pairwise_distance,persona
51,0.09208057920923346,0.06589095371042787,mean_pairwise_distance,persona
52,0.09208057920923346,0.061242259067037834,mean_pairwise_distance,persona
53,0.09208057920923346,0.06391188608327873,mean_pairwise_distance,persona
54,0.09208057920923346,0.06273401985055373,mean_pairwise_distance,persona
55,0.09208057920923346,0.06479931231072769,mean_pairwise_distance,persona
56,0.09208057920923346,0.06265586850200246,mean_pairwise_distance,persona
57,0.09208057920923346,0.06271665440246521,mean_pairwise_distance,persona
58,0.09208057920923346,0.06555951183492487,mean_pairwise_distance,persona
59,0.09208057920923346,0.06261285680084831,mean_pairwise_distance,persona
60,0.09208057920923346,0.05776096262008305,mean_pairwise_distance,persona
61,0.09208057920923346,0.0656111402945085,mean_pairwise_distance,persona
62,0.09208057920923346,0.06162519982680973,mean_pairwise_distance,persona
63,0.09208057920923346,0.05854862410089244,mean_pairwise_distance,persona
64,0.09208057920923346,0.062270163547380165,mean_pairwise_distance,persona
65,0.09208057920923346,0.06170080749413713,mean_pairwise_distance,persona
66,0.09208057920923346,0.06157609714349739,mean_pairwise_distance,persona
67,0.09208057920923346,0.06174802261850108,mean_pairwise_distance,persona
68,0.09208057920923346,0.062132268319488045,mean_pairwise_distance,persona
69,0.09208057920923346,0.061732774902238205,mean_pairwise_distance,persona
70,0.09208057920923346,0.058286085194749794,mean_pairwise_distance,persona
71,0.09208057920923346,0.06593259474034366,mean_pairwise_distance,persona
72,0.09208057920923346,0.06138121422100444,mean_pairwise_distance,persona
73,0.09208057920923346,0.06611419996254057,mean_pairwise_distance,persona
74,0.09208057920923346,0.06167441300252681,mean_pairwise_distance,persona
75,0.09208057920923346,0.05981695958276982,mean_pairwise_distance,persona
76,0.09208057920923346,0.06079988352394858,mean_pairwise_distance,persona
77,0.09208057920923346,0.06599599217237691,mean_pairwise_distance,persona
78,0.09208057920923346,0.05830577522398455,mean_pairwise_distance,persona
79,0.09208057920923346,0.06420803494133026,mean_pairwise_distance,persona
80,0.09208057920923346,0.058915934072652824,mean_pairwise_distance,persona
81,0.09208057920923346,0.06062540117459806,mean_pairwise_distance,persona
82,0.09208057920923346,0.06528022425919182,mean_pairwise_distance,persona
83,0.09208057920923346,0.06635223170042981,mean_pairwise_distance,persona
84,0.09208057920923346,0.06513879680822018,mean_pairwise_distance,persona
85,0.09208057920923346,0.06250320616446936,mean_pairwise_distance,persona
86,0.09208057920923346,0.06654791162890408,mean_pairwise_distance,persona
87,0.09208057920923346,0.062252059048814735,mean_pairwise_distance,persona
88,0.09208057920923346,0.06187033441226944,mean_pairwise_distance,persona
89,0.09208057920923346,0.06725627513742258,mean_pairwise_distance,persona
90,0.09208057920923346,0.06546120115890805,mean_pairwise_distance,persona
91,0.09208057920923346,0.062157751072065635,mean_pairwise_distance,persona
92,0.09208057920923346,0.06580310306059042,mean_pairwise_distance,persona
93,0.09208057920923346,0.06366986790193399,mean_pairwise_distance,persona
94,0.09208057920923346,0.060452605895845314,mean_pairwise_distance,persona
95,0.09208057920923346,0.06438088252139186,mean_pairwise_distance,persona
96,0.09208057920923346,0.061993420124053955,mean_pairwise_distance,persona
97,0.09208057920923346,0.06673281301151622,mean_pairwise_distance,persona
98,0.09208057920923346,0.06555543115487683,mean_pairwise_distance,persona
99,0.09208057920923346,0.05941954455356824,mean_pairwise_distance,persona
100,0.09208057920923346,0.06480802000746896,mean_pairwise_distance,persona
101,0.09208057920923346,0.06522483434601735,mean_pairwise_distance,persona
102,0.09208057920923346,0.06657459259975569,mean_pairwise_distance,persona
103,0.09208057920923346,0.06675973334331287,mean_pairwise_distance,persona
104,0.09208057920923346,0.060328223488547585,mean_pairwise_distance,persona
105,0.09208057920923346,0.0625802415161736,mean_pairwise_distance,persona
106,0.09208057920923346,0.06582116373914032,mean_pairwise_distance,persona
107,0.09208057920923346,0.06579919341995782,mean_pairwise_distance,persona
108,0.09208057920923346,0.06214186160460762,mean_pairwise_distance,persona
109,0.09208057920923346,0.06127769555970143,mean_pairwise_distance,persona
110,0.09208057920923346,0.060335715533245224,mean_pairwise_distance,persona
111,0.09208057920923346,0.0631704354003484,mean_pairwise_distance,persona
112,0.09208057920923346,0.05859830633924884,mean_pairwise_distance,persona
113,0.09208057920923346,0.06770765145305588,mean_pairwise_distance,persona
114,0.09208057920923346,0.06649837875554684,mean_pairwise_distance,persona
115,0.09208057920923346,0.05950394920680834,mean_pairwise_distance,persona
116,0.09208057920923346,0.0658364531550954,mean_pairwise_distance,persona
117,0.09208057920923346,0.06106934858405072,mean_pairwise_distance,persona
118,0.09208057920923346,0.06152534437744985,mean_pairwise_distance,persona
119,0.09208057920923346,0.06393551779358754,mean_pairwise_distance,persona
120,0.09208057920923346,0.0603986509703836,mean_pairwise_distance,persona
121,0.09208057920923346,0.0692102704123546,mean_pairwise_distance,persona
122,0.09208057920923346,0.06817931195963985,mean_pairwise_distance,persona
123,0.09208057920923346,0.06400545359600203,mean_pairwise_distance,persona
124,0.09208057920923346,0.06466578117943564,mean_pairwise_distance,persona
125,0.09208057920923346,0.061691153662006844,mean_pairwise_distance,persona
126,0.09208057920923346,0.06843698943556532,mean_pairwise_distance,persona
127,0.09208057920923346,0.06581851781121356,mean_pairwise_distance,persona
128,0.09208057920923346,0.06519409672544879,mean_pairwise_distance,persona
129,0.09208057920923346,0.06283521416630199,mean_pairwise_distance,persona
130,0.09208057920923346,0.06092104987193473,mean_pairwise_distance,persona
131,0.09208057920923346,0.06407897792786006,mean_pairwise_distance,persona
132,0.09208057920923346,0.060433480108208336,mean_pairwise_distance,persona
133,0.09208057920923346,0.06271922965294759,mean_pairwise_distance,persona
134,0.09208057920923346,0.06318914772493565,mean_pairwise_distance,persona
135,0.09208057920923346,0.06548798272732219,mean_pairwise_distance,persona
136,0.09208057920923346,0.06649510309159049,mean_pairwise_distance,persona
137,0.09208057920923346,0.059594597976669494,mean_pairwise_distance,persona
138,0.09208057920923346,0.06639722943777152,mean_pairwise_distance,persona
139,0.09208057920923346,0.06390341609834212,mean_pairwise_distance,persona
140,0.09208057920923346,0.0602393993747093,mean_pairwise_distance,persona
141,0.09208057920923346,0.0695514971088515,mean_pairwise_distance,persona
142,0.09208057920923346,0.058323234908665596,mean_pairwise_distance,persona
143,0.09208057920923346,0.06458532433264812,mean_pairwise_distance,persona
144,0.09208057920923346,0.060210109228202004,mean_pairwise_distance,persona
145,0.09208057920923346,0.05865118861669608,mean_pairwise_distance,persona
146,0.09208057920923346,0.07167702960402599,mean_pairwise_distance,persona
147,0.09208057920923346,0.059970516696749,mean_pairwise_distance,persona
148,0.09208057920923346,0.06238971397339591,mean_pairwise_distance,persona
149,0.09208057920923346,0.06802177193607738,mean_pairwise_distance,persona
150,0.09208057920923346,0.06576638400790248,mean_pairwise_distance,persona
151,0.09208057920923346,0.061048819142368,mean_pairwise_distance,persona
152,0.09208057920923346,0.062328726171033653,mean_pairwise_distance,persona
153,0.09208057920923346,0.06286191469124655,mean_pairwise_distance,persona
154,0.09208057920923346,0.06544887501260509,mean_pairwise_distance,persona
155,0.09208057920923346,0.06467917526192345,mean_pairwise_distance,persona
156,0.09208057920923346,0.05665920916282141,mean_pairwise_distance,persona
157,0.09208057920923346,0.06940318143414885,mean_pairwise_distance,persona
158,0.09208057920923346,0.061246454951320244,mean_pairwise_distance,persona
159,0.09208057920923346,0.06485288581358115,mean_pairwise_distance,persona
160,0.09208057920923346,0.06493401456727341,mean_pairwise_distance,persona
161,0.09208057920923346,0.060210825661896714,mean_pairwise_distance,persona
162,0.09208057920923346,0.06052055519088926,mean_pairwise_distance,persona
163,0.09208057920923346,0.06376568319298062,mean_pairwise_distance,persona
164,0.09208057920923346,0.0657834302295338,mean_pairwise_distance,persona
165,0.09208057920923346,0.0567559811908737,mean_pairwise_distance,persona
166,0.09208057920923346,0.06501530658586223,mean_pairwise_distance,persona
167,0.09208057920923346,0.06475385352085701,mean_pairwise_distance,persona
168,0.09208057920923346,0.06705287039986713,mean_pairwise_distance,persona
169,0.09208057920923346,0.0652170534661636,mean_pairwise_distance,persona
170,0.09208057920923346,0.06008607761661997,mean_pairwise_distance,persona
171,0.09208057920923346,0.06545163590917474,mean_pairwise_distance,persona
172,0.09208057920923346,0.0667616694341064,mean_pairwise_distance,persona
173,0.09208057920923346,0.06491980416030281,mean_pairwise_distance,persona
174,0.09208057920923346,0.05936316162229998,mean_pairwise_distance,persona
175,0.09208057920923346,0.05955255220058878,mean_pairwise_distance,persona
176,0.09208057920923346,0.06033589528954547,mean_pairwise_distance,persona
177,0.09208057920923346,0.06170750347521937,mean_pairwise_distance,persona
178,0.09208057920923346,0.06578753706023627,mean_pairwise_distance,persona
179,0.09208057920923346,0.06006557220526835,mean_pairwise_distance,persona
180,0.09208057920923346,0.062258347927817245,mean_pairwise_distance,persona
181,0.09208057920923346,0.060862881864012466,mean_pairwise_distance,persona
182,0.09208057920923346,0.06423934010177733,mean_pairwise_distance,persona
183,0.09208057920923346,0.06744353078570761,mean_pairwise_distance,persona
184,0.09208057920923346,0.06256384858971999,mean_pairwise_distance,persona
185,0.09208057920923346,0.061506444522043464,mean_pairwise_distance,persona
186,0.09208057920923346,0.06428882562124683,mean_pairwise_distance,persona
187,0.09208057920923346,0.06344747990958775,mean_pairwise_distance,persona
188,0.09208057920923346,0.06040375034799689,mean_pairwise_distance,persona
189,0.09208057920923346,0.06329643797026321,mean_pairwise_distance,persona
190,0.09208057920923346,0.06625369697691423,mean_pairwise_distance,persona
191,0.09208057920923346,0.06598959916193965,mean_pairwise_distance,persona
192,0.09208057920923346,0.06620507984764491,mean_pairwise_distance,persona
193,0.09208057920923346,0.0605617212683787,mean_pairwise_distance,persona
194,0.09208057920923346,0.06694675952549509,mean_pairwise_distance,persona
195,0.09208057920923346,0.060506786517946144,mean_pairwise_distance,persona
196,0.09208057920923346,0.0683311888351742,mean_pairwise_distance,persona
197,0.09208057920923346,0.06567540328964415,mean_pairwise_distance,persona
198,0.09208057920923346,0.06530183129631012,mean_pairwise_distance,persona
199,0.09208057920923346,0.05984544518436839,mean_pairwise_distance,persona
200,0.09208057920923346,0.06846560154978937,mean_pairwise_distance,persona
201,0.09208057920923346,0.0641624788521778,mean_pairwise_distance,persona
202,0.09208057920923346,0.0650784905720134,mean_pairwise_distance,persona
203,0.09208057920923346,0.059919382036910225,mean_pairwise_distance,persona
204,0.09208057920923346,0.061702191358498436,mean_pairwise_distance,persona
205,0.09208057920923346,0.06076581911607222,mean_pairwise_distance,persona
206,0.09208057920923346,0.06678006653729164,mean_pairwise_distance,persona
207,0.09208057920923346,0.0610536068324515,mean_pairwise_distance,persona
208,0.09208057920923346,0.06516455732315425,mean_pairwise_distance,persona
209,0.09208057920923346,0.06279242132963399,mean_pairwise_distance,persona
210,0.09208057920923346,0.06878203978180414,mean_pairwise_distance,persona
211,0.09208057920923346,0.059730178282666115,mean_pairwise_distance,persona
212,0.09208057920923346,0.06458641323647481,mean_pairwise_distance,persona
213,0.09208057920923346,0.06317772295164026,mean_pairwise_distance,persona
214,0.09208057920923346,0.06358187966667145,mean_pairwise_distance,persona
215,0.09208057920923346,0.07044195893253734,mean_pairwise_distance,persona
216,0.09208057920923346,0.05760183306079608,mean_pairwise_distance,persona
217,0.09208057920923346,0.06274509547727382,mean_pairwise_distance,persona
218,0.09208057920923346,0.06718420393382137,mean_pairwise_distance,persona
219,0.09208057920923346,0.06285269222711858,mean_pairwise_distance,persona
220,0.09208057920923346,0.06316670268891829,mean_pairwise_distance,persona
221,0.09208057920923346,0.05807275640163497,mean_pairwise_distance,persona
222,0.09208057920923346,0.06457667506259421,mean_pairwise_distance,persona
223,0.09208057920923346,0.05686640692322622,mean_pairwise_distance,persona
224,0.09208057920923346,0.061105246364834755,mean_pairwise_distance,persona
225,0.09208057920923346,0.06478159088391089,mean_pairwise_distance,persona
226,0.09208057920923346,0.062168120866707664,mean_pairwise_distance,persona
227,0.09208057920923346,0.06140350070395489,mean_pairwise_distance,persona
228,0.09208057920923346,0.061436644655913704,mean_pairwise_distance,persona
229,0.09208057920923346,0.06181015492427962,mean_pairwise_distance,persona
230,0.09208057920923346,0.07031944617923541,mean_pairwise_distance,persona
231,0.09208057920923346,0.0624888324926022,mean_pairwise_distance,persona
232,0.09208057920923346,0.0668583062326484,mean_pairwise_distance,persona
233,0.09208057920923346,0.0632401768397908,mean_pairwise_distance,persona
234,0.09208057920923346,0.061803576974529525,mean_pairwise_distance,persona
235,0.09208057920923346,0.06718024882403287,mean_pairwise_distance,persona
236,0.09208057920923346,0.06340649382399005,mean_pairwise_distance,persona
237,0.09208057920923346,0.0642680603524913,mean_pairwise_distance,persona
238,0.09208057920923346,0.06369844774012509,mean_pairwise_distance,persona
239,0.09208057920923346,0.053454851680122345,mean_pairwise_distance,persona
240,0.09208057920923346,0.06398490318667747,mean_pairwise_distance,persona
241,0.09208057920923346,0.06295579129999335,mean_pairwise_distance,persona
242,0.09208057920923346,0.06694629941533206,mean_pairwise_distance,persona
243,0.09208057920923346,0.06451076481182114,mean_pairwise_distance,persona
244,0.09208057920923346,0.06792227058071393,mean_pairwise_distance,persona
245,0.09208057920923346,0.06696727365373152,mean_pairwise_distance,persona
246,0.09208057920923346,0.06851823457144937,mean_pairwise_distance,persona
247,0.09208057920923346,0.06124164558682046,mean_pairwise_distance,persona
248,0.09208057920923346,0.06212424949223816,mean_pairwise_distance,persona
249,0.09208057920923346,0.06131313464387132,mean_pairwise_distance,persona
250,0.09208057920923346,0.061473465484121574,mean_pairwise_distance,persona
251,0.09208057920923346,0.0589901592891678,mean_pairwise_distance,persona
252,0.09208057920923346,0.06336546321160237,mean_pairwise_distance,persona
253,0.09208057920923346,0.06808894377923294,mean_pairwise_distance,persona
254,0.09208057920923346,0.0579257216378163,mean_pairwise_distance,persona
255,0.09208057920923346,0.06079490853863743,mean_pairwise_distance,persona
256,0.09208057920923346,0.06105447215996241,mean_pairwise_distance,persona
257,0.09208057920923346,0.06266452696012415,mean_pairwise_distance,persona
258,0.09208057920923346,0.061385480311548286,mean_pairwise_distance,persona
259,0.09208057920923346,0.06438962390771497,mean_pairwise_distance,persona
260,0.09208057920923346,0.06459973357882895,mean_pairwise_distance,persona
261,0.09208057920923346,0.059967516910417275,mean_pairwise_distance,persona
262,0.09208057920923346,0.06065450968007325,mean_pairwise_distance,persona
263,0.09208057920923346,0.06291536545093823,mean_pairwise_distance,persona
264,0.09208057920923346,0.062386356559195534,mean_pairwise_distance,persona
265,0.09208057920923346,0.0653257499570432,mean_pairwise_distance,persona
266,0.09208057920923346,0.06119718546923913,mean_pairwise_distance,persona
267,0.09208057920923346,0.06115754461099979,mean_pairwise_distance,persona
268,0.09208057920923346,0.061642053570200805,mean_pairwise_distance,persona
269,0.09208057920923346,0.06602903646913913,mean_pairwise_distance,persona
270,0.09208057920923346,0.062264087171893814,mean_pairwise_distance,persona
271,0.09208057920923346,0.0658456058841449,mean_pairwise_distance,persona
272,0.09208057920923346,0.06945884392666722,mean_pairwise_distance,persona
273,0.09208057920923346,0.060387929202068466,mean_pairwise_distance,persona
274,0.09208057920923346,0.06661770866793607,mean_pairwise_distance,persona
275,0.09208057920923346,0.060852993382766785,mean_pairwise_distance,persona
276,0.09208057920923346,0.06580213996261476,mean_pairwise_distance,persona
277,0.09208057920923346,0.06303558377880353,mean_pairwise_distance,persona
278,0.09208057920923346,0.05791577472988325,mean_pairwise_distance,persona
279,0.09208057920923346,0.06518868165525052,mean_pairwise_distance,persona
280,0.09208057920923346,0.06580639804304823,mean_pairwise_distance,persona
281,0.09208057920923346,0.06390772648008444,mean_pairwise_distance,persona
282,0.09208057920923346,0.05801333834531279,mean_pairwise_distance,persona
283,0.09208057920923346,0.06378268276749864,mean_pairwise_distance,persona
284,0.09208057920923346,0.05750215783891942,mean_pairwise_distance,persona
285,0.09208057920923346,0.06396726162537285,mean_pairwise_distance,persona
286,0.09208057920923346,0.06165487445861455,mean_pairwise_distance,persona
287,0.09208057920923346,0.06548038820033017,mean_pairwise_distance,persona
288,0.09208057920923346,0.06389322912268959,mean_pairwise_distance,persona
289,0.09208057920923346,0.06420150057600421,mean_pairwise_distance,persona
290,0.09208057920923346,0.06897068377068863,mean_pairwise_distance,persona
291,0.09208057920923346,0.06609528903433456,mean_pairwise_distance,persona
292,0.09208057920923346,0.06512382190689268,mean_pairwise_distance,persona
293,0.09208057920923346,0.06505899679048259,mean_pairwise_distance,persona
294,0.09208057920923346,0.06010495744675044,mean_pairwise_distance,persona
295,0.09208057920923346,0.06266466101167702,mean_pairwise_distance,persona
296,0.09208057920923346,0.06343493489879864,mean_pairwise_distance,persona
297,0.09208057920923346,0.05682725397494471,mean_pairwise_distance,persona
298,0.09208057920923346,0.06623168213094176,mean_pairwise_distance,persona
299,0.09208057920923346,0.06494556938706651,mean_pairwise_distance,persona
300,0.09208057920923346,0.06779561259529808,mean_pairwise_distance,persona
301,0.09208057920923346,0.06239350534710488,mean_pairwise_distance,persona
302,0.09208057920923346,0.06192180950179873,mean_pairwise_distance,persona
303,0.09208057920923346,0.06259622734054747,mean_pairwise_distance,persona
304,0.09208057920923346,0.06514199637612807,mean_pairwise_distance,persona
305,0.09208057920923346,0.06662738723717188,mean_pairwise_distance,persona
306,0.09208057920923346,0.062469517053822754,mean_pairwise_distance,persona
307,0.09208057920923346,0.06287768212231723,mean_pairwise_distance,persona
308,0.09208057920923346,0.06534167264290007,mean_pairwise_distance,persona
309,0.09208057920923346,0.06441489274322751,mean_pairwise_distance,persona
310,0.09208057920923346,0.06299224790377109,mean_pairwise_distance,persona
311,0.09208057920923346,0.0644559459723974,mean_pairwise_distance,persona
312,0.09208057920923346,0.06764571115433463,mean_pairwise_distance,persona
313,0.09208057920923346,0.05727591981058535,mean_pairwise_distance,persona
314,0.09208057920923346,0.0672360189818582,mean_pairwise_distance,persona
315,0.09208057920923346,0.06809599385431162,mean_pairwise_distance,persona
316,0.09208057920923346,0.05543175257241773,mean_pairwise_distance,persona
317,0.09208057920923346,0.06494433206060658,mean_pairwise_distance,persona
318,0.09208057920923346,0.06014979333274449,mean_pairwise_distance,persona
319,0.09208057920923346,0.06756187945957712,mean_pairwise_distance,persona
320,0.09208057920923346,0.06559481945904819,mean_pairwise_distance,persona
321,0.09208057920923346,0.06424622384927019,mean_pairwise_distance,persona
322,0.09208057920923346,0.0645385438745672,mean_pairwise_distance,persona
323,0.09208057920923346,0.062315230548617394,mean_pairwise_distance,persona
324,0.09208057920923346,0.0631940395464539,mean_pairwise_distance,persona
325,0.09208057920923346,0.06727686324138415,mean_pairwise_distance,persona
326,0.09208057920923346,0.06103782691503231,mean_pairwise_distance,persona
327,0.09208057920923346,0.06305382892548331,mean_pairwise_distance,persona
328,0.09208057920923346,0.06451224573987274,mean_pairwise_distance,persona
329,0.09208057920923346,0.06679031547350375,mean_pairwise_distance,persona
330,0.09208057920923346,0.059464909342437866,mean_pairwise_distance,persona
331,0.09208057920923346,0.058585677222300896,mean_pairwise_distance,persona
332,0.09208057920923346,0.06931991468776356,mean_pairwise_distance,persona
333,0.09208057920923346,0.06803370040395985,mean_pairwise_distance,persona
334,0.09208057920923346,0.06848790051908832,mean_pairwise_distance,persona
335,0.09208057920923346,0.0583733989316013,mean_pairwise_distance,persona
336,0.09208057920923346,0.06460690969535013,mean_pairwise_distance,persona
337,0.09208057920923346,0.06015790686776987,mean_pairwise_distance,persona
338,0.09208057920923346,0.05991255412459845,mean_pairwise_distance,persona
339,0.09208057920923346,0.06520490613379497,mean_pairwise_distance,persona
340,0.09208057920923346,0.060594048660263244,mean_pairwise_distance,persona
341,0.09208057920923346,0.0639598466190896,mean_pairwise_distance,persona
342,0.09208057920923346,0.06300039889784198,mean_pairwise_distance,persona
343,0.09208057920923346,0.0633654250457824,mean_pairwise_distance,persona
344,0.09208057920923346,0.06732570512492667,mean_pairwise_distance,persona
345,0.09208057920923346,0.061189294568163605,mean_pairwise_distance,persona
346,0.09208057920923346,0.060574637100159416,mean_pairwise_distance,persona
347,0.09208057920923346,0.06663200506579735,mean_pairwise_distance,persona
348,0.09208057920923346,0.05973426438131822,mean_pairwise_distance,persona
349,0.09208057920923346,0.061149236006227875,mean_pairwise_distance,persona
350,0.09208057920923346,0.0638974148765383,mean_pairwise_distance,persona
351,0.09208057920923346,0.06893672820607664,mean_pairwise_distance,persona
352,0.09208057920923346,0.06020108418973538,mean_pairwise_distance,persona
353,0.09208057920923346,0.06756741562379678,mean_pairwise_distance,persona
354,0.09208057920923346,0.06932892535514983,mean_pairwise_distance,persona
355,0.09208057920923346,0.05960488036687195,mean_pairwise_distance,persona
356,0.09208057920923346,0.06304036251641074,mean_pairwise_distance,persona
357,0.09208057920923346,0.06924299642502554,mean_pairwise_distance,persona
358,0.09208057920923346,0.06790032193594771,mean_pairwise_distance,persona
359,0.09208057920923346,0.060318783102299385,mean_pairwise_distance,persona
360,0.09208057920923346,0.06375919830186565,mean_pairwise_distance,persona
361,0.09208057920923346,0.06712979337443477,mean_pairwise_distance,persona
362,0.09208057920923346,0.05726357764406167,mean_pairwise_distance,persona
363,0.09208057920923346,0.05769561237026109,mean_pairwise_distance,persona
364,0.09208057920923346,0.059250164408928795,mean_pairwise_distance,persona
365,0.09208057920923346,0.06091519989986194,mean_pairwise_distance,persona
366,0.09208057920923346,0.067193228972288,mean_pairwise_distance,persona
367,0.09208057920923346,0.06444089591738734,mean_pairwise_distance,persona
368,0.09208057920923346,0.05956149949386657,mean_pairwise_distance,persona
369,0.09208057920923346,0.06288599826601654,mean_pairwise_distance,persona
370,0.09208057920923346,0.0603226206519387,mean_pairwise_distance,persona
371,0.09208057920923346,0.06846157576255647,mean_pairwise_distance,persona
372,0.09208057920923346,0.061423060451100464,mean_pairwise_distance,persona
373,0.09208057920923346,0.06311701715228114,mean_pairwise_distance,persona
374,0.09208057920923346,0.06541462590100737,mean_pairwise_distance,persona
375,0.09208057920923346,0.06512578768221286,mean_pairwise_distance,persona
376,0.09208057920923346,0.0654831392020576,mean_pairwise_distance,persona
377,0.09208057920923346,0.06377581668936688,mean_pairwise_distance,persona
378,0.09208057920923346,0.06350680584964073,mean_pairwise_distance,persona
379,0.09208057920923346,0.0651747452411727,mean_pairwise_distance,persona
380,0.09208057920923346,0.06185845047117693,mean_pairwise_distance,persona
381,0.09208057920923346,0.06723245518952019,mean_pairwise_distance,persona
382,0.09208057920923346,0.06132194364494957,mean_pairwise_distance,persona
383,0.09208057920923346,0.057685649913290275,mean_pairwise_distance,persona
384,0.09208057920923346,0.06480799668391231,mean_pairwise_distance,persona
385,0.09208057920923346,0.06799910897793977,mean_pairwise_distance,persona
386,0.09208057920923346,0.0657663472556314,mean_pairwise_distance,persona
387,0.09208057920923346,0.06441155087806491,mean_pairwise_distance,persona
388,0.09208057920923346,0.06441772737993082,mean_pairwise_distance,persona
389,0.09208057920923346,0.06703439413794415,mean_pairwise_distance,persona
390,0.09208057920923346,0.06714851041085164,mean_pairwise_distance,persona
391,0.09208057920923346,0.06031530341612021,mean_pairwise_distance,persona
392,0.09208057920923346,0.06213768715915002,mean_pairwise_distance,persona
393,0.09208057920923346,0.06355773342456743,mean_pairwise_distance,persona
394,0.09208057920923346,0.06536022452968854,mean_pairwise_distance,persona
395,0.09208057920923346,0.06413474879245984,mean_pairwise_distance,persona
396,0.09208057920923346,0.06272791002107703,mean_pairwise_distance,persona
397,0.09208057920923346,0.06208793471453218,mean_pairwise_distance,persona
398,0.09208057920923346,0.06676171207616452,mean_pairwise_distance,persona
399,0.09208057920923346,0.06595094236931782,mean_pairwise_distance,persona
400,0.09208057920923346,0.06778557522023619,mean_pairwise_distance,persona
401,0.09208057920923346,0.0640108269665081,mean_pairwise_distance,persona
402,0.09208057920923346,0.06500425475388176,mean_pairwise_distance,persona
403,0.09208057920923346,0.06476056999839813,mean_pairwise_distance,persona
404,0.09208057920923346,0.06370944562165634,mean_pairwise_distance,persona
405,0.09208057920923346,0.06359865354455035,mean_pairwise_distance,persona
406,0.09208057920923346,0.06308361145818657,mean_pairwise_distance,persona
407,0.09208057920923346,0.06739344333000334,mean_pairwise_distance,persona
408,0.09208057920923346,0.0589069695811969,mean_pairwise_distance,persona
409,0.09208057920923346,0.0629088951664951,mean_pairwise_distance,persona
410,0.09208057920923346,0.061927289830837326,mean_pairwise_distance,persona
411,0.09208057920923346,0.06388751037507188,mean_pairwise_distance,persona
412,0.09208057920923346,0.06416003953798015,mean_pairwise_distance,persona
413,0.09208057920923346,0.06222548880595935,mean_pairwise_distance,persona
414,0.09208057920923346,0.060129279204508064,mean_pairwise_distance,persona
415,0.09208057920923346,0.06619807123666696,mean_pairwise_distance,persona
416,0.09208057920923346,0.06343694284499399,mean_pairwise_distance,persona
417,0.09208057920923346,0.0685955033943116,mean_pairwise_distance,persona
418,0.09208057920923346,0.05775164450581366,mean_pairwise_distance,persona
419,0.09208057920923346,0.056489571281101394,mean_pairwise_distance,persona
420,0.09208057920923346,0.06927776690057144,mean_pairwise_distance,persona
421,0.09208057920923346,0.06446732221384764,mean_pairwise_distance,persona
422,0.09208057920923346,0.060645894570784134,mean_pairwise_distance,persona
423,0.09208057920923346,0.06439594671189078,mean_pairwise_distance,persona
424,0.09208057920923346,0.06320670494448997,mean_pairwise_distance,persona
425,0.09208057920923346,0.06311182377366681,mean_pairwise_distance,persona
426,0.09208057920923346,0.062137639098487824,mean_pairwise_distance,persona
427,0.09208057920923346,0.06196780214196609,mean_pairwise_distance,persona
428,0.09208057920923346,0.06028017060087604,mean_pairwise_distance,persona
429,0.09208057920923346,0.06724652471278496,mean_pairwise_distance,persona
430,0.09208057920923346,0.0685354711509976,mean_pairwise_distance,persona
431,0.09208057920923346,0.06409040576384473,mean_pairwise_distance,persona
432,0.09208057920923346,0.06582604213194414,mean_pairwise_distance,persona
433,0.09208057920923346,0.06073211139369859,mean_pairwise_distance,persona
434,0.09208057920923346,0.061316138435258224,mean_pairwise_distance,persona
435,0.09208057920923346,0.06375681058220241,mean_pairwise_distance,persona
436,0.09208057920923346,0.06773755295945721,mean_pairwise_distance,persona
437,0.09208057920923346,0.06352612576465833,mean_pairwise_distance,persona
438,0.09208057920923346,0.06580798993468756,mean_pairwise_distance,persona
439,0.09208057920923346,0.0680792642676312,mean_pairwise_distance,persona
440,0.09208057920923346,0.06354848198268724,mean_pairwise_distance,persona
441,0.09208057920923346,0.060849299072748116,mean_pairwise_distance,persona
442,0.09208057920923346,0.06332912487474826,mean_pairwise_distance,persona
443,0.09208057920923346,0.06264453466701884,mean_pairwise_distance,persona
444,0.09208057920923346,0.065117169274643,mean_pairwise_distance,persona
445,0.09208057920923346,0.06033432719264577,mean_pairwise_distance,persona
446,0.09208057920923346,0.06223431853908795,mean_pairwise_distance,persona
447,0.09208057920923346,0.06609387878372736,mean_pairwise_distance,persona
448,0.09208057920923346,0.05978859766669895,mean_pairwise_distance,persona
449,0.09208057920923346,0.05975879463753681,mean_pairwise_distance,persona
450,0.09208057920923346,0.0606352712797082,mean_pairwise_distance,persona
451,0.09208057920923346,0.06667761180711829,mean_pairwise_distance,persona
452,0.09208057920923346,0.06063471151434857,mean_pairwise_distance,persona
453,0.09208057920923346,0.06511191063718834,mean_pairwise_distance,persona
454,0.09208057920923346,0.06640039201781683,mean_pairwise_distance,persona
455,0.09208057920923346,0.06457945480648236,mean_pairwise_distance,persona
456,0.09208057920923346,0.061176456481571724,mean_pairwise_distance,persona
457,0.09208057920923346,0.060886407558154686,mean_pairwise_distance,persona
458,0.09208057920923346,0.06226439249845361,mean_pairwise_distance,persona
459,0.09208057920923346,0.0679471455072697,mean_pairwise_distance,persona
460,0.09208057920923346,0.06362962063122173,mean_pairwise_distance,persona
461,0.09208057920923346,0.06660405590600176,mean_pairwise_distance,persona
462,0.09208057920923346,0.06359274797288797,mean_pairwise_distance,persona
463,0.09208057920923346,0.0639345671819604,mean_pairwise_distance,persona
464,0.09208057920923346,0.06757372853313039,mean_pairwise_distance,persona
465,0.09208057920923346,0.06437536944513736,mean_pairwise_distance,persona
466,0.09208057920923346,0.058825424301765655,mean_pairwise_distance,persona
467,0.09208057920923346,0.06328059185163777,mean_pairwise_distance,persona
468,0.09208057920923346,0.0590425527142913,mean_pairwise_distance,persona
469,0.09208057920923346,0.06227361778967937,mean_pairwise_distance,persona
470,0.09208057920923346,0.06528510854178267,mean_pairwise_distance,persona
471,0.09208057920923346,0.06444864687712296,mean_pairwise_distance,persona
472,0.09208057920923346,0.06259160432890941,mean_pairwise_distance,persona
473,0.09208057920923346,0.06682452005831149,mean_pairwise_distance,persona
474,0.09208057920923346,0.06509161914290175,mean_pairwise_distance,persona
475,0.09208057920923346,0.06066524016527319,mean_pairwise_distance,persona
476,0.09208057920923346,0.06857344684864693,mean_pairwise_distance,persona
477,0.09208057920923346,0.06130709078000939,mean_pairwise_distance,persona
478,0.09208057920923346,0.06791589900910147,mean_pairwise_distance,persona
479,0.09208057920923346,0.0621411680232866,mean_pairwise_distance,persona
480,0.09208057920923346,0.062392489947820366,mean_pairwise_distance,persona
481,0.09208057920923346,0.06561216582422671,mean_pairwise_distance,persona
482,0.09208057920923346,0.06997478879958745,mean_pairwise_distance,persona
483,0.09208057920923346,0.06643454618604758,mean_pairwise_distance,persona
484,0.09208057920923346,0.061851079991683655,mean_pairwise_distance,persona
485,0.09208057920923346,0.0665573152628812,mean_pairwise_distance,persona
486,0.09208057920923346,0.05372685523843577,mean_pairwise_distance,persona
487,0.09208057920923346,0.060151313604573486,mean_pairwise_distance,persona
488,0.09208057920923346,0.06307424952390166,mean_pairwise_distance,persona
489,0.09208057920923346,0.06468053274003885,mean_pairwise_distance,persona
490,0.09208057920923346,0.06265141558741393,mean_pairwise_distance,persona
491,0.09208057920923346,0.05972121779626537,mean_pairwise_distance,persona
492,0.09208057920923346,0.06183229534051164,mean_pairwise_distance,persona
493,0.09208057920923346,0.06744086648164531,mean_pairwise_distance,persona
494,0.09208057920923346,0.06750289041534242,mean_pairwise_distance,persona
495,0.09208057920923346,0.062144912043107826,mean_pairwise_distance,persona
496,0.09208057920923346,0.06706951258210797,mean_pairwise_distance,persona
497,0.09208057920923346,0.062100708249058174,mean_pairwise_distance,persona
498,0.09208057920923346,0.06327555561254147,mean_pairwise_distance,persona
499,0.09208057920923346,0.06091107045237726,mean_pairwise_distance,persona
500,0.09208057920923346,0.0666683719092207,mean_pairwise_distance,persona
501,0.09208057920923346,0.06345434763685988,mean_pairwise_distance,persona
502,0.09208057920923346,0.062249108972285576,mean_pairwise_distance,persona
503,0.09208057920923346,0.06791263771622548,mean_pairwise_distance,persona
504,0.09208057920923346,0.06285325623312486,mean_pairwise_distance,persona
505,0.09208057920923346,0.06760699452147653,mean_pairwise_distance,persona
506,0.09208057920923346,0.059812430807724304,mean_pairwise_distance,persona
507,0.09208057920923346,0.06303547917618582,mean_pairwise_distance,persona
508,0.09208057920923346,0.06304459209027498,mean_pairwise_distance,persona
509,0.09208057920923346,0.06270858586541278,mean_pairwise_distance,persona
510,0.09208057920923346,0.05965775133592809,mean_pairwise_distance,persona
511,0.09208057920923346,0.06429268649444278,mean_pairwise_distance,persona
512,0.09208057920923346,0.06442588402819728,mean_pairwise_distance,persona
513,0.09208057920923346,0.06821664166544737,mean_pairwise_distance,persona
514,0.09208057920923346,0.06693354449253308,mean_pairwise_distance,persona
515,0.09208057920923346,0.058790986010208435,mean_pairwise_distance,persona
516,0.09208057920923346,0.06114845030863766,mean_pairwise_distance,persona
517,0.09208057920923346,0.06352711666242879,mean_pairwise_distance,persona
518,0.09208057920923346,0.061553182809249214,mean_pairwise_distance,persona
519,0.09208057920923346,0.05633366319973007,mean_pairwise_distance,persona
520,0.09208057920923346,0.06438970589355046,mean_pairwise_distance,persona
521,0.09208057920923346,0.06596675550513588,mean_pairwise_distance,persona
522,0.09208057920923346,0.0649204614605357,mean_pairwise_distance,persona
523,0.09208057920923346,0.06359291759875452,mean_pairwise_distance,persona
524,0.09208057920923346,0.05732890786860771,mean_pairwise_distance,persona
525,0.09208057920923346,0.06479916859992409,mean_pairwise_distance,persona
526,0.09208057920923346,0.061437613408084915,mean_pairwise_distance,persona
527,0.09208057920923346,0.06569619847851779,mean_pairwise_distance,persona
528,0.09208057920923346,0.06124968679526106,mean_pairwise_distance,persona
529,0.09208057920923346,0.061621754065803856,mean_pairwise_distance,persona
530,0.09208057920923346,0.06365799409127518,mean_pairwise_distance,persona
531,0.09208057920923346,0.06492319196580427,mean_pairwise_distance,persona
532,0.09208057920923346,0.05998562989027604,mean_pairwise_distance,persona
533,0.09208057920923346,0.06304591705676595,mean_pairwise_distance,persona
534,0.09208057920923346,0.0637013733151402,mean_pairwise_distance,persona
535,0.09208057920923346,0.06240522578770935,mean_pairwise_distance,persona
536,0.09208057920923346,0.06003014867013622,mean_pairwise_distance,persona
537,0.09208057920923346,0.0610767176499951,mean_pairwise_distance,persona
538,0.09208057920923346,0.06553872347820418,mean_pairwise_distance,persona
539,0.09208057920923346,0.061306198830661095,mean_pairwise_distance,persona
540,0.09208057920923346,0.0662627302610827,mean_pairwise_distance,persona
541,0.09208057920923346,0.06797155655419873,mean_pairwise_distance,persona
542,0.09208057920923346,0.05990572291400593,mean_pairwise_distance,persona
543,0.09208057920923346,0.06642333839250647,mean_pairwise_distance,persona
544,0.09208057920923346,0.059864799495742256,mean_pairwise_distance,persona
545,0.09208057920923346,0.06642921852028888,mean_pairwise_distance,persona
546,0.09208057920923346,0.05551135587126841,mean_pairwise_distance,persona
547,0.09208057920923346,0.06486251396623996,mean_pairwise_distance,persona
548,0.09208057920923346,0.061886517662304664,mean_pairwise_distance,persona
549,0.09208057920923346,0.06377099106905489,mean_pairwise_distance,persona
550,0.09208057920923346,0.0647539595370236,mean_pairwise_distance,persona
551,0.09208057920923346,0.06425812428176639,mean_pairwise_distance,persona
552,0.09208057920923346,0.06173194043721135,mean_pairwise_distance,persona
553,0.09208057920923346,0.06166476482459208,mean_pairwise_distance,persona
554,0.09208057920923346,0.06683733270102339,mean_pairwise_distance,persona
555,0.09208057920923346,0.06339846651544684,mean_pairwise_distance,persona
556,0.09208057920923346,0.06116952608696557,mean_pairwise_distance,persona
557,0.09208057920923346,0.06514903584959007,mean_pairwise_distance,persona
558,0.09208057920923346,0.06692260433091476,mean_pairwise_distance,persona
559,0.09208057920923346,0.06286602882528494,mean_pairwise_distance,persona
560,0.09208057920923346,0.06647964075148813,mean_pairwise_distance,persona
561,0.09208057920923346,0.060531896329208794,mean_pairwise_distance,persona
562,0.09208057920923346,0.0675979923353836,mean_pairwise_distance,persona
563,0.09208057920923346,0.06595339817491916,mean_pairwise_distance,persona
564,0.09208057920923346,0.06023174006005992,mean_pairwise_distance,persona
565,0.09208057920923346,0.06337530245422845,mean_pairwise_distance,persona
566,0.09208057920923346,0.06034347144040195,mean_pairwise_distance,persona
567,0.09208057920923346,0.06422181068201781,mean_pairwise_distance,persona
568,0.09208057920923346,0.062279046524183555,mean_pairwise_distance,persona
569,0.09208057920923346,0.06210076644015407,mean_pairwise_distance,persona
570,0.09208057920923346,0.05718603365034925,mean_pairwise_distance,persona
571,0.09208057920923346,0.06704192811792548,mean_pairwise_distance,persona
572,0.09208057920923346,0.06453485663229298,mean_pairwise_distance,persona
573,0.09208057920923346,0.06178507974496472,mean_pairwise_distance,persona
574,0.09208057920923346,0.06728028591442485,mean_pairwise_distance,persona
575,0.09208057920923346,0.06287839172385898,mean_pairwise_distance,persona
576,0.09208057920923346,0.059588984067260986,mean_pairwise_distance,persona
577,0.09208057920923346,0.056542766424035835,mean_pairwise_distance,persona
578,0.09208057920923346,0.06285853230434915,mean_pairwise_distance,persona
579,0.09208057920923346,0.0636886678665523,mean_pairwise_distance,persona
580,0.09208057920923346,0.0656461074889413,mean_pairwise_distance,persona
581,0.09208057920923346,0.063192846275601,mean_pairwise_distance,persona
582,0.09208057920923346,0.06239074091666301,mean_pairwise_distance,persona
583,0.09208057920923346,0.058160626369973885,mean_pairwise_distance,persona
584,0.09208057920923346,0.06728034504788666,mean_pairwise_distance,persona
585,0.09208057920923346,0.05938260640080267,mean_pairwise_distance,persona
586,0.09208057920923346,0.06580279844080507,mean_pairwise_distance,persona
587,0.09208057920923346,0.06017948634068485,mean_pairwise_distance,persona
588,0.09208057920923346,0.06867884364523906,mean_pairwise_distance,persona
589,0.09208057920923346,0.07023802505651482,mean_pairwise_distance,persona
590,0.09208057920923346,0.06236952943764185,mean_pairwise_distance,persona
591,0.09208057920923346,0.06259205124594948,mean_pairwise_distance,persona
592,0.09208057920923346,0.0630814967890502,mean_pairwise_distance,persona
593,0.09208057920923346,0.06053211142423125,mean_pairwise_distance,persona
594,0.09208057920923346,0.06817634444934106,mean_pairwise_distance,persona
595,0.09208057920923346,0.06139112791053863,mean_pairwise_distance,persona
596,0.09208057920923346,0.06082021271287217,mean_pairwise_distance,persona
597,0.09208057920923346,0.06295642292075478,mean_pairwise_distance,persona
598,0.09208057920923346,0.0619226046230482,mean_pairwise_distance,persona
599,0.09208057920923346,0.06564732196302753,mean_pairwise_distance,persona
600,0.09208057920923346,0.06680666293080145,mean_pairwise_distance,persona
601,0.09208057920923346,0.060550092001677505,mean_pairwise_distance,persona
602,0.09208057920923346,0.054773149518627426,mean_pairwise_distance,persona
603,0.09208057920923346,0.057419734745628746,mean_pairwise_distance,persona
604,0.09208057920923346,0.06285725681206926,mean_pairwise_distance,persona
605,0.09208057920923346,0.06289762588357736,mean_pairwise_distance,persona
606,0.09208057920923346,0.0655630892915688,mean_pairwise_distance,persona
607,0.09208057920923346,0.0659831771737502,mean_pairwise_distance,persona
608,0.09208057920923346,0.06573113622401543,mean_pairwise_distance,persona
609,0.09208057920923346,0.06720485352715956,mean_pairwise_distance,persona
610,0.09208057920923346,0.06761771440505981,mean_pairwise_distance,persona
611,0.09208057920923346,0.062298229324959015,mean_pairwise_distance,persona
612,0.09208057920923346,0.05938135800154313,mean_pairwise_distance,persona
613,0.09208057920923346,0.06609775638391849,mean_pairwise_distance,persona
614,0.09208057920923346,0.06837120051440514,mean_pairwise_distance,persona
615,0.09208057920923346,0.06925134531594077,mean_pairwise_distance,persona
616,0.09208057920923346,0.06174257409431246,mean_pairwise_distance,persona
617,0.09208057920923346,0.06335633380610953,mean_pairwise_distance,persona
618,0.09208057920923346,0.06123989632007162,mean_pairwise_distance,persona
619,0.09208057920923346,0.06035637360787675,mean_pairwise_distance,persona
620,0.09208057920923346,0.062277601641628585,mean_pairwise_distance,persona
621,0.09208057920923346,0.062327960498719345,mean_pairwise_distance,persona
622,0.09208057920923346,0.06288234000149452,mean_pairwise_distance,persona
623,0.09208057920923346,0.06207229144017216,mean_pairwise_distance,persona
624,0.09208057920923346,0.06306973087928983,mean_pairwise_distance,persona
625,0.09208057920923346,0.06497390491689146,mean_pairwise_distance,persona
626,0.09208057920923346,0.06902927819919209,mean_pairwise_distance,persona
627,0.09208057920923346,0.05713519936964917,mean_pairwise_distance,persona
628,0.09208057920923346,0.06712668757193645,mean_pairwise_distance,persona
629,0.09208057920923346,0.061562417524134216,mean_pairwise_distance,persona
630,0.09208057920923346,0.05633202042033079,mean_pairwise_distance,persona
631,0.09208057920923346,0.05802668742982767,mean_pairwise_distance,persona
632,0.09208057920923346,0.06338919599065668,mean_pairwise_distance,persona
633,0.09208057920923346,0.07060762238596739,mean_pairwise_distance,persona
634,0.09208057920923346,0.058313810778229606,mean_pairwise_distance,persona
635,0.09208057920923346,0.06786855831447797,mean_pairwise_distance,persona
636,0.09208057920923346,0.06423630851059563,mean_pairwise_distance,persona
637,0.09208057920923346,0.059877204800782936,mean_pairwise_distance,persona
638,0.09208057920923346,0.06540367019035129,mean_pairwise_distance,persona
639,0.09208057920923346,0.060304639367718,mean_pairwise_distance,persona
640,0.09208057920923346,0.061127588918557754,mean_pairwise_distance,persona
641,0.09208057920923346,0.06068517191136778,mean_pairwise_distance,persona
642,0.09208057920923346,0.06663138451783554,mean_pairwise_distance,persona
643,0.09208057920923346,0.05976654041425984,mean_pairwise_distance,persona
644,0.09208057920923346,0.07110065433818832,mean_pairwise_distance,persona
645,0.09208057920923346,0.06658051772551103,mean_pairwise_distance,persona
646,0.09208057920923346,0.055029780497192864,mean_pairwise_distance,persona
647,0.09208057920923346,0.06275777524639024,mean_pairwise_distance,persona
648,0.09208057920923346,0.06563993758363686,mean_pairwise_distance,persona
649,0.09208057920923346,0.0626396958535839,mean_pairwise_distance,persona
650,0.09208057920923346,0.05553194185490665,mean_pairwise_distance,persona
651,0.09208057920923346,0.0617113268893698,mean_pairwise_distance,persona
652,0.09208057920923346,0.06211955250487497,mean_pairwise_distance,persona
653,0.09208057920923346,0.06197643515620778,mean_pairwise_distance,persona
654,0.09208057920923346,0.06102619741273963,mean_pairwise_distance,persona
655,0.09208057920923346,0.05940701815450616,mean_pairwise_distance,persona
656,0.09208057920923346,0.0588343619357927,mean_pairwise_distance,persona
657,0.09208057920923346,0.06554943252457932,mean_pairwise_distance,persona
658,0.09208057920923346,0.06851180787143028,mean_pairwise_distance,persona
659,0.09208057920923346,0.06389310378802153,mean_pairwise_distance,persona
660,0.09208057920923346,0.06527616407560266,mean_pairwise_distance,persona
661,0.09208057920923346,0.06290448772106245,mean_pairwise_distance,persona
662,0.09208057920923346,0.06302240667607002,mean_pairwise_distance,persona
663,0.09208057920923346,0.06819190291076781,mean_pairwise_distance,persona
664,0.09208057920923346,0.06286707744296832,mean_pairwise_distance,persona
665,0.09208057920923346,0.06417419575891005,mean_pairwise_distance,persona
666,0.09208057920923346,0.06898526146477861,mean_pairwise_distance,persona
667,0.09208057920923346,0.06583605500549196,mean_pairwise_distance,persona
668,0.09208057920923346,0.0663623053565798,mean_pairwise_distance,persona
669,0.09208057920923346,0.061592575589658714,mean_pairwise_distance,persona
670,0.09208057920923346,0.06280352499174036,mean_pairwise_distance,persona
671,0.09208057920923346,0.06045965031672843,mean_pairwise_distance,persona
672,0.09208057920923346,0.05624791284794864,mean_pairwise_distance,persona
673,0.09208057920923346,0.06175261170496583,mean_pairwise_distance,persona
674,0.09208057920923346,0.06559997702775737,mean_pairwise_distance,persona
675,0.09208057920923346,0.05898241492599367,mean_pairwise_distance,persona
676,0.09208057920923346,0.06695452038007291,mean_pairwise_distance,persona
677,0.09208057920923346,0.06630138917402788,mean_pairwise_distance,persona
678,0.09208057920923346,0.06489584521342644,mean_pairwise_distance,persona
679,0.09208057920923346,0.06286690828828473,mean_pairwise_distance,persona
680,0.09208057920923346,0.05925666131520931,mean_pairwise_distance,persona
681,0.09208057920923346,0.06644946972843216,mean_pairwise_distance,persona
682,0.09208057920923346,0.06230081918211323,mean_pairwise_distance,persona
683,0.09208057920923346,0.0586134343750392,mean_pairwise_distance,persona
684,0.09208057920923346,0.06017068699885734,mean_pairwise_distance,persona
685,0.09208057920923346,0.06575761647092496,mean_pairwise_distance,persona
686,0.09208057920923346,0.05733947791600887,mean_pairwise_distance,persona
687,0.09208057920923346,0.06693241223987384,mean_pairwise_distance,persona
688,0.09208057920923346,0.06594088355543114,mean_pairwise_distance,persona
689,0.09208057920923346,0.058492546967366936,mean_pairwise_distance,persona
690,0.09208057920923346,0.06444211133383951,mean_pairwise_distance,persona
691,0.09208057920923346,0.06744437019815558,mean_pairwise_distance,persona
692,0.09208057920923346,0.06389197294891116,mean_pairwise_distance,persona
693,0.09208057920923346,0.06561256939243422,mean_pairwise_distance,persona
694,0.09208057920923346,0.06249113139427698,mean_pairwise_distance,persona
695,0.09208057920923346,0.0656280051106992,mean_pairwise_distance,persona
696,0.09208057920923346,0.06323757590983696,mean_pairwise_distance,persona
697,0.09208057920923346,0.062484898350455544,mean_pairwise_distance,persona
698,0.09208057920923346,0.06604006639111183,mean_pairwise_distance,persona
699,0.09208057920923346,0.06291103716424332,mean_pairwise_distance,persona
700,0.09208057920923346,0.06816632097417658,mean_pairwise_distance,persona
701,0.09208057920923346,0.06329602804108571,mean_pairwise_distance,persona
702,0.09208057920923346,0.06723638556220314,mean_pairwise_distance,persona
703,0.09208057920923346,0.06064884747441107,mean_pairwise_distance,persona
704,0.09208057920923346,0.0701780623126878,mean_pairwise_distance,persona
705,0.09208057920923346,0.06501440050102505,mean_pairwise_distance,persona
706,0.09208057920923346,0.06208394615075334,mean_pairwise_distance,persona
707,0.09208057920923346,0.06472912725252597,mean_pairwise_distance,persona
708,0.09208057920923346,0.06167076745994477,mean_pairwise_distance,persona
709,0.09208057920923346,0.06471430124501466,mean_pairwise_distance,persona
710,0.09208057920923346,0.060568652134167816,mean_pairwise_distance,persona
711,0.09208057920923346,0.06045880383653603,mean_pairwise_distance,persona
712,0.09208057920923346,0.06751587386187828,mean_pairwise_distance,persona
713,0.09208057920923346,0.06242365964316568,mean_pairwise_distance,persona
714,0.09208057920923346,0.06612546406244572,mean_pairwise_distance,persona
715,0.09208057920923346,0.06305320154536855,mean_pairwise_distance,persona
716,0.09208057920923346,0.06712937849783615,mean_pairwise_distance,persona
717,0.09208057920923346,0.06561400485132994,mean_pairwise_distance,persona
718,0.09208057920923346,0.0643568135532937,mean_pairwise_distance,persona
719,0.09208057920923346,0.05986631128627792,mean_pairwise_distance,persona
720,0.09208057920923346,0.0636745747841394,mean_pairwise_distance,persona
721,0.09208057920923346,0.06325666282487952,mean_pairwise_distance,persona
722,0.09208057920923346,0.060665706400814735,mean_pairwise_distance,persona
723,0.09208057920923346,0.06410012956664496,mean_pairwise_distance,persona
724,0.09208057920923346,0.06260137831269517,mean_pairwise_distance,persona
725,0.09208057920923346,0.057242233762628006,mean_pairwise_distance,persona
726,0.09208057920923346,0.06664417407258226,mean_pairwise_distance,persona
727,0.09208057920923346,0.05830959863813498,mean_pairwise_distance,persona
728,0.09208057920923346,0.06881122084945558,mean_pairwise_distance,persona
729,0.09208057920923346,0.06627738499358708,mean_pairwise_distance,persona
730,0.09208057920923346,0.06370726333776482,mean_pairwise_distance,persona
731,0.09208057920923346,0.05859990812573037,mean_pairwise_distance,persona
732,0.09208057920923346,0.06145418279255803,mean_pairwise_distance,persona
733,0.09208057920923346,0.06718193848613693,mean_pairwise_distance,persona
734,0.09208057920923346,0.05995061204367476,mean_pairwise_distance,persona
735,0.09208057920923346,0.060246409399236145,mean_pairwise_distance,persona
736,0.09208057920923346,0.0690097943125035,mean_pairwise_distance,persona
737,0.09208057920923346,0.06459189639261118,mean_pairwise_distance,persona
738,0.09208057920923346,0.06196966119434522,mean_pairwise_distance,persona
739,0.09208057920923346,0.07009875774383545,mean_pairwise_distance,persona
740,0.09208057920923346,0.06101338170733848,mean_pairwise_distance,persona
741,0.09208057920923346,0.06573040848192961,mean_pairwise_distance,persona
742,0.09208057920923346,0.06187476400330132,mean_pairwise_distance,persona
743,0.09208057920923346,0.06221764313844824,mean_pairwise_distance,persona
744,0.09208057920923346,0.06577741016041148,mean_pairwise_distance,persona
745,0.09208057920923346,0.06311606818979437,mean_pairwise_distance,persona
746,0.09208057920923346,0.0696040467311271,mean_pairwise_distance,persona
747,0.09208057920923346,0.06341386147638554,mean_pairwise_distance,persona
748,0.09208057920923346,0.06310695103505855,mean_pairwise_distance,persona
749,0.09208057920923346,0.061213869351172165,mean_pairwise_distance,persona
750,0.09208057920923346,0.06757612261376363,mean_pairwise_distance,persona
751,0.09208057920923346,0.06363628692777731,mean_pairwise_distance,persona
752,0.09208057920923346,0.060024049442276184,mean_pairwise_distance,persona
753,0.09208057920923346,0.06279658611584087,mean_pairwise_distance,persona
754,0.09208057920923346,0.0636853321267682,mean_pairwise_distance,persona
755,0.09208057920923346,0.06296714421788695,mean_pairwise_distance,persona
756,0.09208057920923346,0.06064995875942848,mean_pairwise_distance,persona
757,0.09208057920923346,0.061901110198657974,mean_pairwise_distance,persona
758,0.09208057920923346,0.06582264466719194,mean_pairwise_distance,persona
759,0.09208057920923346,0.06719899884325714,mean_pairwise_distance,persona
760,0.09208057920923346,0.0618343951673847,mean_pairwise_distance,persona
761,0.09208057920923346,0.058453938706590255,mean_pairwise_distance,persona
762,0.09208057920923346,0.06751773574135521,mean_pairwise_distance,persona
763,0.09208057920923346,0.061927533432429016,mean_pairwise_distance,persona
764,0.09208057920923346,0.06778827792570996,mean_pairwise_distance,persona
765,0.09208057920923346,0.06334327096524446,mean_pairwise_distance,persona
766,0.09208057920923346,0.06788437357061937,mean_pairwise_distance,persona
767,0.09208057920923346,0.06581588931705641,mean_pairwise_distance,persona
768,0.09208057920923346,0.060159368477320015,mean_pairwise_distance,persona
769,0.09208057920923346,0.06153714656829834,mean_pairwise_distance,persona
770,0.09208057920923346,0.06147287273595456,mean_pairwise_distance,persona
771,0.09208057920923346,0.06585875730740694,mean_pairwise_distance,persona
772,0.09208057920923346,0.062299031042769966,mean_pairwise_distance,persona
773,0.09208057920923346,0.06725528753793286,mean_pairwise_distance,persona
774,0.09208057920923346,0.06412794137660693,mean_pairwise_distance,persona
775,0.09208057920923346,0.06627626169340413,mean_pairwise_distance,persona
776,0.09208057920923346,0.06188270814805163,mean_pairwise_distance,persona
777,0.09208057920923346,0.06483594890639716,mean_pairwise_distance,persona
778,0.09208057920923346,0.06416359626257373,mean_pairwise_distance,persona
779,0.09208057920923346,0.06401765158053914,mean_pairwise_distance,persona
780,0.09208057920923346,0.060663134919796066,mean_pairwise_distance,persona
781,0.09208057920923346,0.06335967802718694,mean_pairwise_distance,persona
782,0.09208057920923346,0.06025069881333664,mean_pairwise_distance,persona
783,0.09208057920923346,0.06306701238918681,mean_pairwise_distance,persona
784,0.09208057920923346,0.062144537688244,mean_pairwise_distance,persona
785,0.09208057920923346,0.06493499062278053,mean_pairwise_distance,persona
786,0.09208057920923346,0.06568405515120435,mean_pairwise_distance,persona
787,0.09208057920923346,0.06258383287271492,mean_pairwise_distance,persona
788,0.09208057920923346,0.06320930045583974,mean_pairwise_distance,persona
789,0.09208057920923346,0.0608954566269524,mean_pairwise_distance,persona
790,0.09208057920923346,0.06002663600114966,mean_pairwise_distance,persona
791,0.09208057920923346,0.06179616031910591,mean_pairwise_distance,persona
792,0.09208057920923346,0.06324565764001236,mean_pairwise_distance,persona
793,0.09208057920923346,0.06030933918217896,mean_pairwise_distance,persona
794,0.09208057920923346,0.06745652294912828,mean_pairwise_distance,persona
795,0.09208057920923346,0.06937397987003854,mean_pairwise_distance,persona
796,0.09208057920923346,0.06543005125324716,mean_pairwise_distance,persona
797,0.09208057920923346,0.06573287936538576,mean_pairwise_distance,persona
798,0.09208057920923346,0.06102494288810157,mean_pairwise_distance,persona
799,0.09208057920923346,0.06248815940774005,mean_pairwise_distance,persona
800,0.09208057920923346,0.06153780174820791,mean_pairwise_distance,persona
801,0.09208057920923346,0.06073409554515431,mean_pairwise_distance,persona
802,0.09208057920923346,0.05815266172876471,mean_pairwise_distance,persona
803,0.09208057920923346,0.06593591563786443,mean_pairwise_distance,persona
804,0.09208057920923346,0.05932861613661875,mean_pairwise_distance,persona
805,0.09208057920923346,0.06312249653895381,mean_pairwise_distance,persona
806,0.09208057920923346,0.067317197916536,mean_pairwise_distance,persona
807,0.09208057920923346,0.061534139243039215,mean_pairwise_distance,persona
808,0.09208057920923346,0.06571637264824667,mean_pairwise_distance,persona
809,0.09208057920923346,0.06589156035849228,mean_pairwise_distance,persona
810,0.09208057920923346,0.06253097014936063,mean_pairwise_distance,persona
811,0.09208057920923346,0.06472601980088728,mean_pairwise_distance,persona
812,0.09208057920923346,0.0594199146677854,mean_pairwise_distance,persona
813,0.09208057920923346,0.06292418364008424,mean_pairwise_distance,persona
814,0.09208057920923346,0.06677148393962694,mean_pairwise_distance,persona
815,0.09208057920923346,0.06347295606560387,mean_pairwise_distance,persona
816,0.09208057920923346,0.0652636852660198,mean_pairwise_distance,persona
817,0.09208057920923346,0.05872274528850208,mean_pairwise_distance,persona
818,0.09208057920923346,0.06343112986078375,mean_pairwise_distance,persona
819,0.09208057920923346,0.06447246823857425,mean_pairwise_distance,persona
820,0.09208057920923346,0.06510833365172737,mean_pairwise_distance,persona
821,0.09208057920923346,0.06712329505460536,mean_pairwise_distance,persona
822,0.09208057920923346,0.05548003916683875,mean_pairwise_distance,persona
823,0.09208057920923346,0.06554707708094902,mean_pairwise_distance,persona
824,0.09208057920923346,0.06198061289994613,mean_pairwise_distance,persona
825,0.09208057920923346,0.06575193730267612,mean_pairwise_distance,persona
826,0.09208057920923346,0.06519809871794206,mean_pairwise_distance,persona
827,0.09208057920923346,0.06398166403940073,mean_pairwise_distance,persona
828,0.09208057920923346,0.06157219975362182,mean_pairwise_distance,persona
829,0.09208057920923346,0.06516141335483597,mean_pairwise_distance,persona
830,0.09208057920923346,0.05981233539317436,mean_pairwise_distance,persona
831,0.09208057920923346,0.06012251443071328,mean_pairwise_distance,persona
832,0.09208057920923346,0.05817551386686182,mean_pairwise_distance,persona
833,0.09208057920923346,0.06241949014512918,mean_pairwise_distance,persona
834,0.09208057920923346,0.06454892591996626,mean_pairwise_distance,persona
835,0.09208057920923346,0.06748608214110725,mean_pairwise_distance,persona
836,0.09208057920923346,0.06607282962723683,mean_pairwise_distance,persona
837,0.09208057920923346,0.06506672183515526,mean_pairwise_distance,persona
838,0.09208057920923346,0.06002679667453992,mean_pairwise_distance,persona
839,0.09208057920923346,0.06613069136623337,mean_pairwise_distance,persona
840,0.09208057920923346,0.06379131813765515,mean_pairwise_distance,persona
841,0.09208057920923346,0.06341541449543045,mean_pairwise_distance,persona
842,0.09208057920923346,0.06534355360528697,mean_pairwise_distance,persona
843,0.09208057920923346,0.0669782003866354,mean_pairwise_distance,persona
844,0.09208057920923346,0.05969687978269554,mean_pairwise_distance,persona
845,0.09208057920923346,0.066651393537936,mean_pairwise_distance,persona
846,0.09208057920923346,0.062178108767558464,mean_pairwise_distance,persona
847,0.09208057920923346,0.06114669208941252,mean_pairwise_distance,persona
848,0.09208057920923346,0.06051028340230346,mean_pairwise_distance,persona
849,0.09208057920923346,0.06348121660971359,mean_pairwise_distance,persona
850,0.09208057920923346,0.06386779914260382,mean_pairwise_distance,persona
851,0.09208057920923346,0.05842680115944783,mean_pairwise_distance,persona
852,0.09208057920923346,0.0600415574232109,mean_pairwise_distance,persona
853,0.09208057920923346,0.06384069363590286,mean_pairwise_distance,persona
854,0.09208057920923346,0.0701576273431891,mean_pairwise_distance,persona
855,0.09208057920923346,0.06217420407434697,mean_pairwise_distance,persona
856,0.09208057920923346,0.05919605917610199,mean_pairwise_distance,persona
857,0.09208057920923346,0.06874753528904066,mean_pairwise_distance,persona
858,0.09208057920923346,0.057582906819143784,mean_pairwise_distance,persona
859,0.09208057920923346,0.06118123215648968,mean_pairwise_distance,persona
860,0.09208057920923346,0.0649942362261384,mean_pairwise_distance,persona
861,0.09208057920923346,0.06420583451689467,mean_pairwise_distance,persona
862,0.09208057920923346,0.0650367423479736,mean_pairwise_distance,persona
863,0.09208057920923346,0.06151867171992426,mean_pairwise_distance,persona
864,0.09208057920923346,0.055044390467315796,mean_pairwise_distance,persona
865,0.09208057920923346,0.05650274697028601,mean_pairwise_distance,persona
866,0.09208057920923346,0.06056947152133987,mean_pairwise_distance,persona
867,0.09208057920923346,0.0609551482049844,mean_pairwise_distance,persona
868,0.09208057920923346,0.06362124441169467,mean_pairwise_distance,persona
869,0.09208057920923346,0.06276682054572426,mean_pairwise_distance,persona
870,0.09208057920923346,0.06403873183510521,mean_pairwise_distance,persona
871,0.09208057920923346,0.0633243077357296,mean_pairwise_distance,persona
872,0.09208057920923346,0.0676743480056642,mean_pairwise_distance,persona
873,0.09208057920923346,0.06469016089269766,mean_pairwise_distance,persona
874,0.09208057920923346,0.06538059329798099,mean_pairwise_distance,persona
875,0.09208057920923346,0.059720230432367134,mean_pairwise_distance,persona
876,0.09208057920923346,0.060298475587792076,mean_pairwise_distance,persona
877,0.09208057920923346,0.06081902344707444,mean_pairwise_distance,persona
878,0.09208057920923346,0.06305908450024872,mean_pairwise_distance,persona
879,0.09208057920923346,0.06347086330647525,mean_pairwise_distance,persona
880,0.09208057920923346,0.06555100698244902,mean_pairwise_distance,persona
881,0.09208057920923346,0.06372130176295406,mean_pairwise_distance,persona
882,0.09208057920923346,0.061473507183813766,mean_pairwise_distance,persona
883,0.09208057920923346,0.06279873235423575,mean_pairwise_distance,persona
884,0.09208057920923346,0.06537875851152443,mean_pairwise_distance,persona
885,0.09208057920923346,0.06647380585727013,mean_pairwise_distance,persona
886,0.09208057920923346,0.060531856749839935,mean_pairwise_distance,persona
887,0.09208057920923346,0.06407026033627657,mean_pairwise_distance,persona
888,0.09208057920923346,0.0642147332783273,mean_pairwise_distance,persona
889,0.09208057920923346,0.06425874388736227,mean_pairwise_distance,persona
890,0.09208057920923346,0.06212674393484244,mean_pairwise_distance,persona
891,0.09208057920923346,0.06614826601955731,mean_pairwise_distance,persona
892,0.09208057920923346,0.06688378686490266,mean_pairwise_distance,persona
893,0.09208057920923346,0.06551094559341551,mean_pairwise_distance,persona
894,0.09208057920923346,0.059560994385730606,mean_pairwise_distance,persona
895,0.09208057920923346,0.06629214762698991,mean_pairwise_distance,persona
896,0.09208057920923346,0.06713261104855142,mean_pairwise_distance,persona
897,0.09208057920923346,0.056034301109464744,mean_pairwise_distance,persona
898,0.09208057920923346,0.060310912462091255,mean_pairwise_distance,persona
899,0.09208057920923346,0.062151292802788055,mean_pairwise_distance,persona
900,0.09208057920923346,0.07377098388822653,mean_pairwise_distance,persona
901,0.09208057920923346,0.06391765359833307,mean_pairwise_distance,persona
902,0.09208057920923346,0.05918552800129525,mean_pairwise_distance,persona
903,0.09208057920923346,0.06053464756652772,mean_pairwise_distance,persona
904,0.09208057920923346,0.06315396166601671,mean_pairwise_distance,persona
905,0.09208057920923346,0.061057218685451706,mean_pairwise_distance,persona
906,0.09208057920923346,0.06531330200994438,mean_pairwise_distance,persona
907,0.09208057920923346,0.06272906253460368,mean_pairwise_distance,persona
908,0.09208057920923346,0.06523175555255573,mean_pairwise_distance,persona
909,0.09208057920923346,0.059785931006721825,mean_pairwise_distance,persona
910,0.09208057920923346,0.06662557836577826,mean_pairwise_distance,persona
911,0.09208057920923346,0.06845067612267294,mean_pairwise_distance,persona
912,0.09208057920923346,0.06588518996483723,mean_pairwise_distance,persona
913,0.09208057920923346,0.06093530268537197,mean_pairwise_distance,persona
914,0.09208057920923346,0.06023839787532218,mean_pairwise_distance,persona
915,0.09208057920923346,0.06354912821012051,mean_pairwise_distance,persona
916,0.09208057920923346,0.06102544022171865,mean_pairwise_distance,persona
917,0.09208057920923346,0.0641945077496555,mean_pairwise_distance,persona
918,0.09208057920923346,0.05886011868126308,mean_pairwise_distance,persona
919,0.09208057920923346,0.06143995966364744,mean_pairwise_distance,persona
920,0.09208057920923346,0.06113840775056319,mean_pairwise_distance,persona
921,0.09208057920923346,0.0651180510935576,mean_pairwise_distance,persona
922,0.09208057920923346,0.06582531297630943,mean_pairwise_distance,persona
923,0.09208057920923346,0.060340258443779625,mean_pairwise_distance,persona
924,0.09208057920923346,0.06240033208145926,mean_pairwise_distance,persona
925,0.09208057920923346,0.060948181058107155,mean_pairwise_distance,persona
926,0.09208057920923346,0.061725314426799065,mean_pairwise_distance,persona
927,0.09208057920923346,0.0626921458206629,mean_pairwise_distance,persona
928,0.09208057920923346,0.06443189538043478,mean_pairwise_distance,persona
929,0.09208057920923346,0.06896464532543077,mean_pairwise_distance,persona
930,0.09208057920923346,0.062098648001553985,mean_pairwise_distance,persona
931,0.09208057920923346,0.0683854241144987,mean_pairwise_distance,persona
932,0.09208057920923346,0.06236667783835188,mean_pairwise_distance,persona
933,0.09208057920923346,0.06274412648951112,mean_pairwise_distance,persona
934,0.09208057920923346,0.06027733030997717,mean_pairwise_distance,persona
935,0.09208057920923346,0.06278557527677815,mean_pairwise_distance,persona
936,0.09208057920923346,0.061623081152618164,mean_pairwise_distance,persona
937,0.09208057920923346,0.06152088180361058,mean_pairwise_distance,persona
938,0.09208057920923346,0.0642785250905003,mean_pairwise_distance,persona
939,0.09208057920923346,0.058739393124938484,mean_pairwise_distance,persona
940,0.09208057920923346,0.06646590553253535,mean_pairwise_distance,persona
941,0.09208057920923346,0.064652189435695,mean_pairwise_distance,persona
942,0.09208057920923346,0.06885181750233466,mean_pairwise_distance,persona
943,0.09208057920923346,0.06620157306844537,mean_pairwise_distance,persona
944,0.09208057920923346,0.0608950302063712,mean_pairwise_distance,persona
945,0.09208057920923346,0.05839005996116065,mean_pairwise_distance,persona
946,0.09208057920923346,0.06721149343746924,mean_pairwise_distance,persona
947,0.09208057920923346,0.0674753165527766,mean_pairwise_distance,persona
948,0.09208057920923346,0.061613255574298,mean_pairwise_distance,persona
949,0.09208057920923346,0.06469903020519513,mean_pairwise_distance,persona
950,0.09208057920923346,0.06309572345183301,mean_pairwise_distance,persona
951,0.09208057920923346,0.0625057792946284,mean_pairwise_distance,persona
952,0.09208057920923346,0.06447093807190303,mean_pairwise_distance,persona
953,0.09208057920923346,0.06613848826630785,mean_pairwise_distance,persona
954,0.09208057920923346,0.0629710467907751,mean_pairwise_distance,persona
955,0.09208057920923346,0.0643071275454736,mean_pairwise_distance,persona
956,0.09208057920923346,0.06220346123804688,mean_pairwise_distance,persona
957,0.09208057920923346,0.06855645269273299,mean_pairwise_distance,persona
958,0.09208057920923346,0.061988849413724754,mean_pairwise_distance,persona
959,0.09208057920923346,0.06467947658342807,mean_pairwise_distance,persona
960,0.09208057920923346,0.06785158913126105,mean_pairwise_distance,persona
961,0.09208057920923346,0.0637915433631113,mean_pairwise_distance,persona
962,0.09208057920923346,0.06320932943359193,mean_pairwise_distance,persona
963,0.09208057920923346,0.06574813037992937,mean_pairwise_distance,persona
964,0.09208057920923346,0.05888532060879492,mean_pairwise_distance,persona
965,0.09208057920923346,0.05739338690113173,mean_pairwise_distance,persona
966,0.09208057920923346,0.06744063890027434,mean_pairwise_distance,persona
967,0.09208057920923346,0.06368810951474156,mean_pairwise_distance,persona
968,0.09208057920923346,0.06377468585025652,mean_pairwise_distance,persona
969,0.09208057920923346,0.06417154935980032,mean_pairwise_distance,persona
970,0.09208057920923346,0.06671861532648561,mean_pairwise_distance,persona
971,0.09208057920923346,0.06419982858326125,mean_pairwise_distance,persona
972,0.09208057920923346,0.05820460847243961,mean_pairwise_distance,persona
973,0.09208057920923346,0.0619258948936764,mean_pairwise_distance,persona
974,0.09208057920923346,0.06852727233185599,mean_pairwise_distance,persona
975,0.09208057920923346,0.06644823687821037,mean_pairwise_distance,persona
976,0.09208057920923346,0.059744058154788414,mean_pairwise_distance,persona
977,0.09208057920923346,0.060925066471099854,mean_pairwise_distance,persona
978,0.09208057920923346,0.06217542608736061,mean_pairwise_distance,persona
979,0.09208057920923346,0.06133677648461383,mean_pairwise_distance,persona
980,0.09208057920923346,0.06253090677525215,mean_pairwise_distance,persona
981,0.09208057920923346,0.06532517393587135,mean_pairwise_distance,persona
982,0.09208057920923346,0.06406796826675476,mean_pairwise_distance,persona
983,0.09208057920923346,0.06413794718241032,mean_pairwise_distance,persona
984,0.09208057920923346,0.06682264333657126,mean_pairwise_distance,persona
985,0.09208057920923346,0.06511837597421036,mean_pairwise_distance,persona
986,0.09208057920923346,0.06934211282390851,mean_pairwise_distance,persona
987,0.09208057920923346,0.06842018799348311,mean_pairwise_distance,persona
988,0.09208057920923346,0.06584725950075232,mean_pairwise_distance,persona
989,0.09208057920923346,0.06475530641352235,mean_pairwise_distance,persona
990,0.09208057920923346,0.05797952837623627,mean_pairwise_distance,persona
991,0.09208057920923346,0.05712382289260744,mean_pairwise_distance,persona
992,0.09208057920923346,0.06834499661630321,mean_pairwise_distance,persona
993,0.09208057920923346,0.06138842897452856,mean_pairwise_distance,persona
994,0.09208057920923346,0.059479167810070656,mean_pairwise_distance,persona
995,0.09208057920923346,0.061255832670234406,mean_pairwise_distance,persona
996,0.09208057920923346,0.060475554390858284,mean_pairwise_distance,persona
997,0.09208057920923346,0.06469294699755582,mean_pairwise_distance,persona
998,0.09208057920923346,0.06691043791563614,mean_pairwise_distance,persona
999,0.09208057920923346,0.06183405403091973,mean_pairwise_distance,persona
0,0.05831247049829234,0.035934401595074196,nearest_neighbor_distance,persona
1,0.05831247049829234,0.03118632409883582,nearest_neighbor_distance,persona
2,0.05831247049829234,0.033816241699716316,nearest_neighbor_distance,persona
3,0.05831247049829234,0.035690872565559716,nearest_neighbor_distance,persona
4,0.05831247049829234,0.03843696480212004,nearest_neighbor_distance,persona
5,0.05831247049829234,0.03179392607315727,nearest_neighbor_distance,persona
6,0.05831247049829234,0.037819149701491646,nearest_neighbor_distance,persona
7,0.05831247049829234,0.032905519008636475,nearest_neighbor_distance,persona
8,0.05831247049829234,0.03291259122931439,nearest_neighbor_distance,persona
9,0.05831247049829234,0.0331069308778514,nearest_neighbor_distance,persona
10,0.05831247049829234,0.030286299145740013,nearest_neighbor_distance,persona
11,0.05831247049829234,0.033480286598205566,nearest_neighbor_distance,persona
12,0.05831247049829234,0.031364057375037155,nearest_neighbor_distance,persona
13,0.05831247049829234,0.03360944986343384,nearest_neighbor_distance,persona
14,0.05831247049829234,0.03448245836340863,nearest_neighbor_distance,persona
15,0.05831247049829234,0.03474664428959722,nearest_neighbor_distance,persona
16,0.05831247049829234,0.03277190353559411,nearest_neighbor_distance,persona
17,0.05831247049829234,0.03270980586176333,nearest_neighbor_distance,persona
18,0.05831247049829234,0.03134459516276484,nearest_neighbor_distance,persona
19,0.05831247049829234,0.035350019517152206,nearest_neighbor_distance,persona
20,0.05831247049829234,0.03543895483016968,nearest_neighbor_distance,persona
21,0.05831247049829234,0.03755206647126571,nearest_neighbor_distance,persona
22,0.05831247049829234,0.03246233774268109,nearest_neighbor_distance,persona
23,0.05831247049829234,0.037547834541486656,nearest_neighbor_distance,persona
24,0.05831247049829234,0.03125115581180738,nearest_neighbor_distance,persona
25,0.05831247049829234,0.035594839116801384,nearest_neighbor_distance,persona
26,0.05831247049829234,0.03814719811729763,nearest_neighbor_distance,persona
27,0.05831247049829234,0.03200118438057278,nearest_neighbor_distance,persona
28,0.05831247049829234,0.034150447534478226,nearest_neighbor_distance,persona
29,0.05831247049829234,0.03376832474832949,nearest_neighbor_distance,persona
30,0.05831247049829234,0.037796499936477,nearest_neighbor_distance,persona
31,0.05831247049829234,0.03603854127552198,nearest_neighbor_distance,persona
32,0.05831247049829234,0.032622314017751945,nearest_neighbor_distance,persona
33,0.05831247049829234,0.03590191188065902,nearest_neighbor_distance,persona
34,0.05831247049829234,0.033519576425137726,nearest_neighbor_distance,persona
35,0.05831247049829234,0.03666431489198104,nearest_neighbor_distance,persona
36,0.05831247049829234,0.03824173626692399,nearest_neighbor_distance,persona
37,0.05831247049829234,0.034548751685930336,nearest_neighbor_distance,persona
38,0.05831247049829234,0.031368361866992454,nearest_neighbor_distance,persona
39,0.05831247049829234,0.03545303189236185,nearest_neighbor_distance,persona
40,0.05831247049829234,0.037017376526542335,nearest_neighbor_distance,persona
41,0.05831247049829234,0.03333901063255642,nearest_neighbor_distance,persona
42,0.05831247049829234,0.03831356504689092,nearest_neighbor_distance,persona
43,0.05831247049829234,0.0379364568254222,nearest_neighbor_distance,persona
44,0.05831247049829234,0.03521446041438891,nearest_neighbor_distance,persona
45,0.05831247049829234,0.03630489629247914,nearest_neighbor_distance,persona
46,0.05831247049829234,0.034310815126999565,nearest_neighbor_distance,persona
47,0.05831247049829234,0.03964980788852857,nearest_neighbor_distance,persona
48,0.05831247049829234,0.035649346268695335,nearest_neighbor_distance,persona
49,0.05831247049829234,0.03492995967035708,nearest_neighbor_distance,persona
50,0.05831247049829234,0.03457272311915522,nearest_neighbor_distance,persona
51,0.05831247049829234,0.03708342106445976,nearest_neighbor_distance,persona
52,0.05831247049829234,0.035293620565663215,nearest_neighbor_distance,persona
53,0.05831247049829234,0.03204212240550829,nearest_neighbor_distance,persona
54,0.05831247049829234,0.03596967717875605,nearest_neighbor_distance,persona
55,0.05831247049829234,0.03525149563084478,nearest_neighbor_distance,persona
56,0.05831247049829234,0.032838875832765,nearest_neighbor_distance,persona
57,0.05831247049829234,0.03431834863579791,nearest_neighbor_distance,persona
58,0.05831247049829234,0.03418235156847083,nearest_neighbor_distance,persona
59,0.05831247049829234,0.034152134605076004,nearest_neighbor_distance,persona
60,0.05831247049829234,0.03542261538298234,nearest_neighbor_distance,persona
61,0.05831247049829234,0.03530668175738791,nearest_neighbor_distance,persona
62,0.05831247049829234,0.03332913958508035,nearest_neighbor_distance,persona
63,0.05831247049829234,0.03587286886961564,nearest_neighbor_distance,persona
64,0.05831247049829234,0.03432219702264537,nearest_neighbor_distance,persona
65,0.05831247049829234,0.03504246473312378,nearest_neighbor_distance,persona
66,0.05831247049829234,0.034097966940506645,nearest_neighbor_distance,persona
67,0.05831247049829234,0.03718225074850995,nearest_neighbor_distance,persona
68,0.05831247049829234,0.03944189393002054,nearest_neighbor_distance,persona
69,0.05831247049829234,0.031563719977503235,nearest_neighbor_distance,persona
70,0.05831247049829234,0.0338921132295028,nearest_neighbor_distance,persona
71,0.05831247049829234,0.03756915227226589,nearest_neighbor_distance,persona
72,0.05831247049829234,0.03289844419645226,nearest_neighbor_distance,persona
73,0.05831247049829234,0.03328513062518576,nearest_neighbor_distance,persona
74,0.05831247049829234,0.033566601898359215,nearest_neighbor_distance,persona
75,0.05831247049829234,0.034331067748691727,nearest_neighbor_distance,persona
76,0.05831247049829234,0.03508525309355363,nearest_neighbor_distance,persona
77,0.05831247049829234,0.03633378122163856,nearest_neighbor_distance,persona
78,0.05831247049829234,0.03383215095685876,nearest_neighbor_distance,persona
79,0.05831247049829234,0.03615042178527168,nearest_neighbor_distance,persona
80,0.05831247049829234,0.033783531707266105,nearest_neighbor_distance,persona
81,0.05831247049829234,0.035498839357624885,nearest_neighbor_distance,persona
82,0.05831247049829234,0.035800933837890625,nearest_neighbor_distance,persona
83,0.05831247049829234,0.03619778933732406,nearest_neighbor_distance,persona
84,0.05831247049829234,0.03851013598234757,nearest_neighbor_distance,persona
85,0.05831247049829234,0.0363150575886602,nearest_neighbor_distance,persona
86,0.05831247049829234,0.03616776414539503,nearest_neighbor_distance,persona
87,0.05831247049829234,0.033148104729859726,nearest_neighbor_distance,persona
88,0.05831247049829234,0.03180827006049778,nearest_neighbor_distance,persona
89,0.05831247049829234,0.03743918045707371,nearest_neighbor_distance,persona
90,0.05831247049829234,0.03558706459791764,nearest_neighbor_distance,persona
91,0.05831247049829234,0.0335339877916419,nearest_neighbor_distance,persona
92,0.05831247049829234,0.037897568681965706,nearest_neighbor_distance,persona
93,0.05831247049829234,0.034259632877681565,nearest_neighbor_distance,persona
94,0.05831247049829234,0.033247929552327034,nearest_neighbor_distance,persona
95,0.05831247049829234,0.037091527296149215,nearest_neighbor_distance,persona
96,0.05831247049829234,0.034109390300253166,nearest_neighbor_distance,persona
97,0.05831247049829234,0.034929301427758255,nearest_neighbor_distance,persona
98,0.05831247049829234,0.035347969635673195,nearest_neighbor_distance,persona
99,0.05831247049829234,0.03241838320441868,nearest_neighbor_distance,persona
100,0.05831247049829234,0.03517566297365272,nearest_neighbor_distance,persona
101,0.05831247049829234,0.033618626387222954,nearest_neighbor_distance,persona
102,0.05831247049829234,0.03511680727419646,nearest_neighbor_distance,persona
103,0.05831247049829234,0.03634945983472078,nearest_neighbor_distance,persona
104,0.05831247049829234,0.03553868117539779,nearest_neighbor_distance,persona
105,0.05831247049829234,0.03571963828542958,nearest_neighbor_distance,persona
106,0.05831247049829234,0.037651303021804146,nearest_neighbor_distance,persona
107,0.05831247049829234,0.03915973849918531,nearest_neighbor_distance,persona
108,0.05831247049829234,0.03546873123749443,nearest_neighbor_distance,persona
109,0.05831247049829234,0.03413919003113457,nearest_neighbor_distance,persona
110,0.05831247049829234,0.035423563874286156,nearest_neighbor_distance,persona
111,0.05831247049829234,0.03366627382195514,nearest_neighbor_distance,persona
112,0.05831247049829234,0.03291818888291069,nearest_neighbor_distance,persona
113,0.05831247049829234,0.03445113482682601,nearest_neighbor_distance,persona
114,0.05831247049829234,0.03542468340500542,nearest_neighbor_distance,persona
115,0.05831247049829234,0.03393129421317059,nearest_neighbor_distance,persona
116,0.05831247049829234,0.03705831714298414,nearest_neighbor_distance,persona
117,0.05831247049829234,0.03368370947630509,nearest_neighbor_distance,persona
118,0.05831247049829234,0.0357233622799749,nearest_neighbor_distance,persona
119,0.05831247049829234,0.031580554402392845,nearest_neighbor_distance,persona
120,0.05831247049829234,0.03636296417402184,nearest_neighbor_distance,persona
121,0.05831247049829234,0.034175079801808235,nearest_neighbor_distance,persona
122,0.05831247049829234,0.037640322809634,nearest_neighbor_distance,persona
123,0.05831247049829234,0.034743759943091354,nearest_neighbor_distance,persona
124,0.05831247049829234,0.03231534750565239,nearest_neighbor_distance,persona
125,0.05831247049829234,0.03331349207007367,nearest_neighbor_distance,persona
126,0.05831247049829234,0.03336339929829473,nearest_neighbor_distance,persona
127,0.05831247049829234,0.035717684289683464,nearest_neighbor_distance,persona
128,0.05831247049829234,0.03439773943113244,nearest_neighbor_distance,persona
129,0.05831247049829234,0.03662704903146495,nearest_neighbor_distance,persona
130,0.05831247049829234,0.033766541791998825,nearest_neighbor_distance,persona
131,0.05831247049829234,0.03318536540736323,nearest_neighbor_distance,persona
132,0.05831247049829234,0.029934268930683964,nearest_neighbor_distance,persona
133,0.05831247049829234,0.03241979816685552,nearest_neighbor_distance,persona
134,0.05831247049829234,0.03796098802400672,nearest_neighbor_distance,persona
135,0.05831247049829234,0.03342752093854158,nearest_neighbor_distance,persona
136,0.05831247049829234,0.039398620957913605,nearest_neighbor_distance,persona
137,0.05831247049829234,0.03501334138538526,nearest_neighbor_distance,persona
138,0.05831247049829234,0.034594657628432564,nearest_neighbor_distance,persona
139,0.05831247049829234,0.036896205466726555,nearest_neighbor_distance,persona
140,0.05831247049829234,0.035320831381756325,nearest_neighbor_distance,persona
141,0.05831247049829234,0.034695858540742294,nearest_neighbor_distance,persona
142,0.05831247049829234,0.03100221571714982,nearest_neighbor_distance,persona
143,0.05831247049829234,0.03703419281088788,nearest_neighbor_distance,persona
144,0.05831247049829234,0.035710549872854484,nearest_neighbor_distance,persona
145,0.05831247049829234,0.028945093569548233,nearest_neighbor_distance,persona
146,0.05831247049829234,0.03885097089021102,nearest_neighbor_distance,persona
147,0.05831247049829234,0.031942253527433975,nearest_neighbor_distance,persona
148,0.05831247049829234,0.03542743558469026,nearest_neighbor_distance,persona
149,0.05831247049829234,0.03799308642097141,nearest_neighbor_distance,persona
150,0.05831247049829234,0.03650587019713029,nearest_neighbor_distance,persona
151,0.05831247049829234,0.03398796527282051,nearest_neighbor_distance,persona
152,0.05831247049829234,0.03514247096103171,nearest_neighbor_distance,persona
153,0.05831247049829234,0.03564877872881682,nearest_neighbor_distance,persona
154,0.05831247049829234,0.036455817844556725,nearest_neighbor_distance,persona
155,0.05831247049829234,0.03401573326276696,nearest_neighbor_distance,persona
156,0.05831247049829234,0.03352381612943566,nearest_neighbor_distance,persona
157,0.05831247049829234,0.03638383098270582,nearest_neighbor_distance,persona
158,0.05831247049829234,0.03337400115054587,nearest_neighbor_distance,persona
159,0.05831247049829234,0.03497961811397387,nearest_neighbor_distance,persona
160,0.05831247049829234,0.03381570784941963,nearest_neighbor_distance,persona
161,0.05831247049829234,0.032716328683106796,nearest_neighbor_distance,persona
162,0.05831247049829234,0.03417051615922347,nearest_neighbor_distance,persona
163,0.05831247049829234,0.03205773363942686,nearest_neighbor_distance,persona
164,0.05831247049829234,0.03713782455610192,nearest_neighbor_distance,persona
165,0.05831247049829234,0.03172856050988902,nearest_neighbor_distance,persona
166,0.05831247049829234,0.035117405912150505,nearest_neighbor_distance,persona
167,0.05831247049829234,0.04029852929322616,nearest_neighbor_distance,persona
168,0.05831247049829234,0.03707073304964149,nearest_neighbor_distance,persona
169,0.05831247049829234,0.036453231521274734,nearest_neighbor_distance,persona
170,0.05831247049829234,0.03469121974447499,nearest_neighbor_distance,persona
171,0.05831247049829234,0.03821988986886066,nearest_neighbor_distance,persona
172,0.05831247049829234,0.034934362639551575,nearest_neighbor_distance,persona
173,0.05831247049829234,0.031154492627019467,nearest_neighbor_distance,persona
174,0.05831247049829234,0.03558175978453263,nearest_neighbor_distance,persona
175,0.05831247049829234,0.03530634486156961,nearest_neighbor_distance,persona
176,0.05831247049829234,0.03379948761152184,nearest_neighbor_distance,persona
177,0.05831247049829234,0.0317768843277641,nearest_neighbor_distance,persona
178,0.05831247049829234,0.03723747574764749,nearest_neighbor_distance,persona
179,0.05831247049829234,0.03144584013068158,nearest_neighbor_distance,persona
180,0.05831247049829234,0.03512660575949628,nearest_neighbor_distance,persona
181,0.05831247049829234,0.035638104314389435,nearest_neighbor_distance,persona
182,0.05831247049829234,0.03385094196900078,nearest_neighbor_distance,persona
183,0.05831247049829234,0.03247399433799412,nearest_neighbor_distance,persona
184,0.05831247049829234,0.0371529019397238,nearest_neighbor_distance,persona
185,0.05831247049829234,0.03424793740977412,nearest_neighbor_distance,persona
186,0.05831247049829234,0.037370658439138664,nearest_neighbor_distance,persona
187,0.05831247049829234,0.03420670136161472,nearest_neighbor_distance,persona
188,0.05831247049829234,0.03333642430927442,nearest_neighbor_distance,persona
189,0.05831247049829234,0.03510719796885615,nearest_neighbor_distance,persona
190,0.05831247049829234,0.03742261814034503,nearest_neighbor_distance,persona
191,0.05831247049829234,0.038124100021694016,nearest_neighbor_distance,persona
192,0.05831247049829234,0.038462410802426544,nearest_neighbor_distance,persona
193,0.05831247049829234,0.03180090499960858,nearest_neighbor_distance,persona
194,0.05831247049829234,0.033990012562793236,nearest_neighbor_distance,persona
195,0.05831247049829234,0.032905469770016876,nearest_neighbor_distance,persona
196,0.05831247049829234,0.03640555298846701,nearest_neighbor_distance,persona
197,0.05831247049829234,0.03928001548932946,nearest_neighbor_distance,persona
198,0.05831247049829234,0.03462028503417969,nearest_neighbor_distance,persona
199,0.05831247049829234,0.033776332502779755,nearest_neighbor_distance,persona
200,0.05831247049829234,0.03384628503218941,nearest_neighbor_distance,persona
201,0.05831247049829234,0.035146599230558975,nearest_neighbor_distance,persona
202,0.05831247049829234,0.03599537714667942,nearest_neighbor_distance,persona
203,0.05831247049829234,0.03502665654472683,nearest_neighbor_distance,persona
204,0.05831247049829234,0.030535915623540463,nearest_neighbor_distance,persona
205,0.05831247049829234,0.03502425162688545,nearest_neighbor_distance,persona
206,0.05831247049829234,0.034771146981612495,nearest_neighbor_distance,persona
207,0.05831247049829234,0.034491272076316505,nearest_neighbor_distance,persona
208,0.05831247049829234,0.03687572997549306,nearest_neighbor_distance,persona
209,0.05831247049829234,0.03413999080657959,nearest_neighbor_distance,persona
210,0.05831247049829234,0.03951578554899796,nearest_neighbor_distance,persona
211,0.05831247049829234,0.03341671954030576,nearest_neighbor_distance,persona
212,0.05831247049829234,0.035066311774046524,nearest_neighbor_distance,persona
213,0.05831247049829234,0.03542149326075678,nearest_neighbor_distance,persona
214,0.05831247049829234,0.033506953197976815,nearest_neighbor_distance,persona
215,0.05831247049829234,0.03375965356826782,nearest_neighbor_distance,persona
216,0.05831247049829234,0.03215284451194431,nearest_neighbor_distance,persona
217,0.05831247049829234,0.035433828830718994,nearest_neighbor_distance,persona
218,0.05831247049829234,0.036074122656946594,nearest_neighbor_distance,persona
219,0.05831247049829234,0.0360801453175752,nearest_neighbor_distance,persona
220,0.05831247049829234,0.032980138840882675,nearest_neighbor_distance,persona
221,0.05831247049829234,0.03322935622671376,nearest_neighbor_distance,persona
222,0.05831247049829234,0.034639796485071594,nearest_neighbor_distance,persona
223,0.05831247049829234,0.03158218705135843,nearest_neighbor_distance,persona
224,0.05831247049829234,0.035544084466021995,nearest_neighbor_distance,persona
225,0.05831247049829234,0.03674008276151574,nearest_neighbor_distance,persona
226,0.05831247049829234,0.03263668910316799,nearest_neighbor_distance,persona
227,0.05831247049829234,0.0327961107958918,nearest_neighbor_distance,persona
228,0.05831247049829234,0.03215878683587779,nearest_neighbor_distance,persona
229,0.05831247049829234,0.03354202923567399,nearest_neighbor_distance,persona
230,0.05831247049829234,0.031788872635882835,nearest_neighbor_distance,persona
231,0.05831247049829234,0.034845391045445984,nearest_neighbor_distance,persona
232,0.05831247049829234,0.03488794617030932,nearest_neighbor_distance,persona
233,0.05831247049829234,0.03324580970017806,nearest_neighbor_distance,persona
234,0.05831247049829234,0.03305988467257956,nearest_neighbor_distance,persona
235,0.05831247049829234,0.037604632584945015,nearest_neighbor_distance,persona
236,0.05831247049829234,0.0365122245705646,nearest_neighbor_distance,persona
237,0.05831247049829234,0.036010677399842636,nearest_neighbor_distance,persona
238,0.05831247049829234,0.03650505905566008,nearest_neighbor_distance,persona
239,0.05831247049829234,0.03293749301329903,nearest_neighbor_distance,persona
240,0.05831247049829234,0.035389177177263344,nearest_neighbor_distance,persona
241,0.05831247049829234,0.03258518809857576,nearest_neighbor_distance,persona
242,0.05831247049829234,0.03448270714801291,nearest_neighbor_distance,persona
243,0.05831247049829234,0.03548861845679905,nearest_neighbor_distance,persona
244,0.05831247049829234,0.03726018770881321,nearest_neighbor_distance,persona
245,0.05831247049829234,0.03720955745033596,nearest_neighbor_distance,persona
246,0.05831247049829234,0.037672934324845024,nearest_neighbor_distance,persona
247,0.05831247049829234,0.03484021321586941,nearest_neighbor_distance,persona
248,0.05831247049829234,0.03588289022445679,nearest_neighbor_distance,persona
249,0.05831247049829234,0.03233158070108165,nearest_neighbor_distance,persona
250,0.05831247049829234,0.035369626853777016,nearest_neighbor_distance,persona
251,0.05831247049829234,0.03177784836810568,nearest_neighbor_distance,persona
252,0.05831247049829234,0.03507555826850559,nearest_neighbor_distance,persona
253,0.05831247049829234,0.034366014211074165,nearest_neighbor_distance,persona
254,0.05831247049829234,0.03273956931155661,nearest_neighbor_distance,persona
255,0.05831247049829234,0.03356150699698407,nearest_neighbor_distance,persona
256,0.05831247049829234,0.03319016746852709,nearest_neighbor_distance,persona
257,0.05831247049829234,0.03459842308707859,nearest_neighbor_distance,persona
258,0.05831247049829234,0.0349884992060454,nearest_neighbor_distance,persona
259,0.05831247049829234,0.035986630812935204,nearest_neighbor_distance,persona
260,0.05831247049829234,0.03338840474253115,nearest_neighbor_distance,persona
261,0.05831247049829234,0.03289161298585975,nearest_neighbor_distance,persona
262,0.05831247049829234,0.03362019943154376,nearest_neighbor_distance,persona
263,0.05831247049829234,0.035974963851597,nearest_neighbor_distance,persona
264,0.05831247049829234,0.033600869386092476,nearest_neighbor_distance,persona
265,0.05831247049829234,0.04023523434348728,nearest_neighbor_distance,persona
266,0.05831247049829234,0.032738807408706,nearest_neighbor_distance,persona
267,0.05831247049829234,0.03523081800212031,nearest_neighbor_distance,persona
268,0.05831247049829234,0.03773318425468777,nearest_neighbor_distance,persona
269,0.05831247049829234,0.0363430406736291,nearest_neighbor_distance,persona
270,0.05831247049829234,0.032117610392363174,nearest_neighbor_distance,persona
271,0.05831247049829234,0.03391016566235086,nearest_neighbor_distance,persona
272,0.05831247049829234,0.04063075003416642,nearest_neighbor_distance,persona
273,0.05831247049829234,0.03315943738688593,nearest_neighbor_distance,persona
274,0.05831247049829234,0.0362147999846417,nearest_neighbor_distance,persona
275,0.05831247049829234,0.03530397622481636,nearest_neighbor_distance,persona
276,0.05831247049829234,0.035632475562717605,nearest_neighbor_distance,persona
277,0.05831247049829234,0.03276851643686709,nearest_neighbor_distance,persona
278,0.05831247049829234,0.032331684361333435,nearest_neighbor_distance,persona
279,0.05831247049829234,0.03745585939158564,nearest_neighbor_distance,persona
280,0.05831247049829234,0.03304516232532004,nearest_neighbor_distance,persona
281,0.05831247049829234,0.03543682461199553,nearest_neighbor_distance,persona
282,0.05831247049829234,0.03190431646678759,nearest_neighbor_distance,persona
283,0.05831247049829234,0.03425927524981291,nearest_neighbor_distance,persona
284,0.05831247049829234,0.03389996808508168,nearest_neighbor_distance,persona
285,0.05831247049829234,0.035320551499076515,nearest_neighbor_distance,persona
286,0.05831247049829234,0.03634888970333597,nearest_neighbor_distance,persona
287,0.05831247049829234,0.03431563792021378,nearest_neighbor_distance,persona
288,0.05831247049829234,0.031128595704617706,nearest_neighbor_distance,persona
289,0.05831247049829234,0.03367828027061794,nearest_neighbor_distance,persona
290,0.05831247049829234,0.03630094165387361,nearest_neighbor_distance,persona
291,0.05831247049829234,0.03807014745214711,nearest_neighbor_distance,persona
292,0.05831247049829234,0.03187406840531722,nearest_neighbor_distance,persona
293,0.05831247049829234,0.0365488166394441,nearest_neighbor_distance,persona
294,0.05831247049829234,0.03362177506737087,nearest_neighbor_distance,persona
295,0.05831247049829234,0.037767524304597275,nearest_neighbor_distance,persona
296,0.05831247049829234,0.03673458617666493,nearest_neighbor_distance,persona
297,0.05831247049829234,0.03412053896033246,nearest_neighbor_distance,persona
298,0.05831247049829234,0.035482054171354874,nearest_neighbor_distance,persona
299,0.05831247049829234,0.03578672720038373,nearest_neighbor_distance,persona
300,0.05831247049829234,0.0355928255164105,nearest_neighbor_distance,persona
301,0.05831247049829234,0.03826583209245101,nearest_neighbor_distance,persona
302,0.05831247049829234,0.03562270040097444,nearest_neighbor_distance,persona
303,0.05831247049829234,0.03199761846791143,nearest_neighbor_distance,persona
304,0.05831247049829234,0.040423328461854355,nearest_neighbor_distance,persona
305,0.05831247049829234,0.036851076976112694,nearest_neighbor_distance,persona
306,0.05831247049829234,0.03673364545988,nearest_neighbor_distance,persona
307,0.05831247049829234,0.035860813182333244,nearest_neighbor_distance,persona
308,0.05831247049829234,0.03526123191999352,nearest_neighbor_distance,persona
309,0.05831247049829234,0.03647130468617315,nearest_neighbor_distance,persona
310,0.05831247049829234,0.03561656371406887,nearest_neighbor_distance,persona
311,0.05831247049829234,0.03362425254738849,nearest_neighbor_distance,persona
312,0.05831247049829234,0.03608972352483998,nearest_neighbor_distance,persona
313,0.05831247049829234,0.03183862696523252,nearest_neighbor_distance,persona
314,0.05831247049829234,0.034145541813062584,nearest_neighbor_distance,persona
315,0.05831247049829234,0.029829877874125606,nearest_neighbor_distance,persona
316,0.05831247049829234,0.03155051625293234,nearest_neighbor_distance,persona
317,0.05831247049829234,0.036960013534711754,nearest_neighbor_distance,persona
318,0.05831247049829234,0.037114169286644974,nearest_neighbor_distance,persona
319,0.05831247049829234,0.035704369130341904,nearest_neighbor_distance,persona
320,0.05831247049829234,0.03349384535913882,nearest_neighbor_distance,persona
321,0.05831247049829234,0.03895791717197584,nearest_neighbor_distance,persona
322,0.05831247049829234,0.037508345168569816,nearest_neighbor_distance,persona
323,0.05831247049829234,0.0347337385882502,nearest_neighbor_distance,persona
324,0.05831247049829234,0.03431519995565,nearest_neighbor_distance,persona
325,0.05831247049829234,0.03814907177634861,nearest_neighbor_distance,persona
326,0.05831247049829234,0.03175973114760026,nearest_neighbor_distance,persona
327,0.05831247049829234,0.03296675111936486,nearest_neighbor_distance,persona
328,0.05831247049829234,0.033559221288432244,nearest_neighbor_distance,persona
329,0.05831247049829234,0.03565094781958539,nearest_neighbor_distance,persona
330,0.05831247049829234,0.029031828693721607,nearest_neighbor_distance,persona
331,0.05831247049829234,0.03459383093792459,nearest_neighbor_distance,persona
332,0.05831247049829234,0.03897523361703624,nearest_neighbor_distance,persona
333,0.05831247049829234,0.03679682120032932,nearest_neighbor_distance,persona
334,0.05831247049829234,0.03906132345614226,nearest_neighbor_distance,persona
335,0.05831247049829234,0.03390477532925813,nearest_neighbor_distance,persona
336,0.05831247049829234,0.03864122214524642,nearest_neighbor_distance,persona
337,0.05831247049829234,0.0374205293862716,nearest_neighbor_distance,persona
338,0.05831247049829234,0.032389151013415794,nearest_neighbor_distance,persona
339,0.05831247049829234,0.03373287035071332,nearest_neighbor_distance,persona
340,0.05831247049829234,0.03229664719623068,nearest_neighbor_distance,persona
341,0.05831247049829234,0.037033410175986915,nearest_neighbor_distance,persona
342,0.05831247049829234,0.03218434167944867,nearest_neighbor_distance,persona
343,0.05831247049829234,0.03536453713541445,nearest_neighbor_distance,persona
344,0.05831247049829234,0.03435245026712832,nearest_neighbor_distance,persona
345,0.05831247049829234,0.031773393568785294,nearest_neighbor_distance,persona
346,0.05831247049829234,0.03656859760699065,nearest_neighbor_distance,persona
347,0.05831247049829234,0.03832915295725283,nearest_neighbor_distance,persona
348,0.05831247049829234,0.03291705898616625,nearest_neighbor_distance,persona
349,0.05831247049829234,0.034036325371783714,nearest_neighbor_distance,persona
350,0.05831247049829234,0.0358655660048775,nearest_neighbor_distance,persona
351,0.05831247049829234,0.03881392271622368,nearest_neighbor_distance,persona
352,0.05831247049829234,0.03683597886044046,nearest_neighbor_distance,persona
353,0.05831247049829234,0.03243690988291865,nearest_neighbor_distance,persona
354,0.05831247049829234,0.033051521881766945,nearest_neighbor_distance,persona
355,0.05831247049829234,0.03278266606123551,nearest_neighbor_distance,persona
356,0.05831247049829234,0.036205105159593666,nearest_neighbor_distance,persona
357,0.05831247049829234,0.03529665003652158,nearest_neighbor_distance,persona
358,0.05831247049829234,0.03652532204337742,nearest_neighbor_distance,persona
359,0.05831247049829234,0.03260747505270917,nearest_neighbor_distance,persona
360,0.05831247049829234,0.035461542399033257,nearest_neighbor_distance,persona
361,0.05831247049829234,0.03672377959541653,nearest_neighbor_distance,persona
362,0.05831247049829234,0.03277424107427183,nearest_neighbor_distance,persona
363,0.05831247049829234,0.031178845011669655,nearest_neighbor_distance,persona
364,0.05831247049829234,0.03351373776145603,nearest_neighbor_distance,persona
365,0.05831247049829234,0.034121479677117386,nearest_neighbor_distance,persona
366,0.05831247049829234,0.0321704071501027,nearest_neighbor_distance,persona
367,0.05831247049829234,0.037523282610851784,nearest_neighbor_distance,persona
368,0.05831247049829234,0.03245438181835672,nearest_neighbor_distance,persona
369,0.05831247049829234,0.036444858364436936,nearest_neighbor_distance,persona
370,0.05831247049829234,0.033072767050369926,nearest_neighbor_distance,persona
371,0.05831247049829234,0.03625577688217163,nearest_neighbor_distance,persona
372,0.05831247049829234,0.036547002585037895,nearest_neighbor_distance,persona
373,0.05831247049829234,0.03582892469737841,nearest_neighbor_distance,persona
374,0.05831247049829234,0.035844447820082954,nearest_neighbor_distance,persona
375,0.05831247049829234,0.03708263842955879,nearest_neighbor_distance,persona
376,0.05831247049829234,0.03793778626815132,nearest_neighbor_distance,persona
377,0.05831247049829234,0.037822425365448,nearest_neighbor_distance,persona
378,0.05831247049829234,0.03472581635350767,nearest_neighbor_distance,persona
379,0.05831247049829234,0.033041440922281014,nearest_neighbor_distance,persona
380,0.05831247049829234,0.03281625457431959,nearest_neighbor_distance,persona
381,0.05831247049829234,0.03564280530680781,nearest_neighbor_distance,persona
382,0.05831247049829234,0.03600926762041838,nearest_neighbor_distance,persona
383,0.05831247049829234,0.03081469950468644,nearest_neighbor_distance,persona
384,0.05831247049829234,0.03761495714602263,nearest_neighbor_distance,persona
385,0.05831247049829234,0.033889591693878174,nearest_neighbor_distance,persona
386,0.05831247049829234,0.034480867178543755,nearest_neighbor_distance,persona
387,0.05831247049829234,0.03204492123230644,nearest_neighbor_distance,persona
388,0.05831247049829234,0.03461182635763417,nearest_neighbor_distance,persona
389,0.05831247049829234,0.03612923362980718,nearest_neighbor_distance,persona
390,0.05831247049829234,0.033562522867451546,nearest_neighbor_distance,persona
391,0.05831247049829234,0.03303843218347301,nearest_neighbor_distance,persona
392,0.05831247049829234,0.03326498684675797,nearest_neighbor_distance,persona
393,0.05831247049829234,0.03469211122264033,nearest_neighbor_distance,persona
394,0.05831247049829234,0.032939299293186355,nearest_neighbor_distance,persona
395,0.05831247049829234,0.038731321044590164,nearest_neighbor_distance,persona
396,0.05831247049829234,0.034942709881326424,nearest_neighbor_distance,persona
397,0.05831247049829234,0.029642496419989544,nearest_neighbor_distance,persona
398,0.05831247049829234,0.03279626887777577,nearest_neighbor_distance,persona
399,0.05831247049829234,0.035637935866480286,nearest_neighbor_distance,persona
400,0.05831247049829234,0.034204348273899246,nearest_neighbor_distance,persona
401,0.05831247049829234,0.03718406739442245,nearest_neighbor_distance,persona
402,0.05831247049829234,0.032418380612912384,nearest_neighbor_distance,persona
403,0.05831247049829234,0.03332587428714918,nearest_neighbor_distance,persona
404,0.05831247049829234,0.035772660504216736,nearest_neighbor_distance,persona
405,0.05831247049829234,0.036907864653545876,nearest_neighbor_distance,persona
406,0.05831247049829234,0.03378906198169874,nearest_neighbor_distance,persona
407,0.05831247049829234,0.030590215454930843,nearest_neighbor_distance,persona
408,0.05831247049829234,0.03134558252666308,nearest_neighbor_distance,persona
409,0.05831247049829234,0.031972133595010506,nearest_neighbor_distance,persona
410,0.05831247049829234,0.030242533787437107,nearest_neighbor_distance,persona
411,0.05831247049829234,0.035398856453273606,nearest_neighbor_distance,persona
412,0.05831247049829234,0.034327548483143684,nearest_neighbor_distance,persona
413,0.05831247049829234,0.03262667811435202,nearest_neighbor_distance,persona
414,0.05831247049829234,0.0337412486905637,nearest_neighbor_distance,persona
415,0.05831247049829234,0.032391882461050285,nearest_neighbor_distance,persona
416,0.05831247049829234,0.03536404734072478,nearest_neighbor_distance,persona
417,0.05831247049829234,0.03381513253502224,nearest_neighbor_distance,persona
418,0.05831247049829234,0.03310152240421461,nearest_neighbor_distance,persona
419,0.05831247049829234,0.03270804622898931,nearest_neighbor_distance,persona
420,0.05831247049829234,0.03663871340129687,nearest_neighbor_distance,persona
421,0.05831247049829234,0.035383460314377495,nearest_neighbor_distance,persona
422,0.05831247049829234,0.03421374766722969,nearest_neighbor_distance,persona
423,0.05831247049829234,0.03397674405056497,nearest_neighbor_distance,persona
424,0.05831247049829234,0.03666072306425675,nearest_neighbor_distance,persona
425,0.05831247049829234,0.03234958389531011,nearest_neighbor_distance,persona
426,0.05831247049829234,0.03539518688036048,nearest_neighbor_distance,persona
427,0.05831247049829234,0.03470809045045272,nearest_neighbor_distance,persona
428,0.05831247049829234,0.03499891965285591,nearest_neighbor_distance,persona
429,0.05831247049829234,0.033792215844859246,nearest_neighbor_distance,persona
430,0.05831247049829234,0.038647330325582756,nearest_neighbor_distance,persona
431,0.05831247049829234,0.036093994327213455,nearest_neighbor_distance,persona
432,0.05831247049829234,0.034762136314226234,nearest_neighbor_distance,persona
433,0.05831247049829234,0.0324769201486007,nearest_neighbor_distance,persona
434,0.05831247049829234,0.03451887939287269,nearest_neighbor_distance,persona
435,0.05831247049829234,0.038546961286793587,nearest_neighbor_distance,persona
436,0.05831247049829234,0.035990994909535286,nearest_neighbor_distance,persona
437,0.05831247049829234,0.03509302761243737,nearest_neighbor_distance,persona
438,0.05831247049829234,0.03321462351342906,nearest_neighbor_distance,persona
439,0.05831247049829234,0.033865661724754005,nearest_neighbor_distance,persona
440,0.05831247049829234,0.036297849986864174,nearest_neighbor_distance,persona
441,0.05831247049829234,0.03267543989679088,nearest_neighbor_distance,persona
442,0.05831247049829234,0.03712523242701655,nearest_neighbor_distance,persona
443,0.05831247049829234,0.033892012160757316,nearest_neighbor_distance,persona
444,0.05831247049829234,0.036022974097210426,nearest_neighbor_distance,persona
445,0.05831247049829234,0.033445143181344734,nearest_neighbor_distance,persona
446,0.05831247049829234,0.03187755398128344,nearest_neighbor_distance,persona
447,0.05831247049829234,0.03340819607610288,nearest_neighbor_distance,persona
448,0.05831247049829234,0.03483190484668897,nearest_neighbor_distance,persona
449,0.05831247049829234,0.03506224051765774,nearest_neighbor_distance,persona
450,0.05831247049829234,0.03549095599547676,nearest_neighbor_distance,persona
451,0.05831247049829234,0.034317807010982346,nearest_neighbor_distance,persona
452,0.05831247049829234,0.03358764492947122,nearest_neighbor_distance,persona
453,0.05831247049829234,0.033255652241084885,nearest_neighbor_distance,persona
454,0.05831247049829234,0.03573204900907433,nearest_neighbor_distance,persona
455,0.05831247049829234,0.03661551423694776,nearest_neighbor_distance,persona
456,0.05831247049829234,0.033920241438824196,nearest_neighbor_distance,persona
457,0.05831247049829234,0.03447922157204669,nearest_neighbor_distance,persona
458,0.05831247049829234,0.037372920824133835,nearest_neighbor_distance,persona
459,0.05831247049829234,0.0367282862248628,nearest_neighbor_distance,persona
460,0.05831247049829234,0.03832028223120648,nearest_neighbor_distance,persona
461,0.05831247049829234,0.03727027125980543,nearest_neighbor_distance,persona
462,0.05831247049829234,0.034206247848013176,nearest_neighbor_distance,persona
463,0.05831247049829234,0.036638062933216926,nearest_neighbor_distance,persona
464,0.05831247049829234,0.03595319260721621,nearest_neighbor_distance,persona
465,0.05831247049829234,0.03313959163168202,nearest_neighbor_distance,persona
466,0.05831247049829234,0.03619519264801689,nearest_neighbor_distance,persona
467,0.05831247049829234,0.036292252333267876,nearest_neighbor_distance,persona
468,0.05831247049829234,0.034870541614034904,nearest_neighbor_distance,persona
469,0.05831247049829234,0.031161697014518406,nearest_neighbor_distance,persona
470,0.05831247049829234,0.035034296305283257,nearest_neighbor_distance,persona
471,0.05831247049829234,0.03606221986853558,nearest_neighbor_distance,persona
472,0.05831247049829234,0.03694035177645476,nearest_neighbor_distance,persona
473,0.05831247049829234,0.036796709765558655,nearest_neighbor_distance,persona
474,0.05831247049829234,0.03618797271148018,nearest_neighbor_distance,persona
475,0.05831247049829234,0.031037877435269562,nearest_neighbor_distance,persona
476,0.05831247049829234,0.03462294391963793,nearest_neighbor_distance,persona
477,0.05831247049829234,0.03217118978500366,nearest_neighbor_distance,persona
478,0.05831247049829234,0.03751655765201734,nearest_neighbor_distance,persona
479,0.05831247049829234,0.03278237322102422,nearest_neighbor_distance,persona
480,0.05831247049829234,0.036146682241688606,nearest_neighbor_distance,persona
481,0.05831247049829234,0.03572895215905231,nearest_neighbor_distance,persona
482,0.05831247049829234,0.0423555788786515,nearest_neighbor_distance,persona
483,0.05831247049829234,0.03527304918869682,nearest_neighbor_distance,persona
484,0.05831247049829234,0.035065904907558273,nearest_neighbor_distance,persona
485,0.05831247049829234,0.0310896142669346,nearest_neighbor_distance,persona
486,0.05831247049829234,0.029091404831927757,nearest_neighbor_distance,persona
487,0.05831247049829234,0.0319198084914166,nearest_neighbor_distance,persona
488,0.05831247049829234,0.03337597846984863,nearest_neighbor_distance,persona
489,0.05831247049829234,0.03801016703895901,nearest_neighbor_distance,persona
490,0.05831247049829234,0.035338184107904846,nearest_neighbor_distance,persona
491,0.05831247049829234,0.036589723566304085,nearest_neighbor_distance,persona
492,0.05831247049829234,0.03504264095555181,nearest_neighbor_distance,persona
493,0.05831247049829234,0.035436010879019035,nearest_neighbor_distance,persona
494,0.05831247049829234,0.037165576997010605,nearest_neighbor_distance,persona
495,0.05831247049829234,0.03550574831340624,nearest_neighbor_distance,persona
496,0.05831247049829234,0.03298645175021628,nearest_neighbor_distance,persona
497,0.05831247049829234,0.03524832362714021,nearest_neighbor_distance,persona
498,0.05831247049829234,0.03624960132267164,nearest_neighbor_distance,persona
499,0.05831247049829234,0.032033775163733444,nearest_neighbor_distance,persona
500,0.05831247049829234,0.03804559552151224,nearest_neighbor_distance,persona
501,0.05831247049829234,0.034813704697982124,nearest_neighbor_distance,persona
502,0.05831247049829234,0.033704975376958435,nearest_neighbor_distance,persona
503,0.05831247049829234,0.03267653869545978,nearest_neighbor_distance,persona
504,0.05831247049829234,0.03494211383487867,nearest_neighbor_distance,persona
505,0.05831247049829234,0.03576180468434873,nearest_neighbor_distance,persona
506,0.05831247049829234,0.03359235628791477,nearest_neighbor_distance,persona
507,0.05831247049829234,0.03312551975250244,nearest_neighbor_distance,persona
508,0.05831247049829234,0.0358051061630249,nearest_neighbor_distance,persona
509,0.05831247049829234,0.03564741559650587,nearest_neighbor_distance,persona
510,0.05831247049829234,0.034190400787021805,nearest_neighbor_distance,persona
511,0.05831247049829234,0.03695856747419938,nearest_neighbor_distance,persona
512,0.05831247049829234,0.03792433894198874,nearest_neighbor_distance,persona
513,0.05831247049829234,0.03521266450052676,nearest_neighbor_distance,persona
514,0.05831247049829234,0.038870088432146156,nearest_neighbor_distance,persona
515,0.05831247049829234,0.031212741914002792,nearest_neighbor_distance,persona
516,0.05831247049829234,0.03646017675814421,nearest_neighbor_distance,persona
517,0.05831247049829234,0.03596259200054666,nearest_neighbor_distance,persona
518,0.05831247049829234,0.03677503958992336,nearest_neighbor_distance,persona
519,0.05831247049829234,0.033124814862790314,nearest_neighbor_distance,persona
520,0.05831247049829234,0.03535217046737671,nearest_neighbor_distance,persona
521,0.05831247049829234,0.034764735595039696,nearest_neighbor_distance,persona
522,0.05831247049829234,0.03723820396091627,nearest_neighbor_distance,persona
523,0.05831247049829234,0.030764442423115605,nearest_neighbor_distance,persona
524,0.05831247049829234,0.031529242577760117,nearest_neighbor_distance,persona
525,0.05831247049829234,0.03637024889821592,nearest_neighbor_distance,persona
526,0.05831247049829234,0.03371375280877818,nearest_neighbor_distance,persona
527,0.05831247049829234,0.034095779709194016,nearest_neighbor_distance,persona
528,0.05831247049829234,0.02945473401442818,nearest_neighbor_distance,persona
529,0.05831247049829234,0.033406083998472794,nearest_neighbor_distance,persona
530,0.05831247049829234,0.03298416085865186,nearest_neighbor_distance,persona
531,0.05831247049829234,0.03644756908002107,nearest_neighbor_distance,persona
532,0.05831247049829234,0.03551088208737581,nearest_neighbor_distance,persona
533,0.05831247049829234,0.03422671297322149,nearest_neighbor_distance,persona
534,0.05831247049829234,0.0360123670619467,nearest_neighbor_distance,persona
535,0.05831247049829234,0.033563626849133034,nearest_neighbor_distance,persona
536,0.05831247049829234,0.031235461649687393,nearest_neighbor_distance,persona
537,0.05831247049829234,0.033942479154338005,nearest_neighbor_distance,persona
538,0.05831247049829234,0.03469971729361493,nearest_neighbor_distance,persona
539,0.05831247049829234,0.032529574373494026,nearest_neighbor_distance,persona
540,0.05831247049829234,0.03735296622566555,nearest_neighbor_distance,persona
541,0.05831247049829234,0.033233689225238304,nearest_neighbor_distance,persona
542,0.05831247049829234,0.03108094826988552,nearest_neighbor_distance,persona
543,0.05831247049829234,0.039739637271217675,nearest_neighbor_distance,persona
544,0.05831247049829234,0.03433832655782285,nearest_neighbor_distance,persona
545,0.05831247049829234,0.0386989686800086,nearest_neighbor_distance,persona
546,0.05831247049829234,0.03412081365999968,nearest_neighbor_distance,persona
547,0.05831247049829234,0.032339907210806144,nearest_neighbor_distance,persona
548,0.05831247049829234,0.03476603912270587,nearest_neighbor_distance,persona
549,0.05831247049829234,0.03526164137798807,nearest_neighbor_distance,persona
550,0.05831247049829234,0.03443694892136947,nearest_neighbor_distance,persona
551,0.05831247049829234,0.036314997984015426,nearest_neighbor_distance,persona
552,0.05831247049829234,0.037256191606106964,nearest_neighbor_distance,persona
553,0.05831247049829234,0.03286268918410591,nearest_neighbor_distance,persona
554,0.05831247049829234,0.03668889014617256,nearest_neighbor_distance,persona
555,0.05831247049829234,0.03363788646200429,nearest_neighbor_distance,persona
556,0.05831247049829234,0.03753907784171726,nearest_neighbor_distance,persona
557,0.05831247049829234,0.036948991858440895,nearest_neighbor_distance,persona
558,0.05831247049829234,0.03801187225010084,nearest_neighbor_distance,persona
559,0.05831247049829234,0.036098192567410675,nearest_neighbor_distance,persona
560,0.05831247049829234,0.03878954182500425,nearest_neighbor_distance,persona
561,0.05831247049829234,0.03357587430788123,nearest_neighbor_distance,persona
562,0.05831247049829234,0.034206470717554505,nearest_neighbor_distance,persona
563,0.05831247049829234,0.0361947572749594,nearest_neighbor_distance,persona
564,0.05831247049829234,0.03830312386803005,nearest_neighbor_distance,persona
565,0.05831247049829234,0.03742049828819607,nearest_neighbor_distance,persona
566,0.05831247049829234,0.0361163097879161,nearest_neighbor_distance,persona
567,0.05831247049829234,0.033051472643147346,nearest_neighbor_distance,persona
568,0.05831247049829234,0.03359687328338623,nearest_neighbor_distance,persona
569,0.05831247049829234,0.03238570690155029,nearest_neighbor_distance,persona
570,0.05831247049829234,0.0331359661143759,nearest_neighbor_distance,persona
571,0.05831247049829234,0.03608575592870298,nearest_neighbor_distance,persona
572,0.05831247049829234,0.03486937543620234,nearest_neighbor_distance,persona
573,0.05831247049829234,0.031547300193620766,nearest_neighbor_distance,persona
574,0.05831247049829234,0.036630112191905144,nearest_neighbor_distance,persona
575,0.05831247049829234,0.03696964098059613,nearest_neighbor_distance,persona
576,0.05831247049829234,0.03136380859043287,nearest_neighbor_distance,persona
577,0.05831247049829234,0.03512172336163728,nearest_neighbor_distance,persona
578,0.05831247049829234,0.035380342732305115,nearest_neighbor_distance,persona
579,0.05831247049829234,0.0358480137327443,nearest_neighbor_distance,persona
580,0.05831247049829234,0.035530025544373886,nearest_neighbor_distance,persona
581,0.05831247049829234,0.03572502343550972,nearest_neighbor_distance,persona
582,0.05831247049829234,0.02916203892749289,nearest_neighbor_distance,persona
583,0.05831247049829234,0.029272553713425346,nearest_neighbor_distance,persona
584,0.05831247049829234,0.03500573531441067,nearest_neighbor_distance,persona
585,0.05831247049829234,0.031322647695956024,nearest_neighbor_distance,persona
586,0.05831247049829234,0.030889938706937042,nearest_neighbor_distance,persona
587,0.05831247049829234,0.031018853187561035,nearest_neighbor_distance,persona
588,0.05831247049829234,0.0385977055715478,nearest_neighbor_distance,persona
589,0.05831247049829234,0.03496818957121476,nearest_neighbor_distance,persona
590,0.05831247049829234,0.03597776786140774,nearest_neighbor_distance,persona
591,0.05831247049829234,0.03455899072730023,nearest_neighbor_distance,persona
592,0.05831247049829234,0.034061183100161346,nearest_neighbor_distance,persona
593,0.05831247049829234,0.03483322133188662,nearest_neighbor_distance,persona
594,0.05831247049829234,0.033753874509230904,nearest_neighbor_distance,persona
595,0.05831247049829234,0.03249419772106668,nearest_neighbor_distance,persona
596,0.05831247049829234,0.03456331335979959,nearest_neighbor_distance,persona
597,0.05831247049829234,0.03680971653565117,nearest_neighbor_distance,persona
598,0.05831247049829234,0.033889529497727104,nearest_neighbor_distance,persona
599,0.05831247049829234,0.03499997439591781,nearest_neighbor_distance,persona
600,0.05831247049829234,0.035296274268108864,nearest_neighbor_distance,persona
601,0.05831247049829234,0.036196905633677605,nearest_neighbor_distance,persona
602,0.05831247049829234,0.028772447420203167,nearest_neighbor_distance,persona
603,0.05831247049829234,0.03399715216263481,nearest_neighbor_distance,persona
604,0.05831247049829234,0.03789655799451082,nearest_neighbor_distance,persona
605,0.05831247049829234,0.03678827700407609,nearest_neighbor_distance,persona
606,0.05831247049829234,0.035372731478317924,nearest_neighbor_distance,persona
607,0.05831247049829234,0.036731613718945046,nearest_neighbor_distance,persona
608,0.05831247049829234,0.0367691853772039,nearest_neighbor_distance,persona
609,0.05831247049829234,0.03446975479955259,nearest_neighbor_distance,persona
610,0.05831247049829234,0.034905783508134926,nearest_neighbor_distance,persona
611,0.05831247049829234,0.034222317778545876,nearest_neighbor_distance,persona
612,0.05831247049829234,0.034022385659425156,nearest_neighbor_distance,persona
613,0.05831247049829234,0.03812675890715226,nearest_neighbor_distance,persona
614,0.05831247049829234,0.035006663073664124,nearest_neighbor_distance,persona
615,0.05831247049829234,0.03356931779695594,nearest_neighbor_distance,persona
616,0.05831247049829234,0.03837213049764219,nearest_neighbor_distance,persona
617,0.05831247049829234,0.03756030227826989,nearest_neighbor_distance,persona
618,0.05831247049829234,0.030634561310643734,nearest_neighbor_distance,persona
619,0.05831247049829234,0.03235105587088544,nearest_neighbor_distance,persona
620,0.05831247049829234,0.036171169384666114,nearest_neighbor_distance,persona
621,0.05831247049829234,0.033681592215662415,nearest_neighbor_distance,persona
622,0.05831247049829234,0.03401756286621094,nearest_neighbor_distance,persona
623,0.05831247049829234,0.03581241680228192,nearest_neighbor_distance,persona
624,0.05831247049829234,0.03748402647350146,nearest_neighbor_distance,persona
625,0.05831247049829234,0.03215379818626072,nearest_neighbor_distance,persona
626,0.05831247049829234,0.036155861356984016,nearest_neighbor_distance,persona
627,0.05831247049829234,0.03214813833651335,nearest_neighbor_distance,persona
628,0.05831247049829234,0.036209303399790886,nearest_neighbor_distance,persona
629,0.05831247049829234,0.03126050855802453,nearest_neighbor_distance,persona
630,0.05831247049829234,0.033117574194203254,nearest_neighbor_distance,persona
631,0.05831247049829234,0.0339184222014054,nearest_neighbor_distance,persona
632,0.05831247049829234,0.03154519848201586,nearest_neighbor_distance,persona
633,0.05831247049829234,0.0352066677549611,nearest_neighbor_distance,persona
634,0.05831247049829234,0.03182322305181752,nearest_neighbor_distance,persona
635,0.05831247049829234,0.03881280059399812,nearest_neighbor_distance,persona
636,0.05831247049829234,0.03255641201268072,nearest_neighbor_distance,persona
637,0.05831247049829234,0.0306848028431768,nearest_neighbor_distance,persona
638,0.05831247049829234,0.03523285492606785,nearest_neighbor_distance,persona
639,0.05831247049829234,0.03187829256057739,nearest_neighbor_distance,persona
640,0.05831247049829234,0.030529869639355202,nearest_neighbor_distance,persona
641,0.05831247049829234,0.0360919651777848,nearest_neighbor_distance,persona
642,0.05831247049829234,0.0375633602556975,nearest_neighbor_distance,persona
643,0.05831247049829234,0.031891734703727394,nearest_neighbor_distance,persona
644,0.05831247049829234,0.03787560566611912,nearest_neighbor_distance,persona
645,0.05831247049829234,0.0371851428695347,nearest_neighbor_distance,persona
646,0.05831247049829234,0.03236789807029392,nearest_neighbor_distance,persona
647,0.05831247049829234,0.03713947793711787,nearest_neighbor_distance,persona
648,0.05831247049829234,0.03955072423686152,nearest_neighbor_distance,persona
649,0.05831247049829234,0.03470046623893406,nearest_neighbor_distance,persona
650,0.05831247049829234,0.029056380624356476,nearest_neighbor_distance,persona
651,0.05831247049829234,0.03770677939705227,nearest_neighbor_distance,persona
652,0.05831247049829234,0.0317381387171538,nearest_neighbor_distance,persona
653,0.05831247049829234,0.03564171428265779,nearest_neighbor_distance,persona
654,0.05831247049829234,0.037162889604983124,nearest_neighbor_distance,persona
655,0.05831247049829234,0.03366458156834478,nearest_neighbor_distance,persona
656,0.05831247049829234,0.034346761910811714,nearest_neighbor_distance,persona
657,0.05831247049829234,0.034417033195495605,nearest_neighbor_distance,persona
658,0.05831247049829234,0.0393596861673438,nearest_neighbor_distance,persona
659,0.05831247049829234,0.03581625741461049,nearest_neighbor_distance,persona
660,0.05831247049829234,0.03790554533834043,nearest_neighbor_distance,persona
661,0.05831247049829234,0.03560556017834207,nearest_neighbor_distance,persona
662,0.05831247049829234,0.03361226683077605,nearest_neighbor_distance,persona
663,0.05831247049829234,0.037498432656993035,nearest_neighbor_distance,persona
664,0.05831247049829234,0.038909785125566566,nearest_neighbor_distance,persona
665,0.05831247049829234,0.03239914645319399,nearest_neighbor_distance,persona
666,0.05831247049829234,0.03567286937133125,nearest_neighbor_distance,persona
667,0.05831247049829234,0.03681116777917613,nearest_neighbor_distance,persona
668,0.05831247049829234,0.03580221145049385,nearest_neighbor_distance,persona
669,0.05831247049829234,0.03598253104997718,nearest_neighbor_distance,persona
670,0.05831247049829234,0.03473591286203136,nearest_neighbor_distance,persona
671,0.05831247049829234,0.036904135475987976,nearest_neighbor_distance,persona
672,0.05831247049829234,0.033783617226973824,nearest_neighbor_distance,persona
673,0.05831247049829234,0.03734048553135084,nearest_neighbor_distance,persona
674,0.05831247049829234,0.038718723732492195,nearest_neighbor_distance,persona
675,0.05831247049829234,0.032433883003566574,nearest_neighbor_distance,persona
676,0.05831247049829234,0.03424581496611885,nearest_neighbor_distance,persona
677,0.05831247049829234,0.035972779211790665,nearest_neighbor_distance,persona
678,0.05831247049829234,0.03438478708267212,nearest_neighbor_distance,persona
679,0.05831247049829234,0.03705359023550282,nearest_neighbor_distance,persona
680,0.05831247049829234,0.034242593723794686,nearest_neighbor_distance,persona
681,0.05831247049829234,0.03729812995247219,nearest_neighbor_distance,persona
682,0.05831247049829234,0.03468366550362628,nearest_neighbor_distance,persona
683,0.05831247049829234,0.03503101027530173,nearest_neighbor_distance,persona
684,0.05831247049829234,0.032013999379199486,nearest_neighbor_distance,persona
685,0.05831247049829234,0.03472605477208677,nearest_neighbor_distance,persona
686,0.05831247049829234,0.03232816509578539,nearest_neighbor_distance,persona
687,0.05831247049829234,0.036006453244582466,nearest_neighbor_distance,persona
688,0.05831247049829234,0.033970366353574005,nearest_neighbor_distance,persona
689,0.05831247049829234,0.031654342361118484,nearest_neighbor_distance,persona
690,0.05831247049829234,0.03300411804862644,nearest_neighbor_distance,persona
691,0.05831247049829234,0.037456699039625084,nearest_neighbor_distance,persona
692,0.05831247049829234,0.03819186791129734,nearest_neighbor_distance,persona
693,0.05831247049829234,0.03765156735544619,nearest_neighbor_distance,persona
694,0.05831247049829234,0.033293413079303245,nearest_neighbor_distance,persona
695,0.05831247049829234,0.033717966598013176,nearest_neighbor_distance,persona
696,0.05831247049829234,0.03348936723626178,nearest_neighbor_distance,persona
697,0.05831247049829234,0.035996317863464355,nearest_neighbor_distance,persona
698,0.05831247049829234,0.03441083690394526,nearest_neighbor_distance,persona
699,0.05831247049829234,0.03408252415449723,nearest_neighbor_distance,persona
700,0.05831247049829234,0.03413440870202106,nearest_neighbor_distance,persona
701,0.05831247049829234,0.035243801448656166,nearest_neighbor_distance,persona
702,0.05831247049829234,0.03565937539805537,nearest_neighbor_distance,persona
703,0.05831247049829234,0.036262185677238136,nearest_neighbor_distance,persona
704,0.05831247049829234,0.03568277929140174,nearest_neighbor_distance,persona
705,0.05831247049829234,0.03462544990622479,nearest_neighbor_distance,persona
706,0.05831247049829234,0.03467845916748047,nearest_neighbor_distance,persona
707,0.05831247049829234,0.0370041442954022,nearest_neighbor_distance,persona
708,0.05831247049829234,0.03543771349865457,nearest_neighbor_distance,persona
709,0.05831247049829234,0.03485839781553849,nearest_neighbor_distance,persona
710,0.05831247049829234,0.037743962329366935,nearest_neighbor_distance,persona
711,0.05831247049829234,0.035076384959013565,nearest_neighbor_distance,persona
712,0.05831247049829234,0.03529254768205726,nearest_neighbor_distance,persona
713,0.05831247049829234,0.035204796687416405,nearest_neighbor_distance,persona
714,0.05831247049829234,0.03669366629227348,nearest_neighbor_distance,persona
715,0.05831247049829234,0.03790692401968915,nearest_neighbor_distance,persona
716,0.05831247049829234,0.03515366367671801,nearest_neighbor_distance,persona
717,0.05831247049829234,0.03911221286524897,nearest_neighbor_distance,persona
718,0.05831247049829234,0.03301664539005445,nearest_neighbor_distance,persona
719,0.05831247049829234,0.032582029052402664,nearest_neighbor_distance,persona
720,0.05831247049829234,0.0345892828443776,nearest_neighbor_distance,persona
721,0.05831247049829234,0.03225239463474439,nearest_neighbor_distance,persona
722,0.05831247049829234,0.03612913256106169,nearest_neighbor_distance,persona
723,0.05831247049829234,0.03151414705359418,nearest_neighbor_distance,persona
724,0.05831247049829234,0.03606384992599487,nearest_neighbor_distance,persona
725,0.05831247049829234,0.033375703770181404,nearest_neighbor_distance,persona
726,0.05831247049829234,0.033822002618209175,nearest_neighbor_distance,persona
727,0.05831247049829234,0.031004180078921112,nearest_neighbor_distance,persona
728,0.05831247049829234,0.03597758386446082,nearest_neighbor_distance,persona
729,0.05831247049829234,0.033967935520669686,nearest_neighbor_distance,persona
730,0.05831247049829234,0.032764333745707634,nearest_neighbor_distance,persona
731,0.05831247049829234,0.03315311929453974,nearest_neighbor_distance,persona
732,0.05831247049829234,0.03199922261030778,nearest_neighbor_distance,persona
733,0.05831247049829234,0.03899900550427644,nearest_neighbor_distance,persona
734,0.05831247049829234,0.03227395596711532,nearest_neighbor_distance,persona
735,0.05831247049829234,0.036555756693300995,nearest_neighbor_distance,persona
736,0.05831247049829234,0.035264738228010094,nearest_neighbor_distance,persona
737,0.05831247049829234,0.03501832226048345,nearest_neighbor_distance,persona
738,0.05831247049829234,0.03383215873137764,nearest_neighbor_distance,persona
739,0.05831247049829234,0.03464445342188296,nearest_neighbor_distance,persona
740,0.05831247049829234,0.03278189120085343,nearest_neighbor_distance,persona
741,0.05831247049829234,0.03555955575860065,nearest_neighbor_distance,persona
742,0.05831247049829234,0.03800896458003832,nearest_neighbor_distance,persona
743,0.05831247049829234,0.03235068269397901,nearest_neighbor_distance,persona
744,0.05831247049829234,0.04239264001017031,nearest_neighbor_distance,persona
745,0.05831247049829234,0.03127479553222656,nearest_neighbor_distance,persona
746,0.05831247049829234,0.03292268255482549,nearest_neighbor_distance,persona
747,0.05831247049829234,0.03171090716901033,nearest_neighbor_distance,persona
748,0.05831247049829234,0.03458193592403246,nearest_neighbor_distance,persona
749,0.05831247049829234,0.03281789240629777,nearest_neighbor_distance,persona
750,0.05831247049829234,0.035641304824663246,nearest_neighbor_distance,persona
751,0.05831247049829234,0.0333974724230559,nearest_neighbor_distance,persona
752,0.05831247049829234,0.03248699333356774,nearest_neighbor_distance,persona
753,0.05831247049829234,0.0332698977511862,nearest_neighbor_distance,persona
754,0.05831247049829234,0.040634440339129906,nearest_neighbor_distance,persona
755,0.05831247049829234,0.0328233293865038,nearest_neighbor_distance,persona
756,0.05831247049829234,0.033173885034478226,nearest_neighbor_distance,persona
757,0.05831247049829234,0.033032606477322785,nearest_neighbor_distance,persona
758,0.05831247049829234,0.04032501967056938,nearest_neighbor_distance,persona
759,0.05831247049829234,0.03305022094560706,nearest_neighbor_distance,persona
760,0.05831247049829234,0.03489507022111312,nearest_neighbor_distance,persona
761,0.05831247049829234,0.03289810470912768,nearest_neighbor_distance,persona
762,0.05831247049829234,0.03468441444894542,nearest_neighbor_distance,persona
763,0.05831247049829234,0.03608601767083873,nearest_neighbor_distance,persona
764,0.05831247049829234,0.036395570506220276,nearest_neighbor_distance,persona
765,0.05831247049829234,0.03429123629694399,nearest_neighbor_distance,persona
766,0.05831247049829234,0.03742370398148247,nearest_neighbor_distance,persona
767,0.05831247049829234,0.03919468755307405,nearest_neighbor_distance,persona
768,0.05831247049829234,0.0325637874395951,nearest_neighbor_distance,persona
769,0.05831247049829234,0.03164479006891665,nearest_neighbor_distance,persona
770,0.05831247049829234,0.03619585348212201,nearest_neighbor_distance,persona
771,0.05831247049829234,0.03589855069699495,nearest_neighbor_distance,persona
772,0.05831247049829234,0.03212848694428154,nearest_neighbor_distance,persona
773,0.05831247049829234,0.03626121904539025,nearest_neighbor_distance,persona
774,0.05831247049829234,0.039163804572561516,nearest_neighbor_distance,persona
775,0.05831247049829234,0.03614302044329436,nearest_neighbor_distance,persona
776,0.05831247049829234,0.03530431571214095,nearest_neighbor_distance,persona
777,0.05831247049829234,0.038333156834477966,nearest_neighbor_distance,persona
778,0.05831247049829234,0.03757631778717041,nearest_neighbor_distance,persona
779,0.05831247049829234,0.03502422052880992,nearest_neighbor_distance,persona
780,0.05831247049829234,0.0335407308910204,nearest_neighbor_distance,persona
781,0.05831247049829234,0.035918456056843635,nearest_neighbor_distance,persona
782,0.05831247049829234,0.034901095473248024,nearest_neighbor_distance,persona
783,0.05831247049829234,0.03930370444836824,nearest_neighbor_distance,persona
784,0.05831247049829234,0.037107908207437264,nearest_neighbor_distance,persona
785,0.05831247049829234,0.03589199677757595,nearest_neighbor_distance,persona
786,0.05831247049829234,0.039293102596117103,nearest_neighbor_distance,persona
787,0.05831247049829234,0.03815195353134819,nearest_neighbor_distance,persona
788,0.05831247049829234,0.03435677549113398,nearest_neighbor_distance,persona
789,0.05831247049829234,0.033999502658843994,nearest_neighbor_distance,persona
790,0.05831247049829234,0.031481841336125915,nearest_neighbor_distance,persona
791,0.05831247049829234,0.033655855966650924,nearest_neighbor_distance,persona
792,0.05831247049829234,0.032613438108693,nearest_neighbor_distance,persona
793,0.05831247049829234,0.03645012430522753,nearest_neighbor_distance,persona
794,0.05831247049829234,0.036863355532936425,nearest_neighbor_distance,persona
795,0.05831247049829234,0.032818190429521645,nearest_neighbor_distance,persona
796,0.05831247049829234,0.035108009110326355,nearest_neighbor_distance,persona
797,0.05831247049829234,0.03437217940454897,nearest_neighbor_distance,persona
798,0.05831247049829234,0.03393602112065191,nearest_neighbor_distance,persona
799,0.05831247049829234,0.03252187759979912,nearest_neighbor_distance,persona
800,0.05831247049829234,0.03415446696074113,nearest_neighbor_distance,persona
801,0.05831247049829234,0.03318917751312256,nearest_neighbor_distance,persona
802,0.05831247049829234,0.03247843099677045,nearest_neighbor_distance,persona
803,0.05831247049829234,0.03638475615045299,nearest_neighbor_distance,persona
804,0.05831247049829234,0.035747784635295037,nearest_neighbor_distance,persona
805,0.05831247049829234,0.033822002618209175,nearest_neighbor_distance,persona
806,0.05831247049829234,0.03648300792859948,nearest_neighbor_distance,persona
807,0.05831247049829234,0.0333174959472988,nearest_neighbor_distance,persona
808,0.05831247049829234,0.03573446429294089,nearest_neighbor_distance,persona
809,0.05831247049829234,0.03700650774914285,nearest_neighbor_distance,persona
810,0.05831247049829234,0.03389068790104078,nearest_neighbor_distance,persona
811,0.05831247049829234,0.037576240041981575,nearest_neighbor_distance,persona
812,0.05831247049829234,0.036300599575042725,nearest_neighbor_distance,persona
813,0.05831247049829234,0.031668313171552574,nearest_neighbor_distance,persona
814,0.05831247049829234,0.03501947029777195,nearest_neighbor_distance,persona
815,0.05831247049829234,0.03477953050447547,nearest_neighbor_distance,persona
816,0.05831247049829234,0.03296511328738669,nearest_neighbor_distance,persona
817,0.05831247049829234,0.032923921294834305,nearest_neighbor_distance,persona
818,0.05831247049829234,0.03307086229324341,nearest_neighbor_distance,persona
819,0.05831247049829234,0.03323342748310255,nearest_neighbor_distance,persona
820,0.05831247049829234,0.03788758619971897,nearest_neighbor_distance,persona
821,0.05831247049829234,0.0358219924180404,nearest_neighbor_distance,persona
822,0.05831247049829234,0.02964808629906696,nearest_neighbor_distance,persona
823,0.05831247049829234,0.041042040223660675,nearest_neighbor_distance,persona
824,0.05831247049829234,0.03509442961734274,nearest_neighbor_distance,persona
825,0.05831247049829234,0.03410451826841935,nearest_neighbor_distance,persona
826,0.05831247049829234,0.03931476758873981,nearest_neighbor_distance,persona
827,0.05831247049829234,0.034301711165386696,nearest_neighbor_distance,persona
828,0.05831247049829234,0.033360758553380554,nearest_neighbor_distance,persona
829,0.05831247049829234,0.037278304929318634,nearest_neighbor_distance,persona
830,0.05831247049829234,0.032927627148835556,nearest_neighbor_distance,persona
831,0.05831247049829234,0.03335711230402407,nearest_neighbor_distance,persona
832,0.05831247049829234,0.03390453691067903,nearest_neighbor_distance,persona
833,0.05831247049829234,0.03619742652644282,nearest_neighbor_distance,persona
834,0.05831247049829234,0.03748412495074065,nearest_neighbor_distance,persona
835,0.05831247049829234,0.034338233263596245,nearest_neighbor_distance,persona
836,0.05831247049829234,0.03457173575525698,nearest_neighbor_distance,persona
837,0.05831247049829234,0.03651357992835667,nearest_neighbor_distance,persona
838,0.05831247049829234,0.03292697149774303,nearest_neighbor_distance,persona
839,0.05831247049829234,0.033856594044229256,nearest_neighbor_distance,persona
840,0.05831247049829234,0.03280199092367421,nearest_neighbor_distance,persona
841,0.05831247049829234,0.034710643084152885,nearest_neighbor_distance,persona
842,0.05831247049829234,0.034091192743052605,nearest_neighbor_distance,persona
843,0.05831247049829234,0.0341654342153798,nearest_neighbor_distance,persona
844,0.05831247049829234,0.03117628460345061,nearest_neighbor_distance,persona
845,0.05831247049829234,0.03829948798469875,nearest_neighbor_distance,persona
846,0.05831247049829234,0.03442795121151468,nearest_neighbor_distance,persona
847,0.05831247049829234,0.03576323519582334,nearest_neighbor_distance,persona
848,0.05831247049829234,0.03654199320337047,nearest_neighbor_distance,persona
849,0.05831247049829234,0.03532397228738536,nearest_neighbor_distance,persona
850,0.05831247049829234,0.033703080985857094,nearest_neighbor_distance,persona
851,0.05831247049829234,0.03462030317472375,nearest_neighbor_distance,persona
852,0.05831247049829234,0.035048241200654404,nearest_neighbor_distance,persona
853,0.05831247049829234,0.032889524231786316,nearest_neighbor_distance,persona
854,0.05831247049829234,0.03773734362229057,nearest_neighbor_distance,persona
855,0.05831247049829234,0.03526585516722306,nearest_neighbor_distance,persona
856,0.05831247049829234,0.035137057304382324,nearest_neighbor_distance,persona
857,0.05831247049829234,0.03981418454128763,nearest_neighbor_distance,persona
858,0.05831247049829234,0.032509479833685836,nearest_neighbor_distance,persona
859,0.05831247049829234,0.035211495731187904,nearest_neighbor_distance,persona
860,0.05831247049829234,0.03844797870387202,nearest_neighbor_distance,persona
861,0.05831247049829234,0.03379143320995828,nearest_neighbor_distance,persona
862,0.05831247049829234,0.03188220314357592,nearest_neighbor_distance,persona
863,0.05831247049829234,0.035246805004451584,nearest_neighbor_distance,persona
864,0.05831247049829234,0.030732323294100555,nearest_neighbor_distance,persona
865,0.05831247049829234,0.033016528772271195,nearest_neighbor_distance,persona
866,0.05831247049829234,0.034055271874303406,nearest_neighbor_distance,persona
867,0.05831247049829234,0.03067610574805218,nearest_neighbor_distance,persona
868,0.05831247049829234,0.03237453491791435,nearest_neighbor_distance,persona
869,0.05831247049829234,0.031660766705222755,nearest_neighbor_distance,persona
870,0.05831247049829234,0.035985570886860725,nearest_neighbor_distance,persona
871,0.05831247049829234,0.03390502411386241,nearest_neighbor_distance,persona
872,0.05831247049829234,0.03910684585571289,nearest_neighbor_distance,persona
873,0.05831247049829234,0.037236239599144974,nearest_neighbor_distance,persona
874,0.05831247049829234,0.03628428604291833,nearest_neighbor_distance,persona
875,0.05831247049829234,0.03274561529574187,nearest_neighbor_distance,persona
876,0.05831247049829234,0.03496330976486206,nearest_neighbor_distance,persona
877,0.05831247049829234,0.03152634527372277,nearest_neighbor_distance,persona
878,0.05831247049829234,0.03305985357450402,nearest_neighbor_distance,persona
879,0.05831247049829234,0.03532392823177835,nearest_neighbor_distance,persona
880,0.05831247049829234,0.03489164424979169,nearest_neighbor_distance,persona
881,0.05831247049829234,0.037356436252593994,nearest_neighbor_distance,persona
882,0.05831247049829234,0.03240415065184883,nearest_neighbor_distance,persona
883,0.05831247049829234,0.03501464491305144,nearest_neighbor_distance,persona
884,0.05831247049829234,0.0379793177480283,nearest_neighbor_distance,persona
885,0.05831247049829234,0.03641682344934215,nearest_neighbor_distance,persona
886,0.05831247049829234,0.0364404761272928,nearest_neighbor_distance,persona
887,0.05831247049829234,0.03588600521502287,nearest_neighbor_distance,persona
888,0.05831247049829234,0.03300499656926031,nearest_neighbor_distance,persona
889,0.05831247049829234,0.034218106580817184,nearest_neighbor_distance,persona
890,0.05831247049829234,0.03458652548168017,nearest_neighbor_distance,persona
891,0.05831247049829234,0.039367341476937996,nearest_neighbor_distance,persona
892,0.05831247049829234,0.03654861709345942,nearest_neighbor_distance,persona
893,0.05831247049829234,0.03250084752621858,nearest_neighbor_distance,persona
894,0.05831247049829234,0.035696921141251274,nearest_neighbor_distance,persona
895,0.05831247049829234,0.03335743883381719,nearest_neighbor_distance,persona
896,0.05831247049829234,0.03089957911035289,nearest_neighbor_distance,persona
897,0.05831247049829234,0.031012472899063774,nearest_neighbor_distance,persona
898,0.05831247049829234,0.038065845551698105,nearest_neighbor_distance,persona
899,0.05831247049829234,0.03771950887597125,nearest_neighbor_distance,persona
900,0.05831247049829234,0.03577485291854195,nearest_neighbor_distance,persona
901,0.05831247049829234,0.031593213910641876,nearest_neighbor_distance,persona
902,0.05831247049829234,0.03241246938705444,nearest_neighbor_distance,persona
903,0.05831247049829234,0.03508523754451586,nearest_neighbor_distance,persona
904,0.05831247049829234,0.033418989699819816,nearest_neighbor_distance,persona
905,0.05831247049829234,0.035359247871067215,nearest_neighbor_distance,persona
906,0.05831247049829234,0.03362801282302193,nearest_neighbor_distance,persona
907,0.05831247049829234,0.037974399069081184,nearest_neighbor_distance,persona
908,0.05831247049829234,0.03565486617710279,nearest_neighbor_distance,persona
909,0.05831247049829234,0.0360464712847834,nearest_neighbor_distance,persona
910,0.05831247049829234,0.03382309882537178,nearest_neighbor_distance,persona
911,0.05831247049829234,0.03851300737132197,nearest_neighbor_distance,persona
912,0.05831247049829234,0.03164244734722635,nearest_neighbor_distance,persona
913,0.05831247049829234,0.036954602469568665,nearest_neighbor_distance,persona
914,0.05831247049829234,0.02999964485997739,nearest_neighbor_distance,persona
915,0.05831247049829234,0.036255079766978386,nearest_neighbor_distance,persona
916,0.05831247049829234,0.031863606494406,nearest_neighbor_distance,persona
917,0.05831247049829234,0.03707683863847152,nearest_neighbor_distance,persona
918,0.05831247049829234,0.030077677706013554,nearest_neighbor_distance,persona
919,0.05831247049829234,0.03580118780550749,nearest_neighbor_distance,persona
920,0.05831247049829234,0.0347492850345114,nearest_neighbor_distance,persona
921,0.05831247049829234,0.040796355060909104,nearest_neighbor_distance,persona
922,0.05831247049829234,0.035454781159110695,nearest_neighbor_distance,persona
923,0.05831247049829234,0.03539852992348049,nearest_neighbor_distance,persona
924,0.05831247049829234,0.03759513989738796,nearest_neighbor_distance,persona
925,0.05831247049829234,0.033395938251329506,nearest_neighbor_distance,persona
926,0.05831247049829234,0.035281417162522026,nearest_neighbor_distance,persona
927,0.05831247049829234,0.03747142916140349,nearest_neighbor_distance,persona
928,0.05831247049829234,0.036740554415661354,nearest_neighbor_distance,persona
929,0.05831247049829234,0.0353607820427936,nearest_neighbor_distance,persona
930,0.05831247049829234,0.03357550113097481,nearest_neighbor_distance,persona
931,0.05831247049829234,0.03938325073408044,nearest_neighbor_distance,persona
932,0.05831247049829234,0.03582958553148353,nearest_neighbor_distance,persona
933,0.05831247049829234,0.033746263255243714,nearest_neighbor_distance,persona
934,0.05831247049829234,0.033198942308840546,nearest_neighbor_distance,persona
935,0.05831247049829234,0.03128461215807044,nearest_neighbor_distance,persona
936,0.05831247049829234,0.035715885784315025,nearest_neighbor_distance,persona
937,0.05831247049829234,0.03621774393579234,nearest_neighbor_distance,persona
938,0.05831247049829234,0.03796244704205057,nearest_neighbor_distance,persona
939,0.05831247049829234,0.029918587726095448,nearest_neighbor_distance,persona
940,0.05831247049829234,0.03701024470121964,nearest_neighbor_distance,persona
941,0.05831247049829234,0.037382317625957985,nearest_neighbor_distance,persona
942,0.05831247049829234,0.03776513493579367,nearest_neighbor_distance,persona
943,0.05831247049829234,0.03651413191919741,nearest_neighbor_distance,persona
944,0.05831247049829234,0.035244332707446556,nearest_neighbor_distance,persona
945,0.05831247049829234,0.03054350873698359,nearest_neighbor_distance,persona
946,0.05831247049829234,0.036411342413529106,nearest_neighbor_distance,persona
947,0.05831247049829234,0.03707178260969079,nearest_neighbor_distance,persona
948,0.05831247049829234,0.03431802728901739,nearest_neighbor_distance,persona
949,0.05831247049829234,0.03992986938227778,nearest_neighbor_distance,persona
950,0.05831247049829234,0.03374910354614258,nearest_neighbor_distance,persona
951,0.05831247049829234,0.034152753975080406,nearest_neighbor_distance,persona
952,0.05831247049829234,0.03434208683345629,nearest_neighbor_distance,persona
953,0.05831247049829234,0.03349617771480395,nearest_neighbor_distance,persona
954,0.05831247049829234,0.03405122394147127,nearest_neighbor_distance,persona
955,0.05831247049829234,0.03199752776519112,nearest_neighbor_distance,persona
956,0.05831247049829234,0.03470878238263338,nearest_neighbor_distance,persona
957,0.05831247049829234,0.042381615742393165,nearest_neighbor_distance,persona
958,0.05831247049829234,0.035571321197178055,nearest_neighbor_distance,persona
959,0.05831247049829234,0.03590265823447186,nearest_neighbor_distance,persona
960,0.05831247049829234,0.040983866090359894,nearest_neighbor_distance,persona
961,0.05831247049829234,0.03446039427881655,nearest_neighbor_distance,persona
962,0.05831247049829234,0.032776944015337074,nearest_neighbor_distance,persona
963,0.05831247049829234,0.03372793353122214,nearest_neighbor_distance,persona
964,0.05831247049829234,0.03310445080632749,nearest_neighbor_distance,persona
965,0.05831247049829234,0.033749481906061585,nearest_neighbor_distance,persona
966,0.05831247049829234,0.032316669173862625,nearest_neighbor_distance,persona
967,0.05831247049829234,0.037523039009260094,nearest_neighbor_distance,persona
968,0.05831247049829234,0.033513258332791535,nearest_neighbor_distance,persona
969,0.05831247049829234,0.03708386421203613,nearest_neighbor_distance,persona
970,0.05831247049829234,0.03276215947192648,nearest_neighbor_distance,persona
971,0.05831247049829234,0.03555939508521039,nearest_neighbor_distance,persona
972,0.05831247049829234,0.03208343360735023,nearest_neighbor_distance,persona
973,0.05831247049829234,0.03216816290565159,nearest_neighbor_distance,persona
974,0.05831247049829234,0.03954325292421424,nearest_neighbor_distance,persona
975,0.05831247049829234,0.03466302674749623,nearest_neighbor_distance,persona
976,0.05831247049829234,0.03226466023403665,nearest_neighbor_distance,persona
977,0.05831247049829234,0.03331201750299205,nearest_neighbor_distance,persona
978,0.05831247049829234,0.033393230127251664,nearest_neighbor_distance,persona
979,0.05831247049829234,0.032949258451876434,nearest_neighbor_distance,persona
980,0.05831247049829234,0.03278786980587503,nearest_neighbor_distance,persona
981,0.05831247049829234,0.036733699881512184,nearest_neighbor_distance,persona
982,0.05831247049829234,0.03738582652548085,nearest_neighbor_distance,persona
983,0.05831247049829234,0.03268987976986429,nearest_neighbor_distance,persona
984,0.05831247049829234,0.03337784953739332,nearest_neighbor_distance,persona
985,0.05831247049829234,0.03843730169793834,nearest_neighbor_distance,persona
986,0.05831247049829234,0.037796774636144226,nearest_neighbor_distance,persona
987,0.05831247049829234,0.03620442359343819,nearest_neighbor_distance,persona
988,0.05831247049829234,0.036794517351233444,nearest_neighbor_distance,persona
989,0.05831247049829234,0.035451694675113846,nearest_neighbor_distance,persona
990,0.05831247049829234,0.03304663689240166,nearest_neighbor_distance,persona
991,0.05831247049829234,0.03440601151922475,nearest_neighbor_distance,persona
992,0.05831247049829234,0.03240174314250117,nearest_neighbor_distance,persona
993,0.05831247049829234,0.03321919233902641,nearest_neighbor_distance,persona
994,0.05831247049829234,0.03557833899622378,nearest_neighbor_distance,persona
995,0.05831247049829234,0.032458209473153816,nearest_neighbor_distance,persona
996,0.05831247049829234,0.03264817206755928,nearest_neighbor_distance,persona
997,0.05831247049829234,0.03519163442694623,nearest_neighbor_distance,persona
998,0.05831247049829234,0.03621348609095034,nearest_neighbor_distance,persona
999,0.05831247049829234,0.03514980751535167,nearest_neighbor_distance,persona
0,4.349648912578752,3.9690016298759923,grid_entropy,persona
1,4.349648912578752,4.2626923908396215,grid_entropy,persona
2,4.349648912578752,4.00182282562223,grid_entropy,persona
3,4.349648912578752,4.349648912578752,grid_entropy,persona
4,4.349648912578752,4.00182282562223,grid_entropy,persona
5,4.349648912578752,4.262692390839622,grid_entropy,persona
6,4.349648912578752,4.262692390839622,grid_entropy,persona
7,4.349648912578752,4.088779347361361,grid_entropy,persona
8,4.349648912578752,4.088779347361362,grid_entropy,persona
9,4.349648912578752,3.8492239123906247,grid_entropy,persona
10,4.349648912578752,3.8820451081368623,grid_entropy,persona
11,4.349648912578752,4.0559581516151235,grid_entropy,persona
12,4.349648912578752,4.088779347361362,grid_entropy,persona
13,4.349648912578752,4.088779347361361,grid_entropy,persona
14,4.349648912578752,3.969001629875993,grid_entropy,persona
15,4.349648912578752,4.1757358691004915,grid_entropy,persona
16,4.349648912578752,4.229871195093383,grid_entropy,persona
17,4.349648912578752,4.0559581516151235,grid_entropy,persona
18,4.349648912578752,4.1429146733542535,grid_entropy,persona
19,4.349648912578752,4.436605434317882,grid_entropy,persona
20,4.349648912578752,4.349648912578752,grid_entropy,persona
21,4.349648912578752,3.936180434129755,grid_entropy,persona
22,4.349648912578752,4.0559581516151235,grid_entropy,persona
23,4.349648912578752,4.1757358691004915,grid_entropy,persona
24,4.349648912578752,3.969001629875993,grid_entropy,persona
25,4.349648912578752,4.088779347361361,grid_entropy,persona
26,4.349648912578752,4.088779347361361,grid_entropy,persona
27,4.349648912578752,4.00182282562223,grid_entropy,persona
28,4.349648912578752,4.088779347361361,grid_entropy,persona
29,4.349648912578752,4.349648912578752,grid_entropy,persona
30,4.349648912578752,4.2626923908396215,grid_entropy,persona
31,4.349648912578752,4.088779347361361,grid_entropy,persona
32,4.349648912578752,4.2626923908396215,grid_entropy,persona
33,4.349648912578752,4.0559581516151235,grid_entropy,persona
34,4.349648912578752,4.2626923908396215,grid_entropy,persona
35,4.349648912578752,4.1757358691004915,grid_entropy,persona
36,4.349648912578752,4.2626923908396215,grid_entropy,persona
37,4.349648912578752,4.0559581516151235,grid_entropy,persona
38,4.349648912578752,4.1757358691004915,grid_entropy,persona
39,4.349648912578752,4.1757358691004915,grid_entropy,persona
40,4.349648912578752,4.1429146733542535,grid_entropy,persona
41,4.349648912578752,4.1757358691004915,grid_entropy,persona
42,4.349648912578752,4.349648912578752,grid_entropy,persona
43,4.349648912578752,4.349648912578752,grid_entropy,persona
44,4.349648912578752,4.00182282562223,grid_entropy,persona
45,4.349648912578752,4.1757358691004915,grid_entropy,persona
46,4.349648912578752,4.1757358691004915,grid_entropy,persona
47,4.349648912578752,4.349648912578752,grid_entropy,persona
48,4.349648912578752,4.2626923908396215,grid_entropy,persona
49,4.349648912578752,4.2626923908396215,grid_entropy,persona
50,4.349648912578752,3.8820451081368623,grid_entropy,persona
51,4.349648912578752,4.349648912578752,grid_entropy,persona
52,4.349648912578752,4.1757358691004915,grid_entropy,persona
53,4.349648912578752,4.1757358691004915,grid_entropy,persona
54,4.349648912578752,4.1757358691004915,grid_entropy,persona
55,4.349648912578752,4.1429146733542535,grid_entropy,persona
56,4.349648912578752,4.349648912578752,grid_entropy,persona
57,4.349648912578752,4.262692390839622,grid_entropy,persona
58,4.349648912578752,3.969001629875993,grid_entropy,persona
59,4.349648912578752,4.2626923908396215,grid_entropy,persona
60,4.349648912578752,4.349648912578752,grid_entropy,persona
61,4.349648912578752,4.349648912578752,grid_entropy,persona
62,4.349648912578752,4.1757358691004915,grid_entropy,persona
63,4.349648912578752,4.349648912578752,grid_entropy,persona
64,4.349648912578752,4.349648912578752,grid_entropy,persona
65,4.349648912578752,4.1757358691004915,grid_entropy,persona
66,4.349648912578752,3.969001629875993,grid_entropy,persona
67,4.349648912578752,4.1757358691004915,grid_entropy,persona
68,4.349648912578752,4.1757358691004915,grid_entropy,persona
69,4.349648912578752,4.349648912578752,grid_entropy,persona
70,4.349648912578752,4.1429146733542535,grid_entropy,persona
71,4.349648912578752,4.1429146733542535,grid_entropy,persona
72,4.349648912578752,4.2626923908396215,grid_entropy,persona
73,4.349648912578752,3.882045108136862,grid_entropy,persona
74,4.349648912578752,3.9690016298759927,grid_entropy,persona
75,4.349648912578752,4.349648912578752,grid_entropy,persona
76,4.349648912578752,4.1757358691004915,grid_entropy,persona
77,4.349648912578752,4.055958151615123,grid_entropy,persona
78,4.349648912578752,4.1757358691004915,grid_entropy,persona
79,4.349648912578752,4.2626923908396215,grid_entropy,persona
80,4.349648912578752,4.1429146733542535,grid_entropy,persona
81,4.349648912578752,4.436605434317882,grid_entropy,persona
82,4.349648912578752,4.2626923908396215,grid_entropy,persona
83,4.349648912578752,4.1429146733542535,grid_entropy,persona
84,4.349648912578752,3.9690016298759923,grid_entropy,persona
85,4.349648912578752,4.2626923908396215,grid_entropy,persona
86,4.349648912578752,4.1757358691004915,grid_entropy,persona
87,4.349648912578752,4.2626923908396215,grid_entropy,persona
88,4.349648912578752,3.969001629875993,grid_entropy,persona
89,4.349648912578752,4.2626923908396215,grid_entropy,persona
90,4.349648912578752,4.088779347361361,grid_entropy,persona
91,4.349648912578752,4.055958151615123,grid_entropy,persona
92,4.349648912578752,4.1757358691004915,grid_entropy,persona
93,4.349648912578752,4.1757358691004915,grid_entropy,persona
94,4.349648912578752,4.00182282562223,grid_entropy,persona
95,4.349648912578752,4.1429146733542535,grid_entropy,persona
96,4.349648912578752,4.1757358691004915,grid_entropy,persona
97,4.349648912578752,3.969001629875993,grid_entropy,persona
98,4.349648912578752,4.1429146733542535,grid_entropy,persona
99,4.349648912578752,4.1429146733542535,grid_entropy,persona
100,4.349648912578752,3.9148663038831,grid_entropy,persona
101,4.349648912578752,4.088779347361361,grid_entropy,persona
102,4.349648912578752,3.8820451081368628,grid_entropy,persona
103,4.349648912578752,4.1429146733542535,grid_entropy,persona
104,4.349648912578752,4.0559581516151235,grid_entropy,persona
105,4.349648912578752,4.2626923908396215,grid_entropy,persona
106,4.349648912578752,4.2626923908396215,grid_entropy,persona
107,4.349648912578752,4.1757358691004915,grid_entropy,persona
108,4.349648912578752,4.349648912578752,grid_entropy,persona
109,4.349648912578752,4.1757358691004915,grid_entropy,persona
110,4.349648912578752,4.1757358691004915,grid_entropy,persona
111,4.349648912578752,4.1757358691004915,grid_entropy,persona
112,4.349648912578752,4.1757358691004915,grid_entropy,persona
113,4.349648912578752,4.1757358691004915,grid_entropy,persona
114,4.349648912578752,3.882045108136862,grid_entropy,persona
115,4.349648912578752,4.1757358691004915,grid_entropy,persona
116,4.349648912578752,4.2626923908396215,grid_entropy,persona
117,4.349648912578752,4.0559581516151235,grid_entropy,persona
118,4.349648912578752,4.088779347361361,grid_entropy,persona
119,4.349648912578752,3.8820451081368623,grid_entropy,persona
120,4.349648912578752,4.1757358691004915,grid_entropy,persona
121,4.349648912578752,4.0559581516151235,grid_entropy,persona
122,4.349648912578752,4.1757358691004915,grid_entropy,persona
123,4.349648912578752,4.1757358691004915,grid_entropy,persona
124,4.349648912578752,3.9690016298759927,grid_entropy,persona
125,4.349648912578752,4.1429146733542535,grid_entropy,persona
126,4.349648912578752,4.088779347361361,grid_entropy,persona
127,4.349648912578752,4.00182282562223,grid_entropy,persona
128,4.349648912578752,4.088779347361361,grid_entropy,persona
129,4.349648912578752,4.088779347361361,grid_entropy,persona
130,4.349648912578752,4.2626923908396215,grid_entropy,persona
131,4.349648912578752,4.1757358691004915,grid_entropy,persona
132,4.349648912578752,4.088779347361361,grid_entropy,persona
133,4.349648912578752,4.0559581516151235,grid_entropy,persona
134,4.349648912578752,4.088779347361361,grid_entropy,persona
135,4.349648912578752,3.8164027166443866,grid_entropy,persona
136,4.349648912578752,4.0559581516151235,grid_entropy,persona
137,4.349648912578752,4.1757358691004915,grid_entropy,persona
138,4.349648912578752,4.2626923908396215,grid_entropy,persona
139,4.349648912578752,4.1757358691004915,grid_entropy,persona
140,4.349648912578752,4.349648912578752,grid_entropy,persona
141,4.349648912578752,4.088779347361361,grid_entropy,persona
142,4.349648912578752,4.1757358691004915,grid_entropy,persona
143,4.349648912578752,4.0559581516151235,grid_entropy,persona
144,4.349648912578752,4.1757358691004915,grid_entropy,persona
145,4.349648912578752,4.1429146733542535,grid_entropy,persona
146,4.349648912578752,3.9690016298759927,grid_entropy,persona
147,4.349648912578752,4.349648912578752,grid_entropy,persona
148,4.349648912578752,4.349648912578752,grid_entropy,persona
149,4.349648912578752,4.1757358691004915,grid_entropy,persona
150,4.349648912578752,3.9690016298759927,grid_entropy,persona
151,4.349648912578752,4.1757358691004915,grid_entropy,persona
152,4.349648912578752,4.262692390839622,grid_entropy,persona
153,4.349648912578752,4.1757358691004915,grid_entropy,persona
154,4.349648912578752,4.1429146733542535,grid_entropy,persona
155,4.349648912578752,3.969001629875993,grid_entropy,persona
156,4.349648912578752,4.349648912578752,grid_entropy,persona
157,4.349648912578752,4.1429146733542535,grid_entropy,persona
158,4.349648912578752,4.088779347361361,grid_entropy,persona
159,4.349648912578752,4.349648912578752,grid_entropy,persona
160,4.349648912578752,3.9148663038831,grid_entropy,persona
161,4.349648912578752,3.9148663038831,grid_entropy,persona
162,4.349648912578752,4.2626923908396215,grid_entropy,persona
163,4.349648912578752,3.7622673906514943,grid_entropy,persona
164,4.349648912578752,4.2626923908396215,grid_entropy,persona
165,4.349648912578752,4.2626923908396215,grid_entropy,persona
166,4.349648912578752,4.0559581516151235,grid_entropy,persona
167,4.349648912578752,4.436605434317882,grid_entropy,persona
168,4.349648912578752,4.2626923908396215,grid_entropy,persona
169,4.349648912578752,4.1757358691004915,grid_entropy,persona
170,4.349648912578752,4.1757358691004915,grid_entropy,persona
171,4.349648912578752,4.349648912578752,grid_entropy,persona
172,4.349648912578752,4.088779347361361,grid_entropy,persona
173,4.349648912578752,4.0559581516151235,grid_entropy,persona
174,4.349648912578752,4.262692390839622,grid_entropy,persona
175,4.349648912578752,4.436605434317882,grid_entropy,persona
176,4.349648912578752,4.00182282562223,grid_entropy,persona
177,4.349648912578752,3.9690016298759923,grid_entropy,persona
178,4.349648912578752,4.00182282562223,grid_entropy,persona
179,4.349648912578752,4.349648912578752,grid_entropy,persona
180,4.349648912578752,4.349648912578752,grid_entropy,persona
181,4.349648912578752,4.1429146733542535,grid_entropy,persona
182,4.349648912578752,4.2626923908396215,grid_entropy,persona
183,4.349648912578752,3.8492239123906242,grid_entropy,persona
184,4.349648912578752,4.088779347361361,grid_entropy,persona
185,4.349648912578752,3.7081320646586016,grid_entropy,persona
186,4.349648912578752,4.2626923908396215,grid_entropy,persona
187,4.349648912578752,4.2626923908396215,grid_entropy,persona
188,4.349648912578752,4.088779347361361,grid_entropy,persona
189,4.349648912578752,4.00182282562223,grid_entropy,persona
190,4.349648912578752,3.9148663038831,grid_entropy,persona
191,4.349648912578752,4.2626923908396215,grid_entropy,persona
192,4.349648912578752,4.523561956057012,grid_entropy,persona
193,4.349648912578752,4.1757358691004915,grid_entropy,persona
194,4.349648912578752,3.936180434129755,grid_entropy,persona
195,4.349648912578752,4.2626923908396215,grid_entropy,persona
196,4.349648912578752,4.1757358691004915,grid_entropy,persona
197,4.349648912578752,4.2626923908396215,grid_entropy,persona
198,4.349648912578752,4.088779347361361,grid_entropy,persona
199,4.349648912578752,4.349648912578752,grid_entropy,persona
200,4.349648912578752,4.1429146733542535,grid_entropy,persona
201,4.349648912578752,4.0559581516151235,grid_entropy,persona
202,4.349648912578752,3.9690016298759927,grid_entropy,persona
203,4.349648912578752,4.523561956057012,grid_entropy,persona
204,4.349648912578752,4.262692390839622,grid_entropy,persona
205,4.349648912578752,4.1429146733542535,grid_entropy,persona
206,4.349648912578752,3.8820451081368628,grid_entropy,persona
207,4.349648912578752,4.2626923908396215,grid_entropy,persona
208,4.349648912578752,4.2626923908396215,grid_entropy,persona
209,4.349648912578752,4.1429146733542535,grid_entropy,persona
210,4.349648912578752,4.2626923908396215,grid_entropy,persona
211,4.349648912578752,4.349648912578752,grid_entropy,persona
212,4.349648912578752,4.349648912578752,grid_entropy,persona
213,4.349648912578752,4.1429146733542535,grid_entropy,persona
214,4.349648912578752,4.262692390839622,grid_entropy,persona
215,4.349648912578752,3.708132064658602,grid_entropy,persona
216,4.349648912578752,3.8492239123906247,grid_entropy,persona
217,4.349648912578752,4.2626923908396215,grid_entropy,persona
218,4.349648912578752,4.349648912578752,grid_entropy,persona
219,4.349648912578752,3.9148663038831004,grid_entropy,persona
220,4.349648912578752,4.088779347361361,grid_entropy,persona
221,4.349648912578752,4.088779347361361,grid_entropy,persona
222,4.349648912578752,3.9690016298759927,grid_entropy,persona
223,4.349648912578752,4.088779347361361,grid_entropy,persona
224,4.349648912578752,4.0559581516151235,grid_entropy,persona
225,4.349648912578752,4.349648912578752,grid_entropy,persona
226,4.349648912578752,4.088779347361361,grid_entropy,persona
227,4.349648912578752,4.088779347361361,grid_entropy,persona
228,4.349648912578752,3.8279097821439696,grid_entropy,persona
229,4.349648912578752,4.1757358691004915,grid_entropy,persona
230,4.349648912578752,3.8279097821439696,grid_entropy,persona
231,4.349648912578752,4.055958151615123,grid_entropy,persona
232,4.349648912578752,4.349648912578752,grid_entropy,persona
233,4.349648912578752,4.1757358691004915,grid_entropy,persona
234,4.349648912578752,4.229871195093383,grid_entropy,persona
235,4.349648912578752,4.2626923908396215,grid_entropy,persona
236,4.349648912578752,4.1757358691004915,grid_entropy,persona
237,4.349648912578752,4.229871195093383,grid_entropy,persona
238,4.349648912578752,4.00182282562223,grid_entropy,persona
239,4.349648912578752,4.349648912578752,grid_entropy,persona
240,4.349648912578752,3.882045108136862,grid_entropy,persona
241,4.349648912578752,3.8820451081368623,grid_entropy,persona
242,4.349648912578752,4.0559581516151235,grid_entropy,persona
243,4.349648912578752,4.349648912578752,grid_entropy,persona
244,4.349648912578752,4.349648912578752,grid_entropy,persona
245,4.349648912578752,3.8492239123906247,grid_entropy,persona
246,4.349648912578752,4.2626923908396215,grid_entropy,persona
247,4.349648912578752,4.0559581516151235,grid_entropy,persona
248,4.349648912578752,4.088779347361361,grid_entropy,persona
249,4.349648912578752,4.1757358691004915,grid_entropy,persona
250,4.349648912578752,4.349648912578752,grid_entropy,persona
251,4.349648912578752,3.936180434129755,grid_entropy,persona
252,4.349648912578752,4.2626923908396215,grid_entropy,persona
253,4.349648912578752,3.8492239123906242,grid_entropy,persona
254,4.349648912578752,4.055958151615123,grid_entropy,persona
255,4.349648912578752,4.088779347361361,grid_entropy,persona
256,4.349648912578752,4.001822825622231,grid_entropy,persona
257,4.349648912578752,3.8820451081368623,grid_entropy,persona
258,4.349648912578752,4.2626923908396215,grid_entropy,persona
259,4.349648912578752,4.1757358691004915,grid_entropy,persona
260,4.349648912578752,4.262692390839622,grid_entropy,persona
261,4.349648912578752,4.262692390839622,grid_entropy,persona
262,4.349648912578752,4.1757358691004915,grid_entropy,persona
263,4.349648912578752,3.8820451081368623,grid_entropy,persona
264,4.349648912578752,4.1757358691004915,grid_entropy,persona
265,4.349648912578752,4.349648912578752,grid_entropy,persona
266,4.349648912578752,4.1757358691004915,grid_entropy,persona
267,4.349648912578752,4.1429146733542535,grid_entropy,persona
268,4.349648912578752,4.349648912578752,grid_entropy,persona
269,4.349648912578752,4.1757358691004915,grid_entropy,persona
270,4.349648912578752,4.262692390839622,grid_entropy,persona
271,4.349648912578752,3.9690016298759927,grid_entropy,persona
272,4.349648912578752,4.349648912578752,grid_entropy,persona
273,4.349648912578752,4.262692390839622,grid_entropy,persona
274,4.349648912578752,4.1429146733542535,grid_entropy,persona
275,4.349648912578752,4.349648912578752,grid_entropy,persona
276,4.349648912578752,4.1757358691004915,grid_entropy,persona
277,4.349648912578752,4.1757358691004915,grid_entropy,persona
278,4.349648912578752,4.436605434317882,grid_entropy,persona
279,4.349648912578752,4.1757358691004915,grid_entropy,persona
280,4.349648912578752,4.1757358691004915,grid_entropy,persona
281,4.349648912578752,4.1757358691004915,grid_entropy,persona
282,4.349648912578752,4.088779347361361,grid_entropy,persona
283,4.349648912578752,3.9148663038831,grid_entropy,persona
284,4.349648912578752,4.349648912578752,grid_entropy,persona
285,4.349648912578752,3.8492239123906242,grid_entropy,persona
286,4.349648912578752,4.1429146733542535,grid_entropy,persona
287,4.349648912578752,4.0559581516151235,grid_entropy,persona
288,4.349648912578752,4.088779347361361,grid_entropy,persona
289,4.349648912578752,4.1757358691004915,grid_entropy,persona
290,4.349648912578752,4.0559581516151235,grid_entropy,persona
291,4.349648912578752,4.2626923908396215,grid_entropy,persona
292,4.349648912578752,4.088779347361361,grid_entropy,persona
293,4.349648912578752,4.0559581516151235,grid_entropy,persona
294,4.349648912578752,3.9148663038831,grid_entropy,persona
295,4.349648912578752,4.1757358691004915,grid_entropy,persona
296,4.349648912578752,4.2626923908396215,grid_entropy,persona
297,4.349648912578752,4.349648912578752,grid_entropy,persona
298,4.349648912578752,4.523561956057012,grid_entropy,persona
299,4.349648912578752,3.8492239123906247,grid_entropy,persona
300,4.349648912578752,4.00182282562223,grid_entropy,persona
301,4.349648912578752,4.1757358691004915,grid_entropy,persona
302,4.349648912578752,4.0559581516151235,grid_entropy,persona
303,4.349648912578752,3.969001629875993,grid_entropy,persona
304,4.349648912578752,4.2626923908396215,grid_entropy,persona
305,4.349648912578752,4.1429146733542535,grid_entropy,persona
306,4.349648912578752,4.349648912578752,grid_entropy,persona
307,4.349648912578752,4.1757358691004915,grid_entropy,persona
308,4.349648912578752,4.316827716832514,grid_entropy,persona
309,4.349648912578752,4.0559581516151235,grid_entropy,persona
310,4.349648912578752,4.2626923908396215,grid_entropy,persona
311,4.349648912578752,4.2626923908396215,grid_entropy,persona
312,4.349648912578752,4.1429146733542535,grid_entropy,persona
313,4.349648912578752,4.0559581516151235,grid_entropy,persona
314,4.349648912578752,4.1429146733542535,grid_entropy,persona
315,4.349648912578752,3.6424896731661263,grid_entropy,persona
316,4.349648912578752,4.349648912578752,grid_entropy,persona
317,4.349648912578752,4.349648912578752,grid_entropy,persona
318,4.349648912578752,4.1757358691004915,grid_entropy,persona
319,4.349648912578752,4.0559581516151235,grid_entropy,persona
320,4.349648912578752,4.088779347361361,grid_entropy,persona
321,4.349648912578752,4.088779347361361,grid_entropy,persona
322,4.349648912578752,4.349648912578752,grid_entropy,persona
323,4.349648912578752,4.2626923908396215,grid_entropy,persona
324,4.349648912578752,4.088779347361361,grid_entropy,persona
325,4.349648912578752,4.349648912578752,grid_entropy,persona
326,4.349648912578752,4.088779347361361,grid_entropy,persona
327,4.349648912578752,3.8820451081368623,grid_entropy,persona
328,4.349648912578752,4.2626923908396215,grid_entropy,persona
329,4.349648912578752,4.00182282562223,grid_entropy,persona
330,4.349648912578752,4.0559581516151235,grid_entropy,persona
331,4.349648912578752,4.262692390839622,grid_entropy,persona
332,4.349648912578752,4.0559581516151235,grid_entropy,persona
333,4.349648912578752,4.088779347361361,grid_entropy,persona
334,4.349648912578752,4.2626923908396215,grid_entropy,persona
335,4.349648912578752,4.1757358691004915,grid_entropy,persona
336,4.349648912578752,4.2626923908396215,grid_entropy,persona
337,4.349648912578752,4.349648912578752,grid_entropy,persona
338,4.349648912578752,4.088779347361362,grid_entropy,persona
339,4.349648912578752,4.1757358691004915,grid_entropy,persona
340,4.349648912578752,3.936180434129755,grid_entropy,persona
341,4.349648912578752,4.1757358691004915,grid_entropy,persona
342,4.349648912578752,4.088779347361361,grid_entropy,persona
343,4.349648912578752,4.2626923908396215,grid_entropy,persona
344,4.349648912578752,4.1429146733542535,grid_entropy,persona
345,4.349648912578752,4.1757358691004915,grid_entropy,persona
346,4.349648912578752,4.436605434317882,grid_entropy,persona
347,4.349648912578752,3.969001629875993,grid_entropy,persona
348,4.349648912578752,4.2626923908396215,grid_entropy,persona
349,4.349648912578752,4.1757358691004915,grid_entropy,persona
350,4.349648912578752,4.0559581516151235,grid_entropy,persona
351,4.349648912578752,3.9148663038831,grid_entropy,persona
352,4.349648912578752,4.2626923908396215,grid_entropy,persona
353,4.349648912578752,3.9690016298759927,grid_entropy,persona
354,4.349648912578752,3.8492239123906247,grid_entropy,persona
355,4.349648912578752,4.00182282562223,grid_entropy,persona
356,4.349648912578752,4.088779347361361,grid_entropy,persona
357,4.349648912578752,4.1757358691004915,grid_entropy,persona
358,4.349648912578752,3.936180434129755,grid_entropy,persona
359,4.349648912578752,4.1757358691004915,grid_entropy,persona
360,4.349648912578752,4.1757358691004915,grid_entropy,persona
361,4.349648912578752,4.1757358691004915,grid_entropy,persona
362,4.349648912578752,4.1757358691004915,grid_entropy,persona
363,4.349648912578752,3.8820451081368623,grid_entropy,persona
364,4.349648912578752,4.088779347361361,grid_entropy,persona
365,4.349648912578752,4.229871195093383,grid_entropy,persona
366,4.349648912578752,3.8492239123906247,grid_entropy,persona
367,4.349648912578752,4.088779347361361,grid_entropy,persona
368,4.349648912578752,4.088779347361361,grid_entropy,persona
369,4.349648912578752,4.1757358691004915,grid_entropy,persona
370,4.349648912578752,4.088779347361361,grid_entropy,persona
371,4.349648912578752,4.088779347361361,grid_entropy,persona
372,4.349648912578752,4.1757358691004915,grid_entropy,persona
373,4.349648912578752,4.2626923908396215,grid_entropy,persona
374,4.349648912578752,3.9690016298759927,grid_entropy,persona
375,4.349648912578752,4.1757358691004915,grid_entropy,persona
376,4.349648912578752,4.349648912578752,grid_entropy,persona
377,4.349648912578752,4.088779347361361,grid_entropy,persona
378,4.349648912578752,4.00182282562223,grid_entropy,persona
379,4.349648912578752,4.1757358691004915,grid_entropy,persona
380,4.349648912578752,3.9148663038831004,grid_entropy,persona
381,4.349648912578752,4.088779347361361,grid_entropy,persona
382,4.349648912578752,4.349648912578752,grid_entropy,persona
383,4.349648912578752,4.2626923908396215,grid_entropy,persona
384,4.349648912578752,4.2626923908396215,grid_entropy,persona
385,4.349648912578752,4.262692390839622,grid_entropy,persona
386,4.349648912578752,4.088779347361362,grid_entropy,persona
387,4.349648912578752,4.088779347361361,grid_entropy,persona
388,4.349648912578752,4.088779347361361,grid_entropy,persona
389,4.349648912578752,4.00182282562223,grid_entropy,persona
390,4.349648912578752,4.0559581516151235,grid_entropy,persona
391,4.349648912578752,4.088779347361361,grid_entropy,persona
392,4.349648912578752,4.2626923908396215,grid_entropy,persona
393,4.349648912578752,4.1429146733542535,grid_entropy,persona
394,4.349648912578752,4.349648912578752,grid_entropy,persona
395,4.349648912578752,4.349648912578752,grid_entropy,persona
396,4.349648912578752,4.262692390839622,grid_entropy,persona
397,4.349648912578752,3.7950885863977324,grid_entropy,persona
398,4.349648912578752,4.1429146733542535,grid_entropy,persona
399,4.349648912578752,4.1757358691004915,grid_entropy,persona
400,4.349648912578752,4.1429146733542535,grid_entropy,persona
401,4.349648912578752,4.1757358691004915,grid_entropy,persona
402,4.349648912578752,4.2626923908396215,grid_entropy,persona
403,4.349648912578752,4.1757358691004915,grid_entropy,persona
404,4.349648912578752,4.1757358691004915,grid_entropy,persona
405,4.349648912578752,4.262692390839622,grid_entropy,persona
406,4.349648912578752,4.1757358691004915,grid_entropy,persona
407,4.349648912578752,3.9148663038831,grid_entropy,persona
408,4.349648912578752,3.8492239123906242,grid_entropy,persona
409,4.349648912578752,4.2626923908396215,grid_entropy,persona
410,4.349648912578752,3.936180434129755,grid_entropy,persona
411,4.349648912578752,4.088779347361362,grid_entropy,persona
412,4.349648912578752,3.882045108136862,grid_entropy,persona
413,4.349648912578752,4.00182282562223,grid_entropy,persona
414,4.349648912578752,4.088779347361361,grid_entropy,persona
415,4.349648912578752,3.8164027166443866,grid_entropy,persona
416,4.349648912578752,4.1757358691004915,grid_entropy,persona
417,4.349648912578752,4.1429146733542535,grid_entropy,persona
418,4.349648912578752,3.9690016298759927,grid_entropy,persona
419,4.349648912578752,4.1757358691004915,grid_entropy,persona
420,4.349648912578752,3.9690016298759927,grid_entropy,persona
421,4.349648912578752,4.2626923908396215,grid_entropy,persona
422,4.349648912578752,4.229871195093384,grid_entropy,persona
423,4.349648912578752,4.229871195093383,grid_entropy,persona
424,4.349648912578752,4.523561956057012,grid_entropy,persona
425,4.349648912578752,3.882045108136862,grid_entropy,persona
426,4.349648912578752,4.0559581516151235,grid_entropy,persona
427,4.349648912578752,4.1757358691004915,grid_entropy,persona
428,4.349648912578752,4.349648912578752,grid_entropy,persona
429,4.349648912578752,4.2626923908396215,grid_entropy,persona
430,4.349648912578752,4.0559581516151235,grid_entropy,persona
431,4.349648912578752,3.9148663038831,grid_entropy,persona
432,4.349648912578752,4.1429146733542535,grid_entropy,persona
433,4.349648912578752,4.023136955868885,grid_entropy,persona
434,4.349648912578752,3.936180434129755,grid_entropy,persona
435,4.349648912578752,4.1757358691004915,grid_entropy,persona
436,4.349648912578752,4.00182282562223,grid_entropy,persona
437,4.349648912578752,4.436605434317882,grid_entropy,persona
438,4.349648912578752,4.1757358691004915,grid_entropy,persona
439,4.349648912578752,3.8492239123906247,grid_entropy,persona
440,4.349648912578752,4.088779347361361,grid_entropy,persona
441,4.349648912578752,4.2626923908396215,grid_entropy,persona
442,4.349648912578752,4.229871195093383,grid_entropy,persona
443,4.349648912578752,4.1757358691004915,grid_entropy,persona
444,4.349648912578752,4.349648912578752,grid_entropy,persona
445,4.349648912578752,4.2626923908396215,grid_entropy,persona
446,4.349648912578752,3.9690016298759927,grid_entropy,persona
447,4.349648912578752,4.055958151615123,grid_entropy,persona
448,4.349648912578752,4.349648912578752,grid_entropy,persona
449,4.349648912578752,4.2626923908396215,grid_entropy,persona
450,4.349648912578752,3.9690016298759927,grid_entropy,persona
451,4.349648912578752,4.088779347361361,grid_entropy,persona
452,4.349648912578752,4.2626923908396215,grid_entropy,persona
453,4.349648912578752,4.2626923908396215,grid_entropy,persona
454,4.349648912578752,3.9148663038831,grid_entropy,persona
455,4.349648912578752,4.349648912578752,grid_entropy,persona
456,4.349648912578752,4.001822825622231,grid_entropy,persona
457,4.349648912578752,4.2626923908396215,grid_entropy,persona
458,4.349648912578752,4.088779347361361,grid_entropy,persona
459,4.349648912578752,3.9148663038831,grid_entropy,persona
460,4.349648912578752,4.1757358691004915,grid_entropy,persona
461,4.349648912578752,4.2626923908396215,grid_entropy,persona
462,4.349648912578752,4.0559581516151235,grid_entropy,persona
463,4.349648912578752,4.1757358691004915,grid_entropy,persona
464,4.349648912578752,4.0559581516151235,grid_entropy,persona
465,4.349648912578752,3.8492239123906247,grid_entropy,persona
466,4.349648912578752,4.436605434317882,grid_entropy,persona
467,4.349648912578752,4.1757358691004915,grid_entropy,persona
468,4.349648912578752,4.349648912578752,grid_entropy,persona
469,4.349648912578752,4.1757358691004915,grid_entropy,persona
470,4.349648912578752,4.00182282562223,grid_entropy,persona
471,4.349648912578752,4.1757358691004915,grid_entropy,persona
472,4.349648912578752,4.2626923908396215,grid_entropy,persona
473,4.349648912578752,4.0559581516151235,grid_entropy,persona
474,4.349648912578752,4.00182282562223,grid_entropy,persona
475,4.349648912578752,3.969001629875993,grid_entropy,persona
476,4.349648912578752,4.088779347361361,grid_entropy,persona
477,4.349648912578752,4.349648912578752,grid_entropy,persona
478,4.349648912578752,4.2626923908396215,grid_entropy,persona
479,4.349648912578752,4.349648912578752,grid_entropy,persona
480,4.349648912578752,4.2626923908396215,grid_entropy,persona
481,4.349648912578752,4.1429146733542535,grid_entropy,persona
482,4.349648912578752,4.1429146733542535,grid_entropy,persona
483,4.349648912578752,4.0559581516151235,grid_entropy,persona
484,4.349648912578752,4.1757358691004915,grid_entropy,persona
485,4.349648912578752,3.8492239123906247,grid_entropy,persona
486,4.349648912578752,4.1757358691004915,grid_entropy,persona
487,4.349648912578752,4.1429146733542535,grid_entropy,persona
488,4.349648912578752,4.0559581516151235,grid_entropy,persona
489,4.349648912578752,4.2626923908396215,grid_entropy,persona
490,4.349648912578752,3.969001629875993,grid_entropy,persona
491,4.349648912578752,4.2626923908396215,grid_entropy,persona
492,4.349648912578752,4.2626923908396215,grid_entropy,persona
493,4.349648912578752,3.7950885863977324,grid_entropy,persona
494,4.349648912578752,4.088779347361361,grid_entropy,persona
495,4.349648912578752,4.349648912578752,grid_entropy,persona
496,4.349648912578752,4.055958151615123,grid_entropy,persona
497,4.349648912578752,3.8820451081368623,grid_entropy,persona
498,4.349648912578752,4.1757358691004915,grid_entropy,persona
499,4.349648912578752,4.1757358691004915,grid_entropy,persona
500,4.349648912578752,3.9148663038831,grid_entropy,persona
501,4.349648912578752,4.2626923908396215,grid_entropy,persona
502,4.349648912578752,4.1757358691004915,grid_entropy,persona
503,4.349648912578752,4.1757358691004915,grid_entropy,persona
504,4.349648912578752,4.1757358691004915,grid_entropy,persona
505,4.349648912578752,4.1757358691004915,grid_entropy,persona
506,4.349648912578752,4.0559581516151235,grid_entropy,persona
507,4.349648912578752,4.2626923908396215,grid_entropy,persona
508,4.349648912578752,4.2626923908396215,grid_entropy,persona
509,4.349648912578752,4.1429146733542535,grid_entropy,persona
510,4.349648912578752,4.349648912578752,grid_entropy,persona
511,4.349648912578752,4.1757358691004915,grid_entropy,persona
512,4.349648912578752,4.436605434317882,grid_entropy,persona
513,4.349648912578752,3.936180434129755,grid_entropy,persona
514,4.349648912578752,4.349648912578752,grid_entropy,persona
515,4.349648912578752,4.088779347361362,grid_entropy,persona
516,4.349648912578752,4.1757358691004915,grid_entropy,persona
517,4.349648912578752,4.088779347361361,grid_entropy,persona
518,4.349648912578752,4.349648912578752,grid_entropy,persona
519,4.349648912578752,4.1429146733542535,grid_entropy,persona
520,4.349648912578752,4.1757358691004915,grid_entropy,persona
521,4.349648912578752,4.349648912578752,grid_entropy,persona
522,4.349648912578752,4.1757358691004915,grid_entropy,persona
523,4.349648912578752,3.882045108136862,grid_entropy,persona
524,4.349648912578752,4.088779347361361,grid_entropy,persona
525,4.349648912578752,4.1757358691004915,grid_entropy,persona
526,4.349648912578752,4.088779347361361,grid_entropy,persona
527,4.349648912578752,4.088779347361361,grid_entropy,persona
528,4.349648912578752,4.001822825622231,grid_entropy,persona
529,4.349648912578752,3.9690016298759927,grid_entropy,persona
530,4.349648912578752,4.00182282562223,grid_entropy,persona
531,4.349648912578752,4.2626923908396215,grid_entropy,persona
532,4.349648912578752,4.1757358691004915,grid_entropy,persona
533,4.349648912578752,4.1757358691004915,grid_entropy,persona
534,4.349648912578752,4.523561956057012,grid_entropy,persona
535,4.349648912578752,4.1757358691004915,grid_entropy,persona
536,4.349648912578752,4.349648912578752,grid_entropy,persona
537,4.349648912578752,4.349648912578752,grid_entropy,persona
538,4.349648912578752,4.00182282562223,grid_entropy,persona
539,4.349648912578752,3.7294461949052566,grid_entropy,persona
540,4.349648912578752,4.2626923908396215,grid_entropy,persona
541,4.349648912578752,4.1757358691004915,grid_entropy,persona
542,4.349648912578752,4.055958151615123,grid_entropy,persona
543,4.349648912578752,4.1757358691004915,grid_entropy,persona
544,4.349648912578752,4.0559581516151235,grid_entropy,persona
545,4.349648912578752,4.349648912578752,grid_entropy,persona
546,4.349648912578752,4.1757358691004915,grid_entropy,persona
547,4.349648912578752,3.9690016298759927,grid_entropy,persona
548,4.349648912578752,4.1757358691004915,grid_entropy,persona
549,4.349648912578752,4.1429146733542535,grid_entropy,persona
550,4.349648912578752,4.088779347361361,grid_entropy,persona
551,4.349648912578752,4.1429146733542535,grid_entropy,persona
552,4.349648912578752,4.1757358691004915,grid_entropy,persona
553,4.349648912578752,4.2626923908396215,grid_entropy,persona
554,4.349648912578752,4.088779347361361,grid_entropy,persona
555,4.349648912578752,4.1757358691004915,grid_entropy,persona
556,4.349648912578752,4.229871195093383,grid_entropy,persona
557,4.349648912578752,3.9690016298759927,grid_entropy,persona
558,4.349648912578752,4.349648912578752,grid_entropy,persona
559,4.349648912578752,4.2626923908396215,grid_entropy,persona
560,4.349648912578752,4.088779347361361,grid_entropy,persona
561,4.349648912578752,4.262692390839622,grid_entropy,persona
562,4.349648912578752,4.0559581516151235,grid_entropy,persona
563,4.349648912578752,4.2626923908396215,grid_entropy,persona
564,4.349648912578752,4.436605434317882,grid_entropy,persona
565,4.349648912578752,4.1757358691004915,grid_entropy,persona
566,4.349648912578752,4.2626923908396215,grid_entropy,persona
567,4.349648912578752,4.00182282562223,grid_entropy,persona
568,4.349648912578752,4.349648912578752,grid_entropy,persona
569,4.349648912578752,3.9148663038831,grid_entropy,persona
570,4.349648912578752,4.2626923908396215,grid_entropy,persona
571,4.349648912578752,4.1429146733542535,grid_entropy,persona
572,4.349648912578752,4.0559581516151235,grid_entropy,persona
573,4.349648912578752,3.882045108136862,grid_entropy,persona
574,4.349648912578752,4.023136955868885,grid_entropy,persona
575,4.349648912578752,4.1757358691004915,grid_entropy,persona
576,4.349648912578752,4.023136955868885,grid_entropy,persona
577,4.349648912578752,4.349648912578752,grid_entropy,persona
578,4.349648912578752,4.229871195093383,grid_entropy,persona
579,4.349648912578752,4.088779347361361,grid_entropy,persona
580,4.349648912578752,4.0559581516151235,grid_entropy,persona
581,4.349648912578752,4.349648912578752,grid_entropy,persona
582,4.349648912578752,4.088779347361361,grid_entropy,persona
583,4.349648912578752,4.1429146733542535,grid_entropy,persona
584,4.349648912578752,3.969001629875993,grid_entropy,persona
585,4.349648912578752,4.088779347361361,grid_entropy,persona
586,4.349648912578752,3.7950885863977324,grid_entropy,persona
587,4.349648912578752,4.0559581516151235,grid_entropy,persona
588,4.349648912578752,4.0559581516151235,grid_entropy,persona
589,4.349648912578752,3.9690016298759927,grid_entropy,persona
590,4.349648912578752,3.936180434129755,grid_entropy,persona
591,4.349648912578752,4.1429146733542535,grid_entropy,persona
592,4.349648912578752,4.262692390839622,grid_entropy,persona
593,4.349648912578752,4.349648912578752,grid_entropy,persona
594,4.349648912578752,4.2626923908396215,grid_entropy,persona
595,4.349648912578752,3.9690016298759927,grid_entropy,persona
596,4.349648912578752,4.1757358691004915,grid_entropy,persona
597,4.349648912578752,4.0559581516151235,grid_entropy,persona
598,4.349648912578752,3.8820451081368623,grid_entropy,persona
599,4.349648912578752,3.9148663038831,grid_entropy,persona
600,4.349648912578752,3.708132064658602,grid_entropy,persona
601,4.349648912578752,4.1429146733542535,grid_entropy,persona
602,4.349648912578752,4.088779347361361,grid_entropy,persona
603,4.349648912578752,3.9690016298759927,grid_entropy,persona
604,4.349648912578752,4.2626923908396215,grid_entropy,persona
605,4.349648912578752,4.088779347361361,grid_entropy,persona
606,4.349648912578752,3.9690016298759923,grid_entropy,persona
607,4.349648912578752,3.8492239123906247,grid_entropy,persona
608,4.349648912578752,4.00182282562223,grid_entropy,persona
609,4.349648912578752,4.023136955868885,grid_entropy,persona
610,4.349648912578752,3.9690016298759927,grid_entropy,persona
611,4.349648912578752,4.1429146733542535,grid_entropy,persona
612,4.349648912578752,4.1757358691004915,grid_entropy,persona
613,4.349648912578752,4.088779347361361,grid_entropy,persona
614,4.349648912578752,4.00182282562223,grid_entropy,persona
615,4.349648912578752,4.0559581516151235,grid_entropy,persona
616,4.349648912578752,4.349648912578752,grid_entropy,persona
617,4.349648912578752,4.2626923908396215,grid_entropy,persona
618,4.349648912578752,3.969001629875993,grid_entropy,persona
619,4.349648912578752,4.1757358691004915,grid_entropy,persona
620,4.349648912578752,4.349648912578752,grid_entropy,persona
621,4.349648912578752,4.262692390839622,grid_entropy,persona
622,4.349648912578752,3.9690016298759923,grid_entropy,persona
623,4.349648912578752,4.1757358691004915,grid_entropy,persona
624,4.349648912578752,4.2626923908396215,grid_entropy,persona
625,4.349648912578752,4.229871195093384,grid_entropy,persona
626,4.349648912578752,4.0559581516151235,grid_entropy,persona
627,4.349648912578752,4.2626923908396215,grid_entropy,persona
628,4.349648912578752,4.1757358691004915,grid_entropy,persona
629,4.349648912578752,4.1757358691004915,grid_entropy,persona
630,4.349648912578752,4.088779347361361,grid_entropy,persona
631,4.349648912578752,4.523561956057012,grid_entropy,persona
632,4.349648912578752,4.1757358691004915,grid_entropy,persona
633,4.349648912578752,3.7622673906514947,grid_entropy,persona
634,4.349648912578752,4.1429146733542535,grid_entropy,persona
635,4.349648912578752,4.1757358691004915,grid_entropy,persona
636,4.349648912578752,4.0559581516151235,grid_entropy,persona
637,4.349648912578752,4.2626923908396215,grid_entropy,persona
638,4.349648912578752,4.088779347361361,grid_entropy,persona
639,4.349648912578752,4.2626923908396215,grid_entropy,persona
640,4.349648912578752,4.0559581516151235,grid_entropy,persona
641,4.349648912578752,4.349648912578752,grid_entropy,persona
642,4.349648912578752,4.2626923908396215,grid_entropy,persona
643,4.349648912578752,4.262692390839622,grid_entropy,persona
644,4.349648912578752,4.1429146733542535,grid_entropy,persona
645,4.349648912578752,4.2626923908396215,grid_entropy,persona
646,4.349648912578752,4.349648912578752,grid_entropy,persona
647,4.349648912578752,4.262692390839622,grid_entropy,persona
648,4.349648912578752,4.1429146733542535,grid_entropy,persona
649,4.349648912578752,4.2626923908396215,grid_entropy,persona
650,4.349648912578752,4.0559581516151235,grid_entropy,persona
651,4.349648912578752,4.523561956057012,grid_entropy,persona
652,4.349648912578752,3.8820451081368623,grid_entropy,persona
653,4.349648912578752,4.1429146733542535,grid_entropy,persona
654,4.349648912578752,4.262692390839622,grid_entropy,persona
655,4.349648912578752,4.1429146733542535,grid_entropy,persona
656,4.349648912578752,4.1757358691004915,grid_entropy,persona
657,4.349648912578752,4.1429146733542535,grid_entropy,persona
658,4.349648912578752,4.349648912578752,grid_entropy,persona
659,4.349648912578752,4.1757358691004915,grid_entropy,persona
660,4.349648912578752,4.262692390839622,grid_entropy,persona
661,4.349648912578752,4.262692390839622,grid_entropy,persona
662,4.349648912578752,4.2626923908396215,grid_entropy,persona
663,4.349648912578752,4.1757358691004915,grid_entropy,persona
664,4.349648912578752,4.229871195093383,grid_entropy,persona
665,4.349648912578752,4.1757358691004915,grid_entropy,persona
666,4.349648912578752,4.1429146733542535,grid_entropy,persona
667,4.349648912578752,4.229871195093383,grid_entropy,persona
668,4.349648912578752,4.088779347361361,grid_entropy,persona
669,4.349648912578752,4.229871195093383,grid_entropy,persona
670,4.349648912578752,4.349648912578752,grid_entropy,persona
671,4.349648912578752,4.2626923908396215,grid_entropy,persona
672,4.349648912578752,4.1757358691004915,grid_entropy,persona
673,4.349648912578752,4.349648912578752,grid_entropy,persona
674,4.349648912578752,4.436605434317882,grid_entropy,persona
675,4.349648912578752,4.2626923908396215,grid_entropy,persona
676,4.349648912578752,3.8820451081368623,grid_entropy,persona
677,4.349648912578752,4.001822825622231,grid_entropy,persona
678,4.349648912578752,4.0559581516151235,grid_entropy,persona
679,4.349648912578752,4.2626923908396215,grid_entropy,persona
680,4.349648912578752,4.1429146733542535,grid_entropy,persona
681,4.349648912578752,4.0559581516151235,grid_entropy,persona
682,4.349648912578752,4.1429146733542535,grid_entropy,persona
683,4.349648912578752,4.316827716832514,grid_entropy,persona
684,4.349648912578752,4.088779347361361,grid_entropy,persona
685,4.349648912578752,4.1757358691004915,grid_entropy,persona
686,4.349648912578752,4.0559581516151235,grid_entropy,persona
687,4.349648912578752,4.1429146733542535,grid_entropy,persona
688,4.349648912578752,3.9690016298759927,grid_entropy,persona
689,4.349648912578752,4.001822825622231,grid_entropy,persona
690,4.349648912578752,3.969001629875993,grid_entropy,persona
691,4.349648912578752,4.0559581516151235,grid_entropy,persona
692,4.349648912578752,4.349648912578752,grid_entropy,persona
693,4.349648912578752,4.2626923908396215,grid_entropy,persona
694,4.349648912578752,4.1429146733542535,grid_entropy,persona
695,4.349648912578752,4.1757358691004915,grid_entropy,persona
696,4.349648912578752,4.0559581516151235,grid_entropy,persona
697,4.349648912578752,4.1429146733542535,grid_entropy,persona
698,4.349648912578752,3.795088586397733,grid_entropy,persona
699,4.349648912578752,4.1757358691004915,grid_entropy,persona
700,4.349648912578752,3.9690016298759927,grid_entropy,persona
701,4.349648912578752,3.9148663038831,grid_entropy,persona
702,4.349648912578752,4.00182282562223,grid_entropy,persona
703,4.349648912578752,4.436605434317882,grid_entropy,persona
704,4.349648912578752,4.00182282562223,grid_entropy,persona
705,4.349648912578752,4.088779347361361,grid_entropy,persona
706,4.349648912578752,4.088779347361361,grid_entropy,persona
707,4.349648912578752,4.1757358691004915,grid_entropy,persona
708,4.349648912578752,4.349648912578752,grid_entropy,persona
709,4.349648912578752,4.110093477608016,grid_entropy,persona
710,4.349648912578752,4.2626923908396215,grid_entropy,persona
711,4.349648912578752,4.2626923908396215,grid_entropy,persona
712,4.349648912578752,4.1757358691004915,grid_entropy,persona
713,4.349648912578752,4.1757358691004915,grid_entropy,persona
714,4.349648912578752,4.0559581516151235,grid_entropy,persona
715,4.349648912578752,4.1757358691004915,grid_entropy,persona
716,4.349648912578752,4.1757358691004915,grid_entropy,persona
717,4.349648912578752,4.0559581516151235,grid_entropy,persona
718,4.349648912578752,4.1757358691004915,grid_entropy,persona
719,4.349648912578752,4.0559581516151235,grid_entropy,persona
720,4.349648912578752,4.2626923908396215,grid_entropy,persona
721,4.349648912578752,4.088779347361361,grid_entropy,persona
722,4.349648912578752,4.349648912578752,grid_entropy,persona
723,4.349648912578752,4.1757358691004915,grid_entropy,persona
724,4.349648912578752,4.2626923908396215,grid_entropy,persona
725,4.349648912578752,4.349648912578752,grid_entropy,persona
726,4.349648912578752,3.8820451081368623,grid_entropy,persona
727,4.349648912578752,3.9690016298759927,grid_entropy,persona
728,4.349648912578752,4.110093477608015,grid_entropy,persona
729,4.349648912578752,3.827909782143969,grid_entropy,persona
730,4.349648912578752,4.1757358691004915,grid_entropy,persona
731,4.349648912578752,4.00182282562223,grid_entropy,persona
732,4.349648912578752,4.088779347361362,grid_entropy,persona
733,4.349648912578752,4.2626923908396215,grid_entropy,persona
734,4.349648912578752,4.1429146733542535,grid_entropy,persona
735,4.349648912578752,4.0559581516151235,grid_entropy,persona
736,4.349648912578752,4.349648912578752,grid_entropy,persona
737,4.349648912578752,4.088779347361361,grid_entropy,persona
738,4.349648912578752,4.088779347361361,grid_entropy,persona
739,4.349648912578752,3.9690016298759927,grid_entropy,persona
740,4.349648912578752,4.436605434317882,grid_entropy,persona
741,4.349648912578752,4.1757358691004915,grid_entropy,persona
742,4.349648912578752,4.349648912578752,grid_entropy,persona
743,4.349648912578752,4.2626923908396215,grid_entropy,persona
744,4.349648912578752,4.436605434317882,grid_entropy,persona
745,4.349648912578752,4.1429146733542535,grid_entropy,persona
746,4.349648912578752,4.00182282562223,grid_entropy,persona
747,4.349648912578752,4.0559581516151235,grid_entropy,persona
748,4.349648912578752,4.088779347361361,grid_entropy,persona
749,4.349648912578752,4.088779347361361,grid_entropy,persona
750,4.349648912578752,4.1429146733542535,grid_entropy,persona
751,4.349648912578752,4.00182282562223,grid_entropy,persona
752,4.349648912578752,4.1429146733542535,grid_entropy,persona
753,4.349648912578752,4.349648912578752,grid_entropy,persona
754,4.349648912578752,4.349648912578752,grid_entropy,persona
755,4.349648912578752,4.088779347361361,grid_entropy,persona
756,4.349648912578752,4.1757358691004915,grid_entropy,persona
757,4.349648912578752,4.1757358691004915,grid_entropy,persona
758,4.349648912578752,4.1757358691004915,grid_entropy,persona
759,4.349648912578752,4.00182282562223,grid_entropy,persona
760,4.349648912578752,4.2626923908396215,grid_entropy,persona
761,4.349648912578752,3.969001629875993,grid_entropy,persona
762,4.349648912578752,4.0559581516151235,grid_entropy,persona
763,4.349648912578752,4.349648912578752,grid_entropy,persona
764,4.349648912578752,4.2626923908396215,grid_entropy,persona
765,4.349648912578752,4.088779347361361,grid_entropy,persona
766,4.349648912578752,4.088779347361361,grid_entropy,persona
767,4.349648912578752,3.969001629875993,grid_entropy,persona
768,4.349648912578752,4.349648912578752,grid_entropy,persona
769,4.349648912578752,4.262692390839622,grid_entropy,persona
770,4.349648912578752,4.349648912578752,grid_entropy,persona
771,4.349648912578752,4.088779347361361,grid_entropy,persona
772,4.349648912578752,4.088779347361362,grid_entropy,persona
773,4.349648912578752,4.088779347361361,grid_entropy,persona
774,4.349648912578752,4.2626923908396215,grid_entropy,persona
775,4.349648912578752,4.088779347361361,grid_entropy,persona
776,4.349648912578752,4.349648912578752,grid_entropy,persona
777,4.349648912578752,4.0559581516151235,grid_entropy,persona
778,4.349648912578752,4.2626923908396215,grid_entropy,persona
779,4.349648912578752,4.1757358691004915,grid_entropy,persona
780,4.349648912578752,4.1757358691004915,grid_entropy,persona
781,4.349648912578752,4.229871195093383,grid_entropy,persona
782,4.349648912578752,4.349648912578752,grid_entropy,persona
783,4.349648912578752,4.1757358691004915,grid_entropy,persona
784,4.349648912578752,4.088779347361361,grid_entropy,persona
785,4.349648912578752,4.0559581516151235,grid_entropy,persona
786,4.349648912578752,4.2626923908396215,grid_entropy,persona
787,4.349648912578752,4.436605434317882,grid_entropy,persona
788,4.349648912578752,4.0559581516151235,grid_entropy,persona
789,4.349648912578752,4.2626923908396215,grid_entropy,persona
790,4.349648912578752,3.882045108136862,grid_entropy,persona
791,4.349648912578752,4.1757358691004915,grid_entropy,persona
792,4.349648912578752,3.8820451081368623,grid_entropy,persona
793,4.349648912578752,4.001822825622231,grid_entropy,persona
794,4.349648912578752,4.2626923908396215,grid_entropy,persona
795,4.349648912578752,3.8492239123906247,grid_entropy,persona
796,4.349648912578752,4.349648912578752,grid_entropy,persona
797,4.349648912578752,3.969001629875993,grid_entropy,persona
798,4.349648912578752,3.9690016298759927,grid_entropy,persona
799,4.349648912578752,4.1757358691004915,grid_entropy,persona
800,4.349648912578752,4.088779347361361,grid_entropy,persona
801,4.349648912578752,4.0559581516151235,grid_entropy,persona
802,4.349648912578752,3.9690016298759927,grid_entropy,persona
803,4.349648912578752,4.1757358691004915,grid_entropy,persona
804,4.349648912578752,4.262692390839622,grid_entropy,persona
805,4.349648912578752,4.088779347361361,grid_entropy,persona
806,4.349648912578752,4.436605434317882,grid_entropy,persona
807,4.349648912578752,4.0559581516151235,grid_entropy,persona
808,4.349648912578752,4.349648912578752,grid_entropy,persona
809,4.349648912578752,3.9148663038831004,grid_entropy,persona
810,4.349648912578752,4.349648912578752,grid_entropy,persona
811,4.349648912578752,4.349648912578752,grid_entropy,persona
812,4.349648912578752,4.055958151615123,grid_entropy,persona
813,4.349648912578752,4.2626923908396215,grid_entropy,persona
814,4.349648912578752,4.088779347361361,grid_entropy,persona
815,4.349648912578752,4.1757358691004915,grid_entropy,persona
816,4.349648912578752,4.1757358691004915,grid_entropy,persona
817,4.349648912578752,4.1757358691004915,grid_entropy,persona
818,4.349648912578752,4.00182282562223,grid_entropy,persona
819,4.349648912578752,4.1757358691004915,grid_entropy,persona
820,4.349648912578752,4.349648912578752,grid_entropy,persona
821,4.349648912578752,4.088779347361361,grid_entropy,persona
822,4.349648912578752,4.2626923908396215,grid_entropy,persona
823,4.349648912578752,4.436605434317882,grid_entropy,persona
824,4.349648912578752,4.0559581516151235,grid_entropy,persona
825,4.349648912578752,4.088779347361361,grid_entropy,persona
826,4.349648912578752,4.1757358691004915,grid_entropy,persona
827,4.349648912578752,4.0559581516151235,grid_entropy,persona
828,4.349648912578752,4.088779347361361,grid_entropy,persona
829,4.349648912578752,4.2626923908396215,grid_entropy,persona
830,4.349648912578752,4.0559581516151235,grid_entropy,persona
831,4.349648912578752,4.2626923908396215,grid_entropy,persona
832,4.349648912578752,4.1429146733542535,grid_entropy,persona
833,4.349648912578752,4.1757358691004915,grid_entropy,persona
834,4.349648912578752,4.349648912578752,grid_entropy,persona
835,4.349648912578752,4.1429146733542535,grid_entropy,persona
836,4.349648912578752,4.00182282562223,grid_entropy,persona
837,4.349648912578752,3.9690016298759927,grid_entropy,persona
838,4.349648912578752,4.1757358691004915,grid_entropy,persona
839,4.349648912578752,4.1757358691004915,grid_entropy,persona
840,4.349648912578752,4.088779347361361,grid_entropy,persona
841,4.349648912578752,4.2626923908396215,grid_entropy,persona
842,4.349648912578752,3.9690016298759927,grid_entropy,persona
843,4.349648912578752,4.1757358691004915,grid_entropy,persona
844,4.349648912578752,4.088779347361361,grid_entropy,persona
845,4.349648912578752,4.1757358691004915,grid_entropy,persona
846,4.349648912578752,4.001822825622231,grid_entropy,persona
847,4.349648912578752,4.2626923908396215,grid_entropy,persona
848,4.349648912578752,3.9690016298759927,grid_entropy,persona
849,4.349648912578752,4.088779347361361,grid_entropy,persona
850,4.349648912578752,4.0559581516151235,grid_entropy,persona
851,4.349648912578752,4.349648912578752,grid_entropy,persona
852,4.349648912578752,4.088779347361361,grid_entropy,persona
853,4.349648912578752,4.2626923908396215,grid_entropy,persona
854,4.349648912578752,4.1429146733542535,grid_entropy,persona
855,4.349648912578752,4.088779347361361,grid_entropy,persona
856,4.349648912578752,4.436605434317882,grid_entropy,persona
857,4.349648912578752,4.2626923908396215,grid_entropy,persona
858,4.349648912578752,4.2626923908396215,grid_entropy,persona
859,4.349648912578752,4.262692390839622,grid_entropy,persona
860,4.349648912578752,4.349648912578752,grid_entropy,persona
861,4.349648912578752,4.349648912578752,grid_entropy,persona
862,4.349648912578752,4.110093477608015,grid_entropy,persona
863,4.349648912578752,3.882045108136862,grid_entropy,persona
864,4.349648912578752,4.229871195093383,grid_entropy,persona
865,4.349648912578752,4.0559581516151235,grid_entropy,persona
866,4.349648912578752,4.1757358691004915,grid_entropy,persona
867,4.349648912578752,3.9690016298759927,grid_entropy,persona
868,4.349648912578752,3.969001629875993,grid_entropy,persona
869,4.349648912578752,4.088779347361361,grid_entropy,persona
870,4.349648912578752,4.1757358691004915,grid_entropy,persona
871,4.349648912578752,4.1757358691004915,grid_entropy,persona
872,4.349648912578752,4.349648912578752,grid_entropy,persona
873,4.349648912578752,4.1757358691004915,grid_entropy,persona
874,4.349648912578752,3.8820451081368623,grid_entropy,persona
875,4.349648912578752,4.0559581516151235,grid_entropy,persona
876,4.349648912578752,3.969001629875993,grid_entropy,persona
877,4.349648912578752,3.9690016298759927,grid_entropy,persona
878,4.349648912578752,4.2626923908396215,grid_entropy,persona
879,4.349648912578752,4.1757358691004915,grid_entropy,persona
880,4.349648912578752,4.2626923908396215,grid_entropy,persona
881,4.349648912578752,4.088779347361361,grid_entropy,persona
882,4.349648912578752,4.0559581516151235,grid_entropy,persona
883,4.349648912578752,3.7950885863977324,grid_entropy,persona
884,4.349648912578752,4.2626923908396215,grid_entropy,persona
885,4.349648912578752,4.1757358691004915,grid_entropy,persona
886,4.349648912578752,4.2626923908396215,grid_entropy,persona
887,4.349648912578752,4.1757358691004915,grid_entropy,persona
888,4.349648912578752,4.2626923908396215,grid_entropy,persona
889,4.349648912578752,4.349648912578752,grid_entropy,persona
890,4.349648912578752,4.055958151615123,grid_entropy,persona
891,4.349648912578752,4.055958151615123,grid_entropy,persona
892,4.349648912578752,4.2626923908396215,grid_entropy,persona
893,4.349648912578752,3.9148663038831,grid_entropy,persona
894,4.349648912578752,4.436605434317882,grid_entropy,persona
895,4.349648912578752,4.088779347361361,grid_entropy,persona
896,4.349648912578752,3.7622673906514947,grid_entropy,persona
897,4.349648912578752,4.088779347361361,grid_entropy,persona
898,4.349648912578752,4.2626923908396215,grid_entropy,persona
899,4.349648912578752,4.001822825622231,grid_entropy,persona
900,4.349648912578752,3.8492239123906247,grid_entropy,persona
901,4.349648912578752,3.9690016298759927,grid_entropy,persona
902,4.349648912578752,4.088779347361361,grid_entropy,persona
903,4.349648912578752,4.2626923908396215,grid_entropy,persona
904,4.349648912578752,4.088779347361361,grid_entropy,persona
905,4.349648912578752,4.2626923908396215,grid_entropy,persona
906,4.349648912578752,4.088779347361361,grid_entropy,persona
907,4.349648912578752,4.1757358691004915,grid_entropy,persona
908,4.349648912578752,3.7950885863977324,grid_entropy,persona
909,4.349648912578752,4.00182282562223,grid_entropy,persona
910,4.349648912578752,3.7622673906514943,grid_entropy,persona
911,4.349648912578752,4.1757358691004915,grid_entropy,persona
912,4.349648912578752,3.8820451081368623,grid_entropy,persona
913,4.349648912578752,4.088779347361361,grid_entropy,persona
914,4.349648912578752,3.9690016298759923,grid_entropy,persona
915,4.349648912578752,4.262692390839622,grid_entropy,persona
916,4.349648912578752,3.9148663038831,grid_entropy,persona
917,4.349648912578752,4.088779347361361,grid_entropy,persona
918,4.349648912578752,3.8279097821439696,grid_entropy,persona
919,4.349648912578752,4.349648912578752,grid_entropy,persona
920,4.349648912578752,4.2626923908396215,grid_entropy,persona
921,4.349648912578752,4.262692390839622,grid_entropy,persona
922,4.349648912578752,4.110093477608015,grid_entropy,persona
923,4.349648912578752,4.1429146733542535,grid_entropy,persona
924,4.349648912578752,4.2626923908396215,grid_entropy,persona
925,4.349648912578752,4.229871195093384,grid_entropy,persona
926,4.349648912578752,4.2626923908396215,grid_entropy,persona
927,4.349648912578752,4.1429146733542535,grid_entropy,persona
928,4.349648912578752,4.0559581516151235,grid_entropy,persona
929,4.349648912578752,4.00182282562223,grid_entropy,persona
930,4.349648912578752,4.1757358691004915,grid_entropy,persona
931,4.349648912578752,4.2626923908396215,grid_entropy,persona
932,4.349648912578752,4.1429146733542535,grid_entropy,persona
933,4.349648912578752,4.00182282562223,grid_entropy,persona
934,4.349648912578752,4.2626923908396215,grid_entropy,persona
935,4.349648912578752,4.2626923908396215,grid_entropy,persona
936,4.349648912578752,4.0559581516151235,grid_entropy,persona
937,4.349648912578752,4.229871195093384,grid_entropy,persona
938,4.349648912578752,4.2626923908396215,grid_entropy,persona
939,4.349648912578752,3.7950885863977324,grid_entropy,persona
940,4.349648912578752,4.1429146733542535,grid_entropy,persona
941,4.349648912578752,4.349648912578752,grid_entropy,persona
942,4.349648912578752,4.1757358691004915,grid_entropy,persona
943,4.349648912578752,4.1429146733542535,grid_entropy,persona
944,4.349648912578752,4.0559581516151235,grid_entropy,persona
945,4.349648912578752,4.262692390839622,grid_entropy,persona
946,4.349648912578752,4.1757358691004915,grid_entropy,persona
947,4.349648912578752,4.1757358691004915,grid_entropy,persona
948,4.349648912578752,4.088779347361361,grid_entropy,persona
949,4.349648912578752,4.436605434317882,grid_entropy,persona
950,4.349648912578752,4.349648912578752,grid_entropy,persona
951,4.349648912578752,4.1429146733542535,grid_entropy,persona
952,4.349648912578752,4.1429146733542535,grid_entropy,persona
953,4.349648912578752,3.969001629875993,grid_entropy,persona
954,4.349648912578752,4.1757358691004915,grid_entropy,persona
955,4.349648912578752,4.088779347361361,grid_entropy,persona
956,4.349648912578752,4.1757358691004915,grid_entropy,persona
957,4.349648912578752,4.2626923908396215,grid_entropy,persona
958,4.349648912578752,4.1757358691004915,grid_entropy,persona
959,4.349648912578752,4.1757358691004915,grid_entropy,persona
960,4.349648912578752,4.2626923908396215,grid_entropy,persona
961,4.349648912578752,4.088779347361361,grid_entropy,persona
962,4.349648912578752,4.0559581516151235,grid_entropy,persona
963,4.349648912578752,4.088779347361361,grid_entropy,persona
964,4.349648912578752,4.1429146733542535,grid_entropy,persona
965,4.349648912578752,4.1757358691004915,grid_entropy,persona
966,4.349648912578752,3.9690016298759927,grid_entropy,persona
967,4.349648912578752,4.1757358691004915,grid_entropy,persona
968,4.349648912578752,4.1757358691004915,grid_entropy,persona
969,4.349648912578752,4.1757358691004915,grid_entropy,persona
970,4.349648912578752,4.00182282562223,grid_entropy,persona
971,4.349648912578752,4.1757358691004915,grid_entropy,persona
972,4.349648912578752,4.2626923908396215,grid_entropy,persona
973,4.349648912578752,4.00182282562223,grid_entropy,persona
974,4.349648912578752,4.229871195093383,grid_entropy,persona
975,4.349648912578752,4.00182282562223,grid_entropy,persona
976,4.349648912578752,3.882045108136862,grid_entropy,persona
977,4.349648912578752,4.2626923908396215,grid_entropy,persona
978,4.349648912578752,4.088779347361361,grid_entropy,persona
979,4.349648912578752,4.023136955868885,grid_entropy,persona
980,4.349648912578752,4.1757358691004915,grid_entropy,persona
981,4.349648912578752,4.262692390839622,grid_entropy,persona
982,4.349648912578752,4.00182282562223,grid_entropy,persona
983,4.349648912578752,4.1429146733542535,grid_entropy,persona
984,4.349648912578752,4.1757358691004915,grid_entropy,persona
985,4.349648912578752,4.436605434317882,grid_entropy,persona
986,4.349648912578752,4.1757358691004915,grid_entropy,persona
987,4.349648912578752,3.8492239123906247,grid_entropy,persona
988,4.349648912578752,4.1757358691004915,grid_entropy,persona
989,4.349648912578752,4.1429146733542535,grid_entropy,persona
990,4.349648912578752,4.1429146733542535,grid_entropy,persona
991,4.349648912578752,4.349648912578752,grid_entropy,persona
992,4.349648912578752,4.1429146733542535,grid_entropy,persona
993,4.349648912578752,4.2626923908396215,grid_entropy,persona
994,4.349648912578752,4.088779347361361,grid_entropy,persona
995,4.349648912578752,3.7622673906514943,grid_entropy,persona
996,4.349648912578752,4.262692390839622,grid_entropy,persona
997,4.349648912578752,4.262692390839622,grid_entropy,persona
998,4.349648912578752,4.1429146733542535,grid_entropy,persona
999,4.349648912578752,4.262692390839622,grid_entropy,persona
0,0.061210876161401924,0.038852390917864715,mst_dispersion,persona
1,0.061210876161401924,0.035452084107832474,mst_dispersion,persona
2,0.061210876161401924,0.036580481312491676,mst_dispersion,persona
3,0.061210876161401924,0.0368770875714042,mst_dispersion,persona
4,0.061210876161401924,0.04170476306568493,mst_dispersion,persona
5,0.061210876161401924,0.033818553794514046,mst_dispersion,persona
6,0.061210876161401924,0.03987987745891918,mst_dispersion,persona
7,0.061210876161401924,0.03628871928561817,mst_dispersion,persona
8,0.061210876161401924,0.03551970015872608,mst_dispersion,persona
9,0.061210876161401924,0.036059306426481766,mst_dispersion,persona
10,0.061210876161401924,0.03453587672927163,mst_dispersion,persona
11,0.061210876161401924,0.036314007910815155,mst_dispersion,persona
12,0.061210876161401924,0.0339717377315868,mst_dispersion,persona
13,0.061210876161401924,0.03492572903633118,mst_dispersion,persona
14,0.061210876161401924,0.03769774328578602,mst_dispersion,persona
15,0.061210876161401924,0.03570550951090726,mst_dispersion,persona
16,0.061210876161401924,0.03409808332269842,mst_dispersion,persona
17,0.061210876161401924,0.03650085492567583,mst_dispersion,persona
18,0.061210876161401924,0.03398430076512424,mst_dispersion,persona
19,0.061210876161401924,0.0360207666050304,mst_dispersion,persona
20,0.061210876161401924,0.03792844306338917,mst_dispersion,persona
21,0.061210876161401924,0.039773307063362816,mst_dispersion,persona
22,0.061210876161401924,0.03623117100108753,mst_dispersion,persona
23,0.061210876161401924,0.0408972366289659,mst_dispersion,persona
24,0.061210876161401924,0.033346845345063644,mst_dispersion,persona
25,0.061210876161401924,0.037481876936825836,mst_dispersion,persona
26,0.061210876161401924,0.04135482419620861,mst_dispersion,persona
27,0.061210876161401924,0.0344000675461509,mst_dispersion,persona
28,0.061210876161401924,0.03556515682827343,mst_dispersion,persona
29,0.061210876161401924,0.036014050245285034,mst_dispersion,persona
30,0.061210876161401924,0.04200895807959817,mst_dispersion,persona
31,0.061210876161401924,0.0395392125303095,mst_dispersion,persona
32,0.061210876161401924,0.034505031325600365,mst_dispersion,persona
33,0.061210876161401924,0.03961732170798562,mst_dispersion,persona
34,0.061210876161401924,0.03830440477891402,mst_dispersion,persona
35,0.061210876161401924,0.03841214830225164,mst_dispersion,persona
36,0.061210876161401924,0.04056563160636208,mst_dispersion,persona
37,0.061210876161401924,0.039282798767089844,mst_dispersion,persona
38,0.061210876161401924,0.03359493884173306,mst_dispersion,persona
39,0.061210876161401924,0.0391162092035467,mst_dispersion,persona
40,0.061210876161401924,0.04002451625737277,mst_dispersion,persona
41,0.061210876161401924,0.03595964475111528,mst_dispersion,persona
42,0.061210876161401924,0.040407744320956146,mst_dispersion,persona
43,0.061210876161401924,0.040207153016870674,mst_dispersion,persona
44,0.061210876161401924,0.03885133970867504,mst_dispersion,persona
45,0.061210876161401924,0.037711465900594536,mst_dispersion,persona
46,0.061210876161401924,0.037503906271674416,mst_dispersion,persona
47,0.061210876161401924,0.041131691499189896,mst_dispersion,persona
48,0.061210876161401924,0.036997415802695534,mst_dispersion,persona
49,0.061210876161401924,0.037424851547588005,mst_dispersion,persona
50,0.061210876161401924,0.03789949417114258,mst_dispersion,persona
51,0.061210876161401924,0.04035951874472878,mst_dispersion,persona
52,0.061210876161401924,0.03647659041664817,mst_dispersion,persona
53,0.061210876161401924,0.03675068508494984,mst_dispersion,persona
54,0.061210876161401924,0.03769227320497686,mst_dispersion,persona
55,0.061210876161401924,0.039360577409917656,mst_dispersion,persona
56,0.061210876161401924,0.03538264198736711,mst_dispersion,persona
57,0.061210876161401924,0.03630143404006958,mst_dispersion,persona
58,0.061210876161401924,0.03627611561255022,mst_dispersion,persona
59,0.061210876161401924,0.03615183721889149,mst_dispersion,persona
60,0.061210876161401924,0.037338012998754326,mst_dispersion,persona
61,0.061210876161401924,0.03912291201678189,mst_dispersion,persona
62,0.061210876161401924,0.036119263280521736,mst_dispersion,persona
63,0.061210876161401924,0.0368556867946278,mst_dispersion,persona
64,0.061210876161401924,0.03640329295938665,mst_dispersion,persona
65,0.061210876161401924,0.037264528599652375,mst_dispersion,persona
66,0.061210876161401924,0.03537373109297319,mst_dispersion,persona
67,0.061210876161401924,0.0390192297371951,mst_dispersion,persona
68,0.061210876161401924,0.04079349745403637,mst_dispersion,persona
69,0.061210876161401924,0.035255659710277214,mst_dispersion,persona
70,0.061210876161401924,0.03543710979548367,mst_dispersion,persona
71,0.061210876161401924,0.04036739197644321,mst_dispersion,persona
72,0.061210876161401924,0.035273169929331,mst_dispersion,persona
73,0.061210876161401924,0.038058278235522186,mst_dispersion,persona
74,0.061210876161401924,0.035678527571938255,mst_dispersion,persona
75,0.061210876161401924,0.03583796457810835,mst_dispersion,persona
76,0.061210876161401924,0.03665380044416948,mst_dispersion,persona
77,0.061210876161401924,0.03872025554830378,mst_dispersion,persona
78,0.061210876161401924,0.03515552119775252,mst_dispersion,persona
79,0.061210876161401924,0.03818266229196028,mst_dispersion,persona
80,0.061210876161401924,0.035477887500416146,mst_dispersion,persona
81,0.061210876161401924,0.03663382746956565,mst_dispersion,persona
82,0.061210876161401924,0.037831496108661995,mst_dispersion,persona
83,0.061210876161401924,0.03905237804759632,mst_dispersion,persona
84,0.061210876161401924,0.04005847464908253,mst_dispersion,persona
85,0.061210876161401924,0.038303917104547676,mst_dispersion,persona
86,0.061210876161401924,0.039207214658910576,mst_dispersion,persona
87,0.061210876161401924,0.03558710217475891,mst_dispersion,persona
88,0.061210876161401924,0.03540650010108948,mst_dispersion,persona
89,0.061210876161401924,0.040340702642094,mst_dispersion,persona
90,0.061210876161401924,0.03822570497339422,mst_dispersion,persona
91,0.061210876161401924,0.03636806390502236,mst_dispersion,persona
92,0.061210876161401924,0.04024152322248979,mst_dispersion,persona
93,0.061210876161401924,0.03703241185708479,mst_dispersion,persona
94,0.061210876161401924,0.03531048514626243,mst_dispersion,persona
95,0.061210876161401924,0.03837905688719316,mst_dispersion,persona
96,0.061210876161401924,0.035901484164324676,mst_dispersion,persona
97,0.061210876161401924,0.037753403186798096,mst_dispersion,persona
98,0.061210876161401924,0.03827380863103,mst_dispersion,persona
99,0.061210876161401924,0.03513373840938915,mst_dispersion,persona
100,0.061210876161401924,0.03781257976185192,mst_dispersion,persona
101,0.061210876161401924,0.036499944600191986,mst_dispersion,persona
102,0.061210876161401924,0.037394531748511574,mst_dispersion,persona
103,0.061210876161401924,0.03959662534973838,mst_dispersion,persona
104,0.061210876161401924,0.03689540245316245,mst_dispersion,persona
105,0.061210876161401924,0.03956961360844699,mst_dispersion,persona
106,0.061210876161401924,0.03875045613809065,mst_dispersion,persona
107,0.061210876161401924,0.04068536108190363,mst_dispersion,persona
108,0.061210876161401924,0.03645794500004162,mst_dispersion,persona
109,0.061210876161401924,0.037138180299238724,mst_dispersion,persona
110,0.061210876161401924,0.03709748658266934,mst_dispersion,persona
111,0.061210876161401924,0.03592142462730408,mst_dispersion,persona
112,0.061210876161401924,0.03438027880408547,mst_dispersion,persona
113,0.061210876161401924,0.038993743332949554,mst_dispersion,persona
114,0.061210876161401924,0.037898380648006096,mst_dispersion,persona
115,0.061210876161401924,0.03563990105282177,mst_dispersion,persona
116,0.061210876161401924,0.03908147595145486,mst_dispersion,persona
117,0.061210876161401924,0.035215811295942825,mst_dispersion,persona
118,0.061210876161401924,0.037200697443702004,mst_dispersion,persona
119,0.061210876161401924,0.03584717891433022,mst_dispersion,persona
120,0.061210876161401924,0.03790734572844072,mst_dispersion,persona
121,0.061210876161401924,0.039905315095728096,mst_dispersion,persona
122,0.061210876161401924,0.04088385809551586,mst_dispersion,persona
123,0.061210876161401924,0.03683894601735202,mst_dispersion,persona
124,0.061210876161401924,0.035771155899221245,mst_dispersion,persona
125,0.061210876161401924,0.03549470955675298,mst_dispersion,persona
126,0.061210876161401924,0.03832578659057617,mst_dispersion,persona
127,0.061210876161401924,0.03832722793925892,mst_dispersion,persona
128,0.061210876161401924,0.03837331045757641,mst_dispersion,persona
129,0.061210876161401924,0.03877977620471607,mst_dispersion,persona
130,0.061210876161401924,0.03561999581076882,mst_dispersion,persona
131,0.061210876161401924,0.036890490488572555,mst_dispersion,persona
132,0.061210876161401924,0.032854538072239266,mst_dispersion,persona
133,0.061210876161401924,0.03500473499298096,mst_dispersion,persona
134,0.061210876161401924,0.040212761272083626,mst_dispersion,persona
135,0.061210876161401924,0.03719700737433,mst_dispersion,persona
136,0.061210876161401924,0.04212046211416071,mst_dispersion,persona
137,0.061210876161401924,0.0366991866718639,mst_dispersion,persona
138,0.061210876161401924,0.03776407241821289,mst_dispersion,persona
139,0.061210876161401924,0.03771436485377225,mst_dispersion,persona
140,0.061210876161401924,0.036142189394343986,mst_dispersion,persona
141,0.061210876161401924,0.03868856213309548,mst_dispersion,persona
142,0.061210876161401924,0.033892284740101204,mst_dispersion,persona
143,0.061210876161401924,0.039060925895517525,mst_dispersion,persona
144,0.061210876161401924,0.03819047862833196,mst_dispersion,persona
145,0.061210876161401924,0.031851028854196724,mst_dispersion,persona
146,0.061210876161401924,0.04239759391004389,mst_dispersion,persona
147,0.061210876161401924,0.03424190120263533,mst_dispersion,persona
148,0.061210876161401924,0.03693246299570257,mst_dispersion,persona
149,0.061210876161401924,0.04060158133506775,mst_dispersion,persona
150,0.061210876161401924,0.038535055789080536,mst_dispersion,persona
151,0.061210876161401924,0.03529372811317444,mst_dispersion,persona
152,0.061210876161401924,0.038165100596167824,mst_dispersion,persona
153,0.061210876161401924,0.03756141120737249,mst_dispersion,persona
154,0.061210876161401924,0.03914934667673978,mst_dispersion,persona
155,0.061210876161401924,0.036501811309294266,mst_dispersion,persona
156,0.061210876161401924,0.03437569737434387,mst_dispersion,persona
157,0.061210876161401924,0.03992911902340976,mst_dispersion,persona
158,0.061210876161401924,0.03615143353288824,mst_dispersion,persona
159,0.061210876161401924,0.036542515863071785,mst_dispersion,persona
160,0.061210876161401924,0.03788005221973766,mst_dispersion,persona
161,0.061210876161401924,0.03516610373150219,mst_dispersion,persona
162,0.061210876161401924,0.036093340678648514,mst_dispersion,persona
163,0.061210876161401924,0.03510763157497753,mst_dispersion,persona
164,0.061210876161401924,0.03925434025851163,mst_dispersion,persona
165,0.061210876161401924,0.034030743620612404,mst_dispersion,persona
166,0.061210876161401924,0.037395377050746574,mst_dispersion,persona
167,0.061210876161401924,0.04143603552471508,mst_dispersion,persona
168,0.061210876161401924,0.03968710249120539,mst_dispersion,persona
169,0.061210876161401924,0.0389201126315377,mst_dispersion,persona
170,0.061210876161401924,0.0361326743255962,mst_dispersion,persona
171,0.061210876161401924,0.04117935083129189,mst_dispersion,persona
172,0.061210876161401924,0.039408759637312454,mst_dispersion,persona
173,0.061210876161401924,0.03390217911113392,mst_dispersion,persona
174,0.061210876161401924,0.03708678483963013,mst_dispersion,persona
175,0.061210876161401924,0.03589377078143033,mst_dispersion,persona
176,0.061210876161401924,0.03458621285178445,mst_dispersion,persona
177,0.061210876161401924,0.035756791179830376,mst_dispersion,persona
178,0.061210876161401924,0.03949239308183843,mst_dispersion,persona
179,0.061210876161401924,0.03501056812026284,mst_dispersion,persona
180,0.061210876161401924,0.03779877044937827,mst_dispersion,persona
181,0.061210876161401924,0.03755491701039401,mst_dispersion,persona
182,0.061210876161401924,0.03728068687699058,mst_dispersion,persona
183,0.061210876161401924,0.036604309623891655,mst_dispersion,persona
184,0.061210876161401924,0.038904631679708306,mst_dispersion,persona
185,0.061210876161401924,0.03649072755466808,mst_dispersion,persona
186,0.061210876161401924,0.03955072435465726,mst_dispersion,persona
187,0.061210876161401924,0.036735003644769844,mst_dispersion,persona
188,0.061210876161401924,0.03547179698944092,mst_dispersion,persona
189,0.061210876161401924,0.037047792564738884,mst_dispersion,persona
190,0.061210876161401924,0.03912469202821905,mst_dispersion,persona
191,0.061210876161401924,0.04109943996776234,mst_dispersion,persona
192,0.061210876161401924,0.039535210891203446,mst_dispersion,persona
193,0.061210876161401924,0.03293029015714472,mst_dispersion,persona
194,0.061210876161401924,0.036909282207489014,mst_dispersion,persona
195,0.061210876161401924,0.03510727394710888,mst_dispersion,persona
196,0.061210876161401924,0.04054535248062827,mst_dispersion,persona
197,0.061210876161401924,0.041370562531731346,mst_dispersion,persona
198,0.061210876161401924,0.03808368607000871,mst_dispersion,persona
199,0.061210876161401924,0.03587216680700129,mst_dispersion,persona
200,0.061210876161401924,0.037828575481068,mst_dispersion,persona
201,0.061210876161401924,0.036889712918888436,mst_dispersion,persona
202,0.061210876161401924,0.03901396014473655,mst_dispersion,persona
203,0.061210876161401924,0.036069626157934014,mst_dispersion,persona
204,0.061210876161401924,0.033847405151887375,mst_dispersion,persona
205,0.061210876161401924,0.036467874592000786,mst_dispersion,persona
206,0.061210876161401924,0.03938231143084439,mst_dispersion,persona
207,0.061210876161401924,0.036516530947251755,mst_dispersion,persona
208,0.061210876161401924,0.03846333785490556,mst_dispersion,persona
209,0.061210876161401924,0.03610125454989346,mst_dispersion,persona
210,0.061210876161401924,0.041836711493405426,mst_dispersion,persona
211,0.061210876161401924,0.03521817922592163,mst_dispersion,persona
212,0.061210876161401924,0.03872825611721386,mst_dispersion,persona
213,0.061210876161401924,0.037532334977930244,mst_dispersion,persona
214,0.061210876161401924,0.03661499240181663,mst_dispersion,persona
215,0.061210876161401924,0.03812944347208196,mst_dispersion,persona
216,0.061210876161401924,0.033725960688157516,mst_dispersion,persona
217,0.061210876161401924,0.03830121593041853,mst_dispersion,persona
218,0.061210876161401924,0.03884879296476191,mst_dispersion,persona
219,0.061210876161401924,0.03794738921252164,mst_dispersion,persona
220,0.061210876161401924,0.03617137670516968,mst_dispersion,persona
221,0.061210876161401924,0.03423705155199224,mst_dispersion,persona
222,0.061210876161401924,0.036563672802665016,mst_dispersion,persona
223,0.061210876161401924,0.033556092869151725,mst_dispersion,persona
224,0.061210876161401924,0.03724117983471264,mst_dispersion,persona
225,0.061210876161401924,0.03922398794781078,mst_dispersion,persona
226,0.061210876161401924,0.03601491722193631,mst_dispersion,persona
227,0.061210876161401924,0.03596862066875805,mst_dispersion,persona
228,0.061210876161401924,0.03410224210132252,mst_dispersion,persona
229,0.061210876161401924,0.03744690255685286,mst_dispersion,persona
230,0.061210876161401924,0.03847762671383945,mst_dispersion,persona
231,0.061210876161401924,0.03647281635891308,mst_dispersion,persona
232,0.061210876161401924,0.039618256417187775,mst_dispersion,persona
233,0.061210876161401924,0.035591317848725754,mst_dispersion,persona
234,0.061210876161401924,0.0355000224980441,mst_dispersion,persona
235,0.061210876161401924,0.039922573349692604,mst_dispersion,persona
236,0.061210876161401924,0.03908449953252619,mst_dispersion,persona
237,0.061210876161401924,0.03820330175486478,mst_dispersion,persona
238,0.061210876161401924,0.03866275332190774,mst_dispersion,persona
239,0.061210876161401924,0.03411757675084201,mst_dispersion,persona
240,0.061210876161401924,0.038442977450110695,mst_dispersion,persona
241,0.061210876161401924,0.034524551846764305,mst_dispersion,persona
242,0.061210876161401924,0.03844224864786321,mst_dispersion,persona
243,0.061210876161401924,0.038343191146850586,mst_dispersion,persona
244,0.061210876161401924,0.04037573120810769,mst_dispersion,persona
245,0.061210876161401924,0.039860565554011955,mst_dispersion,persona
246,0.061210876161401924,0.04051014510068027,mst_dispersion,persona
247,0.061210876161401924,0.036779046058654785,mst_dispersion,persona
248,0.061210876161401924,0.03727360476147045,mst_dispersion,persona
249,0.061210876161401924,0.03470831567590887,mst_dispersion,persona
250,0.061210876161401924,0.03854162855581804,mst_dispersion,persona
251,0.061210876161401924,0.03466959162191911,mst_dispersion,persona
252,0.061210876161401924,0.036835854703729805,mst_dispersion,persona
253,0.061210876161401924,0.03761850974776528,mst_dispersion,persona
254,0.061210876161401924,0.03471051562916149,mst_dispersion,persona
255,0.061210876161401924,0.03707197037610141,mst_dispersion,persona
256,0.061210876161401924,0.03492659601298245,mst_dispersion,persona
257,0.061210876161401924,0.03652417117899114,mst_dispersion,persona
258,0.061210876161401924,0.03633592616428028,mst_dispersion,persona
259,0.061210876161401924,0.037957511164925316,mst_dispersion,persona
260,0.061210876161401924,0.03604752638123252,mst_dispersion,persona
261,0.061210876161401924,0.035638811913403595,mst_dispersion,persona
262,0.061210876161401924,0.03563979809934443,mst_dispersion,persona
263,0.061210876161401924,0.038227365775541824,mst_dispersion,persona
264,0.061210876161401924,0.03696320273659446,mst_dispersion,persona
265,0.061210876161401924,0.04187094894322482,mst_dispersion,persona
266,0.061210876161401924,0.03533701192248951,mst_dispersion,persona
267,0.061210876161401924,0.03751307184045965,mst_dispersion,persona
268,0.061210876161401924,0.03919041156768799,mst_dispersion,persona
269,0.061210876161401924,0.038839337500658905,mst_dispersion,persona
270,0.061210876161401924,0.03591938994147561,mst_dispersion,persona
271,0.061210876161401924,0.036897380243648185,mst_dispersion,persona
272,0.061210876161401924,0.043076498941941696,mst_dispersion,persona
273,0.061210876161401924,0.034763084216551346,mst_dispersion,persona
274,0.061210876161401924,0.03887683695012873,mst_dispersion,persona
275,0.061210876161401924,0.03659794276410883,mst_dispersion,persona
276,0.061210876161401924,0.03986523368141868,mst_dispersion,persona
277,0.061210876161401924,0.03530427271669561,mst_dispersion,persona
278,0.061210876161401924,0.03395666859366677,mst_dispersion,persona
279,0.061210876161401924,0.039653184739026154,mst_dispersion,persona
280,0.061210876161401924,0.03707161545753479,mst_dispersion,persona
281,0.061210876161401924,0.038044363260269165,mst_dispersion,persona
282,0.061210876161401924,0.03323222561316057,mst_dispersion,persona
283,0.061210876161401924,0.03663584860888394,mst_dispersion,persona
284,0.061210876161401924,0.03565764156254855,mst_dispersion,persona
285,0.061210876161401924,0.03793607516722246,mst_dispersion,persona
286,0.061210876161401924,0.03797002814032815,mst_dispersion,persona
287,0.061210876161401924,0.03601552952419628,mst_dispersion,persona
288,0.061210876161401924,0.03427536921067671,mst_dispersion,persona
289,0.061210876161401924,0.035828249021009964,mst_dispersion,persona
290,0.061210876161401924,0.0396473380652341,mst_dispersion,persona
291,0.061210876161401924,0.04019075632095337,mst_dispersion,persona
292,0.061210876161401924,0.03383060747926885,mst_dispersion,persona
293,0.061210876161401924,0.03916869109327143,mst_dispersion,persona
294,0.061210876161401924,0.03536071560599587,mst_dispersion,persona
295,0.061210876161401924,0.039687430316751655,mst_dispersion,persona
296,0.061210876161401924,0.03880576653914018,mst_dispersion,persona
297,0.061210876161401924,0.03479086269031872,mst_dispersion,persona
298,0.061210876161401924,0.037822016260840675,mst_dispersion,persona
299,0.061210876161401924,0.03783689303831621,mst_dispersion,persona
300,0.061210876161401924,0.037732926282015716,mst_dispersion,persona
301,0.061210876161401924,0.04031759229573337,mst_dispersion,persona
302,0.061210876161401924,0.03713313828815113,mst_dispersion,persona
303,0.061210876161401924,0.03427645835009488,mst_dispersion,persona
304,0.061210876161401924,0.04176478494297375,mst_dispersion,persona
305,0.061210876161401924,0.03805246136405251,mst_dispersion,persona
306,0.061210876161401924,0.038452711972323333,mst_dispersion,persona
307,0.061210876161401924,0.037761506709185516,mst_dispersion,persona
308,0.061210876161401924,0.037853371013294564,mst_dispersion,persona
309,0.061210876161401924,0.038852304220199585,mst_dispersion,persona
310,0.061210876161401924,0.03741263530471108,mst_dispersion,persona
311,0.061210876161401924,0.037329343232241546,mst_dispersion,persona
312,0.061210876161401924,0.03851904652335427,mst_dispersion,persona
313,0.061210876161401924,0.03306426785208962,mst_dispersion,persona
314,0.061210876161401924,0.0374274958263744,mst_dispersion,persona
315,0.061210876161401924,0.034791949120434845,mst_dispersion,persona
316,0.061210876161401924,0.03281332416967912,mst_dispersion,persona
317,0.061210876161401924,0.039920316501097244,mst_dispersion,persona
318,0.061210876161401924,0.038107877427881416,mst_dispersion,persona
319,0.061210876161401924,0.03858742117881775,mst_dispersion,persona
320,0.061210876161401924,0.03731638193130493,mst_dispersion,persona
321,0.061210876161401924,0.04076554016633467,mst_dispersion,persona
322,0.061210876161401924,0.03921406648375771,mst_dispersion,persona
323,0.061210876161401924,0.03657171401110562,mst_dispersion,persona
324,0.061210876161401924,0.03715220093727112,mst_dispersion,persona
325,0.061210876161401924,0.039356318387118255,mst_dispersion,persona
326,0.061210876161401924,0.0348124775019559,mst_dispersion,persona
327,0.061210876161401924,0.035771210085261955,mst_dispersion,persona
328,0.061210876161401924,0.03717959469014948,mst_dispersion,persona
329,0.061210876161401924,0.03769871863451871,mst_dispersion,persona
330,0.061210876161401924,0.03277395530180498,mst_dispersion,persona
331,0.061210876161401924,0.035899728536605835,mst_dispersion,persona
332,0.061210876161401924,0.041043739427219735,mst_dispersion,persona
333,0.061210876161401924,0.03992270068688826,mst_dispersion,persona
334,0.061210876161401924,0.041477877985347404,mst_dispersion,persona
335,0.061210876161401924,0.0361181226643649,mst_dispersion,persona
336,0.061210876161401924,0.041024124080484566,mst_dispersion,persona
337,0.061210876161401924,0.03844111886891452,mst_dispersion,persona
338,0.061210876161401924,0.0355945039879192,mst_dispersion,persona
339,0.061210876161401924,0.036100265654650604,mst_dispersion,persona
340,0.061210876161401924,0.03406943787227978,mst_dispersion,persona
341,0.061210876161401924,0.038279173049059784,mst_dispersion,persona
342,0.061210876161401924,0.03508290106599981,mst_dispersion,persona
343,0.061210876161401924,0.03786424886096607,mst_dispersion,persona
344,0.061210876161401924,0.038682433691891754,mst_dispersion,persona
345,0.061210876161401924,0.033717185258865356,mst_dispersion,persona
346,0.061210876161401924,0.03756469488143921,mst_dispersion,persona
347,0.061210876161401924,0.04045485908334905,mst_dispersion,persona
348,0.061210876161401924,0.034803620793602684,mst_dispersion,persona
349,0.061210876161401924,0.03564349900592457,mst_dispersion,persona
350,0.061210876161401924,0.0374527627771551,mst_dispersion,persona
351,0.061210876161401924,0.042388707399368286,mst_dispersion,persona
352,0.061210876161401924,0.037619609724391594,mst_dispersion,persona
353,0.061210876161401924,0.03796496716412631,mst_dispersion,persona
354,0.061210876161401924,0.03880671750415455,mst_dispersion,persona
355,0.061210876161401924,0.035634905099868774,mst_dispersion,persona
356,0.061210876161401924,0.03843199123035778,mst_dispersion,persona
357,0.061210876161401924,0.03938574953512712,mst_dispersion,persona
358,0.061210876161401924,0.03954929655248469,mst_dispersion,persona
359,0.061210876161401924,0.034381511536511505,mst_dispersion,persona
360,0.061210876161401924,0.038179687478325584,mst_dispersion,persona
361,0.061210876161401924,0.03833855553106828,mst_dispersion,persona
362,0.061210876161401924,0.03451234373179349,mst_dispersion,persona
363,0.061210876161401924,0.0334259650923989,mst_dispersion,persona
364,0.061210876161401924,0.03466727516867898,mst_dispersion,persona
365,0.061210876161401924,0.03565678000450134,mst_dispersion,persona
366,0.061210876161401924,0.03599967739798806,mst_dispersion,persona
367,0.061210876161401924,0.03842296383597634,mst_dispersion,persona
368,0.061210876161401924,0.03514822233806957,mst_dispersion,persona
369,0.061210876161401924,0.037801943042061546,mst_dispersion,persona
370,0.061210876161401924,0.03610780564221469,mst_dispersion,persona
371,0.061210876161401924,0.03802477229725231,mst_dispersion,persona
372,0.061210876161401924,0.03815380551598289,mst_dispersion,persona
373,0.061210876161401924,0.03759704936634411,mst_dispersion,persona
374,0.061210876161401924,0.03881124203855341,mst_dispersion,persona
375,0.061210876161401924,0.03950880874286999,mst_dispersion,persona
376,0.061210876161401924,0.03921150077473034,mst_dispersion,persona
377,0.061210876161401924,0.03937375545501709,mst_dispersion,persona
378,0.061210876161401924,0.036848198283802376,mst_dispersion,persona
379,0.061210876161401924,0.036073825576088646,mst_dispersion,persona
380,0.061210876161401924,0.03531495278531855,mst_dispersion,persona
381,0.061210876161401924,0.03991748798977245,mst_dispersion,persona
382,0.061210876161401924,0.03677947412837635,mst_dispersion,persona
383,0.061210876161401924,0.033544583754106,mst_dispersion,persona
384,0.061210876161401924,0.03979776935143904,mst_dispersion,persona
385,0.061210876161401924,0.03770105134357105,mst_dispersion,persona
386,0.061210876161401924,0.036954690109599724,mst_dispersion,persona
387,0.061210876161401924,0.03605882146141746,mst_dispersion,persona
388,0.061210876161401924,0.037859943780032074,mst_dispersion,persona
389,0.061210876161401924,0.039731773463162506,mst_dispersion,persona
390,0.061210876161401924,0.03804211183027788,mst_dispersion,persona
391,0.061210876161401924,0.03572936762462963,mst_dispersion,persona
392,0.061210876161401924,0.035871836272152985,mst_dispersion,persona
393,0.061210876161401924,0.03720340403643521,mst_dispersion,persona
394,0.061210876161401924,0.03651774742386558,mst_dispersion,persona
395,0.061210876161401924,0.040434842759912666,mst_dispersion,persona
396,0.061210876161401924,0.03650606220418757,mst_dispersion,persona
397,0.061210876161401924,0.03329256989739158,mst_dispersion,persona
398,0.061210876161401924,0.036450526931069115,mst_dispersion,persona
399,0.061210876161401924,0.03735881772908298,mst_dispersion,persona
400,0.061210876161401924,0.0371680503541773,mst_dispersion,persona
401,0.061210876161401924,0.03871502388607372,mst_dispersion,persona
402,0.061210876161401924,0.03652706200426275,mst_dispersion,persona
403,0.061210876161401924,0.03611802783879367,mst_dispersion,persona
404,0.061210876161401924,0.038187874989076095,mst_dispersion,persona
405,0.061210876161401924,0.03864129835909063,mst_dispersion,persona
406,0.061210876161401924,0.03629572012207725,mst_dispersion,persona
407,0.061210876161401924,0.03636740283532576,mst_dispersion,persona
408,0.061210876161401924,0.03390538692474365,mst_dispersion,persona
409,0.061210876161401924,0.034535128961909904,mst_dispersion,persona
410,0.061210876161401924,0.033567610112103546,mst_dispersion,persona
411,0.061210876161401924,0.03813052177429199,mst_dispersion,persona
412,0.061210876161401924,0.03752017021179199,mst_dispersion,persona
413,0.061210876161401924,0.0369779575954784,mst_dispersion,persona
414,0.061210876161401924,0.036291721192273224,mst_dispersion,persona
415,0.061210876161401924,0.0356581834229556,mst_dispersion,persona
416,0.061210876161401924,0.036730576645244255,mst_dispersion,persona
417,0.061210876161401924,0.03903299028223211,mst_dispersion,persona
418,0.061210876161401924,0.034390961582010444,mst_dispersion,persona
419,0.061210876161401924,0.03377528353170915,mst_dispersion,persona
420,0.061210876161401924,0.04022733460773121,mst_dispersion,persona
421,0.061210876161401924,0.038262096318331634,mst_dispersion,persona
422,0.061210876161401924,0.036152490160681984,mst_dispersion,persona
423,0.061210876161401924,0.035759787667881356,mst_dispersion,persona
424,0.061210876161401924,0.03818498416380449,mst_dispersion,persona
425,0.061210876161401924,0.036043576218865135,mst_dispersion,persona
426,0.061210876161401924,0.0380110117522153,mst_dispersion,persona
427,0.061210876161401924,0.03794626214287498,mst_dispersion,persona
428,0.061210876161401924,0.03664287653836337,mst_dispersion,persona
429,0.061210876161401924,0.038212277672507546,mst_dispersion,persona
430,0.061210876161401924,0.04149597070433877,mst_dispersion,persona
431,0.061210876161401924,0.03844426707787947,mst_dispersion,persona
432,0.061210876161401924,0.0374719500541687,mst_dispersion,persona
433,0.061210876161401924,0.033795332366769966,mst_dispersion,persona
434,0.061210876161401924,0.03588174689899792,mst_dispersion,persona
435,0.061210876161401924,0.04017342762513594,mst_dispersion,persona
436,0.061210876161401924,0.03844145211306485,mst_dispersion,persona
437,0.061210876161401924,0.03729449889876626,mst_dispersion,persona
438,0.061210876161401924,0.037779090079394256,mst_dispersion,persona
439,0.061210876161401924,0.036853169853037056,mst_dispersion,persona
440,0.061210876161401924,0.038136422634124756,mst_dispersion,persona
441,0.061210876161401924,0.03568649833852595,mst_dispersion,persona
442,0.061210876161401924,0.03894830562851646,mst_dispersion,persona
443,0.061210876161401924,0.03672945228489963,mst_dispersion,persona
444,0.061210876161401924,0.04021021994677457,mst_dispersion,persona
445,0.061210876161401924,0.03566818345676769,mst_dispersion,persona
446,0.061210876161401924,0.03558078950101679,mst_dispersion,persona
447,0.061210876161401924,0.03635729442943226,mst_dispersion,persona
448,0.061210876161401924,0.03669430450959639,mst_dispersion,persona
449,0.061210876161401924,0.03627736460078846,mst_dispersion,persona
450,0.061210876161401924,0.036304557865316216,mst_dispersion,persona
451,0.061210876161401924,0.038031022657047615,mst_dispersion,persona
452,0.061210876161401924,0.03567309271205555,mst_dispersion,persona
453,0.061210876161401924,0.03724016926505349,mst_dispersion,persona
454,0.061210876161401924,0.037902704694054344,mst_dispersion,persona
455,0.061210876161401924,0.03866951032118364,mst_dispersion,persona
456,0.061210876161401924,0.03610292889855125,mst_dispersion,persona
457,0.061210876161401924,0.03652634132992138,mst_dispersion,persona
458,0.061210876161401924,0.03864513744007458,mst_dispersion,persona
459,0.061210876161401924,0.03989424217831005,mst_dispersion,persona
460,0.061210876161401924,0.04000363024798306,mst_dispersion,persona
461,0.061210876161401924,0.03997774015773426,mst_dispersion,persona
462,0.061210876161401924,0.036417297341606834,mst_dispersion,persona
463,0.061210876161401924,0.03929871320724487,mst_dispersion,persona
464,0.061210876161401924,0.03936048529364846,mst_dispersion,persona
465,0.061210876161401924,0.03638643297282132,mst_dispersion,persona
466,0.061210876161401924,0.03737092289057645,mst_dispersion,persona
467,0.061210876161401924,0.03830736062743447,mst_dispersion,persona
468,0.061210876161401924,0.037407636642456055,mst_dispersion,persona
469,0.061210876161401924,0.03366509621793574,mst_dispersion,persona
470,0.061210876161401924,0.03749705986543135,mst_dispersion,persona
471,0.061210876161401924,0.03853388807990334,mst_dispersion,persona
472,0.061210876161401924,0.038646548986434937,mst_dispersion,persona
473,0.061210876161401924,0.03926100514151833,mst_dispersion,persona
474,0.061210876161401924,0.0384082089770924,mst_dispersion,persona
475,0.061210876161401924,0.03399720517071811,mst_dispersion,persona
476,0.061210876161401924,0.0382136350328272,mst_dispersion,persona
477,0.061210876161401924,0.03502703525803306,mst_dispersion,persona
478,0.061210876161401924,0.03994406082413413,mst_dispersion,persona
479,0.061210876161401924,0.035116209225221115,mst_dispersion,persona
480,0.061210876161401924,0.038328330625187264,mst_dispersion,persona
481,0.061210876161401924,0.04012396660718051,mst_dispersion,persona
482,0.061210876161401924,0.0446585552258925,mst_dispersion,persona
483,0.061210876161401924,0.03756450793959878,mst_dispersion,persona
484,0.061210876161401924,0.038368821144104004,mst_dispersion,persona
485,0.061210876161401924,0.03502280061895197,mst_dispersion,persona
486,0.061210876161401924,0.030857235193252563,mst_dispersion,persona
487,0.061210876161401924,0.0339531654661352,mst_dispersion,persona
488,0.061210876161401924,0.03664083101532676,mst_dispersion,persona
489,0.061210876161401924,0.039992083202708854,mst_dispersion,persona
490,0.061210876161401924,0.03721404617482966,mst_dispersion,persona
491,0.061210876161401924,0.03840485215187073,mst_dispersion,persona
492,0.061210876161401924,0.03631514310836792,mst_dispersion,persona
493,0.061210876161401924,0.03824481097134677,mst_dispersion,persona
494,0.061210876161401924,0.04122968153520064,mst_dispersion,persona
495,0.061210876161401924,0.03754055229100314,mst_dispersion,persona
496,0.061210876161401924,0.03582968224178661,mst_dispersion,persona
497,0.061210876161401924,0.036935223774476486,mst_dispersion,persona
498,0.061210876161401924,0.03823957389051264,mst_dispersion,persona
499,0.061210876161401924,0.03394460407170383,mst_dispersion,persona
500,0.061210876161401924,0.041261694648049095,mst_dispersion,persona
501,0.061210876161401924,0.038024203343824906,mst_dispersion,persona
502,0.061210876161401924,0.036542266607284546,mst_dispersion,persona
503,0.061210876161401924,0.03726589408787814,mst_dispersion,persona
504,0.061210876161401924,0.03844768079844388,mst_dispersion,persona
505,0.061210876161401924,0.040383674881675026,mst_dispersion,persona
506,0.061210876161401924,0.03551614555445584,mst_dispersion,persona
507,0.061210876161401924,0.03541551665826277,mst_dispersion,persona
508,0.061210876161401924,0.04029967839067632,mst_dispersion,persona
509,0.061210876161401924,0.03792621059851213,mst_dispersion,persona
510,0.061210876161401924,0.03546597740866921,mst_dispersion,persona
511,0.061210876161401924,0.038793087005615234,mst_dispersion,persona
512,0.061210876161401924,0.038701043887571854,mst_dispersion,persona
513,0.061210876161401924,0.03901399536566301,mst_dispersion,persona
514,0.061210876161401924,0.04087860204956748,mst_dispersion,persona
515,0.061210876161401924,0.03379251198335127,mst_dispersion,persona
516,0.061210876161401924,0.03792642192407088,mst_dispersion,persona
517,0.061210876161401924,0.0387175895951011,mst_dispersion,persona
518,0.061210876161401924,0.03844015706669201,mst_dispersion,persona
519,0.061210876161401924,0.03467975692315535,mst_dispersion,persona
520,0.061210876161401924,0.036984283815730705,mst_dispersion,persona
521,0.061210876161401924,0.037747453559528694,mst_dispersion,persona
522,0.061210876161401924,0.039467608386820015,mst_dispersion,persona
523,0.061210876161401924,0.03424953330646862,mst_dispersion,persona
524,0.061210876161401924,0.03337843038819053,mst_dispersion,persona
525,0.061210876161401924,0.03800113905559887,mst_dispersion,persona
526,0.061210876161401924,0.03549729423089461,mst_dispersion,persona
527,0.061210876161401924,0.03775659745389765,mst_dispersion,persona
528,0.061210876161401924,0.03275189616463401,mst_dispersion,persona
529,0.061210876161401924,0.03525922515175559,mst_dispersion,persona
530,0.061210876161401924,0.03645124760541049,mst_dispersion,persona
531,0.061210876161401924,0.03886940262534402,mst_dispersion,persona
532,0.061210876161401924,0.0364363816651431,mst_dispersion,persona
533,0.061210876161401924,0.03642559322443875,mst_dispersion,persona
534,0.061210876161401924,0.03760326179591092,mst_dispersion,persona
535,0.061210876161401924,0.036261227997866546,mst_dispersion,persona
536,0.061210876161401924,0.032979374582117256,mst_dispersion,persona
537,0.061210876161401924,0.03643118793314153,mst_dispersion,persona
538,0.061210876161401924,0.037975010546770965,mst_dispersion,persona
539,0.061210876161401924,0.03471300005912781,mst_dispersion,persona
540,0.061210876161401924,0.039630188183351,mst_dispersion,persona
541,0.061210876161401924,0.03717959198084744,mst_dispersion,persona
542,0.061210876161401924,0.03262048959732056,mst_dispersion,persona
543,0.061210876161401924,0.04189643805677241,mst_dispersion,persona
544,0.061210876161401924,0.03546081618829207,mst_dispersion,persona
545,0.061210876161401924,0.03999761017886075,mst_dispersion,persona
546,0.061210876161401924,0.03489974953911521,mst_dispersion,persona
547,0.061210876161401924,0.03528761592778293,mst_dispersion,persona
548,0.061210876161401924,0.03707648407329212,mst_dispersion,persona
549,0.061210876161401924,0.03731624375690113,mst_dispersion,persona
550,0.061210876161401924,0.03614450313828208,mst_dispersion,persona
551,0.061210876161401924,0.03814516826109453,mst_dispersion,persona
552,0.061210876161401924,0.038699846376072274,mst_dispersion,persona
553,0.061210876161401924,0.03631546009670605,mst_dispersion,persona
554,0.061210876161401924,0.039591732350262726,mst_dispersion,persona
555,0.061210876161401924,0.03647192228924145,mst_dispersion,persona
556,0.061210876161401924,0.03921161727471785,mst_dispersion,persona
557,0.061210876161401924,0.03916254639625549,mst_dispersion,persona
558,0.061210876161401924,0.04014164209365845,mst_dispersion,persona
559,0.061210876161401924,0.03945717486468228,mst_dispersion,persona
560,0.061210876161401924,0.04186356880448081,mst_dispersion,persona
561,0.061210876161401924,0.034920082850889725,mst_dispersion,persona
562,0.061210876161401924,0.03922182863408869,mst_dispersion,persona
563,0.061210876161401924,0.040372604673559014,mst_dispersion,persona
564,0.061210876161401924,0.039598031477494675,mst_dispersion,persona
565,0.061210876161401924,0.03929891098629345,mst_dispersion,persona
566,0.061210876161401924,0.03702068599787625,mst_dispersion,persona
567,0.061210876161401924,0.03630399162119085,mst_dispersion,persona
568,0.061210876161401924,0.03513058749112216,mst_dispersion,persona
569,0.061210876161401924,0.034500685605135833,mst_dispersion,persona
570,0.061210876161401924,0.03491492433981462,mst_dispersion,persona
571,0.061210876161401924,0.038760621439326896,mst_dispersion,persona
572,0.061210876161401924,0.03792291879653931,mst_dispersion,persona
573,0.061210876161401924,0.034970389171080155,mst_dispersion,persona
574,0.061210876161401924,0.038633644580841064,mst_dispersion,persona
575,0.061210876161401924,0.03925143046812578,mst_dispersion,persona
576,0.061210876161401924,0.033789805390618065,mst_dispersion,persona
577,0.061210876161401924,0.035720681602304634,mst_dispersion,persona
578,0.061210876161401924,0.03810404647480358,mst_dispersion,persona
579,0.061210876161401924,0.03837308558550748,mst_dispersion,persona
580,0.061210876161401924,0.03845700350674716,mst_dispersion,persona
581,0.061210876161401924,0.037484979087656196,mst_dispersion,persona
582,0.061210876161401924,0.03302869742566889,mst_dispersion,persona
583,0.061210876161401924,0.031949097459966484,mst_dispersion,persona
584,0.061210876161401924,0.037925153970718384,mst_dispersion,persona
585,0.061210876161401924,0.03460168296640569,mst_dispersion,persona
586,0.061210876161401924,0.03601768612861633,mst_dispersion,persona
587,0.061210876161401924,0.033419633453542534,mst_dispersion,persona
588,0.061210876161401924,0.0419914343140342,mst_dispersion,persona
589,0.061210876161401924,0.03873832388357683,mst_dispersion,persona
590,0.061210876161401924,0.037387717853892936,mst_dispersion,persona
591,0.061210876161401924,0.03672914071516557,mst_dispersion,persona
592,0.061210876161401924,0.036312189969149505,mst_dispersion,persona
593,0.061210876161401924,0.03601621226830916,mst_dispersion,persona
594,0.061210876161401924,0.03677753697742115,mst_dispersion,persona
595,0.061210876161401924,0.035595414313403045,mst_dispersion,persona
596,0.061210876161401924,0.03623506426811218,mst_dispersion,persona
597,0.061210876161401924,0.037983596324920654,mst_dispersion,persona
598,0.061210876161401924,0.036180260506543244,mst_dispersion,persona
599,0.061210876161401924,0.03821570493958213,mst_dispersion,persona
600,0.061210876161401924,0.039835355498574,mst_dispersion,persona
601,0.061210876161401924,0.037385591051795265,mst_dispersion,persona
602,0.061210876161401924,0.03134790333834561,mst_dispersion,persona
603,0.061210876161401924,0.03519145196134394,mst_dispersion,persona
604,0.061210876161401924,0.03857503154061057,mst_dispersion,persona
605,0.061210876161401924,0.038433310660448944,mst_dispersion,persona
606,0.061210876161401924,0.038780055262825706,mst_dispersion,persona
607,0.061210876161401924,0.038351121273907746,mst_dispersion,persona
608,0.061210876161401924,0.03988108309832486,mst_dispersion,persona
609,0.061210876161401924,0.0380453575741161,mst_dispersion,persona
610,0.061210876161401924,0.03788711537014355,mst_dispersion,persona
611,0.061210876161401924,0.03666129166429693,mst_dispersion,persona
612,0.061210876161401924,0.036123021082444626,mst_dispersion,persona
613,0.061210876161401924,0.0403452298857949,mst_dispersion,persona
614,0.061210876161401924,0.039316017519343986,mst_dispersion,persona
615,0.061210876161401924,0.037973845546895806,mst_dispersion,persona
616,0.061210876161401924,0.04022577404975891,mst_dispersion,persona
617,0.061210876161401924,0.03870425982908769,mst_dispersion,persona
618,0.061210876161401924,0.03476058082147078,mst_dispersion,persona
619,0.061210876161401924,0.03353855013847351,mst_dispersion,persona
620,0.061210876161401924,0.03895336660471829,mst_dispersion,persona
621,0.061210876161401924,0.03621460361914201,mst_dispersion,persona
622,0.061210876161401924,0.035802735523744064,mst_dispersion,persona
623,0.061210876161401924,0.03833925724029541,mst_dispersion,persona
624,0.061210876161401924,0.03922270102934404,mst_dispersion,persona
625,0.061210876161401924,0.0371510928327387,mst_dispersion,persona
626,0.061210876161401924,0.03985932740298184,mst_dispersion,persona
627,0.061210876161401924,0.0339186895977367,mst_dispersion,persona
628,0.061210876161401924,0.03882476416501132,mst_dispersion,persona
629,0.061210876161401924,0.033755110068754715,mst_dispersion,persona
630,0.061210876161401924,0.03418091210451993,mst_dispersion,persona
631,0.061210876161401924,0.03541253371672197,mst_dispersion,persona
632,0.061210876161401924,0.03520503911105069,mst_dispersion,persona
633,0.061210876161401924,0.037289456887678665,mst_dispersion,persona
634,0.061210876161401924,0.034212185577912765,mst_dispersion,persona
635,0.061210876161401924,0.041369229555130005,mst_dispersion,persona
636,0.061210876161401924,0.03557379950176586,mst_dispersion,persona
637,0.061210876161401924,0.03362082080407576,mst_dispersion,persona
638,0.061210876161401924,0.03833798928694292,mst_dispersion,persona
639,0.061210876161401924,0.03332320126620206,mst_dispersion,persona
640,0.061210876161401924,0.03336058150638233,mst_dispersion,persona
641,0.061210876161401924,0.03791242837905884,mst_dispersion,persona
642,0.061210876161401924,0.039811570536006584,mst_dispersion,persona
643,0.061210876161401924,0.03376408327709545,mst_dispersion,persona
644,0.061210876161401924,0.04051327705383301,mst_dispersion,persona
645,0.061210876161401924,0.03961952978914434,mst_dispersion,persona
646,0.061210876161401924,0.032940842888572,mst_dispersion,persona
647,0.061210876161401924,0.03905846584926952,mst_dispersion,persona
648,0.061210876161401924,0.04099622368812561,mst_dispersion,persona
649,0.061210876161401924,0.03717178377238187,mst_dispersion,persona
650,0.061210876161401924,0.03095455061305653,mst_dispersion,persona
651,0.061210876161401924,0.038414025848562065,mst_dispersion,persona
652,0.061210876161401924,0.035671082409945404,mst_dispersion,persona
653,0.061210876161401924,0.03715302727439187,mst_dispersion,persona
654,0.061210876161401924,0.038041754202409225,mst_dispersion,persona
655,0.061210876161401924,0.035352720455689865,mst_dispersion,persona
656,0.061210876161401924,0.03573571822860024,mst_dispersion,persona
657,0.061210876161401924,0.036591662601991135,mst_dispersion,persona
658,0.061210876161401924,0.042069367387078026,mst_dispersion,persona
659,0.061210876161401924,0.038187013431028885,mst_dispersion,persona
660,0.061210876161401924,0.040029926733537155,mst_dispersion,persona
661,0.061210876161401924,0.03733510862697254,mst_dispersion,persona
662,0.061210876161401924,0.03619017926129428,mst_dispersion,persona
663,0.061210876161401924,0.04033911770040339,mst_dispersion,persona
664,0.061210876161401924,0.039986645633524116,mst_dispersion,persona
665,0.061210876161401924,0.03730566664175554,mst_dispersion,persona
666,0.061210876161401924,0.0391456430608576,mst_dispersion,persona
667,0.061210876161401924,0.03886063803326,mst_dispersion,persona
668,0.061210876161401924,0.03826519034125588,mst_dispersion,persona
669,0.061210876161401924,0.037914576855572785,mst_dispersion,persona
670,0.061210876161401924,0.037273623726584694,mst_dispersion,persona
671,0.061210876161401924,0.03843439979986711,mst_dispersion,persona
672,0.061210876161401924,0.03488009084354748,mst_dispersion,persona
673,0.061210876161401924,0.038448702205311165,mst_dispersion,persona
674,0.061210876161401924,0.039897040887312454,mst_dispersion,persona
675,0.061210876161401924,0.03581207719716159,mst_dispersion,persona
676,0.061210876161401924,0.03719722411849282,mst_dispersion,persona
677,0.061210876161401924,0.0395088791847229,mst_dispersion,persona
678,0.061210876161401924,0.03780866482041099,mst_dispersion,persona
679,0.061210876161401924,0.03807119889692827,mst_dispersion,persona
680,0.061210876161401924,0.036239466883919456,mst_dispersion,persona
681,0.061210876161401924,0.039978826587850395,mst_dispersion,persona
682,0.061210876161401924,0.03652214462106878,mst_dispersion,persona
683,0.061210876161401924,0.03587695414369756,mst_dispersion,persona
684,0.061210876161401924,0.03471230376850475,mst_dispersion,persona
685,0.061210876161401924,0.0381483408537778,mst_dispersion,persona
686,0.061210876161401924,0.033597436818209564,mst_dispersion,persona
687,0.061210876161401924,0.039724897254597054,mst_dispersion,persona
688,0.061210876161401924,0.03683107007633556,mst_dispersion,persona
689,0.061210876161401924,0.034095991741527214,mst_dispersion,persona
690,0.061210876161401924,0.035862001505765045,mst_dispersion,persona
691,0.061210876161401924,0.039580618793314155,mst_dispersion,persona
692,0.061210876161401924,0.04006791385737332,mst_dispersion,persona
693,0.061210876161401924,0.0394962646744468,mst_dispersion,persona
694,0.061210876161401924,0.03551407293839888,mst_dispersion,persona
695,0.061210876161401924,0.03752662918784402,mst_dispersion,persona
696,0.061210876161401924,0.03590056842023676,mst_dispersion,persona
697,0.061210876161401924,0.03717544945803555,mst_dispersion,persona
698,0.061210876161401924,0.03786745125597173,mst_dispersion,persona
699,0.061210876161401924,0.036627972667867485,mst_dispersion,persona
700,0.061210876161401924,0.03909727931022644,mst_dispersion,persona
701,0.061210876161401924,0.0385845655744726,mst_dispersion,persona
702,0.061210876161401924,0.03793589093468406,mst_dispersion,persona
703,0.061210876161401924,0.0377943217754364,mst_dispersion,persona
704,0.061210876161401924,0.04160803827372464,mst_dispersion,persona
705,0.061210876161401924,0.038697562434456566,mst_dispersion,persona
706,0.061210876161401924,0.036727777936241844,mst_dispersion,persona
707,0.061210876161401924,0.04044976288622076,mst_dispersion,persona
708,0.061210876161401924,0.03725877675143155,mst_dispersion,persona
709,0.061210876161401924,0.03783803907307712,mst_dispersion,persona
710,0.061210876161401924,0.039539637890729035,mst_dispersion,persona
711,0.061210876161401924,0.03654086318883029,mst_dispersion,persona
712,0.061210876161401924,0.039105724204670296,mst_dispersion,persona
713,0.061210876161401924,0.03672509030862288,mst_dispersion,persona
714,0.061210876161401924,0.0401898974722082,mst_dispersion,persona
715,0.061210876161401924,0.03887139125303789,mst_dispersion,persona
716,0.061210876161401924,0.03946991129354997,mst_dispersion,persona
717,0.061210876161401924,0.04050057584589178,mst_dispersion,persona
718,0.061210876161401924,0.03744584863836115,mst_dispersion,persona
719,0.061210876161401924,0.03360166603868658,mst_dispersion,persona
720,0.061210876161401924,0.03687969933856617,mst_dispersion,persona
721,0.061210876161401924,0.0354387028650804,mst_dispersion,persona
722,0.061210876161401924,0.036998849023472176,mst_dispersion,persona
723,0.061210876161401924,0.035979037935083565,mst_dispersion,persona
724,0.061210876161401924,0.037574692205949264,mst_dispersion,persona
725,0.061210876161401924,0.03507050600918857,mst_dispersion,persona
726,0.061210876161401924,0.03843648325313221,mst_dispersion,persona
727,0.061210876161401924,0.033265485004945236,mst_dispersion,persona
728,0.061210876161401924,0.03943797945976257,mst_dispersion,persona
729,0.061210876161401924,0.03877479108897122,mst_dispersion,persona
730,0.061210876161401924,0.03599405017766086,mst_dispersion,persona
731,0.061210876161401924,0.034281977198340675,mst_dispersion,persona
732,0.061210876161401924,0.03391232273795388,mst_dispersion,persona
733,0.061210876161401924,0.04160729863426902,mst_dispersion,persona
734,0.061210876161401924,0.034438607367602264,mst_dispersion,persona
735,0.061210876161401924,0.03793638402765447,mst_dispersion,persona
736,0.061210876161401924,0.039124922318892044,mst_dispersion,persona
737,0.061210876161401924,0.037668285044756805,mst_dispersion,persona
738,0.061210876161401924,0.0366702675819397,mst_dispersion,persona
739,0.061210876161401924,0.038022163239392365,mst_dispersion,persona
740,0.061210876161401924,0.034139998934485695,mst_dispersion,persona
741,0.061210876161401924,0.03915533423423767,mst_dispersion,persona
742,0.061210876161401924,0.039181229743090545,mst_dispersion,persona
743,0.061210876161401924,0.03491357239809903,mst_dispersion,persona
744,0.061210876161401924,0.04298346692865545,mst_dispersion,persona
745,0.061210876161401924,0.03456976467912847,mst_dispersion,persona
746,0.061210876161401924,0.038154455748471344,mst_dispersion,persona
747,0.061210876161401924,0.03431167656725103,mst_dispersion,persona
748,0.061210876161401924,0.03665257042104548,mst_dispersion,persona
749,0.061210876161401924,0.034935154698111794,mst_dispersion,persona
750,0.061210876161401924,0.03799245845187794,mst_dispersion,persona
751,0.061210876161401924,0.03681559996171431,mst_dispersion,persona
752,0.061210876161401924,0.03454731540246443,mst_dispersion,persona
753,0.061210876161401924,0.03609673814340071,mst_dispersion,persona
754,0.061210876161401924,0.04196084629405628,mst_dispersion,persona
755,0.061210876161401924,0.036123489791696724,mst_dispersion,persona
756,0.061210876161401924,0.034997067668221214,mst_dispersion,persona
757,0.061210876161401924,0.035834651101719246,mst_dispersion,persona
758,0.061210876161401924,0.04160657795992764,mst_dispersion,persona
759,0.061210876161401924,0.03629831292412498,mst_dispersion,persona
760,0.061210876161401924,0.03715698556466536,mst_dispersion,persona
761,0.061210876161401924,0.0344107449054718,mst_dispersion,persona
762,0.061210876161401924,0.03676364638588645,mst_dispersion,persona
763,0.061210876161401924,0.03835465420376171,mst_dispersion,persona
764,0.061210876161401924,0.03919285806742581,mst_dispersion,persona
765,0.061210876161401924,0.03675562143325806,mst_dispersion,persona
766,0.061210876161401924,0.040251160209829155,mst_dispersion,persona
767,0.061210876161401924,0.04213675856590271,mst_dispersion,persona
768,0.061210876161401924,0.03523968024687334,mst_dispersion,persona
769,0.061210876161401924,0.03501898321238431,mst_dispersion,persona
770,0.061210876161401924,0.03855441375212236,mst_dispersion,persona
771,0.061210876161401924,0.0383925817229531,mst_dispersion,persona
772,0.061210876161401924,0.0351092896678231,mst_dispersion,persona
773,0.061210876161401924,0.03841711445288225,mst_dispersion,persona
774,0.061210876161401924,0.04087743434039029,mst_dispersion,persona
775,0.061210876161401924,0.038609865036877716,mst_dispersion,persona
776,0.061210876161401924,0.03764380379156633,mst_dispersion,persona
777,0.061210876161401924,0.04037952423095703,mst_dispersion,persona
778,0.061210876161401924,0.038837690245021476,mst_dispersion,persona
779,0.061210876161401924,0.037432719360698356,mst_dispersion,persona
780,0.061210876161401924,0.03587037053975192,mst_dispersion,persona
781,0.061210876161401924,0.037684418938376686,mst_dispersion,persona
782,0.061210876161401924,0.03709068081595681,mst_dispersion,persona
783,0.061210876161401924,0.04084001075137745,mst_dispersion,persona
784,0.061210876161401924,0.03865061564878984,mst_dispersion,persona
785,0.061210876161401924,0.03879328478466381,mst_dispersion,persona
786,0.061210876161401924,0.04145480827851729,mst_dispersion,persona
787,0.061210876161401924,0.039505907080390236,mst_dispersion,persona
788,0.061210876161401924,0.037520852955904876,mst_dispersion,persona
789,0.061210876161401924,0.03742268139665777,mst_dispersion,persona
790,0.061210876161401924,0.03390796347097917,mst_dispersion,persona
791,0.061210876161401924,0.036560185930945656,mst_dispersion,persona
792,0.061210876161401924,0.03651589426127347,mst_dispersion,persona
793,0.061210876161401924,0.03802640600637956,mst_dispersion,persona
794,0.061210876161401924,0.040502277287569916,mst_dispersion,persona
795,0.061210876161401924,0.03887262669476596,mst_dispersion,persona
796,0.061210876161401924,0.039231145923787895,mst_dispersion,persona
797,0.061210876161401924,0.03801771456545049,mst_dispersion,persona
798,0.061210876161401924,0.03521347587758845,mst_dispersion,persona
799,0.061210876161401924,0.03477597507563504,mst_dispersion,persona
800,0.061210876161401924,0.03630448200485923,mst_dispersion,persona
801,0.061210876161401924,0.03545027429407293,mst_dispersion,persona
802,0.061210876161401924,0.03435771844603799,mst_dispersion,persona
803,0.061210876161401924,0.0388133552941409,mst_dispersion,persona
804,0.061210876161401924,0.03794077309695157,mst_dispersion,persona
805,0.061210876161401924,0.03585694594816728,mst_dispersion,persona
806,0.061210876161401924,0.03923371976072138,mst_dispersion,persona
807,0.061210876161401924,0.03553273732011968,mst_dispersion,persona
808,0.061210876161401924,0.03824892369183627,mst_dispersion,persona
809,0.061210876161401924,0.038329864090139214,mst_dispersion,persona
810,0.061210876161401924,0.03656824610450051,mst_dispersion,persona
811,0.061210876161401924,0.040215996178713714,mst_dispersion,persona
812,0.061210876161401924,0.03780334916981784,mst_dispersion,persona
813,0.061210876161401924,0.034222562204707756,mst_dispersion,persona
814,0.061210876161401924,0.03901423378424211,mst_dispersion,persona
815,0.061210876161401924,0.037610314109108665,mst_dispersion,persona
816,0.061210876161401924,0.03763740171085705,mst_dispersion,persona
817,0.061210876161401924,0.034305743195793846,mst_dispersion,persona
818,0.061210876161401924,0.035487575964494186,mst_dispersion,persona
819,0.061210876161401924,0.036296199668537484,mst_dispersion,persona
820,0.061210876161401924,0.039831613952463325,mst_dispersion,persona
821,0.061210876161401924,0.03866092183373191,mst_dispersion,persona
822,0.061210876161401924,0.03199316154826771,mst_dispersion,persona
823,0.061210876161401924,0.04280503229661421,mst_dispersion,persona
824,0.061210876161401924,0.03767556223002347,mst_dispersion,persona
825,0.061210876161401924,0.037882869893854317,mst_dispersion,persona
826,0.061210876161401924,0.0418892963366075,mst_dispersion,persona
827,0.061210876161401924,0.037970190698450264,mst_dispersion,persona
828,0.061210876161401924,0.03504253517497669,mst_dispersion,persona
829,0.061210876161401924,0.04061950607733293,mst_dispersion,persona
830,0.061210876161401924,0.03446021405133334,mst_dispersion,persona
831,0.061210876161401924,0.03601125424558466,mst_dispersion,persona
832,0.061210876161401924,0.035847520286386665,mst_dispersion,persona
833,0.061210876161401924,0.0386010543866591,mst_dispersion,persona
834,0.061210876161401924,0.0392284095287323,mst_dispersion,persona
835,0.061210876161401924,0.038139367645437065,mst_dispersion,persona
836,0.061210876161401924,0.0376231155612252,mst_dispersion,persona
837,0.061210876161401924,0.039891240271655,mst_dispersion,persona
838,0.061210876161401924,0.03548069433732466,mst_dispersion,persona
839,0.061210876161401924,0.038538304242220794,mst_dispersion,persona
840,0.061210876161401924,0.03665441274642944,mst_dispersion,persona
841,0.061210876161401924,0.03726420619271018,mst_dispersion,persona
842,0.061210876161401924,0.03597950664433566,mst_dispersion,persona
843,0.061210876161401924,0.0382249653339386,mst_dispersion,persona
844,0.061210876161401924,0.03352134877985174,mst_dispersion,persona
845,0.061210876161401924,0.04142065210775896,mst_dispersion,persona
846,0.061210876161401924,0.03730543635108254,mst_dispersion,persona
847,0.061210876161401924,0.036797155033458366,mst_dispersion,persona
848,0.061210876161401924,0.03789515386928211,mst_dispersion,persona
849,0.061210876161401924,0.03741148926995017,mst_dispersion,persona
850,0.061210876161401924,0.03641740571368824,mst_dispersion,persona
851,0.061210876161401924,0.03562371297316118,mst_dispersion,persona
852,0.061210876161401924,0.036774144931273026,mst_dispersion,persona
853,0.061210876161401924,0.03634967316280712,mst_dispersion,persona
854,0.061210876161401924,0.04157888889312744,mst_dispersion,persona
855,0.061210876161401924,0.037127286195755005,mst_dispersion,persona
856,0.061210876161401924,0.03698269345543601,mst_dispersion,persona
857,0.061210876161401924,0.04246160658923062,mst_dispersion,persona
858,0.061210876161401924,0.034576201980764214,mst_dispersion,persona
859,0.061210876161401924,0.03682746128602461,mst_dispersion,persona
860,0.061210876161401924,0.04025913910432295,mst_dispersion,persona
861,0.061210876161401924,0.036016477779908615,mst_dispersion,persona
862,0.061210876161401924,0.03550831025296992,mst_dispersion,persona
863,0.061210876161401924,0.03621137684041804,mst_dispersion,persona
864,0.061210876161401924,0.03222004121000117,mst_dispersion,persona
865,0.061210876161401924,0.034368070689114655,mst_dispersion,persona
866,0.061210876161401924,0.03557741912928494,mst_dispersion,persona
867,0.061210876161401924,0.033387688073244964,mst_dispersion,persona
868,0.061210876161401924,0.03487273779782382,mst_dispersion,persona
869,0.061210876161401924,0.03491231528195468,mst_dispersion,persona
870,0.061210876161401924,0.038481295108795166,mst_dispersion,persona
871,0.061210876161401924,0.0367898859760978,mst_dispersion,persona
872,0.061210876161401924,0.04072113199667497,mst_dispersion,persona
873,0.061210876161401924,0.03876502405513416,mst_dispersion,persona
874,0.061210876161401924,0.03940631042827259,mst_dispersion,persona
875,0.061210876161401924,0.03453800353136929,mst_dispersion,persona
876,0.061210876161401924,0.03786871379072016,mst_dispersion,persona
877,0.061210876161401924,0.034292353825135666,mst_dispersion,persona
878,0.061210876161401924,0.03572425788099116,mst_dispersion,persona
879,0.061210876161401924,0.03742532567544417,mst_dispersion,persona
880,0.061210876161401924,0.037731644782153045,mst_dispersion,persona
881,0.061210876161401924,0.03920437260107561,mst_dispersion,persona
882,0.061210876161401924,0.035166014324535026,mst_dispersion,persona
883,0.061210876161401924,0.038023309274153275,mst_dispersion,persona
884,0.061210876161401924,0.0393156192519448,mst_dispersion,persona
885,0.061210876161401924,0.03829374638470737,mst_dispersion,persona
886,0.061210876161401924,0.03837039253928445,mst_dispersion,persona
887,0.061210876161401924,0.03784906051375649,mst_dispersion,persona
888,0.061210876161401924,0.03539068590510975,mst_dispersion,persona
889,0.061210876161401924,0.036139406941153786,mst_dispersion,persona
890,0.061210876161401924,0.03700236027890986,mst_dispersion,persona
891,0.061210876161401924,0.04028711264783686,mst_dispersion,persona
892,0.061210876161401924,0.03899157589132136,mst_dispersion,persona
893,0.061210876161401924,0.035314367576078934,mst_dispersion,persona
894,0.061210876161401924,0.03734225034713745,mst_dispersion,persona
895,0.061210876161401924,0.03655747662891041,mst_dispersion,persona
896,0.061210876161401924,0.0345347984270616,mst_dispersion,persona
897,0.061210876161401924,0.03254776109348644,mst_dispersion,persona
898,0.061210876161401924,0.0389912561936812,mst_dispersion,persona
899,0.061210876161401924,0.03909716281023892,mst_dispersion,persona
900,0.061210876161401924,0.04145177115093578,mst_dispersion,persona
901,0.061210876161401924,0.036138651045885956,mst_dispersion,persona
902,0.061210876161401924,0.035657007585872307,mst_dispersion,persona
903,0.061210876161401924,0.03611405058340593,mst_dispersion,persona
904,0.061210876161401924,0.035003515807065094,mst_dispersion,persona
905,0.061210876161401924,0.03775019537318836,mst_dispersion,persona
906,0.061210876161401924,0.037238814614035866,mst_dispersion,persona
907,0.061210876161401924,0.039979750459844414,mst_dispersion,persona
908,0.061210876161401924,0.03729940544475208,mst_dispersion,persona
909,0.061210876161401924,0.03697191314263777,mst_dispersion,persona
910,0.061210876161401924,0.03590228069912304,mst_dispersion,persona
911,0.061210876161401924,0.04096147688952359,mst_dispersion,persona
912,0.061210876161401924,0.035031120885502205,mst_dispersion,persona
913,0.061210876161401924,0.03807004202495922,mst_dispersion,persona
914,0.061210876161401924,0.033069103956222534,mst_dispersion,persona
915,0.061210876161401924,0.038393529978665436,mst_dispersion,persona
916,0.061210876161401924,0.03508327224037864,mst_dispersion,persona
917,0.061210876161401924,0.03917620127851313,mst_dispersion,persona
918,0.061210876161401924,0.03281260620463978,mst_dispersion,persona
919,0.061210876161401924,0.03742014548995278,mst_dispersion,persona
920,0.061210876161401924,0.03655522248961709,mst_dispersion,persona
921,0.061210876161401924,0.0416721295226704,mst_dispersion,persona
922,0.061210876161401924,0.03778849677606062,mst_dispersion,persona
923,0.061210876161401924,0.03758310187946667,mst_dispersion,persona
924,0.061210876161401924,0.03939197280190208,mst_dispersion,persona
925,0.061210876161401924,0.03544016046957536,mst_dispersion,persona
926,0.061210876161401924,0.03660179268230091,mst_dispersion,persona
927,0.061210876161401924,0.03908985311334783,mst_dispersion,persona
928,0.061210876161401924,0.03880090063268488,mst_dispersion,persona
929,0.061210876161401924,0.038878256624395195,mst_dispersion,persona
930,0.061210876161401924,0.03582245111465454,mst_dispersion,persona
931,0.061210876161401924,0.04204152389006181,mst_dispersion,persona
932,0.061210876161401924,0.03757936575196006,mst_dispersion,persona
933,0.061210876161401924,0.03707143122499639,mst_dispersion,persona
934,0.061210876161401924,0.03468554941090671,mst_dispersion,persona
935,0.061210876161401924,0.03500749848105691,mst_dispersion,persona
936,0.061210876161401924,0.037154953588138924,mst_dispersion,persona
937,0.061210876161401924,0.037763641639189285,mst_dispersion,persona
938,0.061210876161401924,0.040111474015495995,mst_dispersion,persona
939,0.061210876161401924,0.03243570707061074,mst_dispersion,persona
940,0.061210876161401924,0.03910504146055742,mst_dispersion,persona
941,0.061210876161401924,0.038573484529148445,mst_dispersion,persona
942,0.061210876161401924,0.041238521987741646,mst_dispersion,persona
943,0.061210876161401924,0.038795763796026055,mst_dispersion,persona
944,0.061210876161401924,0.03644295714118264,mst_dispersion,persona
945,0.061210876161401924,0.03299862959168174,mst_dispersion,persona
946,0.061210876161401924,0.03856219486756758,mst_dispersion,persona
947,0.061210876161401924,0.03988547758622603,mst_dispersion,persona
948,0.061210876161401924,0.035915193232623016,mst_dispersion,persona
949,0.061210876161401924,0.04206565564328974,mst_dispersion,persona
950,0.061210876161401924,0.035855011506514115,mst_dispersion,persona
951,0.061210876161401924,0.03622617233883251,mst_dispersion,persona
952,0.061210876161401924,0.03764009746638211,mst_dispersion,persona
953,0.061210876161401924,0.03691138191656633,mst_dispersion,persona
954,0.061210876161401924,0.035739392042160034,mst_dispersion,persona
955,0.061210876161401924,0.03583537177606062,mst_dispersion,persona
956,0.061210876161401924,0.03778618574142456,mst_dispersion,persona
957,0.061210876161401924,0.04434053735299544,mst_dispersion,persona
958,0.061210876161401924,0.036764762618324974,mst_dispersion,persona
959,0.061210876161401924,0.039362173188816414,mst_dispersion,persona
960,0.061210876161401924,0.04270446842366999,mst_dispersion,persona
961,0.061210876161401924,0.037694370204752144,mst_dispersion,persona
962,0.061210876161401924,0.035334969108754936,mst_dispersion,persona
963,0.061210876161401924,0.03710763833739541,mst_dispersion,persona
964,0.061210876161401924,0.03423918919129805,mst_dispersion,persona
965,0.061210876161401924,0.0354745090007782,mst_dispersion,persona
966,0.061210876161401924,0.03651467236605557,mst_dispersion,persona
967,0.061210876161401924,0.03941206769509749,mst_dispersion,persona
968,0.061210876161401924,0.036985966292294586,mst_dispersion,persona
969,0.061210876161401924,0.039194600148634476,mst_dispersion,persona
970,0.061210876161401924,0.036718796599995,mst_dispersion,persona
971,0.061210876161401924,0.03990688920021057,mst_dispersion,persona
972,0.061210876161401924,0.03373925252394243,mst_dispersion,persona
973,0.061210876161401924,0.03499335592443293,mst_dispersion,persona
974,0.061210876161401924,0.040774372490969574,mst_dispersion,persona
975,0.061210876161401924,0.038404700430956756,mst_dispersion,persona
976,0.061210876161401924,0.03422729535536333,mst_dispersion,persona
977,0.061210876161401924,0.03713027726520191,mst_dispersion,persona
978,0.061210876161401924,0.03520124879750339,mst_dispersion,persona
979,0.061210876161401924,0.035866650668057526,mst_dispersion,persona
980,0.061210876161401924,0.035119712352752686,mst_dispersion,persona
981,0.061210876161401924,0.03811335834589871,mst_dispersion,persona
982,0.061210876161401924,0.03893067620017312,mst_dispersion,persona
983,0.061210876161401924,0.03500786152752963,mst_dispersion,persona
984,0.061210876161401924,0.03625023094090549,mst_dispersion,persona
985,0.061210876161401924,0.041574012149464,mst_dispersion,persona
986,0.061210876161401924,0.040554252537814056,mst_dispersion,persona
987,0.061210876161401924,0.039684599096124824,mst_dispersion,persona
988,0.061210876161401924,0.04067213156006553,mst_dispersion,persona
989,0.061210876161401924,0.037445060231468895,mst_dispersion,persona
990,0.061210876161401924,0.03504168445413763,mst_dispersion,persona
991,0.061210876161401924,0.03605069084600969,mst_dispersion,persona
992,0.061210876161401924,0.036453962326049805,mst_dispersion,persona
993,0.061210876161401924,0.035457042130556976,mst_dispersion,persona
994,0.061210876161401924,0.03712958097457886,mst_dispersion,persona
995,0.061210876161401924,0.0349335101517764,mst_dispersion,persona
996,0.061210876161401924,0.03400923447175459,mst_dispersion,persona
997,0.061210876161401924,0.03721161864020608,mst_dispersion,persona
998,0.061210876161401924,0.03957713463089683,mst_dispersion,persona
999,0.061210876161401924,0.036344758488915184,mst_dispersion,persona
