sample_index,bertopic_label,ai_boot_weight
0,"bla ctx, spectrum lactamase esbl, sequence types sts, coli isolates",0.0
0,"details use execution, myosin motors, nascent chain, origin life",0.391304347826087
0,"editorial emerging, author correction, g2 phase, model pd",0.002173913043478261
0,"fetal liver, stalled replication forks, pulmonary vascular, chromatin state",0.041304347826086954
0,"recent findings recent, cell multi omics, complex microbial, crispr cas based",0.0
0,"related morbidity, stage diagnosis, combination strategies, clinical intervention",0.46304347826086967
0,"role intercellular communication, testicular torsion, nanoparticle tracking analysis, mir 21 5p",0.0
0,"therapeutic strategies including, exosomes emerging, epigenetic modulation, solid cancers",0.058695652173913045
0,"transgene expression, metabolite production, study illustrates, precise genome",0.043478260869565216
0,"web science core, mean sd age, research hotspots, 28 day mortality",0.0
1,"bla ctx, spectrum lactamase esbl, sequence types sts, coli isolates",0.0
1,"details use execution, myosin motors, nascent chain, origin life",0.30434782608695654
1,"editorial emerging, author correction, g2 phase, model pd",0.0
1,"fetal liver, stalled replication forks, pulmonary vascular, chromatin state",0.07391304347826087
1,"recent findings recent, cell multi omics, complex microbial, crispr cas based",0.0
1,"related morbidity, stage diagnosis, combination strategies, clinical intervention",0.5391304347826087
1,"role intercellular communication, testicular torsion, nanoparticle tracking analysis, mir 21 5p",0.0
1,"therapeutic strategies including, exosomes emerging, epigenetic modulation, solid cancers",0.04565217391304347
1,"transgene expression, metabolite production, study illustrates, precise genome",0.03695652173913044
1,"web science core, mean sd age, research hotspots, 28 day mortality",0.0
2,"bla ctx, spectrum lactamase esbl, sequence types sts, coli isolates",0.0
2,"details use execution, myosin motors, nascent chain, origin life",0.34782608695652173
2,"editorial emerging, author correction, g2 phase, model pd",0.01956521739130435
2,"fetal liver, stalled replication forks, pulmonary vascular, chromatin state",0.06739130434782609
2,"recent findings recent, cell multi omics, complex microbial, crispr cas based",0.0
2,"related morbidity, stage diagnosis, combination strategies, clinical intervention",0.4804347826086957
2,"role intercellular communication, testicular torsion, nanoparticle tracking analysis, mir 21 5p",0.0
2,"therapeutic strategies including, exosomes emerging, epigenetic modulation, solid cancers",0.0391304347826087
2,"transgene expression, metabolite production, study illustrates, precise genome",0.04565217391304348
2,"web science core, mean sd age, research hotspots, 28 day mortality",0.0
3,"bla ctx, spectrum lactamase esbl, sequence types sts, coli isolates",0.0
3,"details use execution, myosin motors, nascent chain, origin life",0.391304347826087
3,"editorial emerging, author correction, g2 phase, model pd",0.0
3,"fetal liver, stalled replication forks, pulmonary vascular, chromatin state",0.058695652173913045
3,"recent findings recent, cell multi omics, complex microbial, crispr cas based",0.0
3,"related morbidity, stage diagnosis, combination strategies, clinical intervention",0.5043478260869565
3,"role intercellular communication, testicular torsion, nanoparticle tracking analysis, mir 21 5p",0.0
3,"therapeutic strategies including, exosomes emerging, epigenetic modulation, solid cancers",0.010869565217391304
3,"transgene expression, metabolite production, study illustrates, precise genome",0.034782608695652174
3,"web science core, mean sd age, research hotspots, 28 day mortality",0.0
4,"bla ctx, spectrum lactamase esbl, sequence types sts, coli isolates",0.0
4,"details use execution, myosin motors, nascent chain, origin life",0.34782608695652173
4,"editorial emerging, author correction, g2 phase, model pd",0.01956521739130435
4,"fetal liver, stalled replication forks, pulmonary vascular, chromatin state",0.02826086956521739
4,"recent findings recent, cell multi omics, complex microbial, crispr cas based",0.0
4,"related morbidity, stage diagnosis, combination strategies, clinical intervention",0.5043478260869566
4,"role intercellular communication, testicular torsion, nanoparticle tracking analysis, mir 21 5p",0.0
4,"therapeutic strategies including, exosomes emerging, epigenetic modulation, solid cancers",0.05434782608695652
4,"transgene expression, metabolite production, study illustrates, precise genome",0.04565217391304348
4,"web science core, mean sd age, research hotspots, 28 day mortality",0.0
5,"bla ctx, spectrum lactamase esbl, sequence types sts, coli isolates",0.0
5,"details use execution, myosin motors, nascent chain, origin life",0.21739130434782608
5,"editorial emerging, author correction, g2 phase, model pd",0.01956521739130435
5,"fetal liver, stalled replication forks, pulmonary vascular, chromatin state",0.09782608695652174
5,"recent findings recent, cell multi omics, complex microbial, crispr cas based",0.0
5,"related morbidity, stage diagnosis, combination strategies, clinical intervention",0.5304347826086956
5,"role intercellular communication, testicular torsion, nanoparticle tracking analysis, mir 21 5p",0.0
5,"therapeutic strategies including, exosomes emerging, epigenetic modulation, solid cancers",0.026086956521739136
5,"transgene expression, metabolite production, study illustrates, precise genome",0.10869565217391304
5,"web science core, mean sd age, research hotspots, 28 day mortality",0.0
6,"bla ctx, spectrum lactamase esbl, sequence types sts, coli isolates",0.0
6,"details use execution, myosin motors, nascent chain, origin life",0.34782608695652173
6,"editorial emerging, author correction, g2 phase, model pd",0.021739130434782608
6,"fetal liver, stalled replication forks, pulmonary vascular, chromatin state",0.05
6,"recent findings recent, cell multi omics, complex microbial, crispr cas based",0.0
6,"related morbidity, stage diagnosis, combination strategies, clinical intervention",0.45652173913043476
6,"role intercellular communication, testicular torsion, nanoparticle tracking analysis, mir 21 5p",0.0
6,"therapeutic strategies including, exosomes emerging, epigenetic modulation, solid cancers",0.0608695652173913
6,"transgene expression, metabolite production, study illustrates, precise genome",0.06304347826086956
6,"web science core, mean sd age, research hotspots, 28 day mortality",0.0
7,"bla ctx, spectrum lactamase esbl, sequence types sts, coli isolates",0.0
7,"details use execution, myosin motors, nascent chain, origin life",0.30434782608695654
7,"editorial emerging, author correction, g2 phase, model pd",0.0
7,"fetal liver, stalled replication forks, pulmonary vascular, chromatin state",0.06739130434782609
7,"recent findings recent, cell multi omics, complex microbial, crispr cas based",0.0
7,"related morbidity, stage diagnosis, combination strategies, clinical intervention",0.5521739130434782
7,"role intercellular communication, testicular torsion, nanoparticle tracking analysis, mir 21 5p",0.0
7,"therapeutic strategies including, exosomes emerging, epigenetic modulation, solid cancers",0.03913043478260869
7,"transgene expression, metabolite production, study illustrates, precise genome",0.03695652173913044
7,"web science core, mean sd age, research hotspots, 28 day mortality",0.0
8,"bla ctx, spectrum lactamase esbl, sequence types sts, coli isolates",0.0
8,"details use execution, myosin motors, nascent chain, origin life",0.2608695652173913
8,"editorial emerging, author correction, g2 phase, model pd",0.0
8,"fetal liver, stalled replication forks, pulmonary vascular, chromatin state",0.10434782608695654
8,"recent findings recent, cell multi omics, complex microbial, crispr cas based",0.0
8,"related morbidity, stage diagnosis, combination strategies, clinical intervention",0.5413043478260869
8,"role intercellular communication, testicular torsion, nanoparticle tracking analysis, mir 21 5p",0.0
8,"therapeutic strategies including, exosomes emerging, epigenetic modulation, solid cancers",0.0391304347826087
8,"transgene expression, metabolite production, study illustrates, precise genome",0.05434782608695652
8,"web science core, mean sd age, research hotspots, 28 day mortality",0.0
9,"bla ctx, spectrum lactamase esbl, sequence types sts, coli isolates",0.0
9,"details use execution, myosin motors, nascent chain, origin life",0.34782608695652173
9,"editorial emerging, author correction, g2 phase, model pd",0.0
9,"fetal liver, stalled replication forks, pulmonary vascular, chromatin state",0.07173913043478261
9,"recent findings recent, cell multi omics, complex microbial, crispr cas based",0.0
9,"related morbidity, stage diagnosis, combination strategies, clinical intervention",0.4782608695652174
9,"role intercellular communication, testicular torsion, nanoparticle tracking analysis, mir 21 5p",0.0
9,"therapeutic strategies including, exosomes emerging, epigenetic modulation, solid cancers",0.043478260869565216
9,"transgene expression, metabolite production, study illustrates, precise genome",0.05869565217391306
9,"web science core, mean sd age, research hotspots, 28 day mortality",0.0
10,"bla ctx, spectrum lactamase esbl, sequence types sts, coli isolates",0.0
10,"details use execution, myosin motors, nascent chain, origin life",0.34782608695652173
10,"editorial emerging, author correction, g2 phase, model pd",0.0
10,"fetal liver, stalled replication forks, pulmonary vascular, chromatin state",0.041304347826086954
10,"recent findings recent, cell multi omics, complex microbial, crispr cas based",0.0
10,"related morbidity, stage diagnosis, combination strategies, clinical intervention",0.5260869565217392
10,"role intercellular communication, testicular torsion, nanoparticle tracking analysis, mir 21 5p",0.0
10,"therapeutic strategies including, exosomes emerging, epigenetic modulation, solid cancers",0.0608695652173913
10,"transgene expression, metabolite production, study illustrates, precise genome",0.02391304347826087
10,"web science core, mean sd age, research hotspots, 28 day mortality",0.0
11,"bla ctx, spectrum lactamase esbl, sequence types sts, coli isolates",0.0
11,"details use execution, myosin motors, nascent chain, origin life",0.30434782608695654
11,"editorial emerging, author correction, g2 phase, model pd",0.002173913043478261
11,"fetal liver, stalled replication forks, pulmonary vascular, chromatin state",0.058695652173913045
11,"recent findings recent, cell multi omics, complex microbial, crispr cas based",0.0
11,"related morbidity, stage diagnosis, combination strategies, clinical intervention",0.5608695652173913
11,"role intercellular communication, testicular torsion, nanoparticle tracking analysis, mir 21 5p",0.0
11,"therapeutic strategies including, exosomes emerging, epigenetic modulation, solid cancers",0.03695652173913044
11,"transgene expression, metabolite production, study illustrates, precise genome",0.03695652173913044
11,"web science core, mean sd age, research hotspots, 28 day mortality",0.0
12,"bla ctx, spectrum lactamase esbl, sequence types sts, coli isolates",0.0
12,"details use execution, myosin motors, nascent chain, origin life",0.34782608695652173
12,"editorial emerging, author correction, g2 phase, model pd",0.0
12,"fetal liver, stalled replication forks, pulmonary vascular, chromatin state",0.0891304347826087
12,"recent findings recent, cell multi omics, complex microbial, crispr cas based",0.0
12,"related morbidity, stage diagnosis, combination strategies, clinical intervention",0.4869565217391304
12,"role intercellular communication, testicular torsion, nanoparticle tracking analysis, mir 21 5p",0.0
12,"therapeutic strategies including, exosomes emerging, epigenetic modulation, solid cancers",0.021739130434782608
12,"transgene expression, metabolite production, study illustrates, precise genome",0.054347826086956534
12,"web science core, mean sd age, research hotspots, 28 day mortality",0.0
13,"bla ctx, spectrum lactamase esbl, sequence types sts, coli isolates",0.0
13,"details use execution, myosin motors, nascent chain, origin life",0.43478260869565216
13,"editorial emerging, author correction, g2 phase, model pd",0.002173913043478261
13,"fetal liver, stalled replication forks, pulmonary vascular, chromatin state",0.06086956521739131
13,"recent findings recent, cell multi omics, complex microbial, crispr cas based",0.0
13,"related morbidity, stage diagnosis, combination strategies, clinical intervention",0.4239130434782609
13,"role intercellular communication, testicular torsion, nanoparticle tracking analysis, mir 21 5p",0.0
13,"therapeutic strategies including, exosomes emerging, epigenetic modulation, solid cancers",0.021739130434782608
13,"transgene expression, metabolite production, study illustrates, precise genome",0.05652173913043478
13,"web science core, mean sd age, research hotspots, 28 day mortality",0.0
14,"bla ctx, spectrum lactamase esbl, sequence types sts, coli isolates",0.0
14,"details use execution, myosin motors, nascent chain, origin life",0.4782608695652174
14,"editorial emerging, author correction, g2 phase, model pd",0.0
14,"fetal liver, stalled replication forks, pulmonary vascular, chromatin state",0.05217391304347827
14,"recent findings recent, cell multi omics, complex microbial, crispr cas based",0.0
14,"related morbidity, stage diagnosis, combination strategies, clinical intervention",0.37608695652173907
14,"role intercellular communication, testicular torsion, nanoparticle tracking analysis, mir 21 5p",0.0
14,"therapeutic strategies including, exosomes emerging, epigenetic modulation, solid cancers",0.043478260869565216
14,"transgene expression, metabolite production, study illustrates, precise genome",0.05
14,"web science core, mean sd age, research hotspots, 28 day mortality",0.0
15,"bla ctx, spectrum lactamase esbl, sequence types sts, coli isolates",0.0
15,"details use execution, myosin motors, nascent chain, origin life",0.2608695652173913
15,"editorial emerging, author correction, g2 phase, model pd",0.002173913043478261
15,"fetal liver, stalled replication forks, pulmonary vascular, chromatin state",0.01956521739130435
15,"recent findings recent, cell multi omics, complex microbial, crispr cas based",0.0
15,"related morbidity, stage diagnosis, combination strategies, clinical intervention",0.6304347826086957
15,"role intercellular communication, testicular torsion, nanoparticle tracking analysis, mir 21 5p",0.0
15,"therapeutic strategies including, exosomes emerging, epigenetic modulation, solid cancers",0.05652173913043478
15,"transgene expression, metabolite production, study illustrates, precise genome",0.030434782608695653
15,"web science core, mean sd age, research hotspots, 28 day mortality",0.0
16,"bla ctx, spectrum lactamase esbl, sequence types sts, coli isolates",0.0
16,"details use execution, myosin motors, nascent chain, origin life",0.2608695652173913
16,"editorial emerging, author correction, g2 phase, model pd",0.021739130434782608
16,"fetal liver, stalled replication forks, pulmonary vascular, chromatin state",0.08478260869565218
16,"recent findings recent, cell multi omics, complex microbial, crispr cas based",0.0
16,"related morbidity, stage diagnosis, combination strategies, clinical intervention",0.5347826086956521
16,"role intercellular communication, testicular torsion, nanoparticle tracking analysis, mir 21 5p",0.0
16,"therapeutic strategies including, exosomes emerging, epigenetic modulation, solid cancers",0.008695652173913044
16,"transgene expression, metabolite production, study illustrates, precise genome",0.08913043478260871
16,"web science core, mean sd age, research hotspots, 28 day mortality",0.0
17,"bla ctx, spectrum lactamase esbl, sequence types sts, coli isolates",0.0
17,"details use execution, myosin motors, nascent chain, origin life",0.2608695652173913
17,"editorial emerging, author correction, g2 phase, model pd",0.01956521739130435
17,"fetal liver, stalled replication forks, pulmonary vascular, chromatin state",0.11956521739130435
17,"recent findings recent, cell multi omics, complex microbial, crispr cas based",0.0
17,"related morbidity, stage diagnosis, combination strategies, clinical intervention",0.4760869565217391
17,"role intercellular communication, testicular torsion, nanoparticle tracking analysis, mir 21 5p",0.0
17,"therapeutic strategies including, exosomes emerging, epigenetic modulation, solid cancers",0.043478260869565216
17,"transgene expression, metabolite production, study illustrates, precise genome",0.08043478260869566
17,"web science core, mean sd age, research hotspots, 28 day mortality",0.0
18,"bla ctx, spectrum lactamase esbl, sequence types sts, coli isolates",0.0
18,"details use execution, myosin motors, nascent chain, origin life",0.30434782608695654
18,"editorial emerging, author correction, g2 phase, model pd",0.01956521739130435
18,"fetal liver, stalled replication forks, pulmonary vascular, chromatin state",0.04565217391304348
18,"recent findings recent, cell multi omics, complex microbial, crispr cas based",0.0
18,"related morbidity, stage diagnosis, combination strategies, clinical intervention",0.5347826086956521
18,"role intercellular communication, testicular torsion, nanoparticle tracking analysis, mir 21 5p",0.0
18,"therapeutic strategies including, exosomes emerging, epigenetic modulation, solid cancers",0.030434782608695653
18,"transgene expression, metabolite production, study illustrates, precise genome",0.06521739130434782
18,"web science core, mean sd age, research hotspots, 28 day mortality",0.0
19,"bla ctx, spectrum lactamase esbl, sequence types sts, coli isolates",0.0
19,"details use execution, myosin motors, nascent chain, origin life",0.2608695652173913
19,"editorial emerging, author correction, g2 phase, model pd",0.01956521739130435
19,"fetal liver, stalled replication forks, pulmonary vascular, chromatin state",0.08913043478260871
19,"recent findings recent, cell multi omics, complex microbial, crispr cas based",0.0
19,"related morbidity, stage diagnosis, combination strategies, clinical intervention",0.49565217391304334
19,"role intercellular communication, testicular torsion, nanoparticle tracking analysis, mir 21 5p",0.0
19,"therapeutic strategies including, exosomes emerging, epigenetic modulation, solid cancers",0.05652173913043478
19,"transgene expression, metabolite production, study illustrates, precise genome",0.0782608695652174
19,"web science core, mean sd age, research hotspots, 28 day mortality",0.0
20,"bla ctx, spectrum lactamase esbl, sequence types sts, coli isolates",0.0
20,"details use execution, myosin motors, nascent chain, origin life",0.43478260869565216
20,"editorial emerging, author correction, g2 phase, model pd",0.01956521739130435
20,"fetal liver, stalled replication forks, pulmonary vascular, chromatin state",0.021739130434782608
20,"recent findings recent, cell multi omics, complex microbial, crispr cas based",0.0
20,"related morbidity, stage diagnosis, combination strategies, clinical intervention",0.4434782608695652
20,"role intercellular communication, testicular torsion, nanoparticle tracking analysis, mir 21 5p",0.0
20,"therapeutic strategies including, exosomes emerging, epigenetic modulation, solid cancers",0.05217391304347826
20,"transgene expression, metabolite production, study illustrates, precise genome",0.028260869565217388
20,"web science core, mean sd age, research hotspots, 28 day mortality",0.0
21,"bla ctx, spectrum lactamase esbl, sequence types sts, coli isolates",0.0
21,"details use execution, myosin motors, nascent chain, origin life",0.391304347826087
21,"editorial emerging, author correction, g2 phase, model pd",0.002173913043478261
21,"fetal liver, stalled replication forks, pulmonary vascular, chromatin state",0.06956521739130435
21,"recent findings recent, cell multi omics, complex microbial, crispr cas based",0.0
21,"related morbidity, stage diagnosis, combination strategies, clinical intervention",0.4760869565217391
21,"role intercellular communication, testicular torsion, nanoparticle tracking analysis, mir 21 5p",0.0
21,"therapeutic strategies including, exosomes emerging, epigenetic modulation, solid cancers",0.02391304347826087
21,"transgene expression, metabolite production, study illustrates, precise genome",0.03695652173913044
21,"web science core, mean sd age, research hotspots, 28 day mortality",0.0
22,"bla ctx, spectrum lactamase esbl, sequence types sts, coli isolates",0.0
22,"details use execution, myosin motors, nascent chain, origin life",0.43478260869565216
22,"editorial emerging, author correction, g2 phase, model pd",0.0
22,"fetal liver, stalled replication forks, pulmonary vascular, chromatin state",0.06521739130434782
22,"recent findings recent, cell multi omics, complex microbial, crispr cas based",0.0
22,"related morbidity, stage diagnosis, combination strategies, clinical intervention",0.39565217391304347
22,"role intercellular communication, testicular torsion, nanoparticle tracking analysis, mir 21 5p",0.0
22,"therapeutic strategies including, exosomes emerging, epigenetic modulation, solid cancers",0.06521739130434782
22,"transgene expression, metabolite production, study illustrates, precise genome",0.0391304347826087
22,"web science core, mean sd age, research hotspots, 28 day mortality",0.0
23,"bla ctx, spectrum lactamase esbl, sequence types sts, coli isolates",0.0
23,"details use execution, myosin motors, nascent chain, origin life",0.4782608695652174
23,"editorial emerging, author correction, g2 phase, model pd",0.01956521739130435
23,"fetal liver, stalled replication forks, pulmonary vascular, chromatin state",0.02391304347826087
23,"recent findings recent, cell multi omics, complex microbial, crispr cas based",0.0
23,"related morbidity, stage diagnosis, combination strategies, clinical intervention",0.36304347826086963
23,"role intercellular communication, testicular torsion, nanoparticle tracking analysis, mir 21 5p",0.0
23,"therapeutic strategies including, exosomes emerging, epigenetic modulation, solid cancers",0.09130434782608696
23,"transgene expression, metabolite production, study illustrates, precise genome",0.023913043478260867
23,"web science core, mean sd age, research hotspots, 28 day mortality",0.0
24,"bla ctx, spectrum lactamase esbl, sequence types sts, coli isolates",0.0
24,"details use execution, myosin motors, nascent chain, origin life",0.391304347826087
24,"editorial emerging, author correction, g2 phase, model pd",0.002173913043478261
24,"fetal liver, stalled replication forks, pulmonary vascular, chromatin state",0.021739130434782608
24,"recent findings recent, cell multi omics, complex microbial, crispr cas based",0.0
24,"related morbidity, stage diagnosis, combination strategies, clinical intervention",0.46739130434782616
24,"role intercellular communication, testicular torsion, nanoparticle tracking analysis, mir 21 5p",0.0
24,"therapeutic strategies including, exosomes emerging, epigenetic modulation, solid cancers",0.09999999999999999
24,"transgene expression, metabolite production, study illustrates, precise genome",0.017391304347826087
24,"web science core, mean sd age, research hotspots, 28 day mortality",0.0
25,"bla ctx, spectrum lactamase esbl, sequence types sts, coli isolates",0.0
25,"details use execution, myosin motors, nascent chain, origin life",0.5217391304347826
25,"editorial emerging, author correction, g2 phase, model pd",0.01956521739130435
25,"fetal liver, stalled replication forks, pulmonary vascular, chromatin state",0.03260869565217391
25,"recent findings recent, cell multi omics, complex microbial, crispr cas based",0.0
25,"related morbidity, stage diagnosis, combination strategies, clinical intervention",0.34347826086956523
25,"role intercellular communication, testicular torsion, nanoparticle tracking analysis, mir 21 5p",0.0
25,"therapeutic strategies including, exosomes emerging, epigenetic modulation, solid cancers",0.043478260869565216
25,"transgene expression, metabolite production, study illustrates, precise genome",0.0391304347826087
25,"web science core, mean sd age, research hotspots, 28 day mortality",0.0
26,"bla ctx, spectrum lactamase esbl, sequence types sts, coli isolates",0.0
26,"details use execution, myosin motors, nascent chain, origin life",0.2608695652173913
26,"editorial emerging, author correction, g2 phase, model pd",0.01956521739130435
26,"fetal liver, stalled replication forks, pulmonary vascular, chromatin state",0.08260869565217392
26,"recent findings recent, cell multi omics, complex microbial, crispr cas based",0.0
26,"related morbidity, stage diagnosis, combination strategies, clinical intervention",0.5347826086956521
26,"role intercellular communication, testicular torsion, nanoparticle tracking analysis, mir 21 5p",0.0
26,"therapeutic strategies including, exosomes emerging, epigenetic modulation, solid cancers",0.0391304347826087
26,"transgene expression, metabolite production, study illustrates, precise genome",0.06304347826086958
26,"web science core, mean sd age, research hotspots, 28 day mortality",0.0
27,"bla ctx, spectrum lactamase esbl, sequence types sts, coli isolates",0.0
27,"details use execution, myosin motors, nascent chain, origin life",0.2608695652173913
27,"editorial emerging, author correction, g2 phase, model pd",0.0
27,"fetal liver, stalled replication forks, pulmonary vascular, chromatin state",0.13043478260869565
27,"recent findings recent, cell multi omics, complex microbial, crispr cas based",0.0
27,"related morbidity, stage diagnosis, combination strategies, clinical intervention",0.5043478260869565
27,"role intercellular communication, testicular torsion, nanoparticle tracking analysis, mir 21 5p",0.0
27,"therapeutic strategies including, exosomes emerging, epigenetic modulation, solid cancers",0.021739130434782608
27,"transgene expression, metabolite production, study illustrates, precise genome",0.08260869565217392
27,"web science core, mean sd age, research hotspots, 28 day mortality",0.0
28,"bla ctx, spectrum lactamase esbl, sequence types sts, coli isolates",0.0
28,"details use execution, myosin motors, nascent chain, origin life",0.30434782608695654
28,"editorial emerging, author correction, g2 phase, model pd",0.0
28,"fetal liver, stalled replication forks, pulmonary vascular, chromatin state",0.07391304347826089
28,"recent findings recent, cell multi omics, complex microbial, crispr cas based",0.0
28,"related morbidity, stage diagnosis, combination strategies, clinical intervention",0.5543478260869565
28,"role intercellular communication, testicular torsion, nanoparticle tracking analysis, mir 21 5p",0.0
28,"therapeutic strategies including, exosomes emerging, epigenetic modulation, solid cancers",0.008695652173913044
28,"transgene expression, metabolite production, study illustrates, precise genome",0.058695652173913045
28,"web science core, mean sd age, research hotspots, 28 day mortality",0.0
29,"bla ctx, spectrum lactamase esbl, sequence types sts, coli isolates",0.0
29,"details use execution, myosin motors, nascent chain, origin life",0.34782608695652173
29,"editorial emerging, author correction, g2 phase, model pd",0.0
29,"fetal liver, stalled replication forks, pulmonary vascular, chromatin state",0.08260869565217392
29,"recent findings recent, cell multi omics, complex microbial, crispr cas based",0.0
29,"related morbidity, stage diagnosis, combination strategies, clinical intervention",0.45652173913043476
29,"role intercellular communication, testicular torsion, nanoparticle tracking analysis, mir 21 5p",0.0
29,"therapeutic strategies including, exosomes emerging, epigenetic modulation, solid cancers",0.041304347826086954
29,"transgene expression, metabolite production, study illustrates, precise genome",0.07173913043478262
29,"web science core, mean sd age, research hotspots, 28 day mortality",0.0
30,"bla ctx, spectrum lactamase esbl, sequence types sts, coli isolates",0.0
30,"details use execution, myosin motors, nascent chain, origin life",0.30434782608695654
30,"editorial emerging, author correction, g2 phase, model pd",0.002173913043478261
30,"fetal liver, stalled replication forks, pulmonary vascular, chromatin state",0.08478260869565217
30,"recent findings recent, cell multi omics, complex microbial, crispr cas based",0.0
30,"related morbidity, stage diagnosis, combination strategies, clinical intervention",0.5021739130434784
30,"role intercellular communication, testicular torsion, nanoparticle tracking analysis, mir 21 5p",0.0
30,"therapeutic strategies including, exosomes emerging, epigenetic modulation, solid cancers",0.05
30,"transgene expression, metabolite production, study illustrates, precise genome",0.05652173913043478
30,"web science core, mean sd age, research hotspots, 28 day mortality",0.0
31,"bla ctx, spectrum lactamase esbl, sequence types sts, coli isolates",0.0
31,"details use execution, myosin motors, nascent chain, origin life",0.34782608695652173
31,"editorial emerging, author correction, g2 phase, model pd",0.0
31,"fetal liver, stalled replication forks, pulmonary vascular, chromatin state",0.05
31,"recent findings recent, cell multi omics, complex microbial, crispr cas based",0.0
31,"related morbidity, stage diagnosis, combination strategies, clinical intervention",0.5043478260869566
31,"role intercellular communication, testicular torsion, nanoparticle tracking analysis, mir 21 5p",0.0
31,"therapeutic strategies including, exosomes emerging, epigenetic modulation, solid cancers",0.0608695652173913
31,"transgene expression, metabolite production, study illustrates, precise genome",0.03695652173913044
31,"web science core, mean sd age, research hotspots, 28 day mortality",0.0
32,"bla ctx, spectrum lactamase esbl, sequence types sts, coli isolates",0.0
32,"details use execution, myosin motors, nascent chain, origin life",0.30434782608695654
32,"editorial emerging, author correction, g2 phase, model pd",0.021739130434782608
32,"fetal liver, stalled replication forks, pulmonary vascular, chromatin state",0.05217391304347827
32,"recent findings recent, cell multi omics, complex microbial, crispr cas based",0.0
32,"related morbidity, stage diagnosis, combination strategies, clinical intervention",0.5108695652173912
32,"role intercellular communication, testicular torsion, nanoparticle tracking analysis, mir 21 5p",0.0
32,"therapeutic strategies including, exosomes emerging, epigenetic modulation, solid cancers",0.03260869565217392
32,"transgene expression, metabolite production, study illustrates, precise genome",0.07826086956521738
32,"web science core, mean sd age, research hotspots, 28 day mortality",0.0
33,"bla ctx, spectrum lactamase esbl, sequence types sts, coli isolates",0.0
33,"details use execution, myosin motors, nascent chain, origin life",0.2608695652173913
33,"editorial emerging, author correction, g2 phase, model pd",0.0
33,"fetal liver, stalled replication forks, pulmonary vascular, chromatin state",0.09347826086956522
33,"recent findings recent, cell multi omics, complex microbial, crispr cas based",0.0
33,"related morbidity, stage diagnosis, combination strategies, clinical intervention",0.508695652173913
33,"role intercellular communication, testicular torsion, nanoparticle tracking analysis, mir 21 5p",0.0
33,"therapeutic strategies including, exosomes emerging, epigenetic modulation, solid cancers",0.08043478260869566
33,"transgene expression, metabolite production, study illustrates, precise genome",0.056521739130434796
33,"web science core, mean sd age, research hotspots, 28 day mortality",0.0
34,"bla ctx, spectrum lactamase esbl, sequence types sts, coli isolates",0.0
34,"details use execution, myosin motors, nascent chain, origin life",0.21739130434782608
34,"editorial emerging, author correction, g2 phase, model pd",0.021739130434782608
34,"fetal liver, stalled replication forks, pulmonary vascular, chromatin state",0.0391304347826087
34,"recent findings recent, cell multi omics, complex microbial, crispr cas based",0.0
34,"related morbidity, stage diagnosis, combination strategies, clinical intervention",0.6
34,"role intercellular communication, testicular torsion, nanoparticle tracking analysis, mir 21 5p",0.0
34,"therapeutic strategies including, exosomes emerging, epigenetic modulation, solid cancers",0.06086956521739131
34,"transgene expression, metabolite production, study illustrates, precise genome",0.06086956521739131
34,"web science core, mean sd age, research hotspots, 28 day mortality",0.0
35,"bla ctx, spectrum lactamase esbl, sequence types sts, coli isolates",0.0
35,"details use execution, myosin motors, nascent chain, origin life",0.17391304347826086
35,"editorial emerging, author correction, g2 phase, model pd",0.002173913043478261
35,"fetal liver, stalled replication forks, pulmonary vascular, chromatin state",0.07391304347826087
35,"recent findings recent, cell multi omics, complex microbial, crispr cas based",0.0
35,"related morbidity, stage diagnosis, combination strategies, clinical intervention",0.6652173913043478
35,"role intercellular communication, testicular torsion, nanoparticle tracking analysis, mir 21 5p",0.0
35,"therapeutic strategies including, exosomes emerging, epigenetic modulation, solid cancers",0.02391304347826087
35,"transgene expression, metabolite production, study illustrates, precise genome",0.0608695652173913
35,"web science core, mean sd age, research hotspots, 28 day mortality",0.0
36,"bla ctx, spectrum lactamase esbl, sequence types sts, coli isolates",0.0
36,"details use execution, myosin motors, nascent chain, origin life",0.34782608695652173
36,"editorial emerging, author correction, g2 phase, model pd",0.0
36,"fetal liver, stalled replication forks, pulmonary vascular, chromatin state",0.058695652173913045
36,"recent findings recent, cell multi omics, complex microbial, crispr cas based",0.0
36,"related morbidity, stage diagnosis, combination strategies, clinical intervention",0.4543478260869565
36,"role intercellular communication, testicular torsion, nanoparticle tracking analysis, mir 21 5p",0.0
36,"therapeutic strategies including, exosomes emerging, epigenetic modulation, solid cancers",0.09565217391304348
36,"transgene expression, metabolite production, study illustrates, precise genome",0.043478260869565216
36,"web science core, mean sd age, research hotspots, 28 day mortality",0.0
37,"bla ctx, spectrum lactamase esbl, sequence types sts, coli isolates",0.0
37,"details use execution, myosin motors, nascent chain, origin life",0.34782608695652173
37,"editorial emerging, author correction, g2 phase, model pd",0.01956521739130435
37,"fetal liver, stalled replication forks, pulmonary vascular, chromatin state",0.09782608695652174
37,"recent findings recent, cell multi omics, complex microbial, crispr cas based",0.0
37,"related morbidity, stage diagnosis, combination strategies, clinical intervention",0.40217391304347827
37,"role intercellular communication, testicular torsion, nanoparticle tracking analysis, mir 21 5p",0.0
37,"therapeutic strategies including, exosomes emerging, epigenetic modulation, solid cancers",0.03695652173913044
37,"transgene expression, metabolite production, study illustrates, precise genome",0.09565217391304348
37,"web science core, mean sd age, research hotspots, 28 day mortality",0.0
38,"bla ctx, spectrum lactamase esbl, sequence types sts, coli isolates",0.0
38,"details use execution, myosin motors, nascent chain, origin life",0.43478260869565216
38,"editorial emerging, author correction, g2 phase, model pd",0.01956521739130435
38,"fetal liver, stalled replication forks, pulmonary vascular, chromatin state",0.03260869565217391
38,"recent findings recent, cell multi omics, complex microbial, crispr cas based",0.0
38,"related morbidity, stage diagnosis, combination strategies, clinical intervention",0.4108695652173914
38,"role intercellular communication, testicular torsion, nanoparticle tracking analysis, mir 21 5p",0.0
38,"therapeutic strategies including, exosomes emerging, epigenetic modulation, solid cancers",0.058695652173913045
38,"transgene expression, metabolite production, study illustrates, precise genome",0.043478260869565216
38,"web science core, mean sd age, research hotspots, 28 day mortality",0.0
39,"bla ctx, spectrum lactamase esbl, sequence types sts, coli isolates",0.0
39,"details use execution, myosin motors, nascent chain, origin life",0.2608695652173913
39,"editorial emerging, author correction, g2 phase, model pd",0.002173913043478261
39,"fetal liver, stalled replication forks, pulmonary vascular, chromatin state",0.04130434782608696
39,"recent findings recent, cell multi omics, complex microbial, crispr cas based",0.0
39,"related morbidity, stage diagnosis, combination strategies, clinical intervention",0.6043478260869566
39,"role intercellular communication, testicular torsion, nanoparticle tracking analysis, mir 21 5p",0.0
39,"therapeutic strategies including, exosomes emerging, epigenetic modulation, solid cancers",0.06521739130434782
39,"transgene expression, metabolite production, study illustrates, precise genome",0.026086956521739136
39,"web science core, mean sd age, research hotspots, 28 day mortality",0.0
40,"bla ctx, spectrum lactamase esbl, sequence types sts, coli isolates",0.0
40,"details use execution, myosin motors, nascent chain, origin life",0.2608695652173913
40,"editorial emerging, author correction, g2 phase, model pd",0.002173913043478261
40,"fetal liver, stalled replication forks, pulmonary vascular, chromatin state",0.08043478260869566
40,"recent findings recent, cell multi omics, complex microbial, crispr cas based",0.0
40,"related morbidity, stage diagnosis, combination strategies, clinical intervention",0.5739130434782609
40,"role intercellular communication, testicular torsion, nanoparticle tracking analysis, mir 21 5p",0.0
40,"therapeutic strategies including, exosomes emerging, epigenetic modulation, solid cancers",0.043478260869565216
40,"transgene expression, metabolite production, study illustrates, precise genome",0.0391304347826087
40,"web science core, mean sd age, research hotspots, 28 day mortality",0.0
41,"bla ctx, spectrum lactamase esbl, sequence types sts, coli isolates",0.0
41,"details use execution, myosin motors, nascent chain, origin life",0.43478260869565216
41,"editorial emerging, author correction, g2 phase, model pd",0.002173913043478261
41,"fetal liver, stalled replication forks, pulmonary vascular, chromatin state",0.06956521739130435
41,"recent findings recent, cell multi omics, complex microbial, crispr cas based",0.0
41,"related morbidity, stage diagnosis, combination strategies, clinical intervention",0.39565217391304347
41,"role intercellular communication, testicular torsion, nanoparticle tracking analysis, mir 21 5p",0.0
41,"therapeutic strategies including, exosomes emerging, epigenetic modulation, solid cancers",0.04565217391304348
41,"transgene expression, metabolite production, study illustrates, precise genome",0.05217391304347827
41,"web science core, mean sd age, research hotspots, 28 day mortality",0.0
42,"bla ctx, spectrum lactamase esbl, sequence types sts, coli isolates",0.0
42,"details use execution, myosin motors, nascent chain, origin life",0.2608695652173913
42,"editorial emerging, author correction, g2 phase, model pd",0.002173913043478261
42,"fetal liver, stalled replication forks, pulmonary vascular, chromatin state",0.10434782608695652
42,"recent findings recent, cell multi omics, complex microbial, crispr cas based",0.0
42,"related morbidity, stage diagnosis, combination strategies, clinical intervention",0.5152173913043477
42,"role intercellular communication, testicular torsion, nanoparticle tracking analysis, mir 21 5p",0.0
42,"therapeutic strategies including, exosomes emerging, epigenetic modulation, solid cancers",0.049999999999999996
42,"transgene expression, metabolite production, study illustrates, precise genome",0.06739130434782609
42,"web science core, mean sd age, research hotspots, 28 day mortality",0.0
43,"bla ctx, spectrum lactamase esbl, sequence types sts, coli isolates",0.0
43,"details use execution, myosin motors, nascent chain, origin life",0.2608695652173913
43,"editorial emerging, author correction, g2 phase, model pd",0.021739130434782608
43,"fetal liver, stalled replication forks, pulmonary vascular, chromatin state",0.11956521739130435
43,"recent findings recent, cell multi omics, complex microbial, crispr cas based",0.0
43,"related morbidity, stage diagnosis, combination strategies, clinical intervention",0.45
43,"role intercellular communication, testicular torsion, nanoparticle tracking analysis, mir 21 5p",0.0
43,"therapeutic strategies including, exosomes emerging, epigenetic modulation, solid cancers",0.0608695652173913
43,"transgene expression, metabolite production, study illustrates, precise genome",0.08695652173913043
43,"web science core, mean sd age, research hotspots, 28 day mortality",0.0
44,"bla ctx, spectrum lactamase esbl, sequence types sts, coli isolates",0.0
44,"details use execution, myosin motors, nascent chain, origin life",0.391304347826087
44,"editorial emerging, author correction, g2 phase, model pd",0.002173913043478261
44,"fetal liver, stalled replication forks, pulmonary vascular, chromatin state",0.05434782608695652
44,"recent findings recent, cell multi omics, complex microbial, crispr cas based",0.0
44,"related morbidity, stage diagnosis, combination strategies, clinical intervention",0.4565217391304347
44,"role intercellular communication, testicular torsion, nanoparticle tracking analysis, mir 21 5p",0.0
44,"therapeutic strategies including, exosomes emerging, epigenetic modulation, solid cancers",0.0391304347826087
44,"transgene expression, metabolite production, study illustrates, precise genome",0.05652173913043478
44,"web science core, mean sd age, research hotspots, 28 day mortality",0.0
45,"bla ctx, spectrum lactamase esbl, sequence types sts, coli isolates",0.0
45,"details use execution, myosin motors, nascent chain, origin life",0.30434782608695654
45,"editorial emerging, author correction, g2 phase, model pd",0.021739130434782608
45,"fetal liver, stalled replication forks, pulmonary vascular, chromatin state",0.10217391304347827
45,"recent findings recent, cell multi omics, complex microbial, crispr cas based",0.0
45,"related morbidity, stage diagnosis, combination strategies, clinical intervention",0.46304347826086956
45,"role intercellular communication, testicular torsion, nanoparticle tracking analysis, mir 21 5p",0.0
45,"therapeutic strategies including, exosomes emerging, epigenetic modulation, solid cancers",0.006521739130434782
45,"transgene expression, metabolite production, study illustrates, precise genome",0.10217391304347824
45,"web science core, mean sd age, research hotspots, 28 day mortality",0.0
46,"bla ctx, spectrum lactamase esbl, sequence types sts, coli isolates",0.0
46,"details use execution, myosin motors, nascent chain, origin life",0.21739130434782608
46,"editorial emerging, author correction, g2 phase, model pd",0.0
46,"fetal liver, stalled replication forks, pulmonary vascular, chromatin state",0.0891304347826087
46,"recent findings recent, cell multi omics, complex microbial, crispr cas based",0.0
46,"related morbidity, stage diagnosis, combination strategies, clinical intervention",0.5847826086956521
46,"role intercellular communication, testicular torsion, nanoparticle tracking analysis, mir 21 5p",0.0
46,"therapeutic strategies including, exosomes emerging, epigenetic modulation, solid cancers",0.05652173913043478
46,"transgene expression, metabolite production, study illustrates, precise genome",0.05217391304347827
46,"web science core, mean sd age, research hotspots, 28 day mortality",0.0
47,"bla ctx, spectrum lactamase esbl, sequence types sts, coli isolates",0.0
47,"details use execution, myosin motors, nascent chain, origin life",0.2608695652173913
47,"editorial emerging, author correction, g2 phase, model pd",0.01956521739130435
47,"fetal liver, stalled replication forks, pulmonary vascular, chromatin state",0.09782608695652176
47,"recent findings recent, cell multi omics, complex microbial, crispr cas based",0.0
47,"related morbidity, stage diagnosis, combination strategies, clinical intervention",0.5347826086956521
47,"role intercellular communication, testicular torsion, nanoparticle tracking analysis, mir 21 5p",0.0
47,"therapeutic strategies including, exosomes emerging, epigenetic modulation, solid cancers",0.021739130434782615
47,"transgene expression, metabolite production, study illustrates, precise genome",0.06521739130434782
47,"web science core, mean sd age, research hotspots, 28 day mortality",0.0
48,"bla ctx, spectrum lactamase esbl, sequence types sts, coli isolates",0.0
48,"details use execution, myosin motors, nascent chain, origin life",0.30434782608695654
48,"editorial emerging, author correction, g2 phase, model pd",0.0
48,"fetal liver, stalled replication forks, pulmonary vascular, chromatin state",0.07173913043478261
48,"recent findings recent, cell multi omics, complex microbial, crispr cas based",0.0
48,"related morbidity, stage diagnosis, combination strategies, clinical intervention",0.5869565217391304
48,"role intercellular communication, testicular torsion, nanoparticle tracking analysis, mir 21 5p",0.0
48,"therapeutic strategies including, exosomes emerging, epigenetic modulation, solid cancers",0.006521739130434784
48,"transgene expression, metabolite production, study illustrates, precise genome",0.030434782608695653
48,"web science core, mean sd age, research hotspots, 28 day mortality",0.0
49,"bla ctx, spectrum lactamase esbl, sequence types sts, coli isolates",0.0
49,"details use execution, myosin motors, nascent chain, origin life",0.2608695652173913
49,"editorial emerging, author correction, g2 phase, model pd",0.01956521739130435
49,"fetal liver, stalled replication forks, pulmonary vascular, chromatin state",0.06521739130434782
49,"recent findings recent, cell multi omics, complex microbial, crispr cas based",0.0
49,"related morbidity, stage diagnosis, combination strategies, clinical intervention",0.5173913043478261
49,"role intercellular communication, testicular torsion, nanoparticle tracking analysis, mir 21 5p",0.0
49,"therapeutic strategies including, exosomes emerging, epigenetic modulation, solid cancers",0.07391304347826087
49,"transgene expression, metabolite production, study illustrates, precise genome",0.06304347826086956
49,"web science core, mean sd age, research hotspots, 28 day mortality",0.0
50,"bla ctx, spectrum lactamase esbl, sequence types sts, coli isolates",0.0
50,"details use execution, myosin motors, nascent chain, origin life",0.34782608695652173
50,"editorial emerging, author correction, g2 phase, model pd",0.0
50,"fetal liver, stalled replication forks, pulmonary vascular, chromatin state",0.05217391304347827
50,"recent findings recent, cell multi omics, complex microbial, crispr cas based",0.0
50,"related morbidity, stage diagnosis, combination strategies, clinical intervention",0.5217391304347826
50,"role intercellular communication, testicular torsion, nanoparticle tracking analysis, mir 21 5p",0.0
50,"therapeutic strategies including, exosomes emerging, epigenetic modulation, solid cancers",0.05217391304347827
50,"transgene expression, metabolite production, study illustrates, precise genome",0.026086956521739136
50,"web science core, mean sd age, research hotspots, 28 day mortality",0.0
51,"bla ctx, spectrum lactamase esbl, sequence types sts, coli isolates",0.0
51,"details use execution, myosin motors, nascent chain, origin life",0.2608695652173913
51,"editorial emerging, author correction, g2 phase, model pd",0.002173913043478261
51,"fetal liver, stalled replication forks, pulmonary vascular, chromatin state",0.08478260869565218
51,"recent findings recent, cell multi omics, complex microbial, crispr cas based",0.0
51,"related morbidity, stage diagnosis, combination strategies, clinical intervention",0.49782608695652164
51,"role intercellular communication, testicular torsion, nanoparticle tracking analysis, mir 21 5p",0.0
51,"therapeutic strategies including, exosomes emerging, epigenetic modulation, solid cancers",0.07608695652173914
51,"transgene expression, metabolite production, study illustrates, precise genome",0.07826086956521738
51,"web science core, mean sd age, research hotspots, 28 day mortality",0.0
52,"bla ctx, spectrum lactamase esbl, sequence types sts, coli isolates",0.0
52,"details use execution, myosin motors, nascent chain, origin life",0.34782608695652173
52,"editorial emerging, author correction, g2 phase, model pd",0.01956521739130435
52,"fetal liver, stalled replication forks, pulmonary vascular, chromatin state",0.08043478260869566
52,"recent findings recent, cell multi omics, complex microbial, crispr cas based",0.0
52,"related morbidity, stage diagnosis, combination strategies, clinical intervention",0.4608695652173912
52,"role intercellular communication, testicular torsion, nanoparticle tracking analysis, mir 21 5p",0.0
52,"therapeutic strategies including, exosomes emerging, epigenetic modulation, solid cancers",0.017391304347826087
52,"transgene expression, metabolite production, study illustrates, precise genome",0.07391304347826087
52,"web science core, mean sd age, research hotspots, 28 day mortality",0.0
53,"bla ctx, spectrum lactamase esbl, sequence types sts, coli isolates",0.0
53,"details use execution, myosin motors, nascent chain, origin life",0.21739130434782608
53,"editorial emerging, author correction, g2 phase, model pd",0.0
53,"fetal liver, stalled replication forks, pulmonary vascular, chromatin state",0.06086956521739131
53,"recent findings recent, cell multi omics, complex microbial, crispr cas based",0.0
53,"related morbidity, stage diagnosis, combination strategies, clinical intervention",0.6173913043478261
53,"role intercellular communication, testicular torsion, nanoparticle tracking analysis, mir 21 5p",0.0
53,"therapeutic strategies including, exosomes emerging, epigenetic modulation, solid cancers",0.05217391304347827
53,"transgene expression, metabolite production, study illustrates, precise genome",0.05217391304347827
53,"web science core, mean sd age, research hotspots, 28 day mortality",0.0
54,"bla ctx, spectrum lactamase esbl, sequence types sts, coli isolates",0.0
54,"details use execution, myosin motors, nascent chain, origin life",0.21739130434782608
54,"editorial emerging, author correction, g2 phase, model pd",0.01956521739130435
54,"fetal liver, stalled replication forks, pulmonary vascular, chromatin state",0.09347826086956522
54,"recent findings recent, cell multi omics, complex microbial, crispr cas based",0.0
54,"related morbidity, stage diagnosis, combination strategies, clinical intervention",0.5456521739130435
54,"role intercellular communication, testicular torsion, nanoparticle tracking analysis, mir 21 5p",0.0
54,"therapeutic strategies including, exosomes emerging, epigenetic modulation, solid cancers",0.041304347826086954
54,"transgene expression, metabolite production, study illustrates, precise genome",0.08260869565217391
54,"web science core, mean sd age, research hotspots, 28 day mortality",0.0
55,"bla ctx, spectrum lactamase esbl, sequence types sts, coli isolates",0.0
55,"details use execution, myosin motors, nascent chain, origin life",0.21739130434782608
55,"editorial emerging, author correction, g2 phase, model pd",0.0
55,"fetal liver, stalled replication forks, pulmonary vascular, chromatin state",0.11304347826086956
55,"recent findings recent, cell multi omics, complex microbial, crispr cas based",0.0
55,"related morbidity, stage diagnosis, combination strategies, clinical intervention",0.5695652173913043
55,"role intercellular communication, testicular torsion, nanoparticle tracking analysis, mir 21 5p",0.0
55,"therapeutic strategies including, exosomes emerging, epigenetic modulation, solid cancers",0.03260869565217391
55,"transgene expression, metabolite production, study illustrates, precise genome",0.0673913043478261
55,"web science core, mean sd age, research hotspots, 28 day mortality",0.0
56,"bla ctx, spectrum lactamase esbl, sequence types sts, coli isolates",0.0
56,"details use execution, myosin motors, nascent chain, origin life",0.34782608695652173
56,"editorial emerging, author correction, g2 phase, model pd",0.002173913043478261
56,"fetal liver, stalled replication forks, pulmonary vascular, chromatin state",0.0608695652173913
56,"recent findings recent, cell multi omics, complex microbial, crispr cas based",0.0
56,"related morbidity, stage diagnosis, combination strategies, clinical intervention",0.4739130434782608
56,"role intercellular communication, testicular torsion, nanoparticle tracking analysis, mir 21 5p",0.0
56,"therapeutic strategies including, exosomes emerging, epigenetic modulation, solid cancers",0.07391304347826087
56,"transgene expression, metabolite production, study illustrates, precise genome",0.04130434782608696
56,"web science core, mean sd age, research hotspots, 28 day mortality",0.0
57,"bla ctx, spectrum lactamase esbl, sequence types sts, coli isolates",0.0
57,"details use execution, myosin motors, nascent chain, origin life",0.5217391304347826
57,"editorial emerging, author correction, g2 phase, model pd",0.0
57,"fetal liver, stalled replication forks, pulmonary vascular, chromatin state",0.04782608695652174
57,"recent findings recent, cell multi omics, complex microbial, crispr cas based",0.0
57,"related morbidity, stage diagnosis, combination strategies, clinical intervention",0.3521739130434782
57,"role intercellular communication, testicular torsion, nanoparticle tracking analysis, mir 21 5p",0.0
57,"therapeutic strategies including, exosomes emerging, epigenetic modulation, solid cancers",0.034782608695652174
57,"transgene expression, metabolite production, study illustrates, precise genome",0.043478260869565216
57,"web science core, mean sd age, research hotspots, 28 day mortality",0.0
58,"bla ctx, spectrum lactamase esbl, sequence types sts, coli isolates",0.0
58,"details use execution, myosin motors, nascent chain, origin life",0.2608695652173913
58,"editorial emerging, author correction, g2 phase, model pd",0.01956521739130435
58,"fetal liver, stalled replication forks, pulmonary vascular, chromatin state",0.07173913043478261
58,"recent findings recent, cell multi omics, complex microbial, crispr cas based",0.0
58,"related morbidity, stage diagnosis, combination strategies, clinical intervention",0.5695652173913044
58,"role intercellular communication, testicular torsion, nanoparticle tracking analysis, mir 21 5p",0.0
58,"therapeutic strategies including, exosomes emerging, epigenetic modulation, solid cancers",0.015217391304347825
58,"transgene expression, metabolite production, study illustrates, precise genome",0.06304347826086956
58,"web science core, mean sd age, research hotspots, 28 day mortality",0.0
59,"bla ctx, spectrum lactamase esbl, sequence types sts, coli isolates",0.0
59,"details use execution, myosin motors, nascent chain, origin life",0.391304347826087
59,"editorial emerging, author correction, g2 phase, model pd",0.002173913043478261
59,"fetal liver, stalled replication forks, pulmonary vascular, chromatin state",0.05217391304347826
59,"recent findings recent, cell multi omics, complex microbial, crispr cas based",0.0
59,"related morbidity, stage diagnosis, combination strategies, clinical intervention",0.46956521739130436
59,"role intercellular communication, testicular torsion, nanoparticle tracking analysis, mir 21 5p",0.0
59,"therapeutic strategies including, exosomes emerging, epigenetic modulation, solid cancers",0.03260869565217391
59,"transgene expression, metabolite production, study illustrates, precise genome",0.05217391304347827
59,"web science core, mean sd age, research hotspots, 28 day mortality",0.0
60,"bla ctx, spectrum lactamase esbl, sequence types sts, coli isolates",0.0
60,"details use execution, myosin motors, nascent chain, origin life",0.4782608695652174
60,"editorial emerging, author correction, g2 phase, model pd",0.0
60,"fetal liver, stalled replication forks, pulmonary vascular, chromatin state",0.021739130434782608
60,"recent findings recent, cell multi omics, complex microbial, crispr cas based",0.0
60,"related morbidity, stage diagnosis, combination strategies, clinical intervention",0.417391304347826
60,"role intercellular communication, testicular torsion, nanoparticle tracking analysis, mir 21 5p",0.0
60,"therapeutic strategies including, exosomes emerging, epigenetic modulation, solid cancers",0.05217391304347827
60,"transgene expression, metabolite production, study illustrates, precise genome",0.030434782608695653
60,"web science core, mean sd age, research hotspots, 28 day mortality",0.0
61,"bla ctx, spectrum lactamase esbl, sequence types sts, coli isolates",0.0
61,"details use execution, myosin motors, nascent chain, origin life",0.2608695652173913
61,"editorial emerging, author correction, g2 phase, model pd",0.002173913043478261
61,"fetal liver, stalled replication forks, pulmonary vascular, chromatin state",0.06086956521739131
61,"recent findings recent, cell multi omics, complex microbial, crispr cas based",0.0
61,"related morbidity, stage diagnosis, combination strategies, clinical intervention",0.558695652173913
61,"role intercellular communication, testicular torsion, nanoparticle tracking analysis, mir 21 5p",0.0
61,"therapeutic strategies including, exosomes emerging, epigenetic modulation, solid cancers",0.06521739130434782
61,"transgene expression, metabolite production, study illustrates, precise genome",0.05217391304347827
61,"web science core, mean sd age, research hotspots, 28 day mortality",0.0
62,"bla ctx, spectrum lactamase esbl, sequence types sts, coli isolates",0.0
62,"details use execution, myosin motors, nascent chain, origin life",0.2608695652173913
62,"editorial emerging, author correction, g2 phase, model pd",0.0
62,"fetal liver, stalled replication forks, pulmonary vascular, chromatin state",0.0673913043478261
62,"recent findings recent, cell multi omics, complex microbial, crispr cas based",0.0
62,"related morbidity, stage diagnosis, combination strategies, clinical intervention",0.5739130434782609
62,"role intercellular communication, testicular torsion, nanoparticle tracking analysis, mir 21 5p",0.0
62,"therapeutic strategies including, exosomes emerging, epigenetic modulation, solid cancers",0.06521739130434782
62,"transgene expression, metabolite production, study illustrates, precise genome",0.03260869565217391
62,"web science core, mean sd age, research hotspots, 28 day mortality",0.0
63,"bla ctx, spectrum lactamase esbl, sequence types sts, coli isolates",0.0
63,"details use execution, myosin motors, nascent chain, origin life",0.30434782608695654
63,"editorial emerging, author correction, g2 phase, model pd",0.0
63,"fetal liver, stalled replication forks, pulmonary vascular, chromatin state",0.05652173913043478
63,"recent findings recent, cell multi omics, complex microbial, crispr cas based",0.0
63,"related morbidity, stage diagnosis, combination strategies, clinical intervention",0.5260869565217391
63,"role intercellular communication, testicular torsion, nanoparticle tracking analysis, mir 21 5p",0.0
63,"therapeutic strategies including, exosomes emerging, epigenetic modulation, solid cancers",0.06304347826086956
63,"transgene expression, metabolite production, study illustrates, precise genome",0.05
63,"web science core, mean sd age, research hotspots, 28 day mortality",0.0
64,"bla ctx, spectrum lactamase esbl, sequence types sts, coli isolates",0.0
64,"details use execution, myosin motors, nascent chain, origin life",0.2608695652173913
64,"editorial emerging, author correction, g2 phase, model pd",0.0
64,"fetal liver, stalled replication forks, pulmonary vascular, chromatin state",0.06521739130434784
64,"recent findings recent, cell multi omics, complex microbial, crispr cas based",0.0
64,"related morbidity, stage diagnosis, combination strategies, clinical intervention",0.5130434782608696
64,"role intercellular communication, testicular torsion, nanoparticle tracking analysis, mir 21 5p",0.0
64,"therapeutic strategies including, exosomes emerging, epigenetic modulation, solid cancers",0.0891304347826087
64,"transgene expression, metabolite production, study illustrates, precise genome",0.07173913043478262
64,"web science core, mean sd age, research hotspots, 28 day mortality",0.0
65,"bla ctx, spectrum lactamase esbl, sequence types sts, coli isolates",0.0
65,"details use execution, myosin motors, nascent chain, origin life",0.2608695652173913
65,"editorial emerging, author correction, g2 phase, model pd",0.0
65,"fetal liver, stalled replication forks, pulmonary vascular, chromatin state",0.03043478260869565
65,"recent findings recent, cell multi omics, complex microbial, crispr cas based",0.0
65,"related morbidity, stage diagnosis, combination strategies, clinical intervention",0.6108695652173913
65,"role intercellular communication, testicular torsion, nanoparticle tracking analysis, mir 21 5p",0.0
65,"therapeutic strategies including, exosomes emerging, epigenetic modulation, solid cancers",0.06956521739130435
65,"transgene expression, metabolite production, study illustrates, precise genome",0.02826086956521739
65,"web science core, mean sd age, research hotspots, 28 day mortality",0.0
66,"bla ctx, spectrum lactamase esbl, sequence types sts, coli isolates",0.0
66,"details use execution, myosin motors, nascent chain, origin life",0.43478260869565216
66,"editorial emerging, author correction, g2 phase, model pd",0.0
66,"fetal liver, stalled replication forks, pulmonary vascular, chromatin state",0.0391304347826087
66,"recent findings recent, cell multi omics, complex microbial, crispr cas based",0.0
66,"related morbidity, stage diagnosis, combination strategies, clinical intervention",0.4826086956521739
66,"role intercellular communication, testicular torsion, nanoparticle tracking analysis, mir 21 5p",0.0
66,"therapeutic strategies including, exosomes emerging, epigenetic modulation, solid cancers",0.006521739130434782
66,"transgene expression, metabolite production, study illustrates, precise genome",0.03695652173913044
66,"web science core, mean sd age, research hotspots, 28 day mortality",0.0
67,"bla ctx, spectrum lactamase esbl, sequence types sts, coli isolates",0.0
67,"details use execution, myosin motors, nascent chain, origin life",0.2608695652173913
67,"editorial emerging, author correction, g2 phase, model pd",0.01956521739130435
67,"fetal liver, stalled replication forks, pulmonary vascular, chromatin state",0.07391304347826087
67,"recent findings recent, cell multi omics, complex microbial, crispr cas based",0.0
67,"related morbidity, stage diagnosis, combination strategies, clinical intervention",0.49347826086956514
67,"role intercellular communication, testicular torsion, nanoparticle tracking analysis, mir 21 5p",0.0
67,"therapeutic strategies including, exosomes emerging, epigenetic modulation, solid cancers",0.06739130434782609
67,"transgene expression, metabolite production, study illustrates, precise genome",0.08478260869565218
67,"web science core, mean sd age, research hotspots, 28 day mortality",0.0
68,"bla ctx, spectrum lactamase esbl, sequence types sts, coli isolates",0.0
68,"details use execution, myosin motors, nascent chain, origin life",0.43478260869565216
68,"editorial emerging, author correction, g2 phase, model pd",0.01956521739130435
68,"fetal liver, stalled replication forks, pulmonary vascular, chromatin state",0.10869565217391304
68,"recent findings recent, cell multi omics, complex microbial, crispr cas based",0.0
68,"related morbidity, stage diagnosis, combination strategies, clinical intervention",0.35
68,"role intercellular communication, testicular torsion, nanoparticle tracking analysis, mir 21 5p",0.0
68,"therapeutic strategies including, exosomes emerging, epigenetic modulation, solid cancers",0.010869565217391304
68,"transgene expression, metabolite production, study illustrates, precise genome",0.07608695652173914
68,"web science core, mean sd age, research hotspots, 28 day mortality",0.0
69,"bla ctx, spectrum lactamase esbl, sequence types sts, coli isolates",0.0
69,"details use execution, myosin motors, nascent chain, origin life",0.391304347826087
69,"editorial emerging, author correction, g2 phase, model pd",0.01956521739130435
69,"fetal liver, stalled replication forks, pulmonary vascular, chromatin state",0.04782608695652174
69,"recent findings recent, cell multi omics, complex microbial, crispr cas based",0.0
69,"related morbidity, stage diagnosis, combination strategies, clinical intervention",0.4434782608695652
69,"role intercellular communication, testicular torsion, nanoparticle tracking analysis, mir 21 5p",0.0
69,"therapeutic strategies including, exosomes emerging, epigenetic modulation, solid cancers",0.02391304347826087
69,"transgene expression, metabolite production, study illustrates, precise genome",0.07391304347826087
69,"web science core, mean sd age, research hotspots, 28 day mortality",0.0
70,"bla ctx, spectrum lactamase esbl, sequence types sts, coli isolates",0.0
70,"details use execution, myosin motors, nascent chain, origin life",0.34782608695652173
70,"editorial emerging, author correction, g2 phase, model pd",0.01956521739130435
70,"fetal liver, stalled replication forks, pulmonary vascular, chromatin state",0.1282608695652174
70,"recent findings recent, cell multi omics, complex microbial, crispr cas based",0.0
70,"related morbidity, stage diagnosis, combination strategies, clinical intervention",0.3456521739130434
70,"role intercellular communication, testicular torsion, nanoparticle tracking analysis, mir 21 5p",0.0
70,"therapeutic strategies including, exosomes emerging, epigenetic modulation, solid cancers",0.05434782608695652
70,"transgene expression, metabolite production, study illustrates, precise genome",0.10434782608695652
70,"web science core, mean sd age, research hotspots, 28 day mortality",0.0
71,"bla ctx, spectrum lactamase esbl, sequence types sts, coli isolates",0.0
71,"details use execution, myosin motors, nascent chain, origin life",0.5217391304347826
71,"editorial emerging, author correction, g2 phase, model pd",0.0
71,"fetal liver, stalled replication forks, pulmonary vascular, chromatin state",0.043478260869565216
71,"recent findings recent, cell multi omics, complex microbial, crispr cas based",0.0
71,"related morbidity, stage diagnosis, combination strategies, clinical intervention",0.34782608695652173
71,"role intercellular communication, testicular torsion, nanoparticle tracking analysis, mir 21 5p",0.0
71,"therapeutic strategies including, exosomes emerging, epigenetic modulation, solid cancers",0.06521739130434782
71,"transgene expression, metabolite production, study illustrates, precise genome",0.021739130434782608
71,"web science core, mean sd age, research hotspots, 28 day mortality",0.0
72,"bla ctx, spectrum lactamase esbl, sequence types sts, coli isolates",0.0
72,"details use execution, myosin motors, nascent chain, origin life",0.2608695652173913
72,"editorial emerging, author correction, g2 phase, model pd",0.021739130434782608
72,"fetal liver, stalled replication forks, pulmonary vascular, chromatin state",0.04565217391304348
72,"recent findings recent, cell multi omics, complex microbial, crispr cas based",0.0
72,"related morbidity, stage diagnosis, combination strategies, clinical intervention",0.5543478260869565
72,"role intercellular communication, testicular torsion, nanoparticle tracking analysis, mir 21 5p",0.0
72,"therapeutic strategies including, exosomes emerging, epigenetic modulation, solid cancers",0.08260869565217392
72,"transgene expression, metabolite production, study illustrates, precise genome",0.034782608695652174
72,"web science core, mean sd age, research hotspots, 28 day mortality",0.0
73,"bla ctx, spectrum lactamase esbl, sequence types sts, coli isolates",0.0
73,"details use execution, myosin motors, nascent chain, origin life",0.21739130434782608
73,"editorial emerging, author correction, g2 phase, model pd",0.0
73,"fetal liver, stalled replication forks, pulmonary vascular, chromatin state",0.10869565217391304
73,"recent findings recent, cell multi omics, complex microbial, crispr cas based",0.0
73,"related morbidity, stage diagnosis, combination strategies, clinical intervention",0.4782608695652174
73,"role intercellular communication, testicular torsion, nanoparticle tracking analysis, mir 21 5p",0.0
73,"therapeutic strategies including, exosomes emerging, epigenetic modulation, solid cancers",0.11086956521739132
73,"transgene expression, metabolite production, study illustrates, precise genome",0.0847826086956522
73,"web science core, mean sd age, research hotspots, 28 day mortality",0.0
74,"bla ctx, spectrum lactamase esbl, sequence types sts, coli isolates",0.0
74,"details use execution, myosin motors, nascent chain, origin life",0.34782608695652173
74,"editorial emerging, author correction, g2 phase, model pd",0.0
74,"fetal liver, stalled replication forks, pulmonary vascular, chromatin state",0.034782608695652174
74,"recent findings recent, cell multi omics, complex microbial, crispr cas based",0.0
74,"related morbidity, stage diagnosis, combination strategies, clinical intervention",0.4826086956521739
74,"role intercellular communication, testicular torsion, nanoparticle tracking analysis, mir 21 5p",0.0
74,"therapeutic strategies including, exosomes emerging, epigenetic modulation, solid cancers",0.09130434782608696
74,"transgene expression, metabolite production, study illustrates, precise genome",0.043478260869565216
74,"web science core, mean sd age, research hotspots, 28 day mortality",0.0
75,"bla ctx, spectrum lactamase esbl, sequence types sts, coli isolates",0.0
75,"details use execution, myosin motors, nascent chain, origin life",0.43478260869565216
75,"editorial emerging, author correction, g2 phase, model pd",0.0
75,"fetal liver, stalled replication forks, pulmonary vascular, chromatin state",0.05652173913043478
75,"recent findings recent, cell multi omics, complex microbial, crispr cas based",0.0
75,"related morbidity, stage diagnosis, combination strategies, clinical intervention",0.39347826086956517
75,"role intercellular communication, testicular torsion, nanoparticle tracking analysis, mir 21 5p",0.0
75,"therapeutic strategies including, exosomes emerging, epigenetic modulation, solid cancers",0.06521739130434782
75,"transgene expression, metabolite production, study illustrates, precise genome",0.05
75,"web science core, mean sd age, research hotspots, 28 day mortality",0.0
76,"bla ctx, spectrum lactamase esbl, sequence types sts, coli isolates",0.0
76,"details use execution, myosin motors, nascent chain, origin life",0.30434782608695654
76,"editorial emerging, author correction, g2 phase, model pd",0.0
76,"fetal liver, stalled replication forks, pulmonary vascular, chromatin state",0.06956521739130435
76,"recent findings recent, cell multi omics, complex microbial, crispr cas based",0.0
76,"related morbidity, stage diagnosis, combination strategies, clinical intervention",0.5521739130434782
76,"role intercellular communication, testicular torsion, nanoparticle tracking analysis, mir 21 5p",0.0
76,"therapeutic strategies including, exosomes emerging, epigenetic modulation, solid cancers",0.01956521739130435
76,"transgene expression, metabolite production, study illustrates, precise genome",0.054347826086956534
76,"web science core, mean sd age, research hotspots, 28 day mortality",0.0
77,"bla ctx, spectrum lactamase esbl, sequence types sts, coli isolates",0.0
77,"details use execution, myosin motors, nascent chain, origin life",0.2608695652173913
77,"editorial emerging, author correction, g2 phase, model pd",0.0
77,"fetal liver, stalled replication forks, pulmonary vascular, chromatin state",0.05217391304347827
77,"recent findings recent, cell multi omics, complex microbial, crispr cas based",0.0
77,"related morbidity, stage diagnosis, combination strategies, clinical intervention",0.6086956521739131
77,"role intercellular communication, testicular torsion, nanoparticle tracking analysis, mir 21 5p",0.0
77,"therapeutic strategies including, exosomes emerging, epigenetic modulation, solid cancers",0.02826086956521739
77,"transgene expression, metabolite production, study illustrates, precise genome",0.049999999999999996
77,"web science core, mean sd age, research hotspots, 28 day mortality",0.0
78,"bla ctx, spectrum lactamase esbl, sequence types sts, coli isolates",0.0
78,"details use execution, myosin motors, nascent chain, origin life",0.21739130434782608
78,"editorial emerging, author correction, g2 phase, model pd",0.002173913043478261
78,"fetal liver, stalled replication forks, pulmonary vascular, chromatin state",0.09130434782608696
78,"recent findings recent, cell multi omics, complex microbial, crispr cas based",0.0
78,"related morbidity, stage diagnosis, combination strategies, clinical intervention",0.5652173913043479
78,"role intercellular communication, testicular torsion, nanoparticle tracking analysis, mir 21 5p",0.0
78,"therapeutic strategies including, exosomes emerging, epigenetic modulation, solid cancers",0.06086956521739131
78,"transgene expression, metabolite production, study illustrates, precise genome",0.06304347826086956
78,"web science core, mean sd age, research hotspots, 28 day mortality",0.0
79,"bla ctx, spectrum lactamase esbl, sequence types sts, coli isolates",0.0
79,"details use execution, myosin motors, nascent chain, origin life",0.391304347826087
79,"editorial emerging, author correction, g2 phase, model pd",0.0
79,"fetal liver, stalled replication forks, pulmonary vascular, chromatin state",0.05217391304347826
79,"recent findings recent, cell multi omics, complex microbial, crispr cas based",0.0
79,"related morbidity, stage diagnosis, combination strategies, clinical intervention",0.491304347826087
79,"role intercellular communication, testicular torsion, nanoparticle tracking analysis, mir 21 5p",0.0
79,"therapeutic strategies including, exosomes emerging, epigenetic modulation, solid cancers",0.026086956521739136
79,"transgene expression, metabolite production, study illustrates, precise genome",0.0391304347826087
79,"web science core, mean sd age, research hotspots, 28 day mortality",0.0
80,"bla ctx, spectrum lactamase esbl, sequence types sts, coli isolates",0.0
80,"details use execution, myosin motors, nascent chain, origin life",0.2608695652173913
80,"editorial emerging, author correction, g2 phase, model pd",0.002173913043478261
80,"fetal liver, stalled replication forks, pulmonary vascular, chromatin state",0.08478260869565218
80,"recent findings recent, cell multi omics, complex microbial, crispr cas based",0.0
80,"related morbidity, stage diagnosis, combination strategies, clinical intervention",0.5217391304347826
80,"role intercellular communication, testicular torsion, nanoparticle tracking analysis, mir 21 5p",0.0
80,"therapeutic strategies including, exosomes emerging, epigenetic modulation, solid cancers",0.054347826086956534
80,"transgene expression, metabolite production, study illustrates, precise genome",0.07608695652173914
80,"web science core, mean sd age, research hotspots, 28 day mortality",0.0
81,"bla ctx, spectrum lactamase esbl, sequence types sts, coli isolates",0.0
81,"details use execution, myosin motors, nascent chain, origin life",0.4782608695652174
81,"editorial emerging, author correction, g2 phase, model pd",0.0
81,"fetal liver, stalled replication forks, pulmonary vascular, chromatin state",0.0782608695652174
81,"recent findings recent, cell multi omics, complex microbial, crispr cas based",0.0
81,"related morbidity, stage diagnosis, combination strategies, clinical intervention",0.3695652173913043
81,"role intercellular communication, testicular torsion, nanoparticle tracking analysis, mir 21 5p",0.0
81,"therapeutic strategies including, exosomes emerging, epigenetic modulation, solid cancers",0.017391304347826087
81,"transgene expression, metabolite production, study illustrates, precise genome",0.05652173913043478
81,"web science core, mean sd age, research hotspots, 28 day mortality",0.0
82,"bla ctx, spectrum lactamase esbl, sequence types sts, coli isolates",0.0
82,"details use execution, myosin motors, nascent chain, origin life",0.391304347826087
82,"editorial emerging, author correction, g2 phase, model pd",0.0
82,"fetal liver, stalled replication forks, pulmonary vascular, chromatin state",0.08695652173913043
82,"recent findings recent, cell multi omics, complex microbial, crispr cas based",0.0
82,"related morbidity, stage diagnosis, combination strategies, clinical intervention",0.42173913043478267
82,"role intercellular communication, testicular torsion, nanoparticle tracking analysis, mir 21 5p",0.0
82,"therapeutic strategies including, exosomes emerging, epigenetic modulation, solid cancers",0.01956521739130435
82,"transgene expression, metabolite production, study illustrates, precise genome",0.08043478260869566
82,"web science core, mean sd age, research hotspots, 28 day mortality",0.0
83,"bla ctx, spectrum lactamase esbl, sequence types sts, coli isolates",0.0
83,"details use execution, myosin motors, nascent chain, origin life",0.30434782608695654
83,"editorial emerging, author correction, g2 phase, model pd",0.01956521739130435
83,"fetal liver, stalled replication forks, pulmonary vascular, chromatin state",0.10652173913043479
83,"recent findings recent, cell multi omics, complex microbial, crispr cas based",0.0
83,"related morbidity, stage diagnosis, combination strategies, clinical intervention",0.4369565217391304
83,"role intercellular communication, testicular torsion, nanoparticle tracking analysis, mir 21 5p",0.0
83,"therapeutic strategies including, exosomes emerging, epigenetic modulation, solid cancers",0.015217391304347825
83,"transgene expression, metabolite production, study illustrates, precise genome",0.11739130434782609
83,"web science core, mean sd age, research hotspots, 28 day mortality",0.0
84,"bla ctx, spectrum lactamase esbl, sequence types sts, coli isolates",0.0
84,"details use execution, myosin motors, nascent chain, origin life",0.30434782608695654
84,"editorial emerging, author correction, g2 phase, model pd",0.002173913043478261
84,"fetal liver, stalled replication forks, pulmonary vascular, chromatin state",0.0782608695652174
84,"recent findings recent, cell multi omics, complex microbial, crispr cas based",0.0
84,"related morbidity, stage diagnosis, combination strategies, clinical intervention",0.5195652173913043
84,"role intercellular communication, testicular torsion, nanoparticle tracking analysis, mir 21 5p",0.0
84,"therapeutic strategies including, exosomes emerging, epigenetic modulation, solid cancers",0.03260869565217391
84,"transgene expression, metabolite production, study illustrates, precise genome",0.06304347826086958
84,"web science core, mean sd age, research hotspots, 28 day mortality",0.0
85,"bla ctx, spectrum lactamase esbl, sequence types sts, coli isolates",0.0
85,"details use execution, myosin motors, nascent chain, origin life",0.43478260869565216
85,"editorial emerging, author correction, g2 phase, model pd",0.01956521739130435
85,"fetal liver, stalled replication forks, pulmonary vascular, chromatin state",0.058695652173913045
85,"recent findings recent, cell multi omics, complex microbial, crispr cas based",0.0
85,"related morbidity, stage diagnosis, combination strategies, clinical intervention",0.38260869565217387
85,"role intercellular communication, testicular torsion, nanoparticle tracking analysis, mir 21 5p",0.0
85,"therapeutic strategies including, exosomes emerging, epigenetic modulation, solid cancers",0.0608695652173913
85,"transgene expression, metabolite production, study illustrates, precise genome",0.043478260869565216
85,"web science core, mean sd age, research hotspots, 28 day mortality",0.0
86,"bla ctx, spectrum lactamase esbl, sequence types sts, coli isolates",0.0
86,"details use execution, myosin motors, nascent chain, origin life",0.34782608695652173
86,"editorial emerging, author correction, g2 phase, model pd",0.021739130434782608
86,"fetal liver, stalled replication forks, pulmonary vascular, chromatin state",0.03260869565217391
86,"recent findings recent, cell multi omics, complex microbial, crispr cas based",0.0
86,"related morbidity, stage diagnosis, combination strategies, clinical intervention",0.5239130434782608
86,"role intercellular communication, testicular torsion, nanoparticle tracking analysis, mir 21 5p",0.0
86,"therapeutic strategies including, exosomes emerging, epigenetic modulation, solid cancers",0.021739130434782608
86,"transgene expression, metabolite production, study illustrates, precise genome",0.05217391304347828
86,"web science core, mean sd age, research hotspots, 28 day mortality",0.0
87,"bla ctx, spectrum lactamase esbl, sequence types sts, coli isolates",0.0
87,"details use execution, myosin motors, nascent chain, origin life",0.391304347826087
87,"editorial emerging, author correction, g2 phase, model pd",0.002173913043478261
87,"fetal liver, stalled replication forks, pulmonary vascular, chromatin state",0.0391304347826087
87,"recent findings recent, cell multi omics, complex microbial, crispr cas based",0.0
87,"related morbidity, stage diagnosis, combination strategies, clinical intervention",0.4760869565217391
87,"role intercellular communication, testicular torsion, nanoparticle tracking analysis, mir 21 5p",0.0
87,"therapeutic strategies including, exosomes emerging, epigenetic modulation, solid cancers",0.04782608695652174
87,"transgene expression, metabolite production, study illustrates, precise genome",0.043478260869565216
87,"web science core, mean sd age, research hotspots, 28 day mortality",0.0
88,"bla ctx, spectrum lactamase esbl, sequence types sts, coli isolates",0.0
88,"details use execution, myosin motors, nascent chain, origin life",0.34782608695652173
88,"editorial emerging, author correction, g2 phase, model pd",0.0
88,"fetal liver, stalled replication forks, pulmonary vascular, chromatin state",0.06956521739130435
88,"recent findings recent, cell multi omics, complex microbial, crispr cas based",0.0
88,"related morbidity, stage diagnosis, combination strategies, clinical intervention",0.4478260869565217
88,"role intercellular communication, testicular torsion, nanoparticle tracking analysis, mir 21 5p",0.0
88,"therapeutic strategies including, exosomes emerging, epigenetic modulation, solid cancers",0.08260869565217392
88,"transgene expression, metabolite production, study illustrates, precise genome",0.05217391304347827
88,"web science core, mean sd age, research hotspots, 28 day mortality",0.0
89,"bla ctx, spectrum lactamase esbl, sequence types sts, coli isolates",0.0
89,"details use execution, myosin motors, nascent chain, origin life",0.391304347826087
89,"editorial emerging, author correction, g2 phase, model pd",0.0
89,"fetal liver, stalled replication forks, pulmonary vascular, chromatin state",0.030434782608695653
89,"recent findings recent, cell multi omics, complex microbial, crispr cas based",0.0
89,"related morbidity, stage diagnosis, combination strategies, clinical intervention",0.5239130434782608
89,"role intercellular communication, testicular torsion, nanoparticle tracking analysis, mir 21 5p",0.0
89,"therapeutic strategies including, exosomes emerging, epigenetic modulation, solid cancers",0.01956521739130435
89,"transgene expression, metabolite production, study illustrates, precise genome",0.034782608695652174
89,"web science core, mean sd age, research hotspots, 28 day mortality",0.0
90,"bla ctx, spectrum lactamase esbl, sequence types sts, coli isolates",0.0
90,"details use execution, myosin motors, nascent chain, origin life",0.34782608695652173
90,"editorial emerging, author correction, g2 phase, model pd",0.0
90,"fetal liver, stalled replication forks, pulmonary vascular, chromatin state",0.11521739130434783
90,"recent findings recent, cell multi omics, complex microbial, crispr cas based",0.0
90,"related morbidity, stage diagnosis, combination strategies, clinical intervention",0.4695652173913043
90,"role intercellular communication, testicular torsion, nanoparticle tracking analysis, mir 21 5p",0.0
90,"therapeutic strategies including, exosomes emerging, epigenetic modulation, solid cancers",0.015217391304347825
90,"transgene expression, metabolite production, study illustrates, precise genome",0.05217391304347827
90,"web science core, mean sd age, research hotspots, 28 day mortality",0.0
91,"bla ctx, spectrum lactamase esbl, sequence types sts, coli isolates",0.0
91,"details use execution, myosin motors, nascent chain, origin life",0.2608695652173913
91,"editorial emerging, author correction, g2 phase, model pd",0.002173913043478261
91,"fetal liver, stalled replication forks, pulmonary vascular, chromatin state",0.09130434782608696
91,"recent findings recent, cell multi omics, complex microbial, crispr cas based",0.0
91,"related morbidity, stage diagnosis, combination strategies, clinical intervention",0.5239130434782608
91,"role intercellular communication, testicular torsion, nanoparticle tracking analysis, mir 21 5p",0.0
91,"therapeutic strategies including, exosomes emerging, epigenetic modulation, solid cancers",0.05652173913043478
91,"transgene expression, metabolite production, study illustrates, precise genome",0.06521739130434782
91,"web science core, mean sd age, research hotspots, 28 day mortality",0.0
92,"bla ctx, spectrum lactamase esbl, sequence types sts, coli isolates",0.0
92,"details use execution, myosin motors, nascent chain, origin life",0.34782608695652173
92,"editorial emerging, author correction, g2 phase, model pd",0.0
92,"fetal liver, stalled replication forks, pulmonary vascular, chromatin state",0.09130434782608696
92,"recent findings recent, cell multi omics, complex microbial, crispr cas based",0.0
92,"related morbidity, stage diagnosis, combination strategies, clinical intervention",0.5021739130434782
92,"role intercellular communication, testicular torsion, nanoparticle tracking analysis, mir 21 5p",0.0
92,"therapeutic strategies including, exosomes emerging, epigenetic modulation, solid cancers",0.017391304347826087
92,"transgene expression, metabolite production, study illustrates, precise genome",0.04130434782608696
92,"web science core, mean sd age, research hotspots, 28 day mortality",0.0
93,"bla ctx, spectrum lactamase esbl, sequence types sts, coli isolates",0.0
93,"details use execution, myosin motors, nascent chain, origin life",0.30434782608695654
93,"editorial emerging, author correction, g2 phase, model pd",0.0
93,"fetal liver, stalled replication forks, pulmonary vascular, chromatin state",0.05
93,"recent findings recent, cell multi omics, complex microbial, crispr cas based",0.0
93,"related morbidity, stage diagnosis, combination strategies, clinical intervention",0.5152173913043477
93,"role intercellular communication, testicular torsion, nanoparticle tracking analysis, mir 21 5p",0.0
93,"therapeutic strategies including, exosomes emerging, epigenetic modulation, solid cancers",0.10217391304347824
93,"transgene expression, metabolite production, study illustrates, precise genome",0.028260869565217398
93,"web science core, mean sd age, research hotspots, 28 day mortality",0.0
94,"bla ctx, spectrum lactamase esbl, sequence types sts, coli isolates",0.0
94,"details use execution, myosin motors, nascent chain, origin life",0.391304347826087
94,"editorial emerging, author correction, g2 phase, model pd",0.0
94,"fetal liver, stalled replication forks, pulmonary vascular, chromatin state",0.07608695652173914
94,"recent findings recent, cell multi omics, complex microbial, crispr cas based",0.0
94,"related morbidity, stage diagnosis, combination strategies, clinical intervention",0.4673913043478261
94,"role intercellular communication, testicular torsion, nanoparticle tracking analysis, mir 21 5p",0.0
94,"therapeutic strategies including, exosomes emerging, epigenetic modulation, solid cancers",0.008695652173913044
94,"transgene expression, metabolite production, study illustrates, precise genome",0.056521739130434796
94,"web science core, mean sd age, research hotspots, 28 day mortality",0.0
95,"bla ctx, spectrum lactamase esbl, sequence types sts, coli isolates",0.0
95,"details use execution, myosin motors, nascent chain, origin life",0.5217391304347826
95,"editorial emerging, author correction, g2 phase, model pd",0.021739130434782608
95,"fetal liver, stalled replication forks, pulmonary vascular, chromatin state",0.09130434782608696
95,"recent findings recent, cell multi omics, complex microbial, crispr cas based",0.0
95,"related morbidity, stage diagnosis, combination strategies, clinical intervention",0.25652173913043474
95,"role intercellular communication, testicular torsion, nanoparticle tracking analysis, mir 21 5p",0.0
95,"therapeutic strategies including, exosomes emerging, epigenetic modulation, solid cancers",0.015217391304347825
95,"transgene expression, metabolite production, study illustrates, precise genome",0.09347826086956522
95,"web science core, mean sd age, research hotspots, 28 day mortality",0.0
96,"bla ctx, spectrum lactamase esbl, sequence types sts, coli isolates",0.0
96,"details use execution, myosin motors, nascent chain, origin life",0.391304347826087
96,"editorial emerging, author correction, g2 phase, model pd",0.0
96,"fetal liver, stalled replication forks, pulmonary vascular, chromatin state",0.02826086956521739
96,"recent findings recent, cell multi omics, complex microbial, crispr cas based",0.0
96,"related morbidity, stage diagnosis, combination strategies, clinical intervention",0.4717391304347826
96,"role intercellular communication, testicular torsion, nanoparticle tracking analysis, mir 21 5p",0.0
96,"therapeutic strategies including, exosomes emerging, epigenetic modulation, solid cancers",0.08478260869565217
96,"transgene expression, metabolite production, study illustrates, precise genome",0.02391304347826087
96,"web science core, mean sd age, research hotspots, 28 day mortality",0.0
97,"bla ctx, spectrum lactamase esbl, sequence types sts, coli isolates",0.0
97,"details use execution, myosin motors, nascent chain, origin life",0.17391304347826086
97,"editorial emerging, author correction, g2 phase, model pd",0.021739130434782608
97,"fetal liver, stalled replication forks, pulmonary vascular, chromatin state",0.13043478260869565
97,"recent findings recent, cell multi omics, complex microbial, crispr cas based",0.0
97,"related morbidity, stage diagnosis, combination strategies, clinical intervention",0.5217391304347826
97,"role intercellular communication, testicular torsion, nanoparticle tracking analysis, mir 21 5p",0.0
97,"therapeutic strategies including, exosomes emerging, epigenetic modulation, solid cancers",0.043478260869565216
97,"transgene expression, metabolite production, study illustrates, precise genome",0.10869565217391304
97,"web science core, mean sd age, research hotspots, 28 day mortality",0.0
98,"bla ctx, spectrum lactamase esbl, sequence types sts, coli isolates",0.0
98,"details use execution, myosin motors, nascent chain, origin life",0.21739130434782608
98,"editorial emerging, author correction, g2 phase, model pd",0.0
98,"fetal liver, stalled replication forks, pulmonary vascular, chromatin state",0.06521739130434784
98,"recent findings recent, cell multi omics, complex microbial, crispr cas based",0.0
98,"related morbidity, stage diagnosis, combination strategies, clinical intervention",0.6195652173913043
98,"role intercellular communication, testicular torsion, nanoparticle tracking analysis, mir 21 5p",0.0
98,"therapeutic strategies including, exosomes emerging, epigenetic modulation, solid cancers",0.04347826086956521
98,"transgene expression, metabolite production, study illustrates, precise genome",0.054347826086956534
98,"web science core, mean sd age, research hotspots, 28 day mortality",0.0
99,"bla ctx, spectrum lactamase esbl, sequence types sts, coli isolates",0.0
99,"details use execution, myosin motors, nascent chain, origin life",0.30434782608695654
99,"editorial emerging, author correction, g2 phase, model pd",0.01956521739130435
99,"fetal liver, stalled replication forks, pulmonary vascular, chromatin state",0.09782608695652176
99,"recent findings recent, cell multi omics, complex microbial, crispr cas based",0.0
99,"related morbidity, stage diagnosis, combination strategies, clinical intervention",0.46304347826086956
99,"role intercellular communication, testicular torsion, nanoparticle tracking analysis, mir 21 5p",0.0
99,"therapeutic strategies including, exosomes emerging, epigenetic modulation, solid cancers",0.015217391304347827
99,"transgene expression, metabolite production, study illustrates, precise genome",0.1
99,"web science core, mean sd age, research hotspots, 28 day mortality",0.0
100,"bla ctx, spectrum lactamase esbl, sequence types sts, coli isolates",0.0
100,"details use execution, myosin motors, nascent chain, origin life",0.391304347826087
100,"editorial emerging, author correction, g2 phase, model pd",0.0
100,"fetal liver, stalled replication forks, pulmonary vascular, chromatin state",0.07608695652173914
100,"recent findings recent, cell multi omics, complex microbial, crispr cas based",0.0
100,"related morbidity, stage diagnosis, combination strategies, clinical intervention",0.4434782608695651
100,"role intercellular communication, testicular torsion, nanoparticle tracking analysis, mir 21 5p",0.0
100,"therapeutic strategies including, exosomes emerging, epigenetic modulation, solid cancers",0.06086956521739131
100,"transgene expression, metabolite production, study illustrates, precise genome",0.028260869565217398
100,"web science core, mean sd age, research hotspots, 28 day mortality",0.0
101,"bla ctx, spectrum lactamase esbl, sequence types sts, coli isolates",0.0
101,"details use execution, myosin motors, nascent chain, origin life",0.30434782608695654
101,"editorial emerging, author correction, g2 phase, model pd",0.0
101,"fetal liver, stalled replication forks, pulmonary vascular, chromatin state",0.021739130434782608
101,"recent findings recent, cell multi omics, complex microbial, crispr cas based",0.0
101,"related morbidity, stage diagnosis, combination strategies, clinical intervention",0.6239130434782608
101,"role intercellular communication, testicular torsion, nanoparticle tracking analysis, mir 21 5p",0.0
101,"therapeutic strategies including, exosomes emerging, epigenetic modulation, solid cancers",0.030434782608695653
101,"transgene expression, metabolite production, study illustrates, precise genome",0.019565217391304346
101,"web science core, mean sd age, research hotspots, 28 day mortality",0.0
102,"bla ctx, spectrum lactamase esbl, sequence types sts, coli isolates",0.0
102,"details use execution, myosin motors, nascent chain, origin life",0.30434782608695654
102,"editorial emerging, author correction, g2 phase, model pd",0.01956521739130435
102,"fetal liver, stalled replication forks, pulmonary vascular, chromatin state",0.08043478260869566
102,"recent findings recent, cell multi omics, complex microbial, crispr cas based",0.0
102,"related morbidity, stage diagnosis, combination strategies, clinical intervention",0.4782608695652173
102,"role intercellular communication, testicular torsion, nanoparticle tracking analysis, mir 21 5p",0.0
102,"therapeutic strategies including, exosomes emerging, epigenetic modulation, solid cancers",0.0391304347826087
102,"transgene expression, metabolite production, study illustrates, precise genome",0.0782608695652174
102,"web science core, mean sd age, research hotspots, 28 day mortality",0.0
103,"bla ctx, spectrum lactamase esbl, sequence types sts, coli isolates",0.0
103,"details use execution, myosin motors, nascent chain, origin life",0.34782608695652173
103,"editorial emerging, author correction, g2 phase, model pd",0.002173913043478261
103,"fetal liver, stalled replication forks, pulmonary vascular, chromatin state",0.07608695652173914
103,"recent findings recent, cell multi omics, complex microbial, crispr cas based",0.0
103,"related morbidity, stage diagnosis, combination strategies, clinical intervention",0.4934782608695652
103,"role intercellular communication, testicular torsion, nanoparticle tracking analysis, mir 21 5p",0.0
103,"therapeutic strategies including, exosomes emerging, epigenetic modulation, solid cancers",0.017391304347826087
103,"transgene expression, metabolite production, study illustrates, precise genome",0.06304347826086956
103,"web science core, mean sd age, research hotspots, 28 day mortality",0.0
104,"bla ctx, spectrum lactamase esbl, sequence types sts, coli isolates",0.0
104,"details use execution, myosin motors, nascent chain, origin life",0.30434782608695654
104,"editorial emerging, author correction, g2 phase, model pd",0.002173913043478261
104,"fetal liver, stalled replication forks, pulmonary vascular, chromatin state",0.06304347826086958
104,"recent findings recent, cell multi omics, complex microbial, crispr cas based",0.0
104,"related morbidity, stage diagnosis, combination strategies, clinical intervention",0.5565217391304348
104,"role intercellular communication, testicular torsion, nanoparticle tracking analysis, mir 21 5p",0.0
104,"therapeutic strategies including, exosomes emerging, epigenetic modulation, solid cancers",0.017391304347826087
104,"transgene expression, metabolite production, study illustrates, precise genome",0.05652173913043478
104,"web science core, mean sd age, research hotspots, 28 day mortality",0.0
105,"bla ctx, spectrum lactamase esbl, sequence types sts, coli isolates",0.0
105,"details use execution, myosin motors, nascent chain, origin life",0.391304347826087
105,"editorial emerging, author correction, g2 phase, model pd",0.021739130434782608
105,"fetal liver, stalled replication forks, pulmonary vascular, chromatin state",0.06304347826086958
105,"recent findings recent, cell multi omics, complex microbial, crispr cas based",0.0
105,"related morbidity, stage diagnosis, combination strategies, clinical intervention",0.43913043478260866
105,"role intercellular communication, testicular torsion, nanoparticle tracking analysis, mir 21 5p",0.0
105,"therapeutic strategies including, exosomes emerging, epigenetic modulation, solid cancers",0.02826086956521739
105,"transgene expression, metabolite production, study illustrates, precise genome",0.05652173913043478
105,"web science core, mean sd age, research hotspots, 28 day mortality",0.0
106,"bla ctx, spectrum lactamase esbl, sequence types sts, coli isolates",0.0
106,"details use execution, myosin motors, nascent chain, origin life",0.21739130434782608
106,"editorial emerging, author correction, g2 phase, model pd",0.021739130434782608
106,"fetal liver, stalled replication forks, pulmonary vascular, chromatin state",0.08260869565217391
106,"recent findings recent, cell multi omics, complex microbial, crispr cas based",0.0
106,"related morbidity, stage diagnosis, combination strategies, clinical intervention",0.5739130434782609
106,"role intercellular communication, testicular torsion, nanoparticle tracking analysis, mir 21 5p",0.0
106,"therapeutic strategies including, exosomes emerging, epigenetic modulation, solid cancers",0.03260869565217391
106,"transgene expression, metabolite production, study illustrates, precise genome",0.07173913043478261
106,"web science core, mean sd age, research hotspots, 28 day mortality",0.0
107,"bla ctx, spectrum lactamase esbl, sequence types sts, coli isolates",0.0
107,"details use execution, myosin motors, nascent chain, origin life",0.391304347826087
107,"editorial emerging, author correction, g2 phase, model pd",0.021739130434782608
107,"fetal liver, stalled replication forks, pulmonary vascular, chromatin state",0.06304347826086956
107,"recent findings recent, cell multi omics, complex microbial, crispr cas based",0.0
107,"related morbidity, stage diagnosis, combination strategies, clinical intervention",0.44347826086956527
107,"role intercellular communication, testicular torsion, nanoparticle tracking analysis, mir 21 5p",0.0
107,"therapeutic strategies including, exosomes emerging, epigenetic modulation, solid cancers",0.017391304347826087
107,"transgene expression, metabolite production, study illustrates, precise genome",0.06304347826086958
107,"web science core, mean sd age, research hotspots, 28 day mortality",0.0
108,"bla ctx, spectrum lactamase esbl, sequence types sts, coli isolates",0.0
108,"details use execution, myosin motors, nascent chain, origin life",0.391304347826087
108,"editorial emerging, author correction, g2 phase, model pd",0.0
108,"fetal liver, stalled replication forks, pulmonary vascular, chromatin state",0.06304347826086958
108,"recent findings recent, cell multi omics, complex microbial, crispr cas based",0.0
108,"related morbidity, stage diagnosis, combination strategies, clinical intervention",0.4565217391304347
108,"role intercellular communication, testicular torsion, nanoparticle tracking analysis, mir 21 5p",0.0
108,"therapeutic strategies including, exosomes emerging, epigenetic modulation, solid cancers",0.03043478260869565
108,"transgene expression, metabolite production, study illustrates, precise genome",0.058695652173913045
108,"web science core, mean sd age, research hotspots, 28 day mortality",0.0
109,"bla ctx, spectrum lactamase esbl, sequence types sts, coli isolates",0.0
109,"details use execution, myosin motors, nascent chain, origin life",0.391304347826087
109,"editorial emerging, author correction, g2 phase, model pd",0.0
109,"fetal liver, stalled replication forks, pulmonary vascular, chromatin state",0.06304347826086956
109,"recent findings recent, cell multi omics, complex microbial, crispr cas based",0.0
109,"related morbidity, stage diagnosis, combination strategies, clinical intervention",0.4456521739130434
109,"role intercellular communication, testicular torsion, nanoparticle tracking analysis, mir 21 5p",0.0
109,"therapeutic strategies including, exosomes emerging, epigenetic modulation, solid cancers",0.05434782608695652
109,"transgene expression, metabolite production, study illustrates, precise genome",0.04565217391304348
109,"web science core, mean sd age, research hotspots, 28 day mortality",0.0
110,"bla ctx, spectrum lactamase esbl, sequence types sts, coli isolates",0.0
110,"details use execution, myosin motors, nascent chain, origin life",0.4782608695652174
110,"editorial emerging, author correction, g2 phase, model pd",0.0
110,"fetal liver, stalled replication forks, pulmonary vascular, chromatin state",0.05652173913043478
110,"recent findings recent, cell multi omics, complex microbial, crispr cas based",0.0
110,"related morbidity, stage diagnosis, combination strategies, clinical intervention",0.3630434782608695
110,"role intercellular communication, testicular torsion, nanoparticle tracking analysis, mir 21 5p",0.0
110,"therapeutic strategies including, exosomes emerging, epigenetic modulation, solid cancers",0.07173913043478261
110,"transgene expression, metabolite production, study illustrates, precise genome",0.030434782608695653
110,"web science core, mean sd age, research hotspots, 28 day mortality",0.0
111,"bla ctx, spectrum lactamase esbl, sequence types sts, coli isolates",0.0
111,"details use execution, myosin motors, nascent chain, origin life",0.43478260869565216
111,"editorial emerging, author correction, g2 phase, model pd",0.01956521739130435
111,"fetal liver, stalled replication forks, pulmonary vascular, chromatin state",0.028260869565217398
111,"recent findings recent, cell multi omics, complex microbial, crispr cas based",0.0
111,"related morbidity, stage diagnosis, combination strategies, clinical intervention",0.4543478260869565
111,"role intercellular communication, testicular torsion, nanoparticle tracking analysis, mir 21 5p",0.0
111,"therapeutic strategies including, exosomes emerging, epigenetic modulation, solid cancers",0.021739130434782608
111,"transgene expression, metabolite production, study illustrates, precise genome",0.041304347826086954
111,"web science core, mean sd age, research hotspots, 28 day mortality",0.0
112,"bla ctx, spectrum lactamase esbl, sequence types sts, coli isolates",0.0
112,"details use execution, myosin motors, nascent chain, origin life",0.30434782608695654
112,"editorial emerging, author correction, g2 phase, model pd",0.01956521739130435
112,"fetal liver, stalled replication forks, pulmonary vascular, chromatin state",0.0891304347826087
112,"recent findings recent, cell multi omics, complex microbial, crispr cas based",0.0
112,"related morbidity, stage diagnosis, combination strategies, clinical intervention",0.4673913043478261
112,"role intercellular communication, testicular torsion, nanoparticle tracking analysis, mir 21 5p",0.0
112,"therapeutic strategies including, exosomes emerging, epigenetic modulation, solid cancers",0.03260869565217391
112,"transgene expression, metabolite production, study illustrates, precise genome",0.08695652173913043
112,"web science core, mean sd age, research hotspots, 28 day mortality",0.0
113,"bla ctx, spectrum lactamase esbl, sequence types sts, coli isolates",0.0
113,"details use execution, myosin motors, nascent chain, origin life",0.21739130434782608
113,"editorial emerging, author correction, g2 phase, model pd",0.0
113,"fetal liver, stalled replication forks, pulmonary vascular, chromatin state",0.16086956521739132
113,"recent findings recent, cell multi omics, complex microbial, crispr cas based",0.0
113,"related morbidity, stage diagnosis, combination strategies, clinical intervention",0.4413043478260869
113,"role intercellular communication, testicular torsion, nanoparticle tracking analysis, mir 21 5p",0.0
113,"therapeutic strategies including, exosomes emerging, epigenetic modulation, solid cancers",0.07391304347826087
113,"transgene expression, metabolite production, study illustrates, precise genome",0.10652173913043475
113,"web science core, mean sd age, research hotspots, 28 day mortality",0.0
114,"bla ctx, spectrum lactamase esbl, sequence types sts, coli isolates",0.0
114,"details use execution, myosin motors, nascent chain, origin life",0.30434782608695654
114,"editorial emerging, author correction, g2 phase, model pd",0.002173913043478261
114,"fetal liver, stalled replication forks, pulmonary vascular, chromatin state",0.11304347826086956
114,"recent findings recent, cell multi omics, complex microbial, crispr cas based",0.0
114,"related morbidity, stage diagnosis, combination strategies, clinical intervention",0.4717391304347826
114,"role intercellular communication, testicular torsion, nanoparticle tracking analysis, mir 21 5p",0.0
114,"therapeutic strategies including, exosomes emerging, epigenetic modulation, solid cancers",0.043478260869565216
114,"transgene expression, metabolite production, study illustrates, precise genome",0.06521739130434782
114,"web science core, mean sd age, research hotspots, 28 day mortality",0.0
115,"bla ctx, spectrum lactamase esbl, sequence types sts, coli isolates",0.0
115,"details use execution, myosin motors, nascent chain, origin life",0.34782608695652173
115,"editorial emerging, author correction, g2 phase, model pd",0.002173913043478261
115,"fetal liver, stalled replication forks, pulmonary vascular, chromatin state",0.05434782608695652
115,"recent findings recent, cell multi omics, complex microbial, crispr cas based",0.0
115,"related morbidity, stage diagnosis, combination strategies, clinical intervention",0.5021739130434782
115,"role intercellular communication, testicular torsion, nanoparticle tracking analysis, mir 21 5p",0.0
115,"therapeutic strategies including, exosomes emerging, epigenetic modulation, solid cancers",0.0391304347826087
115,"transgene expression, metabolite production, study illustrates, precise genome",0.05434782608695652
115,"web science core, mean sd age, research hotspots, 28 day mortality",0.0
116,"bla ctx, spectrum lactamase esbl, sequence types sts, coli isolates",0.0
116,"details use execution, myosin motors, nascent chain, origin life",0.2608695652173913
116,"editorial emerging, author correction, g2 phase, model pd",0.002173913043478261
116,"fetal liver, stalled replication forks, pulmonary vascular, chromatin state",0.03260869565217392
116,"recent findings recent, cell multi omics, complex microbial, crispr cas based",0.0
116,"related morbidity, stage diagnosis, combination strategies, clinical intervention",0.6217391304347826
116,"role intercellular communication, testicular torsion, nanoparticle tracking analysis, mir 21 5p",0.0
116,"therapeutic strategies including, exosomes emerging, epigenetic modulation, solid cancers",0.04782608695652174
116,"transgene expression, metabolite production, study illustrates, precise genome",0.03478260869565218
116,"web science core, mean sd age, research hotspots, 28 day mortality",0.0
117,"bla ctx, spectrum lactamase esbl, sequence types sts, coli isolates",0.0
117,"details use execution, myosin motors, nascent chain, origin life",0.34782608695652173
117,"editorial emerging, author correction, g2 phase, model pd",0.0
117,"fetal liver, stalled replication forks, pulmonary vascular, chromatin state",0.03695652173913044
117,"recent findings recent, cell multi omics, complex microbial, crispr cas based",0.0
117,"related morbidity, stage diagnosis, combination strategies, clinical intervention",0.5847826086956521
117,"role intercellular communication, testicular torsion, nanoparticle tracking analysis, mir 21 5p",0.0
117,"therapeutic strategies including, exosomes emerging, epigenetic modulation, solid cancers",0.013043478260869568
117,"transgene expression, metabolite production, study illustrates, precise genome",0.017391304347826087
117,"web science core, mean sd age, research hotspots, 28 day mortality",0.0
118,"bla ctx, spectrum lactamase esbl, sequence types sts, coli isolates",0.0
118,"details use execution, myosin motors, nascent chain, origin life",0.2608695652173913
118,"editorial emerging, author correction, g2 phase, model pd",0.0
118,"fetal liver, stalled replication forks, pulmonary vascular, chromatin state",0.07391304347826087
118,"recent findings recent, cell multi omics, complex microbial, crispr cas based",0.0
118,"related morbidity, stage diagnosis, combination strategies, clinical intervention",0.5282608695652173
118,"role intercellular communication, testicular torsion, nanoparticle tracking analysis, mir 21 5p",0.0
118,"therapeutic strategies including, exosomes emerging, epigenetic modulation, solid cancers",0.08478260869565217
118,"transgene expression, metabolite production, study illustrates, precise genome",0.05217391304347827
118,"web science core, mean sd age, research hotspots, 28 day mortality",0.0
119,"bla ctx, spectrum lactamase esbl, sequence types sts, coli isolates",0.0
119,"details use execution, myosin motors, nascent chain, origin life",0.391304347826087
119,"editorial emerging, author correction, g2 phase, model pd",0.01956521739130435
119,"fetal liver, stalled replication forks, pulmonary vascular, chromatin state",0.058695652173913045
119,"recent findings recent, cell multi omics, complex microbial, crispr cas based",0.0
119,"related morbidity, stage diagnosis, combination strategies, clinical intervention",0.43043478260869567
119,"role intercellular communication, testicular torsion, nanoparticle tracking analysis, mir 21 5p",0.0
119,"therapeutic strategies including, exosomes emerging, epigenetic modulation, solid cancers",0.0391304347826087
119,"transgene expression, metabolite production, study illustrates, precise genome",0.0608695652173913
119,"web science core, mean sd age, research hotspots, 28 day mortality",0.0
120,"bla ctx, spectrum lactamase esbl, sequence types sts, coli isolates",0.0
120,"details use execution, myosin motors, nascent chain, origin life",0.30434782608695654
120,"editorial emerging, author correction, g2 phase, model pd",0.01956521739130435
120,"fetal liver, stalled replication forks, pulmonary vascular, chromatin state",0.07173913043478261
120,"recent findings recent, cell multi omics, complex microbial, crispr cas based",0.0
120,"related morbidity, stage diagnosis, combination strategies, clinical intervention",0.43913043478260877
120,"role intercellular communication, testicular torsion, nanoparticle tracking analysis, mir 21 5p",0.0
120,"therapeutic strategies including, exosomes emerging, epigenetic modulation, solid cancers",0.08478260869565217
120,"transgene expression, metabolite production, study illustrates, precise genome",0.08043478260869566
120,"web science core, mean sd age, research hotspots, 28 day mortality",0.0
121,"bla ctx, spectrum lactamase esbl, sequence types sts, coli isolates",0.0
121,"details use execution, myosin motors, nascent chain, origin life",0.2608695652173913
121,"editorial emerging, author correction, g2 phase, model pd",0.0
121,"fetal liver, stalled replication forks, pulmonary vascular, chromatin state",0.07173913043478261
121,"recent findings recent, cell multi omics, complex microbial, crispr cas based",0.0
121,"related morbidity, stage diagnosis, combination strategies, clinical intervention",0.5282608695652173
121,"role intercellular communication, testicular torsion, nanoparticle tracking analysis, mir 21 5p",0.0
121,"therapeutic strategies including, exosomes emerging, epigenetic modulation, solid cancers",0.09999999999999999
121,"transgene expression, metabolite production, study illustrates, precise genome",0.0391304347826087
121,"web science core, mean sd age, research hotspots, 28 day mortality",0.0
122,"bla ctx, spectrum lactamase esbl, sequence types sts, coli isolates",0.0
122,"details use execution, myosin motors, nascent chain, origin life",0.2608695652173913
122,"editorial emerging, author correction, g2 phase, model pd",0.01956521739130435
122,"fetal liver, stalled replication forks, pulmonary vascular, chromatin state",0.054347826086956534
122,"recent findings recent, cell multi omics, complex microbial, crispr cas based",0.0
122,"related morbidity, stage diagnosis, combination strategies, clinical intervention",0.5282608695652173
122,"role intercellular communication, testicular torsion, nanoparticle tracking analysis, mir 21 5p",0.0
122,"therapeutic strategies including, exosomes emerging, epigenetic modulation, solid cancers",0.08260869565217392
122,"transgene expression, metabolite production, study illustrates, precise genome",0.054347826086956534
122,"web science core, mean sd age, research hotspots, 28 day mortality",0.0
123,"bla ctx, spectrum lactamase esbl, sequence types sts, coli isolates",0.0
123,"details use execution, myosin motors, nascent chain, origin life",0.43478260869565216
123,"editorial emerging, author correction, g2 phase, model pd",0.01956521739130435
123,"fetal liver, stalled replication forks, pulmonary vascular, chromatin state",0.07608695652173914
123,"recent findings recent, cell multi omics, complex microbial, crispr cas based",0.0
123,"related morbidity, stage diagnosis, combination strategies, clinical intervention",0.3760869565217391
123,"role intercellular communication, testicular torsion, nanoparticle tracking analysis, mir 21 5p",0.0
123,"therapeutic strategies including, exosomes emerging, epigenetic modulation, solid cancers",0.015217391304347825
123,"transgene expression, metabolite production, study illustrates, precise genome",0.0782608695652174
123,"web science core, mean sd age, research hotspots, 28 day mortality",0.0
124,"bla ctx, spectrum lactamase esbl, sequence types sts, coli isolates",0.0
124,"details use execution, myosin motors, nascent chain, origin life",0.43478260869565216
124,"editorial emerging, author correction, g2 phase, model pd",0.002173913043478261
124,"fetal liver, stalled replication forks, pulmonary vascular, chromatin state",0.04565217391304348
124,"recent findings recent, cell multi omics, complex microbial, crispr cas based",0.0
124,"related morbidity, stage diagnosis, combination strategies, clinical intervention",0.4760869565217391
124,"role intercellular communication, testicular torsion, nanoparticle tracking analysis, mir 21 5p",0.0
124,"therapeutic strategies including, exosomes emerging, epigenetic modulation, solid cancers",0.010869565217391304
124,"transgene expression, metabolite production, study illustrates, precise genome",0.03043478260869565
124,"web science core, mean sd age, research hotspots, 28 day mortality",0.0
125,"bla ctx, spectrum lactamase esbl, sequence types sts, coli isolates",0.0
125,"details use execution, myosin motors, nascent chain, origin life",0.2608695652173913
125,"editorial emerging, author correction, g2 phase, model pd",0.0
125,"fetal liver, stalled replication forks, pulmonary vascular, chromatin state",0.1
125,"recent findings recent, cell multi omics, complex microbial, crispr cas based",0.0
125,"related morbidity, stage diagnosis, combination strategies, clinical intervention",0.5152173913043478
125,"role intercellular communication, testicular torsion, nanoparticle tracking analysis, mir 21 5p",0.0
125,"therapeutic strategies including, exosomes emerging, epigenetic modulation, solid cancers",0.04565217391304348
125,"transgene expression, metabolite production, study illustrates, precise genome",0.0782608695652174
125,"web science core, mean sd age, research hotspots, 28 day mortality",0.0
126,"bla ctx, spectrum lactamase esbl, sequence types sts, coli isolates",0.0
126,"details use execution, myosin motors, nascent chain, origin life",0.13043478260869565
126,"editorial emerging, author correction, g2 phase, model pd",0.0
126,"fetal liver, stalled replication forks, pulmonary vascular, chromatin state",0.06739130434782609
126,"recent findings recent, cell multi omics, complex microbial, crispr cas based",0.0
126,"related morbidity, stage diagnosis, combination strategies, clinical intervention",0.6630434782608695
126,"role intercellular communication, testicular torsion, nanoparticle tracking analysis, mir 21 5p",0.0
126,"therapeutic strategies including, exosomes emerging, epigenetic modulation, solid cancers",0.0891304347826087
126,"transgene expression, metabolite production, study illustrates, precise genome",0.05
126,"web science core, mean sd age, research hotspots, 28 day mortality",0.0
127,"bla ctx, spectrum lactamase esbl, sequence types sts, coli isolates",0.0
127,"details use execution, myosin motors, nascent chain, origin life",0.34782608695652173
127,"editorial emerging, author correction, g2 phase, model pd",0.01956521739130435
127,"fetal liver, stalled replication forks, pulmonary vascular, chromatin state",0.09130434782608696
127,"recent findings recent, cell multi omics, complex microbial, crispr cas based",0.0
127,"related morbidity, stage diagnosis, combination strategies, clinical intervention",0.41304347826086957
127,"role intercellular communication, testicular torsion, nanoparticle tracking analysis, mir 21 5p",0.0
127,"therapeutic strategies including, exosomes emerging, epigenetic modulation, solid cancers",0.05
127,"transgene expression, metabolite production, study illustrates, precise genome",0.07826086956521741
127,"web science core, mean sd age, research hotspots, 28 day mortality",0.0
128,"bla ctx, spectrum lactamase esbl, sequence types sts, coli isolates",0.0
128,"details use execution, myosin motors, nascent chain, origin life",0.2608695652173913
128,"editorial emerging, author correction, g2 phase, model pd",0.002173913043478261
128,"fetal liver, stalled replication forks, pulmonary vascular, chromatin state",0.09782608695652174
128,"recent findings recent, cell multi omics, complex microbial, crispr cas based",0.0
128,"related morbidity, stage diagnosis, combination strategies, clinical intervention",0.5021739130434782
128,"role intercellular communication, testicular torsion, nanoparticle tracking analysis, mir 21 5p",0.0
128,"therapeutic strategies including, exosomes emerging, epigenetic modulation, solid cancers",0.04782608695652174
128,"transgene expression, metabolite production, study illustrates, precise genome",0.0891304347826087
128,"web science core, mean sd age, research hotspots, 28 day mortality",0.0
129,"bla ctx, spectrum lactamase esbl, sequence types sts, coli isolates",0.0
129,"details use execution, myosin motors, nascent chain, origin life",0.2608695652173913
129,"editorial emerging, author correction, g2 phase, model pd",0.0
129,"fetal liver, stalled replication forks, pulmonary vascular, chromatin state",0.08260869565217391
129,"recent findings recent, cell multi omics, complex microbial, crispr cas based",0.0
129,"related morbidity, stage diagnosis, combination strategies, clinical intervention",0.5413043478260869
129,"role intercellular communication, testicular torsion, nanoparticle tracking analysis, mir 21 5p",0.0
129,"therapeutic strategies including, exosomes emerging, epigenetic modulation, solid cancers",0.07391304347826087
129,"transgene expression, metabolite production, study illustrates, precise genome",0.04130434782608696
129,"web science core, mean sd age, research hotspots, 28 day mortality",0.0
130,"bla ctx, spectrum lactamase esbl, sequence types sts, coli isolates",0.0
130,"details use execution, myosin motors, nascent chain, origin life",0.30434782608695654
130,"editorial emerging, author correction, g2 phase, model pd",0.0
130,"fetal liver, stalled replication forks, pulmonary vascular, chromatin state",0.06956521739130435
130,"recent findings recent, cell multi omics, complex microbial, crispr cas based",0.0
130,"related morbidity, stage diagnosis, combination strategies, clinical intervention",0.4826086956521739
130,"role intercellular communication, testicular torsion, nanoparticle tracking analysis, mir 21 5p",0.0
130,"therapeutic strategies including, exosomes emerging, epigenetic modulation, solid cancers",0.08913043478260871
130,"transgene expression, metabolite production, study illustrates, precise genome",0.054347826086956534
130,"web science core, mean sd age, research hotspots, 28 day mortality",0.0
131,"bla ctx, spectrum lactamase esbl, sequence types sts, coli isolates",0.0
131,"details use execution, myosin motors, nascent chain, origin life",0.391304347826087
131,"editorial emerging, author correction, g2 phase, model pd",0.0
131,"fetal liver, stalled replication forks, pulmonary vascular, chromatin state",0.07173913043478261
131,"recent findings recent, cell multi omics, complex microbial, crispr cas based",0.0
131,"related morbidity, stage diagnosis, combination strategies, clinical intervention",0.42173913043478256
131,"role intercellular communication, testicular torsion, nanoparticle tracking analysis, mir 21 5p",0.0
131,"therapeutic strategies including, exosomes emerging, epigenetic modulation, solid cancers",0.06739130434782609
131,"transgene expression, metabolite production, study illustrates, precise genome",0.04782608695652174
131,"web science core, mean sd age, research hotspots, 28 day mortality",0.0
132,"bla ctx, spectrum lactamase esbl, sequence types sts, coli isolates",0.0
132,"details use execution, myosin motors, nascent chain, origin life",0.34782608695652173
132,"editorial emerging, author correction, g2 phase, model pd",0.0
132,"fetal liver, stalled replication forks, pulmonary vascular, chromatin state",0.07173913043478262
132,"recent findings recent, cell multi omics, complex microbial, crispr cas based",0.0
132,"related morbidity, stage diagnosis, combination strategies, clinical intervention",0.4739130434782608
132,"role intercellular communication, testicular torsion, nanoparticle tracking analysis, mir 21 5p",0.0
132,"therapeutic strategies including, exosomes emerging, epigenetic modulation, solid cancers",0.04782608695652174
132,"transgene expression, metabolite production, study illustrates, precise genome",0.05869565217391304
132,"web science core, mean sd age, research hotspots, 28 day mortality",0.0
133,"bla ctx, spectrum lactamase esbl, sequence types sts, coli isolates",0.0
133,"details use execution, myosin motors, nascent chain, origin life",0.391304347826087
133,"editorial emerging, author correction, g2 phase, model pd",0.01956521739130435
133,"fetal liver, stalled replication forks, pulmonary vascular, chromatin state",0.03043478260869565
133,"recent findings recent, cell multi omics, complex microbial, crispr cas based",0.0
133,"related morbidity, stage diagnosis, combination strategies, clinical intervention",0.4913043478260869
133,"role intercellular communication, testicular torsion, nanoparticle tracking analysis, mir 21 5p",0.0
133,"therapeutic strategies including, exosomes emerging, epigenetic modulation, solid cancers",0.0391304347826087
133,"transgene expression, metabolite production, study illustrates, precise genome",0.02826086956521739
133,"web science core, mean sd age, research hotspots, 28 day mortality",0.0
134,"bla ctx, spectrum lactamase esbl, sequence types sts, coli isolates",0.0
134,"details use execution, myosin motors, nascent chain, origin life",0.34782608695652173
134,"editorial emerging, author correction, g2 phase, model pd",0.021739130434782608
134,"fetal liver, stalled replication forks, pulmonary vascular, chromatin state",0.0391304347826087
134,"recent findings recent, cell multi omics, complex microbial, crispr cas based",0.0
134,"related morbidity, stage diagnosis, combination strategies, clinical intervention",0.4956521739130435
134,"role intercellular communication, testicular torsion, nanoparticle tracking analysis, mir 21 5p",0.0
134,"therapeutic strategies including, exosomes emerging, epigenetic modulation, solid cancers",0.049999999999999996
134,"transgene expression, metabolite production, study illustrates, precise genome",0.04565217391304348
134,"web science core, mean sd age, research hotspots, 28 day mortality",0.0
135,"bla ctx, spectrum lactamase esbl, sequence types sts, coli isolates",0.0
135,"details use execution, myosin motors, nascent chain, origin life",0.30434782608695654
135,"editorial emerging, author correction, g2 phase, model pd",0.0
135,"fetal liver, stalled replication forks, pulmonary vascular, chromatin state",0.02826086956521739
135,"recent findings recent, cell multi omics, complex microbial, crispr cas based",0.0
135,"related morbidity, stage diagnosis, combination strategies, clinical intervention",0.5869565217391305
135,"role intercellular communication, testicular torsion, nanoparticle tracking analysis, mir 21 5p",0.0
135,"therapeutic strategies including, exosomes emerging, epigenetic modulation, solid cancers",0.06739130434782609
135,"transgene expression, metabolite production, study illustrates, precise genome",0.013043478260869568
135,"web science core, mean sd age, research hotspots, 28 day mortality",0.0
136,"bla ctx, spectrum lactamase esbl, sequence types sts, coli isolates",0.0
136,"details use execution, myosin motors, nascent chain, origin life",0.21739130434782608
136,"editorial emerging, author correction, g2 phase, model pd",0.021739130434782608
136,"fetal liver, stalled replication forks, pulmonary vascular, chromatin state",0.07173913043478261
136,"recent findings recent, cell multi omics, complex microbial, crispr cas based",0.0
136,"related morbidity, stage diagnosis, combination strategies, clinical intervention",0.5456521739130435
136,"role intercellular communication, testicular torsion, nanoparticle tracking analysis, mir 21 5p",0.0
136,"therapeutic strategies including, exosomes emerging, epigenetic modulation, solid cancers",0.08043478260869565
136,"transgene expression, metabolite production, study illustrates, precise genome",0.06304347826086958
136,"web science core, mean sd age, research hotspots, 28 day mortality",0.0
137,"bla ctx, spectrum lactamase esbl, sequence types sts, coli isolates",0.0
137,"details use execution, myosin motors, nascent chain, origin life",0.2608695652173913
137,"editorial emerging, author correction, g2 phase, model pd",0.0
137,"fetal liver, stalled replication forks, pulmonary vascular, chromatin state",0.04565217391304348
137,"recent findings recent, cell multi omics, complex microbial, crispr cas based",0.0
137,"related morbidity, stage diagnosis, combination strategies, clinical intervention",0.5695652173913043
137,"role intercellular communication, testicular torsion, nanoparticle tracking analysis, mir 21 5p",0.0
137,"therapeutic strategies including, exosomes emerging, epigenetic modulation, solid cancers",0.06521739130434782
137,"transgene expression, metabolite production, study illustrates, precise genome",0.058695652173913045
137,"web science core, mean sd age, research hotspots, 28 day mortality",0.0
138,"bla ctx, spectrum lactamase esbl, sequence types sts, coli isolates",0.0
138,"details use execution, myosin motors, nascent chain, origin life",0.30434782608695654
138,"editorial emerging, author correction, g2 phase, model pd",0.01956521739130435
138,"fetal liver, stalled replication forks, pulmonary vascular, chromatin state",0.07608695652173914
138,"recent findings recent, cell multi omics, complex microbial, crispr cas based",0.0
138,"related morbidity, stage diagnosis, combination strategies, clinical intervention",0.45217391304347826
138,"role intercellular communication, testicular torsion, nanoparticle tracking analysis, mir 21 5p",0.0
138,"therapeutic strategies including, exosomes emerging, epigenetic modulation, solid cancers",0.06739130434782609
138,"transgene expression, metabolite production, study illustrates, precise genome",0.08043478260869566
138,"web science core, mean sd age, research hotspots, 28 day mortality",0.0
139,"bla ctx, spectrum lactamase esbl, sequence types sts, coli isolates",0.0
139,"details use execution, myosin motors, nascent chain, origin life",0.391304347826087
139,"editorial emerging, author correction, g2 phase, model pd",0.021739130434782608
139,"fetal liver, stalled replication forks, pulmonary vascular, chromatin state",0.058695652173913045
139,"recent findings recent, cell multi omics, complex microbial, crispr cas based",0.0
139,"related morbidity, stage diagnosis, combination strategies, clinical intervention",0.4695652173913043
139,"role intercellular communication, testicular torsion, nanoparticle tracking analysis, mir 21 5p",0.0
139,"therapeutic strategies including, exosomes emerging, epigenetic modulation, solid cancers",0.002173913043478261
139,"transgene expression, metabolite production, study illustrates, precise genome",0.05652173913043478
139,"web science core, mean sd age, research hotspots, 28 day mortality",0.0
140,"bla ctx, spectrum lactamase esbl, sequence types sts, coli isolates",0.0
140,"details use execution, myosin motors, nascent chain, origin life",0.391304347826087
140,"editorial emerging, author correction, g2 phase, model pd",0.002173913043478261
140,"fetal liver, stalled replication forks, pulmonary vascular, chromatin state",0.09347826086956523
140,"recent findings recent, cell multi omics, complex microbial, crispr cas based",0.0
140,"related morbidity, stage diagnosis, combination strategies, clinical intervention",0.41304347826086957
140,"role intercellular communication, testicular torsion, nanoparticle tracking analysis, mir 21 5p",0.0
140,"therapeutic strategies including, exosomes emerging, epigenetic modulation, solid cancers",0.03913043478260869
140,"transgene expression, metabolite production, study illustrates, precise genome",0.06086956521739131
140,"web science core, mean sd age, research hotspots, 28 day mortality",0.0
141,"bla ctx, spectrum lactamase esbl, sequence types sts, coli isolates",0.0
141,"details use execution, myosin motors, nascent chain, origin life",0.34782608695652173
141,"editorial emerging, author correction, g2 phase, model pd",0.0
141,"fetal liver, stalled replication forks, pulmonary vascular, chromatin state",0.10217391304347827
141,"recent findings recent, cell multi omics, complex microbial, crispr cas based",0.0
141,"related morbidity, stage diagnosis, combination strategies, clinical intervention",0.4195652173913043
141,"role intercellular communication, testicular torsion, nanoparticle tracking analysis, mir 21 5p",0.0
141,"therapeutic strategies including, exosomes emerging, epigenetic modulation, solid cancers",0.0608695652173913
141,"transgene expression, metabolite production, study illustrates, precise genome",0.06956521739130435
141,"web science core, mean sd age, research hotspots, 28 day mortality",0.0
142,"bla ctx, spectrum lactamase esbl, sequence types sts, coli isolates",0.0
142,"details use execution, myosin motors, nascent chain, origin life",0.43478260869565216
142,"editorial emerging, author correction, g2 phase, model pd",0.002173913043478261
142,"fetal liver, stalled replication forks, pulmonary vascular, chromatin state",0.05
142,"recent findings recent, cell multi omics, complex microbial, crispr cas based",0.0
142,"related morbidity, stage diagnosis, combination strategies, clinical intervention",0.4456521739130434
142,"role intercellular communication, testicular torsion, nanoparticle tracking analysis, mir 21 5p",0.0
142,"therapeutic strategies including, exosomes emerging, epigenetic modulation, solid cancers",0.010869565217391304
142,"transgene expression, metabolite production, study illustrates, precise genome",0.05652173913043478
142,"web science core, mean sd age, research hotspots, 28 day mortality",0.0
143,"bla ctx, spectrum lactamase esbl, sequence types sts, coli isolates",0.0
143,"details use execution, myosin motors, nascent chain, origin life",0.4782608695652174
143,"editorial emerging, author correction, g2 phase, model pd",0.0
143,"fetal liver, stalled replication forks, pulmonary vascular, chromatin state",0.03695652173913044
143,"recent findings recent, cell multi omics, complex microbial, crispr cas based",0.0
143,"related morbidity, stage diagnosis, combination strategies, clinical intervention",0.42173913043478267
143,"role intercellular communication, testicular torsion, nanoparticle tracking analysis, mir 21 5p",0.0
143,"therapeutic strategies including, exosomes emerging, epigenetic modulation, solid cancers",0.02826086956521739
143,"transgene expression, metabolite production, study illustrates, precise genome",0.034782608695652174
143,"web science core, mean sd age, research hotspots, 28 day mortality",0.0
144,"bla ctx, spectrum lactamase esbl, sequence types sts, coli isolates",0.0
144,"details use execution, myosin motors, nascent chain, origin life",0.34782608695652173
144,"editorial emerging, author correction, g2 phase, model pd",0.01956521739130435
144,"fetal liver, stalled replication forks, pulmonary vascular, chromatin state",0.1108695652173913
144,"recent findings recent, cell multi omics, complex microbial, crispr cas based",0.0
144,"related morbidity, stage diagnosis, combination strategies, clinical intervention",0.35652173913043483
144,"role intercellular communication, testicular torsion, nanoparticle tracking analysis, mir 21 5p",0.0
144,"therapeutic strategies including, exosomes emerging, epigenetic modulation, solid cancers",0.08478260869565217
144,"transgene expression, metabolite production, study illustrates, precise genome",0.08043478260869565
144,"web science core, mean sd age, research hotspots, 28 day mortality",0.0
145,"bla ctx, spectrum lactamase esbl, sequence types sts, coli isolates",0.0
145,"details use execution, myosin motors, nascent chain, origin life",0.30434782608695654
145,"editorial emerging, author correction, g2 phase, model pd",0.0
145,"fetal liver, stalled replication forks, pulmonary vascular, chromatin state",0.09130434782608696
145,"recent findings recent, cell multi omics, complex microbial, crispr cas based",0.0
145,"related morbidity, stage diagnosis, combination strategies, clinical intervention",0.4869565217391304
145,"role intercellular communication, testicular torsion, nanoparticle tracking analysis, mir 21 5p",0.0
145,"therapeutic strategies including, exosomes emerging, epigenetic modulation, solid cancers",0.06521739130434782
145,"transgene expression, metabolite production, study illustrates, precise genome",0.05217391304347827
145,"web science core, mean sd age, research hotspots, 28 day mortality",0.0
146,"bla ctx, spectrum lactamase esbl, sequence types sts, coli isolates",0.0
146,"details use execution, myosin motors, nascent chain, origin life",0.2608695652173913
146,"editorial emerging, author correction, g2 phase, model pd",0.021739130434782608
146,"fetal liver, stalled replication forks, pulmonary vascular, chromatin state",0.06956521739130435
146,"recent findings recent, cell multi omics, complex microbial, crispr cas based",0.0
146,"related morbidity, stage diagnosis, combination strategies, clinical intervention",0.5065217391304347
146,"role intercellular communication, testicular torsion, nanoparticle tracking analysis, mir 21 5p",0.0
146,"therapeutic strategies including, exosomes emerging, epigenetic modulation, solid cancers",0.08260869565217391
146,"transgene expression, metabolite production, study illustrates, precise genome",0.058695652173913045
146,"web science core, mean sd age, research hotspots, 28 day mortality",0.0
147,"bla ctx, spectrum lactamase esbl, sequence types sts, coli isolates",0.0
147,"details use execution, myosin motors, nascent chain, origin life",0.34782608695652173
147,"editorial emerging, author correction, g2 phase, model pd",0.021739130434782608
147,"fetal liver, stalled replication forks, pulmonary vascular, chromatin state",0.06521739130434782
147,"recent findings recent, cell multi omics, complex microbial, crispr cas based",0.0
147,"related morbidity, stage diagnosis, combination strategies, clinical intervention",0.4869565217391304
147,"role intercellular communication, testicular torsion, nanoparticle tracking analysis, mir 21 5p",0.0
147,"therapeutic strategies including, exosomes emerging, epigenetic modulation, solid cancers",0.013043478260869565
147,"transgene expression, metabolite production, study illustrates, precise genome",0.06521739130434784
147,"web science core, mean sd age, research hotspots, 28 day mortality",0.0
148,"bla ctx, spectrum lactamase esbl, sequence types sts, coli isolates",0.0
148,"details use execution, myosin motors, nascent chain, origin life",0.30434782608695654
148,"editorial emerging, author correction, g2 phase, model pd",0.002173913043478261
148,"fetal liver, stalled replication forks, pulmonary vascular, chromatin state",0.07608695652173914
148,"recent findings recent, cell multi omics, complex microbial, crispr cas based",0.0
148,"related morbidity, stage diagnosis, combination strategies, clinical intervention",0.5130434782608696
148,"role intercellular communication, testicular torsion, nanoparticle tracking analysis, mir 21 5p",0.0
148,"therapeutic strategies including, exosomes emerging, epigenetic modulation, solid cancers",0.04565217391304348
148,"transgene expression, metabolite production, study illustrates, precise genome",0.058695652173913045
148,"web science core, mean sd age, research hotspots, 28 day mortality",0.0
149,"bla ctx, spectrum lactamase esbl, sequence types sts, coli isolates",0.0
149,"details use execution, myosin motors, nascent chain, origin life",0.2608695652173913
149,"editorial emerging, author correction, g2 phase, model pd",0.0
149,"fetal liver, stalled replication forks, pulmonary vascular, chromatin state",0.034782608695652174
149,"recent findings recent, cell multi omics, complex microbial, crispr cas based",0.0
149,"related morbidity, stage diagnosis, combination strategies, clinical intervention",0.5999999999999999
149,"role intercellular communication, testicular torsion, nanoparticle tracking analysis, mir 21 5p",0.0
149,"therapeutic strategies including, exosomes emerging, epigenetic modulation, solid cancers",0.07391304347826087
149,"transgene expression, metabolite production, study illustrates, precise genome",0.03043478260869565
149,"web science core, mean sd age, research hotspots, 28 day mortality",0.0
150,"bla ctx, spectrum lactamase esbl, sequence types sts, coli isolates",0.0
150,"details use execution, myosin motors, nascent chain, origin life",0.391304347826087
150,"editorial emerging, author correction, g2 phase, model pd",0.0
150,"fetal liver, stalled replication forks, pulmonary vascular, chromatin state",0.07391304347826087
150,"recent findings recent, cell multi omics, complex microbial, crispr cas based",0.0
150,"related morbidity, stage diagnosis, combination strategies, clinical intervention",0.4652173913043478
150,"role intercellular communication, testicular torsion, nanoparticle tracking analysis, mir 21 5p",0.0
150,"therapeutic strategies including, exosomes emerging, epigenetic modulation, solid cancers",0.026086956521739136
150,"transgene expression, metabolite production, study illustrates, precise genome",0.043478260869565216
150,"web science core, mean sd age, research hotspots, 28 day mortality",0.0
151,"bla ctx, spectrum lactamase esbl, sequence types sts, coli isolates",0.0
151,"details use execution, myosin motors, nascent chain, origin life",0.34782608695652173
151,"editorial emerging, author correction, g2 phase, model pd",0.0
151,"fetal liver, stalled replication forks, pulmonary vascular, chromatin state",0.04782608695652174
151,"recent findings recent, cell multi omics, complex microbial, crispr cas based",0.0
151,"related morbidity, stage diagnosis, combination strategies, clinical intervention",0.5260869565217391
151,"role intercellular communication, testicular torsion, nanoparticle tracking analysis, mir 21 5p",0.0
151,"therapeutic strategies including, exosomes emerging, epigenetic modulation, solid cancers",0.03260869565217391
151,"transgene expression, metabolite production, study illustrates, precise genome",0.04565217391304348
151,"web science core, mean sd age, research hotspots, 28 day mortality",0.0
152,"bla ctx, spectrum lactamase esbl, sequence types sts, coli isolates",0.0
152,"details use execution, myosin motors, nascent chain, origin life",0.43478260869565216
152,"editorial emerging, author correction, g2 phase, model pd",0.0
152,"fetal liver, stalled replication forks, pulmonary vascular, chromatin state",0.08478260869565216
152,"recent findings recent, cell multi omics, complex microbial, crispr cas based",0.0
152,"related morbidity, stage diagnosis, combination strategies, clinical intervention",0.3978260869565218
152,"role intercellular communication, testicular torsion, nanoparticle tracking analysis, mir 21 5p",0.0
152,"therapeutic strategies including, exosomes emerging, epigenetic modulation, solid cancers",0.02826086956521739
152,"transgene expression, metabolite production, study illustrates, precise genome",0.054347826086956534
152,"web science core, mean sd age, research hotspots, 28 day mortality",0.0
153,"bla ctx, spectrum lactamase esbl, sequence types sts, coli isolates",0.0
153,"details use execution, myosin motors, nascent chain, origin life",0.30434782608695654
153,"editorial emerging, author correction, g2 phase, model pd",0.01956521739130435
153,"fetal liver, stalled replication forks, pulmonary vascular, chromatin state",0.0891304347826087
153,"recent findings recent, cell multi omics, complex microbial, crispr cas based",0.0
153,"related morbidity, stage diagnosis, combination strategies, clinical intervention",0.4695652173913043
153,"role intercellular communication, testicular torsion, nanoparticle tracking analysis, mir 21 5p",0.0
153,"therapeutic strategies including, exosomes emerging, epigenetic modulation, solid cancers",0.034782608695652174
153,"transgene expression, metabolite production, study illustrates, precise genome",0.08260869565217391
153,"web science core, mean sd age, research hotspots, 28 day mortality",0.0
154,"bla ctx, spectrum lactamase esbl, sequence types sts, coli isolates",0.0
154,"details use execution, myosin motors, nascent chain, origin life",0.4782608695652174
154,"editorial emerging, author correction, g2 phase, model pd",0.021739130434782608
154,"fetal liver, stalled replication forks, pulmonary vascular, chromatin state",0.05869565217391304
154,"recent findings recent, cell multi omics, complex microbial, crispr cas based",0.0
154,"related morbidity, stage diagnosis, combination strategies, clinical intervention",0.3847826086956522
154,"role intercellular communication, testicular torsion, nanoparticle tracking analysis, mir 21 5p",0.0
154,"therapeutic strategies including, exosomes emerging, epigenetic modulation, solid cancers",0.006521739130434782
154,"transgene expression, metabolite production, study illustrates, precise genome",0.05
154,"web science core, mean sd age, research hotspots, 28 day mortality",0.0
155,"bla ctx, spectrum lactamase esbl, sequence types sts, coli isolates",0.0
155,"details use execution, myosin motors, nascent chain, origin life",0.34782608695652173
155,"editorial emerging, author correction, g2 phase, model pd",0.0
155,"fetal liver, stalled replication forks, pulmonary vascular, chromatin state",0.03695652173913044
155,"recent findings recent, cell multi omics, complex microbial, crispr cas based",0.0
155,"related morbidity, stage diagnosis, combination strategies, clinical intervention",0.5347826086956521
155,"role intercellular communication, testicular torsion, nanoparticle tracking analysis, mir 21 5p",0.0
155,"therapeutic strategies including, exosomes emerging, epigenetic modulation, solid cancers",0.058695652173913045
155,"transgene expression, metabolite production, study illustrates, precise genome",0.021739130434782615
155,"web science core, mean sd age, research hotspots, 28 day mortality",0.0
156,"bla ctx, spectrum lactamase esbl, sequence types sts, coli isolates",0.0
156,"details use execution, myosin motors, nascent chain, origin life",0.34782608695652173
156,"editorial emerging, author correction, g2 phase, model pd",0.021739130434782608
156,"fetal liver, stalled replication forks, pulmonary vascular, chromatin state",0.06956521739130435
156,"recent findings recent, cell multi omics, complex microbial, crispr cas based",0.0
156,"related morbidity, stage diagnosis, combination strategies, clinical intervention",0.45869565217391306
156,"role intercellular communication, testicular torsion, nanoparticle tracking analysis, mir 21 5p",0.0
156,"therapeutic strategies including, exosomes emerging, epigenetic modulation, solid cancers",0.03043478260869565
156,"transgene expression, metabolite production, study illustrates, precise genome",0.07173913043478261
156,"web science core, mean sd age, research hotspots, 28 day mortality",0.0
157,"bla ctx, spectrum lactamase esbl, sequence types sts, coli isolates",0.0
157,"details use execution, myosin motors, nascent chain, origin life",0.2608695652173913
157,"editorial emerging, author correction, g2 phase, model pd",0.0
157,"fetal liver, stalled replication forks, pulmonary vascular, chromatin state",0.07608695652173914
157,"recent findings recent, cell multi omics, complex microbial, crispr cas based",0.0
157,"related morbidity, stage diagnosis, combination strategies, clinical intervention",0.5652173913043478
157,"role intercellular communication, testicular torsion, nanoparticle tracking analysis, mir 21 5p",0.0
157,"therapeutic strategies including, exosomes emerging, epigenetic modulation, solid cancers",0.05217391304347827
157,"transgene expression, metabolite production, study illustrates, precise genome",0.04565217391304348
157,"web science core, mean sd age, research hotspots, 28 day mortality",0.0
158,"bla ctx, spectrum lactamase esbl, sequence types sts, coli isolates",0.0
158,"details use execution, myosin motors, nascent chain, origin life",0.391304347826087
158,"editorial emerging, author correction, g2 phase, model pd",0.002173913043478261
158,"fetal liver, stalled replication forks, pulmonary vascular, chromatin state",0.10217391304347827
158,"recent findings recent, cell multi omics, complex microbial, crispr cas based",0.0
158,"related morbidity, stage diagnosis, combination strategies, clinical intervention",0.42173913043478256
158,"role intercellular communication, testicular torsion, nanoparticle tracking analysis, mir 21 5p",0.0
158,"therapeutic strategies including, exosomes emerging, epigenetic modulation, solid cancers",0.010869565217391304
158,"transgene expression, metabolite production, study illustrates, precise genome",0.07173913043478261
158,"web science core, mean sd age, research hotspots, 28 day mortality",0.0
159,"bla ctx, spectrum lactamase esbl, sequence types sts, coli isolates",0.0
159,"details use execution, myosin motors, nascent chain, origin life",0.30434782608695654
159,"editorial emerging, author correction, g2 phase, model pd",0.01956521739130435
159,"fetal liver, stalled replication forks, pulmonary vascular, chromatin state",0.030434782608695653
159,"recent findings recent, cell multi omics, complex microbial, crispr cas based",0.0
159,"related morbidity, stage diagnosis, combination strategies, clinical intervention",0.5304347826086956
159,"role intercellular communication, testicular torsion, nanoparticle tracking analysis, mir 21 5p",0.0
159,"therapeutic strategies including, exosomes emerging, epigenetic modulation, solid cancers",0.06956521739130435
159,"transgene expression, metabolite production, study illustrates, precise genome",0.04565217391304348
159,"web science core, mean sd age, research hotspots, 28 day mortality",0.0
160,"bla ctx, spectrum lactamase esbl, sequence types sts, coli isolates",0.0
160,"details use execution, myosin motors, nascent chain, origin life",0.2608695652173913
160,"editorial emerging, author correction, g2 phase, model pd",0.0
160,"fetal liver, stalled replication forks, pulmonary vascular, chromatin state",0.06739130434782609
160,"recent findings recent, cell multi omics, complex microbial, crispr cas based",0.0
160,"related morbidity, stage diagnosis, combination strategies, clinical intervention",0.5630434782608695
160,"role intercellular communication, testicular torsion, nanoparticle tracking analysis, mir 21 5p",0.0
160,"therapeutic strategies including, exosomes emerging, epigenetic modulation, solid cancers",0.06304347826086956
160,"transgene expression, metabolite production, study illustrates, precise genome",0.04565217391304348
160,"web science core, mean sd age, research hotspots, 28 day mortality",0.0
161,"bla ctx, spectrum lactamase esbl, sequence types sts, coli isolates",0.0
161,"details use execution, myosin motors, nascent chain, origin life",0.5652173913043478
161,"editorial emerging, author correction, g2 phase, model pd",0.0
161,"fetal liver, stalled replication forks, pulmonary vascular, chromatin state",0.05217391304347827
161,"recent findings recent, cell multi omics, complex microbial, crispr cas based",0.0
161,"related morbidity, stage diagnosis, combination strategies, clinical intervention",0.2956521739130435
161,"role intercellular communication, testicular torsion, nanoparticle tracking analysis, mir 21 5p",0.0
161,"therapeutic strategies including, exosomes emerging, epigenetic modulation, solid cancers",0.05
161,"transgene expression, metabolite production, study illustrates, precise genome",0.03695652173913044
161,"web science core, mean sd age, research hotspots, 28 day mortality",0.0
162,"bla ctx, spectrum lactamase esbl, sequence types sts, coli isolates",0.0
162,"details use execution, myosin motors, nascent chain, origin life",0.43478260869565216
162,"editorial emerging, author correction, g2 phase, model pd",0.01956521739130435
162,"fetal liver, stalled replication forks, pulmonary vascular, chromatin state",0.049999999999999996
162,"recent findings recent, cell multi omics, complex microbial, crispr cas based",0.0
162,"related morbidity, stage diagnosis, combination strategies, clinical intervention",0.41304347826086957
162,"role intercellular communication, testicular torsion, nanoparticle tracking analysis, mir 21 5p",0.0
162,"therapeutic strategies including, exosomes emerging, epigenetic modulation, solid cancers",0.03260869565217391
162,"transgene expression, metabolite production, study illustrates, precise genome",0.05
162,"web science core, mean sd age, research hotspots, 28 day mortality",0.0
163,"bla ctx, spectrum lactamase esbl, sequence types sts, coli isolates",0.0
163,"details use execution, myosin motors, nascent chain, origin life",0.30434782608695654
163,"editorial emerging, author correction, g2 phase, model pd",0.0
163,"fetal liver, stalled replication forks, pulmonary vascular, chromatin state",0.10217391304347827
163,"recent findings recent, cell multi omics, complex microbial, crispr cas based",0.0
163,"related morbidity, stage diagnosis, combination strategies, clinical intervention",0.5043478260869566
163,"role intercellular communication, testicular torsion, nanoparticle tracking analysis, mir 21 5p",0.0
163,"therapeutic strategies including, exosomes emerging, epigenetic modulation, solid cancers",0.026086956521739136
163,"transgene expression, metabolite production, study illustrates, precise genome",0.06304347826086958
163,"web science core, mean sd age, research hotspots, 28 day mortality",0.0
164,"bla ctx, spectrum lactamase esbl, sequence types sts, coli isolates",0.0
164,"details use execution, myosin motors, nascent chain, origin life",0.4782608695652174
164,"editorial emerging, author correction, g2 phase, model pd",0.021739130434782608
164,"fetal liver, stalled replication forks, pulmonary vascular, chromatin state",0.09130434782608696
164,"recent findings recent, cell multi omics, complex microbial, crispr cas based",0.0
164,"related morbidity, stage diagnosis, combination strategies, clinical intervention",0.2695652173913043
164,"role intercellular communication, testicular torsion, nanoparticle tracking analysis, mir 21 5p",0.0
164,"therapeutic strategies including, exosomes emerging, epigenetic modulation, solid cancers",0.043478260869565216
164,"transgene expression, metabolite production, study illustrates, precise genome",0.09565217391304348
164,"web science core, mean sd age, research hotspots, 28 day mortality",0.0
165,"bla ctx, spectrum lactamase esbl, sequence types sts, coli isolates",0.0
165,"details use execution, myosin motors, nascent chain, origin life",0.34782608695652173
165,"editorial emerging, author correction, g2 phase, model pd",0.01956521739130435
165,"fetal liver, stalled replication forks, pulmonary vascular, chromatin state",0.04565217391304348
165,"recent findings recent, cell multi omics, complex microbial, crispr cas based",0.0
165,"related morbidity, stage diagnosis, combination strategies, clinical intervention",0.5065217391304347
165,"role intercellular communication, testicular torsion, nanoparticle tracking analysis, mir 21 5p",0.0
165,"therapeutic strategies including, exosomes emerging, epigenetic modulation, solid cancers",0.034782608695652174
165,"transgene expression, metabolite production, study illustrates, precise genome",0.04565217391304348
165,"web science core, mean sd age, research hotspots, 28 day mortality",0.0
166,"bla ctx, spectrum lactamase esbl, sequence types sts, coli isolates",0.0
166,"details use execution, myosin motors, nascent chain, origin life",0.34782608695652173
166,"editorial emerging, author correction, g2 phase, model pd",0.01956521739130435
166,"fetal liver, stalled replication forks, pulmonary vascular, chromatin state",0.04782608695652174
166,"recent findings recent, cell multi omics, complex microbial, crispr cas based",0.0
166,"related morbidity, stage diagnosis, combination strategies, clinical intervention",0.4543478260869565
166,"role intercellular communication, testicular torsion, nanoparticle tracking analysis, mir 21 5p",0.0
166,"therapeutic strategies including, exosomes emerging, epigenetic modulation, solid cancers",0.08478260869565218
166,"transgene expression, metabolite production, study illustrates, precise genome",0.04565217391304347
166,"web science core, mean sd age, research hotspots, 28 day mortality",0.0
167,"bla ctx, spectrum lactamase esbl, sequence types sts, coli isolates",0.0
167,"details use execution, myosin motors, nascent chain, origin life",0.30434782608695654
167,"editorial emerging, author correction, g2 phase, model pd",0.0
167,"fetal liver, stalled replication forks, pulmonary vascular, chromatin state",0.07608695652173914
167,"recent findings recent, cell multi omics, complex microbial, crispr cas based",0.0
167,"related morbidity, stage diagnosis, combination strategies, clinical intervention",0.5130434782608696
167,"role intercellular communication, testicular torsion, nanoparticle tracking analysis, mir 21 5p",0.0
167,"therapeutic strategies including, exosomes emerging, epigenetic modulation, solid cancers",0.04782608695652174
167,"transgene expression, metabolite production, study illustrates, precise genome",0.058695652173913045
167,"web science core, mean sd age, research hotspots, 28 day mortality",0.0
168,"bla ctx, spectrum lactamase esbl, sequence types sts, coli isolates",0.0
168,"details use execution, myosin motors, nascent chain, origin life",0.34782608695652173
168,"editorial emerging, author correction, g2 phase, model pd",0.002173913043478261
168,"fetal liver, stalled replication forks, pulmonary vascular, chromatin state",0.08043478260869566
168,"recent findings recent, cell multi omics, complex microbial, crispr cas based",0.0
168,"related morbidity, stage diagnosis, combination strategies, clinical intervention",0.4695652173913043
168,"role intercellular communication, testicular torsion, nanoparticle tracking analysis, mir 21 5p",0.0
168,"therapeutic strategies including, exosomes emerging, epigenetic modulation, solid cancers",0.06956521739130435
168,"transgene expression, metabolite production, study illustrates, precise genome",0.030434782608695653
168,"web science core, mean sd age, research hotspots, 28 day mortality",0.0
169,"bla ctx, spectrum lactamase esbl, sequence types sts, coli isolates",0.0
169,"details use execution, myosin motors, nascent chain, origin life",0.43478260869565216
169,"editorial emerging, author correction, g2 phase, model pd",0.021739130434782608
169,"fetal liver, stalled replication forks, pulmonary vascular, chromatin state",0.02608695652173913
169,"recent findings recent, cell multi omics, complex microbial, crispr cas based",0.0
169,"related morbidity, stage diagnosis, combination strategies, clinical intervention",0.45652173913043476
169,"role intercellular communication, testicular torsion, nanoparticle tracking analysis, mir 21 5p",0.0
169,"therapeutic strategies including, exosomes emerging, epigenetic modulation, solid cancers",0.010869565217391304
169,"transgene expression, metabolite production, study illustrates, precise genome",0.049999999999999996
169,"web science core, mean sd age, research hotspots, 28 day mortality",0.0
170,"bla ctx, spectrum lactamase esbl, sequence types sts, coli isolates",0.0
170,"details use execution, myosin motors, nascent chain, origin life",0.30434782608695654
170,"editorial emerging, author correction, g2 phase, model pd",0.0
170,"fetal liver, stalled replication forks, pulmonary vascular, chromatin state",0.15
170,"recent findings recent, cell multi omics, complex microbial, crispr cas based",0.0
170,"related morbidity, stage diagnosis, combination strategies, clinical intervention",0.42391304347826086
170,"role intercellular communication, testicular torsion, nanoparticle tracking analysis, mir 21 5p",0.0
170,"therapeutic strategies including, exosomes emerging, epigenetic modulation, solid cancers",0.010869565217391304
170,"transgene expression, metabolite production, study illustrates, precise genome",0.1108695652173913
170,"web science core, mean sd age, research hotspots, 28 day mortality",0.0
171,"bla ctx, spectrum lactamase esbl, sequence types sts, coli isolates",0.0
171,"details use execution, myosin motors, nascent chain, origin life",0.391304347826087
171,"editorial emerging, author correction, g2 phase, model pd",0.01956521739130435
171,"fetal liver, stalled replication forks, pulmonary vascular, chromatin state",0.05434782608695652
171,"recent findings recent, cell multi omics, complex microbial, crispr cas based",0.0
171,"related morbidity, stage diagnosis, combination strategies, clinical intervention",0.45
171,"role intercellular communication, testicular torsion, nanoparticle tracking analysis, mir 21 5p",0.0
171,"therapeutic strategies including, exosomes emerging, epigenetic modulation, solid cancers",0.03260869565217391
171,"transgene expression, metabolite production, study illustrates, precise genome",0.05217391304347827
171,"web science core, mean sd age, research hotspots, 28 day mortality",0.0
172,"bla ctx, spectrum lactamase esbl, sequence types sts, coli isolates",0.0
172,"details use execution, myosin motors, nascent chain, origin life",0.34782608695652173
172,"editorial emerging, author correction, g2 phase, model pd",0.01956521739130435
172,"fetal liver, stalled replication forks, pulmonary vascular, chromatin state",0.07173913043478261
172,"recent findings recent, cell multi omics, complex microbial, crispr cas based",0.0
172,"related morbidity, stage diagnosis, combination strategies, clinical intervention",0.4521739130434782
172,"role intercellular communication, testicular torsion, nanoparticle tracking analysis, mir 21 5p",0.0
172,"therapeutic strategies including, exosomes emerging, epigenetic modulation, solid cancers",0.043478260869565216
172,"transgene expression, metabolite production, study illustrates, precise genome",0.06521739130434782
172,"web science core, mean sd age, research hotspots, 28 day mortality",0.0
173,"bla ctx, spectrum lactamase esbl, sequence types sts, coli isolates",0.0
173,"details use execution, myosin motors, nascent chain, origin life",0.2608695652173913
173,"editorial emerging, author correction, g2 phase, model pd",0.01956521739130435
173,"fetal liver, stalled replication forks, pulmonary vascular, chromatin state",0.058695652173913045
173,"recent findings recent, cell multi omics, complex microbial, crispr cas based",0.0
173,"related morbidity, stage diagnosis, combination strategies, clinical intervention",0.5304347826086956
173,"role intercellular communication, testicular torsion, nanoparticle tracking analysis, mir 21 5p",0.0
173,"therapeutic strategies including, exosomes emerging, epigenetic modulation, solid cancers",0.06521739130434782
173,"transgene expression, metabolite production, study illustrates, precise genome",0.06521739130434782
173,"web science core, mean sd age, research hotspots, 28 day mortality",0.0
174,"bla ctx, spectrum lactamase esbl, sequence types sts, coli isolates",0.0
174,"details use execution, myosin motors, nascent chain, origin life",0.30434782608695654
174,"editorial emerging, author correction, g2 phase, model pd",0.002173913043478261
174,"fetal liver, stalled replication forks, pulmonary vascular, chromatin state",0.09130434782608696
174,"recent findings recent, cell multi omics, complex microbial, crispr cas based",0.0
174,"related morbidity, stage diagnosis, combination strategies, clinical intervention",0.5
174,"role intercellular communication, testicular torsion, nanoparticle tracking analysis, mir 21 5p",0.0
174,"therapeutic strategies including, exosomes emerging, epigenetic modulation, solid cancers",0.04130434782608696
174,"transgene expression, metabolite production, study illustrates, precise genome",0.06086956521739131
174,"web science core, mean sd age, research hotspots, 28 day mortality",0.0
175,"bla ctx, spectrum lactamase esbl, sequence types sts, coli isolates",0.0
175,"details use execution, myosin motors, nascent chain, origin life",0.30434782608695654
175,"editorial emerging, author correction, g2 phase, model pd",0.002173913043478261
175,"fetal liver, stalled replication forks, pulmonary vascular, chromatin state",0.12173913043478261
175,"recent findings recent, cell multi omics, complex microbial, crispr cas based",0.0
175,"related morbidity, stage diagnosis, combination strategies, clinical intervention",0.42391304347826086
175,"role intercellular communication, testicular torsion, nanoparticle tracking analysis, mir 21 5p",0.0
175,"therapeutic strategies including, exosomes emerging, epigenetic modulation, solid cancers",0.05217391304347826
175,"transgene expression, metabolite production, study illustrates, precise genome",0.09565217391304347
175,"web science core, mean sd age, research hotspots, 28 day mortality",0.0
176,"bla ctx, spectrum lactamase esbl, sequence types sts, coli isolates",0.0
176,"details use execution, myosin motors, nascent chain, origin life",0.17391304347826086
176,"editorial emerging, author correction, g2 phase, model pd",0.021739130434782608
176,"fetal liver, stalled replication forks, pulmonary vascular, chromatin state",0.11739130434782608
176,"recent findings recent, cell multi omics, complex microbial, crispr cas based",0.0
176,"related morbidity, stage diagnosis, combination strategies, clinical intervention",0.5760869565217391
176,"role intercellular communication, testicular torsion, nanoparticle tracking analysis, mir 21 5p",0.0
176,"therapeutic strategies including, exosomes emerging, epigenetic modulation, solid cancers",0.013043478260869568
176,"transgene expression, metabolite production, study illustrates, precise genome",0.09782608695652174
176,"web science core, mean sd age, research hotspots, 28 day mortality",0.0
177,"bla ctx, spectrum lactamase esbl, sequence types sts, coli isolates",0.0
177,"details use execution, myosin motors, nascent chain, origin life",0.2608695652173913
177,"editorial emerging, author correction, g2 phase, model pd",0.0
177,"fetal liver, stalled replication forks, pulmonary vascular, chromatin state",0.04565217391304348
177,"recent findings recent, cell multi omics, complex microbial, crispr cas based",0.0
177,"related morbidity, stage diagnosis, combination strategies, clinical intervention",0.5804347826086957
177,"role intercellular communication, testicular torsion, nanoparticle tracking analysis, mir 21 5p",0.0
177,"therapeutic strategies including, exosomes emerging, epigenetic modulation, solid cancers",0.07391304347826087
177,"transgene expression, metabolite production, study illustrates, precise genome",0.0391304347826087
177,"web science core, mean sd age, research hotspots, 28 day mortality",0.0
178,"bla ctx, spectrum lactamase esbl, sequence types sts, coli isolates",0.0
178,"details use execution, myosin motors, nascent chain, origin life",0.43478260869565216
178,"editorial emerging, author correction, g2 phase, model pd",0.0
178,"fetal liver, stalled replication forks, pulmonary vascular, chromatin state",0.02826086956521739
178,"recent findings recent, cell multi omics, complex microbial, crispr cas based",0.0
178,"related morbidity, stage diagnosis, combination strategies, clinical intervention",0.4434782608695652
178,"role intercellular communication, testicular torsion, nanoparticle tracking analysis, mir 21 5p",0.0
178,"therapeutic strategies including, exosomes emerging, epigenetic modulation, solid cancers",0.06086956521739131
178,"transgene expression, metabolite production, study illustrates, precise genome",0.03260869565217391
178,"web science core, mean sd age, research hotspots, 28 day mortality",0.0
179,"bla ctx, spectrum lactamase esbl, sequence types sts, coli isolates",0.0
179,"details use execution, myosin motors, nascent chain, origin life",0.34782608695652173
179,"editorial emerging, author correction, g2 phase, model pd",0.01956521739130435
179,"fetal liver, stalled replication forks, pulmonary vascular, chromatin state",0.08478260869565217
179,"recent findings recent, cell multi omics, complex microbial, crispr cas based",0.0
179,"related morbidity, stage diagnosis, combination strategies, clinical intervention",0.39347826086956517
179,"role intercellular communication, testicular torsion, nanoparticle tracking analysis, mir 21 5p",0.0
179,"therapeutic strategies including, exosomes emerging, epigenetic modulation, solid cancers",0.08478260869565218
179,"transgene expression, metabolite production, study illustrates, precise genome",0.06956521739130436
179,"web science core, mean sd age, research hotspots, 28 day mortality",0.0
180,"bla ctx, spectrum lactamase esbl, sequence types sts, coli isolates",0.0
180,"details use execution, myosin motors, nascent chain, origin life",0.13043478260869565
180,"editorial emerging, author correction, g2 phase, model pd",0.01956521739130435
180,"fetal liver, stalled replication forks, pulmonary vascular, chromatin state",0.10434782608695654
180,"recent findings recent, cell multi omics, complex microbial, crispr cas based",0.0
180,"related morbidity, stage diagnosis, combination strategies, clinical intervention",0.5347826086956522
180,"role intercellular communication, testicular torsion, nanoparticle tracking analysis, mir 21 5p",0.0
180,"therapeutic strategies including, exosomes emerging, epigenetic modulation, solid cancers",0.11739130434782609
180,"transgene expression, metabolite production, study illustrates, precise genome",0.09347826086956523
180,"web science core, mean sd age, research hotspots, 28 day mortality",0.0
181,"bla ctx, spectrum lactamase esbl, sequence types sts, coli isolates",0.0
181,"details use execution, myosin motors, nascent chain, origin life",0.2608695652173913
181,"editorial emerging, author correction, g2 phase, model pd",0.002173913043478261
181,"fetal liver, stalled replication forks, pulmonary vascular, chromatin state",0.08478260869565217
181,"recent findings recent, cell multi omics, complex microbial, crispr cas based",0.0
181,"related morbidity, stage diagnosis, combination strategies, clinical intervention",0.4913043478260869
181,"role intercellular communication, testicular torsion, nanoparticle tracking analysis, mir 21 5p",0.0
181,"therapeutic strategies including, exosomes emerging, epigenetic modulation, solid cancers",0.09999999999999999
181,"transgene expression, metabolite production, study illustrates, precise genome",0.06086956521739131
181,"web science core, mean sd age, research hotspots, 28 day mortality",0.0
182,"bla ctx, spectrum lactamase esbl, sequence types sts, coli isolates",0.0
182,"details use execution, myosin motors, nascent chain, origin life",0.30434782608695654
182,"editorial emerging, author correction, g2 phase, model pd",0.0
182,"fetal liver, stalled replication forks, pulmonary vascular, chromatin state",0.09130434782608696
182,"recent findings recent, cell multi omics, complex microbial, crispr cas based",0.0
182,"related morbidity, stage diagnosis, combination strategies, clinical intervention",0.4478260869565217
182,"role intercellular communication, testicular torsion, nanoparticle tracking analysis, mir 21 5p",0.0
182,"therapeutic strategies including, exosomes emerging, epigenetic modulation, solid cancers",0.10869565217391307
182,"transgene expression, metabolite production, study illustrates, precise genome",0.04782608695652174
182,"web science core, mean sd age, research hotspots, 28 day mortality",0.0
183,"bla ctx, spectrum lactamase esbl, sequence types sts, coli isolates",0.0
183,"details use execution, myosin motors, nascent chain, origin life",0.2608695652173913
183,"editorial emerging, author correction, g2 phase, model pd",0.01956521739130435
183,"fetal liver, stalled replication forks, pulmonary vascular, chromatin state",0.0782608695652174
183,"recent findings recent, cell multi omics, complex microbial, crispr cas based",0.0
183,"related morbidity, stage diagnosis, combination strategies, clinical intervention",0.4978260869565217
183,"role intercellular communication, testicular torsion, nanoparticle tracking analysis, mir 21 5p",0.0
183,"therapeutic strategies including, exosomes emerging, epigenetic modulation, solid cancers",0.06086956521739131
183,"transgene expression, metabolite production, study illustrates, precise genome",0.08260869565217392
183,"web science core, mean sd age, research hotspots, 28 day mortality",0.0
184,"bla ctx, spectrum lactamase esbl, sequence types sts, coli isolates",0.0
184,"details use execution, myosin motors, nascent chain, origin life",0.2608695652173913
184,"editorial emerging, author correction, g2 phase, model pd",0.0
184,"fetal liver, stalled replication forks, pulmonary vascular, chromatin state",0.10217391304347827
184,"recent findings recent, cell multi omics, complex microbial, crispr cas based",0.0
184,"related morbidity, stage diagnosis, combination strategies, clinical intervention",0.5456521739130435
184,"role intercellular communication, testicular torsion, nanoparticle tracking analysis, mir 21 5p",0.0
184,"therapeutic strategies including, exosomes emerging, epigenetic modulation, solid cancers",0.01956521739130435
184,"transgene expression, metabolite production, study illustrates, precise genome",0.07173913043478261
184,"web science core, mean sd age, research hotspots, 28 day mortality",0.0
185,"bla ctx, spectrum lactamase esbl, sequence types sts, coli isolates",0.0
185,"details use execution, myosin motors, nascent chain, origin life",0.2608695652173913
185,"editorial emerging, author correction, g2 phase, model pd",0.0
185,"fetal liver, stalled replication forks, pulmonary vascular, chromatin state",0.049999999999999996
185,"recent findings recent, cell multi omics, complex microbial, crispr cas based",0.0
185,"related morbidity, stage diagnosis, combination strategies, clinical intervention",0.5782608695652174
185,"role intercellular communication, testicular torsion, nanoparticle tracking analysis, mir 21 5p",0.0
185,"therapeutic strategies including, exosomes emerging, epigenetic modulation, solid cancers",0.07608695652173914
185,"transgene expression, metabolite production, study illustrates, precise genome",0.03478260869565218
185,"web science core, mean sd age, research hotspots, 28 day mortality",0.0
186,"bla ctx, spectrum lactamase esbl, sequence types sts, coli isolates",0.0
186,"details use execution, myosin motors, nascent chain, origin life",0.5217391304347826
186,"editorial emerging, author correction, g2 phase, model pd",0.002173913043478261
186,"fetal liver, stalled replication forks, pulmonary vascular, chromatin state",0.08260869565217392
186,"recent findings recent, cell multi omics, complex microbial, crispr cas based",0.0
186,"related morbidity, stage diagnosis, combination strategies, clinical intervention",0.3065217391304348
186,"role intercellular communication, testicular torsion, nanoparticle tracking analysis, mir 21 5p",0.0
186,"therapeutic strategies including, exosomes emerging, epigenetic modulation, solid cancers",0.02391304347826087
186,"transgene expression, metabolite production, study illustrates, precise genome",0.06304347826086956
186,"web science core, mean sd age, research hotspots, 28 day mortality",0.0
187,"bla ctx, spectrum lactamase esbl, sequence types sts, coli isolates",0.0
187,"details use execution, myosin motors, nascent chain, origin life",0.30434782608695654
187,"editorial emerging, author correction, g2 phase, model pd",0.002173913043478261
187,"fetal liver, stalled replication forks, pulmonary vascular, chromatin state",0.1043478260869565
187,"recent findings recent, cell multi omics, complex microbial, crispr cas based",0.0
187,"related morbidity, stage diagnosis, combination strategies, clinical intervention",0.4913043478260869
187,"role intercellular communication, testicular torsion, nanoparticle tracking analysis, mir 21 5p",0.0
187,"therapeutic strategies including, exosomes emerging, epigenetic modulation, solid cancers",0.03260869565217391
187,"transgene expression, metabolite production, study illustrates, precise genome",0.06521739130434784
187,"web science core, mean sd age, research hotspots, 28 day mortality",0.0
188,"bla ctx, spectrum lactamase esbl, sequence types sts, coli isolates",0.0
188,"details use execution, myosin motors, nascent chain, origin life",0.5217391304347826
188,"editorial emerging, author correction, g2 phase, model pd",0.0
188,"fetal liver, stalled replication forks, pulmonary vascular, chromatin state",0.03695652173913044
188,"recent findings recent, cell multi omics, complex microbial, crispr cas based",0.0
188,"related morbidity, stage diagnosis, combination strategies, clinical intervention",0.39999999999999997
188,"role intercellular communication, testicular torsion, nanoparticle tracking analysis, mir 21 5p",0.0
188,"therapeutic strategies including, exosomes emerging, epigenetic modulation, solid cancers",0.010869565217391304
188,"transgene expression, metabolite production, study illustrates, precise genome",0.03043478260869565
188,"web science core, mean sd age, research hotspots, 28 day mortality",0.0
189,"bla ctx, spectrum lactamase esbl, sequence types sts, coli isolates",0.0
189,"details use execution, myosin motors, nascent chain, origin life",0.391304347826087
189,"editorial emerging, author correction, g2 phase, model pd",0.0
189,"fetal liver, stalled replication forks, pulmonary vascular, chromatin state",0.08043478260869566
189,"recent findings recent, cell multi omics, complex microbial, crispr cas based",0.0
189,"related morbidity, stage diagnosis, combination strategies, clinical intervention",0.42608695652173906
189,"role intercellular communication, testicular torsion, nanoparticle tracking analysis, mir 21 5p",0.0
189,"therapeutic strategies including, exosomes emerging, epigenetic modulation, solid cancers",0.02826086956521739
189,"transgene expression, metabolite production, study illustrates, precise genome",0.07391304347826087
189,"web science core, mean sd age, research hotspots, 28 day mortality",0.0
190,"bla ctx, spectrum lactamase esbl, sequence types sts, coli isolates",0.0
190,"details use execution, myosin motors, nascent chain, origin life",0.34782608695652173
190,"editorial emerging, author correction, g2 phase, model pd",0.0
190,"fetal liver, stalled replication forks, pulmonary vascular, chromatin state",0.04130434782608696
190,"recent findings recent, cell multi omics, complex microbial, crispr cas based",0.0
190,"related morbidity, stage diagnosis, combination strategies, clinical intervention",0.4717391304347825
190,"role intercellular communication, testicular torsion, nanoparticle tracking analysis, mir 21 5p",0.0
190,"therapeutic strategies including, exosomes emerging, epigenetic modulation, solid cancers",0.10652173913043479
190,"transgene expression, metabolite production, study illustrates, precise genome",0.03260869565217391
190,"web science core, mean sd age, research hotspots, 28 day mortality",0.0
191,"bla ctx, spectrum lactamase esbl, sequence types sts, coli isolates",0.0
191,"details use execution, myosin motors, nascent chain, origin life",0.2608695652173913
191,"editorial emerging, author correction, g2 phase, model pd",0.0
191,"fetal liver, stalled replication forks, pulmonary vascular, chromatin state",0.06086956521739131
191,"recent findings recent, cell multi omics, complex microbial, crispr cas based",0.0
191,"related morbidity, stage diagnosis, combination strategies, clinical intervention",0.5413043478260869
191,"role intercellular communication, testicular torsion, nanoparticle tracking analysis, mir 21 5p",0.0
191,"therapeutic strategies including, exosomes emerging, epigenetic modulation, solid cancers",0.08260869565217391
191,"transgene expression, metabolite production, study illustrates, precise genome",0.05434782608695652
191,"web science core, mean sd age, research hotspots, 28 day mortality",0.0
192,"bla ctx, spectrum lactamase esbl, sequence types sts, coli isolates",0.0
192,"details use execution, myosin motors, nascent chain, origin life",0.21739130434782608
192,"editorial emerging, author correction, g2 phase, model pd",0.01956521739130435
192,"fetal liver, stalled replication forks, pulmonary vascular, chromatin state",0.06739130434782609
192,"recent findings recent, cell multi omics, complex microbial, crispr cas based",0.0
192,"related morbidity, stage diagnosis, combination strategies, clinical intervention",0.5717391304347826
192,"role intercellular communication, testicular torsion, nanoparticle tracking analysis, mir 21 5p",0.0
192,"therapeutic strategies including, exosomes emerging, epigenetic modulation, solid cancers",0.06956521739130435
192,"transgene expression, metabolite production, study illustrates, precise genome",0.05434782608695652
192,"web science core, mean sd age, research hotspots, 28 day mortality",0.0
193,"bla ctx, spectrum lactamase esbl, sequence types sts, coli isolates",0.0
193,"details use execution, myosin motors, nascent chain, origin life",0.5217391304347826
193,"editorial emerging, author correction, g2 phase, model pd",0.002173913043478261
193,"fetal liver, stalled replication forks, pulmonary vascular, chromatin state",0.049999999999999996
193,"recent findings recent, cell multi omics, complex microbial, crispr cas based",0.0
193,"related morbidity, stage diagnosis, combination strategies, clinical intervention",0.34347826086956523
193,"role intercellular communication, testicular torsion, nanoparticle tracking analysis, mir 21 5p",0.0
193,"therapeutic strategies including, exosomes emerging, epigenetic modulation, solid cancers",0.02826086956521739
193,"transgene expression, metabolite production, study illustrates, precise genome",0.05434782608695652
193,"web science core, mean sd age, research hotspots, 28 day mortality",0.0
194,"bla ctx, spectrum lactamase esbl, sequence types sts, coli isolates",0.0
194,"details use execution, myosin motors, nascent chain, origin life",0.30434782608695654
194,"editorial emerging, author correction, g2 phase, model pd",0.0
194,"fetal liver, stalled replication forks, pulmonary vascular, chromatin state",0.049999999999999996
194,"recent findings recent, cell multi omics, complex microbial, crispr cas based",0.0
194,"related morbidity, stage diagnosis, combination strategies, clinical intervention",0.5152173913043478
194,"role intercellular communication, testicular torsion, nanoparticle tracking analysis, mir 21 5p",0.0
194,"therapeutic strategies including, exosomes emerging, epigenetic modulation, solid cancers",0.0782608695652174
194,"transgene expression, metabolite production, study illustrates, precise genome",0.05217391304347827
194,"web science core, mean sd age, research hotspots, 28 day mortality",0.0
195,"bla ctx, spectrum lactamase esbl, sequence types sts, coli isolates",0.0
195,"details use execution, myosin motors, nascent chain, origin life",0.34782608695652173
195,"editorial emerging, author correction, g2 phase, model pd",0.0
195,"fetal liver, stalled replication forks, pulmonary vascular, chromatin state",0.08478260869565218
195,"recent findings recent, cell multi omics, complex microbial, crispr cas based",0.0
195,"related morbidity, stage diagnosis, combination strategies, clinical intervention",0.4434782608695652
195,"role intercellular communication, testicular torsion, nanoparticle tracking analysis, mir 21 5p",0.0
195,"therapeutic strategies including, exosomes emerging, epigenetic modulation, solid cancers",0.05652173913043478
195,"transgene expression, metabolite production, study illustrates, precise genome",0.0673913043478261
195,"web science core, mean sd age, research hotspots, 28 day mortality",0.0
196,"bla ctx, spectrum lactamase esbl, sequence types sts, coli isolates",0.0
196,"details use execution, myosin motors, nascent chain, origin life",0.30434782608695654
196,"editorial emerging, author correction, g2 phase, model pd",0.01956521739130435
196,"fetal liver, stalled replication forks, pulmonary vascular, chromatin state",0.11521739130434783
196,"recent findings recent, cell multi omics, complex microbial, crispr cas based",0.0
196,"related morbidity, stage diagnosis, combination strategies, clinical intervention",0.39999999999999997
196,"role intercellular communication, testicular torsion, nanoparticle tracking analysis, mir 21 5p",0.0
196,"therapeutic strategies including, exosomes emerging, epigenetic modulation, solid cancers",0.06521739130434782
196,"transgene expression, metabolite production, study illustrates, precise genome",0.09565217391304347
196,"web science core, mean sd age, research hotspots, 28 day mortality",0.0
197,"bla ctx, spectrum lactamase esbl, sequence types sts, coli isolates",0.0
197,"details use execution, myosin motors, nascent chain, origin life",0.5217391304347826
197,"editorial emerging, author correction, g2 phase, model pd",0.002173913043478261
197,"fetal liver, stalled replication forks, pulmonary vascular, chromatin state",0.0608695652173913
197,"recent findings recent, cell multi omics, complex microbial, crispr cas based",0.0
197,"related morbidity, stage diagnosis, combination strategies, clinical intervention",0.31086956521739134
197,"role intercellular communication, testicular torsion, nanoparticle tracking analysis, mir 21 5p",0.0
197,"therapeutic strategies including, exosomes emerging, epigenetic modulation, solid cancers",0.05217391304347826
197,"transgene expression, metabolite production, study illustrates, precise genome",0.05217391304347827
197,"web science core, mean sd age, research hotspots, 28 day mortality",0.0
198,"bla ctx, spectrum lactamase esbl, sequence types sts, coli isolates",0.0
198,"details use execution, myosin motors, nascent chain, origin life",0.4782608695652174
198,"editorial emerging, author correction, g2 phase, model pd",0.0
198,"fetal liver, stalled replication forks, pulmonary vascular, chromatin state",0.049999999999999996
198,"recent findings recent, cell multi omics, complex microbial, crispr cas based",0.0
198,"related morbidity, stage diagnosis, combination strategies, clinical intervention",0.3847826086956522
198,"role intercellular communication, testicular torsion, nanoparticle tracking analysis, mir 21 5p",0.0
198,"therapeutic strategies including, exosomes emerging, epigenetic modulation, solid cancers",0.05434782608695652
198,"transgene expression, metabolite production, study illustrates, precise genome",0.03260869565217392
198,"web science core, mean sd age, research hotspots, 28 day mortality",0.0
199,"bla ctx, spectrum lactamase esbl, sequence types sts, coli isolates",0.0
199,"details use execution, myosin motors, nascent chain, origin life",0.34782608695652173
199,"editorial emerging, author correction, g2 phase, model pd",0.0
199,"fetal liver, stalled replication forks, pulmonary vascular, chromatin state",0.0782608695652174
199,"recent findings recent, cell multi omics, complex microbial, crispr cas based",0.0
199,"related morbidity, stage diagnosis, combination strategies, clinical intervention",0.4739130434782609
199,"role intercellular communication, testicular torsion, nanoparticle tracking analysis, mir 21 5p",0.0
199,"therapeutic strategies including, exosomes emerging, epigenetic modulation, solid cancers",0.05
199,"transgene expression, metabolite production, study illustrates, precise genome",0.049999999999999996
199,"web science core, mean sd age, research hotspots, 28 day mortality",0.0
200,"bla ctx, spectrum lactamase esbl, sequence types sts, coli isolates",0.0
200,"details use execution, myosin motors, nascent chain, origin life",0.2608695652173913
200,"editorial emerging, author correction, g2 phase, model pd",0.0
200,"fetal liver, stalled replication forks, pulmonary vascular, chromatin state",0.058695652173913045
200,"recent findings recent, cell multi omics, complex microbial, crispr cas based",0.0
200,"related morbidity, stage diagnosis, combination strategies, clinical intervention",0.5456521739130434
200,"role intercellular communication, testicular torsion, nanoparticle tracking analysis, mir 21 5p",0.0
200,"therapeutic strategies including, exosomes emerging, epigenetic modulation, solid cancers",0.10217391304347827
200,"transgene expression, metabolite production, study illustrates, precise genome",0.03260869565217392
200,"web science core, mean sd age, research hotspots, 28 day mortality",0.0
201,"bla ctx, spectrum lactamase esbl, sequence types sts, coli isolates",0.0
201,"details use execution, myosin motors, nascent chain, origin life",0.43478260869565216
201,"editorial emerging, author correction, g2 phase, model pd",0.01956521739130435
201,"fetal liver, stalled replication forks, pulmonary vascular, chromatin state",0.02608695652173913
201,"recent findings recent, cell multi omics, complex microbial, crispr cas based",0.0
201,"related morbidity, stage diagnosis, combination strategies, clinical intervention",0.458695652173913
201,"role intercellular communication, testicular torsion, nanoparticle tracking analysis, mir 21 5p",0.0
201,"therapeutic strategies including, exosomes emerging, epigenetic modulation, solid cancers",0.017391304347826087
201,"transgene expression, metabolite production, study illustrates, precise genome",0.04347826086956521
201,"web science core, mean sd age, research hotspots, 28 day mortality",0.0
202,"bla ctx, spectrum lactamase esbl, sequence types sts, coli isolates",0.0
202,"details use execution, myosin motors, nascent chain, origin life",0.30434782608695654
202,"editorial emerging, author correction, g2 phase, model pd",0.002173913043478261
202,"fetal liver, stalled replication forks, pulmonary vascular, chromatin state",0.07826086956521738
202,"recent findings recent, cell multi omics, complex microbial, crispr cas based",0.0
202,"related morbidity, stage diagnosis, combination strategies, clinical intervention",0.532608695652174
202,"role intercellular communication, testicular torsion, nanoparticle tracking analysis, mir 21 5p",0.0
202,"therapeutic strategies including, exosomes emerging, epigenetic modulation, solid cancers",0.03260869565217391
202,"transgene expression, metabolite production, study illustrates, precise genome",0.05
202,"web science core, mean sd age, research hotspots, 28 day mortality",0.0
203,"bla ctx, spectrum lactamase esbl, sequence types sts, coli isolates",0.0
203,"details use execution, myosin motors, nascent chain, origin life",0.2608695652173913
203,"editorial emerging, author correction, g2 phase, model pd",0.002173913043478261
203,"fetal liver, stalled replication forks, pulmonary vascular, chromatin state",0.08478260869565217
203,"recent findings recent, cell multi omics, complex microbial, crispr cas based",0.0
203,"related morbidity, stage diagnosis, combination strategies, clinical intervention",0.5760869565217392
203,"role intercellular communication, testicular torsion, nanoparticle tracking analysis, mir 21 5p",0.0
203,"therapeutic strategies including, exosomes emerging, epigenetic modulation, solid cancers",0.017391304347826087
203,"transgene expression, metabolite production, study illustrates, precise genome",0.058695652173913045
203,"web science core, mean sd age, research hotspots, 28 day mortality",0.0
204,"bla ctx, spectrum lactamase esbl, sequence types sts, coli isolates",0.0
204,"details use execution, myosin motors, nascent chain, origin life",0.30434782608695654
204,"editorial emerging, author correction, g2 phase, model pd",0.0
204,"fetal liver, stalled replication forks, pulmonary vascular, chromatin state",0.06086956521739131
204,"recent findings recent, cell multi omics, complex microbial, crispr cas based",0.0
204,"related morbidity, stage diagnosis, combination strategies, clinical intervention",0.5173913043478261
204,"role intercellular communication, testicular torsion, nanoparticle tracking analysis, mir 21 5p",0.0
204,"therapeutic strategies including, exosomes emerging, epigenetic modulation, solid cancers",0.06304347826086958
204,"transgene expression, metabolite production, study illustrates, precise genome",0.054347826086956534
204,"web science core, mean sd age, research hotspots, 28 day mortality",0.0
205,"bla ctx, spectrum lactamase esbl, sequence types sts, coli isolates",0.0
205,"details use execution, myosin motors, nascent chain, origin life",0.4782608695652174
205,"editorial emerging, author correction, g2 phase, model pd",0.0
205,"fetal liver, stalled replication forks, pulmonary vascular, chromatin state",0.04565217391304348
205,"recent findings recent, cell multi omics, complex microbial, crispr cas based",0.0
205,"related morbidity, stage diagnosis, combination strategies, clinical intervention",0.3456521739130435
205,"role intercellular communication, testicular torsion, nanoparticle tracking analysis, mir 21 5p",0.0
205,"therapeutic strategies including, exosomes emerging, epigenetic modulation, solid cancers",0.07391304347826087
205,"transgene expression, metabolite production, study illustrates, precise genome",0.05652173913043478
205,"web science core, mean sd age, research hotspots, 28 day mortality",0.0
206,"bla ctx, spectrum lactamase esbl, sequence types sts, coli isolates",0.0
206,"details use execution, myosin motors, nascent chain, origin life",0.30434782608695654
206,"editorial emerging, author correction, g2 phase, model pd",0.0
206,"fetal liver, stalled replication forks, pulmonary vascular, chromatin state",0.07173913043478261
206,"recent findings recent, cell multi omics, complex microbial, crispr cas based",0.0
206,"related morbidity, stage diagnosis, combination strategies, clinical intervention",0.5304347826086956
206,"role intercellular communication, testicular torsion, nanoparticle tracking analysis, mir 21 5p",0.0
206,"therapeutic strategies including, exosomes emerging, epigenetic modulation, solid cancers",0.03695652173913044
206,"transgene expression, metabolite production, study illustrates, precise genome",0.05652173913043478
206,"web science core, mean sd age, research hotspots, 28 day mortality",0.0
207,"bla ctx, spectrum lactamase esbl, sequence types sts, coli isolates",0.0
207,"details use execution, myosin motors, nascent chain, origin life",0.21739130434782608
207,"editorial emerging, author correction, g2 phase, model pd",0.021739130434782608
207,"fetal liver, stalled replication forks, pulmonary vascular, chromatin state",0.04565217391304348
207,"recent findings recent, cell multi omics, complex microbial, crispr cas based",0.0
207,"related morbidity, stage diagnosis, combination strategies, clinical intervention",0.6173913043478262
207,"role intercellular communication, testicular torsion, nanoparticle tracking analysis, mir 21 5p",0.0
207,"therapeutic strategies including, exosomes emerging, epigenetic modulation, solid cancers",0.041304347826086954
207,"transgene expression, metabolite production, study illustrates, precise genome",0.05652173913043478
207,"web science core, mean sd age, research hotspots, 28 day mortality",0.0
208,"bla ctx, spectrum lactamase esbl, sequence types sts, coli isolates",0.0
208,"details use execution, myosin motors, nascent chain, origin life",0.17391304347826086
208,"editorial emerging, author correction, g2 phase, model pd",0.0
208,"fetal liver, stalled replication forks, pulmonary vascular, chromatin state",0.10652173913043476
208,"recent findings recent, cell multi omics, complex microbial, crispr cas based",0.0
208,"related morbidity, stage diagnosis, combination strategies, clinical intervention",0.5565217391304347
208,"role intercellular communication, testicular torsion, nanoparticle tracking analysis, mir 21 5p",0.0
208,"therapeutic strategies including, exosomes emerging, epigenetic modulation, solid cancers",0.07173913043478261
208,"transgene expression, metabolite production, study illustrates, precise genome",0.09130434782608694
208,"web science core, mean sd age, research hotspots, 28 day mortality",0.0
209,"bla ctx, spectrum lactamase esbl, sequence types sts, coli isolates",0.0
209,"details use execution, myosin motors, nascent chain, origin life",0.43478260869565216
209,"editorial emerging, author correction, g2 phase, model pd",0.002173913043478261
209,"fetal liver, stalled replication forks, pulmonary vascular, chromatin state",0.09782608695652174
209,"recent findings recent, cell multi omics, complex microbial, crispr cas based",0.0
209,"related morbidity, stage diagnosis, combination strategies, clinical intervention",0.3826086956521739
209,"role intercellular communication, testicular torsion, nanoparticle tracking analysis, mir 21 5p",0.0
209,"therapeutic strategies including, exosomes emerging, epigenetic modulation, solid cancers",0.0
209,"transgene expression, metabolite production, study illustrates, precise genome",0.08260869565217391
209,"web science core, mean sd age, research hotspots, 28 day mortality",0.0
210,"bla ctx, spectrum lactamase esbl, sequence types sts, coli isolates",0.0
210,"details use execution, myosin motors, nascent chain, origin life",0.34782608695652173
210,"editorial emerging, author correction, g2 phase, model pd",0.01956521739130435
210,"fetal liver, stalled replication forks, pulmonary vascular, chromatin state",0.02826086956521739
210,"recent findings recent, cell multi omics, complex microbial, crispr cas based",0.0
210,"related morbidity, stage diagnosis, combination strategies, clinical intervention",0.4782608695652173
210,"role intercellular communication, testicular torsion, nanoparticle tracking analysis, mir 21 5p",0.0
210,"therapeutic strategies including, exosomes emerging, epigenetic modulation, solid cancers",0.0782608695652174
210,"transgene expression, metabolite production, study illustrates, precise genome",0.04782608695652174
210,"web science core, mean sd age, research hotspots, 28 day mortality",0.0
211,"bla ctx, spectrum lactamase esbl, sequence types sts, coli isolates",0.0
211,"details use execution, myosin motors, nascent chain, origin life",0.391304347826087
211,"editorial emerging, author correction, g2 phase, model pd",0.002173913043478261
211,"fetal liver, stalled replication forks, pulmonary vascular, chromatin state",0.04130434782608696
211,"recent findings recent, cell multi omics, complex microbial, crispr cas based",0.0
211,"related morbidity, stage diagnosis, combination strategies, clinical intervention",0.46739130434782616
211,"role intercellular communication, testicular torsion, nanoparticle tracking analysis, mir 21 5p",0.0
211,"therapeutic strategies including, exosomes emerging, epigenetic modulation, solid cancers",0.043478260869565216
211,"transgene expression, metabolite production, study illustrates, precise genome",0.054347826086956534
211,"web science core, mean sd age, research hotspots, 28 day mortality",0.0
212,"bla ctx, spectrum lactamase esbl, sequence types sts, coli isolates",0.0
212,"details use execution, myosin motors, nascent chain, origin life",0.17391304347826086
212,"editorial emerging, author correction, g2 phase, model pd",0.021739130434782608
212,"fetal liver, stalled replication forks, pulmonary vascular, chromatin state",0.10652173913043479
212,"recent findings recent, cell multi omics, complex microbial, crispr cas based",0.0
212,"related morbidity, stage diagnosis, combination strategies, clinical intervention",0.5891304347826086
212,"role intercellular communication, testicular torsion, nanoparticle tracking analysis, mir 21 5p",0.0
212,"therapeutic strategies including, exosomes emerging, epigenetic modulation, solid cancers",0.02391304347826087
212,"transgene expression, metabolite production, study illustrates, precise genome",0.08478260869565218
212,"web science core, mean sd age, research hotspots, 28 day mortality",0.0
213,"bla ctx, spectrum lactamase esbl, sequence types sts, coli isolates",0.0
213,"details use execution, myosin motors, nascent chain, origin life",0.391304347826087
213,"editorial emerging, author correction, g2 phase, model pd",0.0
213,"fetal liver, stalled replication forks, pulmonary vascular, chromatin state",0.05
213,"recent findings recent, cell multi omics, complex microbial, crispr cas based",0.0
213,"related morbidity, stage diagnosis, combination strategies, clinical intervention",0.4891304347826087
213,"role intercellular communication, testicular torsion, nanoparticle tracking analysis, mir 21 5p",0.0
213,"therapeutic strategies including, exosomes emerging, epigenetic modulation, solid cancers",0.03913043478260869
213,"transgene expression, metabolite production, study illustrates, precise genome",0.030434782608695653
213,"web science core, mean sd age, research hotspots, 28 day mortality",0.0
214,"bla ctx, spectrum lactamase esbl, sequence types sts, coli isolates",0.0
214,"details use execution, myosin motors, nascent chain, origin life",0.391304347826087
214,"editorial emerging, author correction, g2 phase, model pd",0.01956521739130435
214,"fetal liver, stalled replication forks, pulmonary vascular, chromatin state",0.043478260869565216
214,"recent findings recent, cell multi omics, complex microbial, crispr cas based",0.0
214,"related morbidity, stage diagnosis, combination strategies, clinical intervention",0.4652173913043478
214,"role intercellular communication, testicular torsion, nanoparticle tracking analysis, mir 21 5p",0.0
214,"therapeutic strategies including, exosomes emerging, epigenetic modulation, solid cancers",0.05217391304347827
214,"transgene expression, metabolite production, study illustrates, precise genome",0.02826086956521739
214,"web science core, mean sd age, research hotspots, 28 day mortality",0.0
215,"bla ctx, spectrum lactamase esbl, sequence types sts, coli isolates",0.0
215,"details use execution, myosin motors, nascent chain, origin life",0.17391304347826086
215,"editorial emerging, author correction, g2 phase, model pd",0.01956521739130435
215,"fetal liver, stalled replication forks, pulmonary vascular, chromatin state",0.10217391304347827
215,"recent findings recent, cell multi omics, complex microbial, crispr cas based",0.0
215,"related morbidity, stage diagnosis, combination strategies, clinical intervention",0.5717391304347825
215,"role intercellular communication, testicular torsion, nanoparticle tracking analysis, mir 21 5p",0.0
215,"therapeutic strategies including, exosomes emerging, epigenetic modulation, solid cancers",0.05217391304347827
215,"transgene expression, metabolite production, study illustrates, precise genome",0.08043478260869566
215,"web science core, mean sd age, research hotspots, 28 day mortality",0.0
216,"bla ctx, spectrum lactamase esbl, sequence types sts, coli isolates",0.0
216,"details use execution, myosin motors, nascent chain, origin life",0.2608695652173913
216,"editorial emerging, author correction, g2 phase, model pd",0.01956521739130435
216,"fetal liver, stalled replication forks, pulmonary vascular, chromatin state",0.09999999999999999
216,"recent findings recent, cell multi omics, complex microbial, crispr cas based",0.0
216,"related morbidity, stage diagnosis, combination strategies, clinical intervention",0.4978260869565218
216,"role intercellular communication, testicular torsion, nanoparticle tracking analysis, mir 21 5p",0.0
216,"therapeutic strategies including, exosomes emerging, epigenetic modulation, solid cancers",0.021739130434782608
216,"transgene expression, metabolite production, study illustrates, precise genome",0.09999999999999999
216,"web science core, mean sd age, research hotspots, 28 day mortality",0.0
217,"bla ctx, spectrum lactamase esbl, sequence types sts, coli isolates",0.0
217,"details use execution, myosin motors, nascent chain, origin life",0.34782608695652173
217,"editorial emerging, author correction, g2 phase, model pd",0.0
217,"fetal liver, stalled replication forks, pulmonary vascular, chromatin state",0.08043478260869566
217,"recent findings recent, cell multi omics, complex microbial, crispr cas based",0.0
217,"related morbidity, stage diagnosis, combination strategies, clinical intervention",0.45869565217391306
217,"role intercellular communication, testicular torsion, nanoparticle tracking analysis, mir 21 5p",0.0
217,"therapeutic strategies including, exosomes emerging, epigenetic modulation, solid cancers",0.041304347826086954
217,"transgene expression, metabolite production, study illustrates, precise genome",0.07173913043478261
217,"web science core, mean sd age, research hotspots, 28 day mortality",0.0
218,"bla ctx, spectrum lactamase esbl, sequence types sts, coli isolates",0.0
218,"details use execution, myosin motors, nascent chain, origin life",0.2608695652173913
218,"editorial emerging, author correction, g2 phase, model pd",0.021739130434782608
218,"fetal liver, stalled replication forks, pulmonary vascular, chromatin state",0.08043478260869565
218,"recent findings recent, cell multi omics, complex microbial, crispr cas based",0.0
218,"related morbidity, stage diagnosis, combination strategies, clinical intervention",0.5282608695652173
218,"role intercellular communication, testicular torsion, nanoparticle tracking analysis, mir 21 5p",0.0
218,"therapeutic strategies including, exosomes emerging, epigenetic modulation, solid cancers",0.01956521739130435
218,"transgene expression, metabolite production, study illustrates, precise genome",0.0891304347826087
218,"web science core, mean sd age, research hotspots, 28 day mortality",0.0
219,"bla ctx, spectrum lactamase esbl, sequence types sts, coli isolates",0.0
219,"details use execution, myosin motors, nascent chain, origin life",0.43478260869565216
219,"editorial emerging, author correction, g2 phase, model pd",0.0
219,"fetal liver, stalled replication forks, pulmonary vascular, chromatin state",0.041304347826086954
219,"recent findings recent, cell multi omics, complex microbial, crispr cas based",0.0
219,"related morbidity, stage diagnosis, combination strategies, clinical intervention",0.4782608695652174
219,"role intercellular communication, testicular torsion, nanoparticle tracking analysis, mir 21 5p",0.0
219,"therapeutic strategies including, exosomes emerging, epigenetic modulation, solid cancers",0.013043478260869565
219,"transgene expression, metabolite production, study illustrates, precise genome",0.03260869565217391
219,"web science core, mean sd age, research hotspots, 28 day mortality",0.0
220,"bla ctx, spectrum lactamase esbl, sequence types sts, coli isolates",0.0
220,"details use execution, myosin motors, nascent chain, origin life",0.391304347826087
220,"editorial emerging, author correction, g2 phase, model pd",0.0
220,"fetal liver, stalled replication forks, pulmonary vascular, chromatin state",0.021739130434782608
220,"recent findings recent, cell multi omics, complex microbial, crispr cas based",0.0
220,"related morbidity, stage diagnosis, combination strategies, clinical intervention",0.5195652173913043
220,"role intercellular communication, testicular torsion, nanoparticle tracking analysis, mir 21 5p",0.0
220,"therapeutic strategies including, exosomes emerging, epigenetic modulation, solid cancers",0.04565217391304348
220,"transgene expression, metabolite production, study illustrates, precise genome",0.021739130434782608
220,"web science core, mean sd age, research hotspots, 28 day mortality",0.0
221,"bla ctx, spectrum lactamase esbl, sequence types sts, coli isolates",0.0
221,"details use execution, myosin motors, nascent chain, origin life",0.391304347826087
221,"editorial emerging, author correction, g2 phase, model pd",0.0
221,"fetal liver, stalled replication forks, pulmonary vascular, chromatin state",0.0673913043478261
221,"recent findings recent, cell multi omics, complex microbial, crispr cas based",0.0
221,"related morbidity, stage diagnosis, combination strategies, clinical intervention",0.4739130434782608
221,"role intercellular communication, testicular torsion, nanoparticle tracking analysis, mir 21 5p",0.0
221,"therapeutic strategies including, exosomes emerging, epigenetic modulation, solid cancers",0.015217391304347825
221,"transgene expression, metabolite production, study illustrates, precise genome",0.05217391304347826
221,"web science core, mean sd age, research hotspots, 28 day mortality",0.0
222,"bla ctx, spectrum lactamase esbl, sequence types sts, coli isolates",0.0
222,"details use execution, myosin motors, nascent chain, origin life",0.34782608695652173
222,"editorial emerging, author correction, g2 phase, model pd",0.0
222,"fetal liver, stalled replication forks, pulmonary vascular, chromatin state",0.07391304347826087
222,"recent findings recent, cell multi omics, complex microbial, crispr cas based",0.0
222,"related morbidity, stage diagnosis, combination strategies, clinical intervention",0.48043478260869554
222,"role intercellular communication, testicular torsion, nanoparticle tracking analysis, mir 21 5p",0.0
222,"therapeutic strategies including, exosomes emerging, epigenetic modulation, solid cancers",0.04565217391304348
222,"transgene expression, metabolite production, study illustrates, precise genome",0.05217391304347827
222,"web science core, mean sd age, research hotspots, 28 day mortality",0.0
223,"bla ctx, spectrum lactamase esbl, sequence types sts, coli isolates",0.0
223,"details use execution, myosin motors, nascent chain, origin life",0.43478260869565216
223,"editorial emerging, author correction, g2 phase, model pd",0.0
223,"fetal liver, stalled replication forks, pulmonary vascular, chromatin state",0.06521739130434784
223,"recent findings recent, cell multi omics, complex microbial, crispr cas based",0.0
223,"related morbidity, stage diagnosis, combination strategies, clinical intervention",0.44130434782608696
223,"role intercellular communication, testicular torsion, nanoparticle tracking analysis, mir 21 5p",0.0
223,"therapeutic strategies including, exosomes emerging, epigenetic modulation, solid cancers",0.01956521739130435
223,"transgene expression, metabolite production, study illustrates, precise genome",0.0391304347826087
223,"web science core, mean sd age, research hotspots, 28 day mortality",0.0
224,"bla ctx, spectrum lactamase esbl, sequence types sts, coli isolates",0.0
224,"details use execution, myosin motors, nascent chain, origin life",0.34782608695652173
224,"editorial emerging, author correction, g2 phase, model pd",0.0
224,"fetal liver, stalled replication forks, pulmonary vascular, chromatin state",0.05217391304347827
224,"recent findings recent, cell multi omics, complex microbial, crispr cas based",0.0
224,"related morbidity, stage diagnosis, combination strategies, clinical intervention",0.4760869565217391
224,"role intercellular communication, testicular torsion, nanoparticle tracking analysis, mir 21 5p",0.0
224,"therapeutic strategies including, exosomes emerging, epigenetic modulation, solid cancers",0.07391304347826087
224,"transgene expression, metabolite production, study illustrates, precise genome",0.049999999999999996
224,"web science core, mean sd age, research hotspots, 28 day mortality",0.0
225,"bla ctx, spectrum lactamase esbl, sequence types sts, coli isolates",0.0
225,"details use execution, myosin motors, nascent chain, origin life",0.21739130434782608
225,"editorial emerging, author correction, g2 phase, model pd",0.0
225,"fetal liver, stalled replication forks, pulmonary vascular, chromatin state",0.05217391304347827
225,"recent findings recent, cell multi omics, complex microbial, crispr cas based",0.0
225,"related morbidity, stage diagnosis, combination strategies, clinical intervention",0.5934782608695651
225,"role intercellular communication, testicular torsion, nanoparticle tracking analysis, mir 21 5p",0.0
225,"therapeutic strategies including, exosomes emerging, epigenetic modulation, solid cancers",0.07391304347826087
225,"transgene expression, metabolite production, study illustrates, precise genome",0.06304347826086958
225,"web science core, mean sd age, research hotspots, 28 day mortality",0.0
226,"bla ctx, spectrum lactamase esbl, sequence types sts, coli isolates",0.0
226,"details use execution, myosin motors, nascent chain, origin life",0.34782608695652173
226,"editorial emerging, author correction, g2 phase, model pd",0.0
226,"fetal liver, stalled replication forks, pulmonary vascular, chromatin state",0.043478260869565216
226,"recent findings recent, cell multi omics, complex microbial, crispr cas based",0.0
226,"related morbidity, stage diagnosis, combination strategies, clinical intervention",0.5326086956521738
226,"role intercellular communication, testicular torsion, nanoparticle tracking analysis, mir 21 5p",0.0
226,"therapeutic strategies including, exosomes emerging, epigenetic modulation, solid cancers",0.05652173913043478
226,"transgene expression, metabolite production, study illustrates, precise genome",0.01956521739130435
226,"web science core, mean sd age, research hotspots, 28 day mortality",0.0
227,"bla ctx, spectrum lactamase esbl, sequence types sts, coli isolates",0.0
227,"details use execution, myosin motors, nascent chain, origin life",0.34782608695652173
227,"editorial emerging, author correction, g2 phase, model pd",0.002173913043478261
227,"fetal liver, stalled replication forks, pulmonary vascular, chromatin state",0.12608695652173912
227,"recent findings recent, cell multi omics, complex microbial, crispr cas based",0.0
227,"related morbidity, stage diagnosis, combination strategies, clinical intervention",0.40217391304347827
227,"role intercellular communication, testicular torsion, nanoparticle tracking analysis, mir 21 5p",0.0
227,"therapeutic strategies including, exosomes emerging, epigenetic modulation, solid cancers",0.03260869565217391
227,"transgene expression, metabolite production, study illustrates, precise genome",0.0891304347826087
227,"web science core, mean sd age, research hotspots, 28 day mortality",0.0
228,"bla ctx, spectrum lactamase esbl, sequence types sts, coli isolates",0.0
228,"details use execution, myosin motors, nascent chain, origin life",0.34782608695652173
228,"editorial emerging, author correction, g2 phase, model pd",0.0
228,"fetal liver, stalled replication forks, pulmonary vascular, chromatin state",0.07608695652173914
228,"recent findings recent, cell multi omics, complex microbial, crispr cas based",0.0
228,"related morbidity, stage diagnosis, combination strategies, clinical intervention",0.5065217391304347
228,"role intercellular communication, testicular torsion, nanoparticle tracking analysis, mir 21 5p",0.0
228,"therapeutic strategies including, exosomes emerging, epigenetic modulation, solid cancers",0.02391304347826087
228,"transgene expression, metabolite production, study illustrates, precise genome",0.04565217391304348
228,"web science core, mean sd age, research hotspots, 28 day mortality",0.0
229,"bla ctx, spectrum lactamase esbl, sequence types sts, coli isolates",0.0
229,"details use execution, myosin motors, nascent chain, origin life",0.391304347826087
229,"editorial emerging, author correction, g2 phase, model pd",0.002173913043478261
229,"fetal liver, stalled replication forks, pulmonary vascular, chromatin state",0.07608695652173914
229,"recent findings recent, cell multi omics, complex microbial, crispr cas based",0.0
229,"related morbidity, stage diagnosis, combination strategies, clinical intervention",0.42391304347826086
229,"role intercellular communication, testicular torsion, nanoparticle tracking analysis, mir 21 5p",0.0
229,"therapeutic strategies including, exosomes emerging, epigenetic modulation, solid cancers",0.04782608695652174
229,"transgene expression, metabolite production, study illustrates, precise genome",0.058695652173913045
229,"web science core, mean sd age, research hotspots, 28 day mortality",0.0
230,"bla ctx, spectrum lactamase esbl, sequence types sts, coli isolates",0.0
230,"details use execution, myosin motors, nascent chain, origin life",0.391304347826087
230,"editorial emerging, author correction, g2 phase, model pd",0.0
230,"fetal liver, stalled replication forks, pulmonary vascular, chromatin state",0.02608695652173913
230,"recent findings recent, cell multi omics, complex microbial, crispr cas based",0.0
230,"related morbidity, stage diagnosis, combination strategies, clinical intervention",0.5065217391304347
230,"role intercellular communication, testicular torsion, nanoparticle tracking analysis, mir 21 5p",0.0
230,"therapeutic strategies including, exosomes emerging, epigenetic modulation, solid cancers",0.05434782608695652
230,"transgene expression, metabolite production, study illustrates, precise genome",0.021739130434782615
230,"web science core, mean sd age, research hotspots, 28 day mortality",0.0
231,"bla ctx, spectrum lactamase esbl, sequence types sts, coli isolates",0.0
231,"details use execution, myosin motors, nascent chain, origin life",0.2608695652173913
231,"editorial emerging, author correction, g2 phase, model pd",0.01956521739130435
231,"fetal liver, stalled replication forks, pulmonary vascular, chromatin state",0.0782608695652174
231,"recent findings recent, cell multi omics, complex microbial, crispr cas based",0.0
231,"related morbidity, stage diagnosis, combination strategies, clinical intervention",0.5195652173913043
231,"role intercellular communication, testicular torsion, nanoparticle tracking analysis, mir 21 5p",0.0
231,"therapeutic strategies including, exosomes emerging, epigenetic modulation, solid cancers",0.041304347826086954
231,"transgene expression, metabolite production, study illustrates, precise genome",0.08043478260869566
231,"web science core, mean sd age, research hotspots, 28 day mortality",0.0
232,"bla ctx, spectrum lactamase esbl, sequence types sts, coli isolates",0.0
232,"details use execution, myosin motors, nascent chain, origin life",0.21739130434782608
232,"editorial emerging, author correction, g2 phase, model pd",0.002173913043478261
232,"fetal liver, stalled replication forks, pulmonary vascular, chromatin state",0.017391304347826087
232,"recent findings recent, cell multi omics, complex microbial, crispr cas based",0.0
232,"related morbidity, stage diagnosis, combination strategies, clinical intervention",0.7130434782608697
232,"role intercellular communication, testicular torsion, nanoparticle tracking analysis, mir 21 5p",0.0
232,"therapeutic strategies including, exosomes emerging, epigenetic modulation, solid cancers",0.03260869565217391
232,"transgene expression, metabolite production, study illustrates, precise genome",0.017391304347826087
232,"web science core, mean sd age, research hotspots, 28 day mortality",0.0
233,"bla ctx, spectrum lactamase esbl, sequence types sts, coli isolates",0.0
233,"details use execution, myosin motors, nascent chain, origin life",0.34782608695652173
233,"editorial emerging, author correction, g2 phase, model pd",0.002173913043478261
233,"fetal liver, stalled replication forks, pulmonary vascular, chromatin state",0.056521739130434796
233,"recent findings recent, cell multi omics, complex microbial, crispr cas based",0.0
233,"related morbidity, stage diagnosis, combination strategies, clinical intervention",0.5195652173913043
233,"role intercellular communication, testicular torsion, nanoparticle tracking analysis, mir 21 5p",0.0
233,"therapeutic strategies including, exosomes emerging, epigenetic modulation, solid cancers",0.015217391304347825
233,"transgene expression, metabolite production, study illustrates, precise genome",0.058695652173913045
233,"web science core, mean sd age, research hotspots, 28 day mortality",0.0
234,"bla ctx, spectrum lactamase esbl, sequence types sts, coli isolates",0.0
234,"details use execution, myosin motors, nascent chain, origin life",0.21739130434782608
234,"editorial emerging, author correction, g2 phase, model pd",0.01956521739130435
234,"fetal liver, stalled replication forks, pulmonary vascular, chromatin state",0.058695652173913045
234,"recent findings recent, cell multi omics, complex microbial, crispr cas based",0.0
234,"related morbidity, stage diagnosis, combination strategies, clinical intervention",0.5913043478260869
234,"role intercellular communication, testicular torsion, nanoparticle tracking analysis, mir 21 5p",0.0
234,"therapeutic strategies including, exosomes emerging, epigenetic modulation, solid cancers",0.034782608695652174
234,"transgene expression, metabolite production, study illustrates, precise genome",0.0782608695652174
234,"web science core, mean sd age, research hotspots, 28 day mortality",0.0
235,"bla ctx, spectrum lactamase esbl, sequence types sts, coli isolates",0.0
235,"details use execution, myosin motors, nascent chain, origin life",0.391304347826087
235,"editorial emerging, author correction, g2 phase, model pd",0.01956521739130435
235,"fetal liver, stalled replication forks, pulmonary vascular, chromatin state",0.09999999999999999
235,"recent findings recent, cell multi omics, complex microbial, crispr cas based",0.0
235,"related morbidity, stage diagnosis, combination strategies, clinical intervention",0.3695652173913043
235,"role intercellular communication, testicular torsion, nanoparticle tracking analysis, mir 21 5p",0.0
235,"therapeutic strategies including, exosomes emerging, epigenetic modulation, solid cancers",0.015217391304347825
235,"transgene expression, metabolite production, study illustrates, precise genome",0.1043478260869565
235,"web science core, mean sd age, research hotspots, 28 day mortality",0.0
236,"bla ctx, spectrum lactamase esbl, sequence types sts, coli isolates",0.0
236,"details use execution, myosin motors, nascent chain, origin life",0.34782608695652173
236,"editorial emerging, author correction, g2 phase, model pd",0.002173913043478261
236,"fetal liver, stalled replication forks, pulmonary vascular, chromatin state",0.10869565217391304
236,"recent findings recent, cell multi omics, complex microbial, crispr cas based",0.0
236,"related morbidity, stage diagnosis, combination strategies, clinical intervention",0.41521739130434787
236,"role intercellular communication, testicular torsion, nanoparticle tracking analysis, mir 21 5p",0.0
236,"therapeutic strategies including, exosomes emerging, epigenetic modulation, solid cancers",0.04130434782608696
236,"transgene expression, metabolite production, study illustrates, precise genome",0.08478260869565218
236,"web science core, mean sd age, research hotspots, 28 day mortality",0.0
237,"bla ctx, spectrum lactamase esbl, sequence types sts, coli isolates",0.0
237,"details use execution, myosin motors, nascent chain, origin life",0.30434782608695654
237,"editorial emerging, author correction, g2 phase, model pd",0.0
237,"fetal liver, stalled replication forks, pulmonary vascular, chromatin state",0.043478260869565216
237,"recent findings recent, cell multi omics, complex microbial, crispr cas based",0.0
237,"related morbidity, stage diagnosis, combination strategies, clinical intervention",0.5608695652173913
237,"role intercellular communication, testicular torsion, nanoparticle tracking analysis, mir 21 5p",0.0
237,"therapeutic strategies including, exosomes emerging, epigenetic modulation, solid cancers",0.034782608695652174
237,"transgene expression, metabolite production, study illustrates, precise genome",0.05652173913043478
237,"web science core, mean sd age, research hotspots, 28 day mortality",0.0
238,"bla ctx, spectrum lactamase esbl, sequence types sts, coli isolates",0.0
238,"details use execution, myosin motors, nascent chain, origin life",0.4782608695652174
238,"editorial emerging, author correction, g2 phase, model pd",0.002173913043478261
238,"fetal liver, stalled replication forks, pulmonary vascular, chromatin state",0.03260869565217391
238,"recent findings recent, cell multi omics, complex microbial, crispr cas based",0.0
238,"related morbidity, stage diagnosis, combination strategies, clinical intervention",0.43913043478260866
238,"role intercellular communication, testicular torsion, nanoparticle tracking analysis, mir 21 5p",0.0
238,"therapeutic strategies including, exosomes emerging, epigenetic modulation, solid cancers",0.02391304347826087
238,"transgene expression, metabolite production, study illustrates, precise genome",0.02391304347826087
238,"web science core, mean sd age, research hotspots, 28 day mortality",0.0
239,"bla ctx, spectrum lactamase esbl, sequence types sts, coli isolates",0.0
239,"details use execution, myosin motors, nascent chain, origin life",0.43478260869565216
239,"editorial emerging, author correction, g2 phase, model pd",0.0
239,"fetal liver, stalled replication forks, pulmonary vascular, chromatin state",0.03043478260869565
239,"recent findings recent, cell multi omics, complex microbial, crispr cas based",0.0
239,"related morbidity, stage diagnosis, combination strategies, clinical intervention",0.45652173913043476
239,"role intercellular communication, testicular torsion, nanoparticle tracking analysis, mir 21 5p",0.0
239,"therapeutic strategies including, exosomes emerging, epigenetic modulation, solid cancers",0.05
239,"transgene expression, metabolite production, study illustrates, precise genome",0.028260869565217398
239,"web science core, mean sd age, research hotspots, 28 day mortality",0.0
240,"bla ctx, spectrum lactamase esbl, sequence types sts, coli isolates",0.0
240,"details use execution, myosin motors, nascent chain, origin life",0.30434782608695654
240,"editorial emerging, author correction, g2 phase, model pd",0.0
240,"fetal liver, stalled replication forks, pulmonary vascular, chromatin state",0.1108695652173913
240,"recent findings recent, cell multi omics, complex microbial, crispr cas based",0.0
240,"related morbidity, stage diagnosis, combination strategies, clinical intervention",0.4195652173913043
240,"role intercellular communication, testicular torsion, nanoparticle tracking analysis, mir 21 5p",0.0
240,"therapeutic strategies including, exosomes emerging, epigenetic modulation, solid cancers",0.09999999999999999
240,"transgene expression, metabolite production, study illustrates, precise genome",0.06521739130434782
240,"web science core, mean sd age, research hotspots, 28 day mortality",0.0
241,"bla ctx, spectrum lactamase esbl, sequence types sts, coli isolates",0.0
241,"details use execution, myosin motors, nascent chain, origin life",0.391304347826087
241,"editorial emerging, author correction, g2 phase, model pd",0.01956521739130435
241,"fetal liver, stalled replication forks, pulmonary vascular, chromatin state",0.07173913043478261
241,"recent findings recent, cell multi omics, complex microbial, crispr cas based",0.0
241,"related morbidity, stage diagnosis, combination strategies, clinical intervention",0.44347826086956527
241,"role intercellular communication, testicular torsion, nanoparticle tracking analysis, mir 21 5p",0.0
241,"therapeutic strategies including, exosomes emerging, epigenetic modulation, solid cancers",0.017391304347826087
241,"transgene expression, metabolite production, study illustrates, precise genome",0.05652173913043478
241,"web science core, mean sd age, research hotspots, 28 day mortality",0.0
242,"bla ctx, spectrum lactamase esbl, sequence types sts, coli isolates",0.0
242,"details use execution, myosin motors, nascent chain, origin life",0.391304347826087
242,"editorial emerging, author correction, g2 phase, model pd",0.01956521739130435
242,"fetal liver, stalled replication forks, pulmonary vascular, chromatin state",0.08260869565217392
242,"recent findings recent, cell multi omics, complex microbial, crispr cas based",0.0
242,"related morbidity, stage diagnosis, combination strategies, clinical intervention",0.4108695652173914
242,"role intercellular communication, testicular torsion, nanoparticle tracking analysis, mir 21 5p",0.0
242,"therapeutic strategies including, exosomes emerging, epigenetic modulation, solid cancers",0.008695652173913044
242,"transgene expression, metabolite production, study illustrates, precise genome",0.08695652173913043
242,"web science core, mean sd age, research hotspots, 28 day mortality",0.0
243,"bla ctx, spectrum lactamase esbl, sequence types sts, coli isolates",0.0
243,"details use execution, myosin motors, nascent chain, origin life",0.34782608695652173
243,"editorial emerging, author correction, g2 phase, model pd",0.002173913043478261
243,"fetal liver, stalled replication forks, pulmonary vascular, chromatin state",0.08260869565217392
243,"recent findings recent, cell multi omics, complex microbial, crispr cas based",0.0
243,"related morbidity, stage diagnosis, combination strategies, clinical intervention",0.5043478260869565
243,"role intercellular communication, testicular torsion, nanoparticle tracking analysis, mir 21 5p",0.0
243,"therapeutic strategies including, exosomes emerging, epigenetic modulation, solid cancers",0.021739130434782608
243,"transgene expression, metabolite production, study illustrates, precise genome",0.04130434782608696
243,"web science core, mean sd age, research hotspots, 28 day mortality",0.0
244,"bla ctx, spectrum lactamase esbl, sequence types sts, coli isolates",0.0
244,"details use execution, myosin motors, nascent chain, origin life",0.21739130434782608
244,"editorial emerging, author correction, g2 phase, model pd",0.0
244,"fetal liver, stalled replication forks, pulmonary vascular, chromatin state",0.08043478260869566
244,"recent findings recent, cell multi omics, complex microbial, crispr cas based",0.0
244,"related morbidity, stage diagnosis, combination strategies, clinical intervention",0.5978260869565216
244,"role intercellular communication, testicular torsion, nanoparticle tracking analysis, mir 21 5p",0.0
244,"therapeutic strategies including, exosomes emerging, epigenetic modulation, solid cancers",0.026086956521739136
244,"transgene expression, metabolite production, study illustrates, precise genome",0.0782608695652174
244,"web science core, mean sd age, research hotspots, 28 day mortality",0.0
245,"bla ctx, spectrum lactamase esbl, sequence types sts, coli isolates",0.0
245,"details use execution, myosin motors, nascent chain, origin life",0.2608695652173913
245,"editorial emerging, author correction, g2 phase, model pd",0.0
245,"fetal liver, stalled replication forks, pulmonary vascular, chromatin state",0.11304347826086955
245,"recent findings recent, cell multi omics, complex microbial, crispr cas based",0.0
245,"related morbidity, stage diagnosis, combination strategies, clinical intervention",0.4956521739130435
245,"role intercellular communication, testicular torsion, nanoparticle tracking analysis, mir 21 5p",0.0
245,"therapeutic strategies including, exosomes emerging, epigenetic modulation, solid cancers",0.043478260869565216
245,"transgene expression, metabolite production, study illustrates, precise genome",0.08695652173913043
245,"web science core, mean sd age, research hotspots, 28 day mortality",0.0
246,"bla ctx, spectrum lactamase esbl, sequence types sts, coli isolates",0.0
246,"details use execution, myosin motors, nascent chain, origin life",0.21739130434782608
246,"editorial emerging, author correction, g2 phase, model pd",0.01956521739130435
246,"fetal liver, stalled replication forks, pulmonary vascular, chromatin state",0.0782608695652174
246,"recent findings recent, cell multi omics, complex microbial, crispr cas based",0.0
246,"related morbidity, stage diagnosis, combination strategies, clinical intervention",0.5695652173913043
246,"role intercellular communication, testicular torsion, nanoparticle tracking analysis, mir 21 5p",0.0
246,"therapeutic strategies including, exosomes emerging, epigenetic modulation, solid cancers",0.05652173913043478
246,"transgene expression, metabolite production, study illustrates, precise genome",0.058695652173913045
246,"web science core, mean sd age, research hotspots, 28 day mortality",0.0
247,"bla ctx, spectrum lactamase esbl, sequence types sts, coli isolates",0.0
247,"details use execution, myosin motors, nascent chain, origin life",0.30434782608695654
247,"editorial emerging, author correction, g2 phase, model pd",0.0
247,"fetal liver, stalled replication forks, pulmonary vascular, chromatin state",0.03695652173913044
247,"recent findings recent, cell multi omics, complex microbial, crispr cas based",0.0
247,"related morbidity, stage diagnosis, combination strategies, clinical intervention",0.5130434782608695
247,"role intercellular communication, testicular torsion, nanoparticle tracking analysis, mir 21 5p",0.0
247,"therapeutic strategies including, exosomes emerging, epigenetic modulation, solid cancers",0.10217391304347827
247,"transgene expression, metabolite production, study illustrates, precise genome",0.04347826086956523
247,"web science core, mean sd age, research hotspots, 28 day mortality",0.0
248,"bla ctx, spectrum lactamase esbl, sequence types sts, coli isolates",0.0
248,"details use execution, myosin motors, nascent chain, origin life",0.30434782608695654
248,"editorial emerging, author correction, g2 phase, model pd",0.021739130434782608
248,"fetal liver, stalled replication forks, pulmonary vascular, chromatin state",0.07391304347826087
248,"recent findings recent, cell multi omics, complex microbial, crispr cas based",0.0
248,"related morbidity, stage diagnosis, combination strategies, clinical intervention",0.5282608695652173
248,"role intercellular communication, testicular torsion, nanoparticle tracking analysis, mir 21 5p",0.0
248,"therapeutic strategies including, exosomes emerging, epigenetic modulation, solid cancers",0.006521739130434782
248,"transgene expression, metabolite production, study illustrates, precise genome",0.06521739130434784
248,"web science core, mean sd age, research hotspots, 28 day mortality",0.0
249,"bla ctx, spectrum lactamase esbl, sequence types sts, coli isolates",0.0
249,"details use execution, myosin motors, nascent chain, origin life",0.43478260869565216
249,"editorial emerging, author correction, g2 phase, model pd",0.0
249,"fetal liver, stalled replication forks, pulmonary vascular, chromatin state",0.07173913043478261
249,"recent findings recent, cell multi omics, complex microbial, crispr cas based",0.0
249,"related morbidity, stage diagnosis, combination strategies, clinical intervention",0.44347826086956527
249,"role intercellular communication, testicular torsion, nanoparticle tracking analysis, mir 21 5p",0.0
249,"therapeutic strategies including, exosomes emerging, epigenetic modulation, solid cancers",0.006521739130434782
249,"transgene expression, metabolite production, study illustrates, precise genome",0.043478260869565216
249,"web science core, mean sd age, research hotspots, 28 day mortality",0.0
250,"bla ctx, spectrum lactamase esbl, sequence types sts, coli isolates",0.0
250,"details use execution, myosin motors, nascent chain, origin life",0.34782608695652173
250,"editorial emerging, author correction, g2 phase, model pd",0.021739130434782608
250,"fetal liver, stalled replication forks, pulmonary vascular, chromatin state",0.058695652173913045
250,"recent findings recent, cell multi omics, complex microbial, crispr cas based",0.0
250,"related morbidity, stage diagnosis, combination strategies, clinical intervention",0.43478260869565216
250,"role intercellular communication, testicular torsion, nanoparticle tracking analysis, mir 21 5p",0.0
250,"therapeutic strategies including, exosomes emerging, epigenetic modulation, solid cancers",0.06521739130434782
250,"transgene expression, metabolite production, study illustrates, precise genome",0.07173913043478261
250,"web science core, mean sd age, research hotspots, 28 day mortality",0.0
251,"bla ctx, spectrum lactamase esbl, sequence types sts, coli isolates",0.0
251,"details use execution, myosin motors, nascent chain, origin life",0.30434782608695654
251,"editorial emerging, author correction, g2 phase, model pd",0.0
251,"fetal liver, stalled replication forks, pulmonary vascular, chromatin state",0.09130434782608696
251,"recent findings recent, cell multi omics, complex microbial, crispr cas based",0.0
251,"related morbidity, stage diagnosis, combination strategies, clinical intervention",0.4869565217391304
251,"role intercellular communication, testicular torsion, nanoparticle tracking analysis, mir 21 5p",0.0
251,"therapeutic strategies including, exosomes emerging, epigenetic modulation, solid cancers",0.05217391304347827
251,"transgene expression, metabolite production, study illustrates, precise genome",0.06521739130434782
251,"web science core, mean sd age, research hotspots, 28 day mortality",0.0
252,"bla ctx, spectrum lactamase esbl, sequence types sts, coli isolates",0.0
252,"details use execution, myosin motors, nascent chain, origin life",0.391304347826087
252,"editorial emerging, author correction, g2 phase, model pd",0.01956521739130435
252,"fetal liver, stalled replication forks, pulmonary vascular, chromatin state",0.08478260869565218
252,"recent findings recent, cell multi omics, complex microbial, crispr cas based",0.0
252,"related morbidity, stage diagnosis, combination strategies, clinical intervention",0.3934782608695652
252,"role intercellular communication, testicular torsion, nanoparticle tracking analysis, mir 21 5p",0.0
252,"therapeutic strategies including, exosomes emerging, epigenetic modulation, solid cancers",0.013043478260869568
252,"transgene expression, metabolite production, study illustrates, precise genome",0.09782608695652172
252,"web science core, mean sd age, research hotspots, 28 day mortality",0.0
253,"bla ctx, spectrum lactamase esbl, sequence types sts, coli isolates",0.0
253,"details use execution, myosin motors, nascent chain, origin life",0.34782608695652173
253,"editorial emerging, author correction, g2 phase, model pd",0.002173913043478261
253,"fetal liver, stalled replication forks, pulmonary vascular, chromatin state",0.05217391304347827
253,"recent findings recent, cell multi omics, complex microbial, crispr cas based",0.0
253,"related morbidity, stage diagnosis, combination strategies, clinical intervention",0.5108695652173914
253,"role intercellular communication, testicular torsion, nanoparticle tracking analysis, mir 21 5p",0.0
253,"therapeutic strategies including, exosomes emerging, epigenetic modulation, solid cancers",0.049999999999999996
253,"transgene expression, metabolite production, study illustrates, precise genome",0.03695652173913044
253,"web science core, mean sd age, research hotspots, 28 day mortality",0.0
254,"bla ctx, spectrum lactamase esbl, sequence types sts, coli isolates",0.0
254,"details use execution, myosin motors, nascent chain, origin life",0.34782608695652173
254,"editorial emerging, author correction, g2 phase, model pd",0.002173913043478261
254,"fetal liver, stalled replication forks, pulmonary vascular, chromatin state",0.09782608695652174
254,"recent findings recent, cell multi omics, complex microbial, crispr cas based",0.0
254,"related morbidity, stage diagnosis, combination strategies, clinical intervention",0.46304347826086967
254,"role intercellular communication, testicular torsion, nanoparticle tracking analysis, mir 21 5p",0.0
254,"therapeutic strategies including, exosomes emerging, epigenetic modulation, solid cancers",0.010869565217391304
254,"transgene expression, metabolite production, study illustrates, precise genome",0.0782608695652174
254,"web science core, mean sd age, research hotspots, 28 day mortality",0.0
255,"bla ctx, spectrum lactamase esbl, sequence types sts, coli isolates",0.0
255,"details use execution, myosin motors, nascent chain, origin life",0.391304347826087
255,"editorial emerging, author correction, g2 phase, model pd",0.002173913043478261
255,"fetal liver, stalled replication forks, pulmonary vascular, chromatin state",0.08478260869565218
255,"recent findings recent, cell multi omics, complex microbial, crispr cas based",0.0
255,"related morbidity, stage diagnosis, combination strategies, clinical intervention",0.45652173913043476
255,"role intercellular communication, testicular torsion, nanoparticle tracking analysis, mir 21 5p",0.0
255,"therapeutic strategies including, exosomes emerging, epigenetic modulation, solid cancers",0.008695652173913044
255,"transgene expression, metabolite production, study illustrates, precise genome",0.056521739130434796
255,"web science core, mean sd age, research hotspots, 28 day mortality",0.0
256,"bla ctx, spectrum lactamase esbl, sequence types sts, coli isolates",0.0
256,"details use execution, myosin motors, nascent chain, origin life",0.2608695652173913
256,"editorial emerging, author correction, g2 phase, model pd",0.0
256,"fetal liver, stalled replication forks, pulmonary vascular, chromatin state",0.0608695652173913
256,"recent findings recent, cell multi omics, complex microbial, crispr cas based",0.0
256,"related morbidity, stage diagnosis, combination strategies, clinical intervention",0.5304347826086956
256,"role intercellular communication, testicular torsion, nanoparticle tracking analysis, mir 21 5p",0.0
256,"therapeutic strategies including, exosomes emerging, epigenetic modulation, solid cancers",0.08695652173913043
256,"transgene expression, metabolite production, study illustrates, precise genome",0.06086956521739131
256,"web science core, mean sd age, research hotspots, 28 day mortality",0.0
257,"bla ctx, spectrum lactamase esbl, sequence types sts, coli isolates",0.0
257,"details use execution, myosin motors, nascent chain, origin life",0.21739130434782608
257,"editorial emerging, author correction, g2 phase, model pd",0.002173913043478261
257,"fetal liver, stalled replication forks, pulmonary vascular, chromatin state",0.054347826086956534
257,"recent findings recent, cell multi omics, complex microbial, crispr cas based",0.0
257,"related morbidity, stage diagnosis, combination strategies, clinical intervention",0.6456521739130435
257,"role intercellular communication, testicular torsion, nanoparticle tracking analysis, mir 21 5p",0.0
257,"therapeutic strategies including, exosomes emerging, epigenetic modulation, solid cancers",0.04565217391304348
257,"transgene expression, metabolite production, study illustrates, precise genome",0.034782608695652174
257,"web science core, mean sd age, research hotspots, 28 day mortality",0.0
258,"bla ctx, spectrum lactamase esbl, sequence types sts, coli isolates",0.0
258,"details use execution, myosin motors, nascent chain, origin life",0.391304347826087
258,"editorial emerging, author correction, g2 phase, model pd",0.002173913043478261
258,"fetal liver, stalled replication forks, pulmonary vascular, chromatin state",0.0891304347826087
258,"recent findings recent, cell multi omics, complex microbial, crispr cas based",0.0
258,"related morbidity, stage diagnosis, combination strategies, clinical intervention",0.43478260869565216
258,"role intercellular communication, testicular torsion, nanoparticle tracking analysis, mir 21 5p",0.0
258,"therapeutic strategies including, exosomes emerging, epigenetic modulation, solid cancers",0.021739130434782608
258,"transgene expression, metabolite production, study illustrates, precise genome",0.06086956521739131
258,"web science core, mean sd age, research hotspots, 28 day mortality",0.0
259,"bla ctx, spectrum lactamase esbl, sequence types sts, coli isolates",0.0
259,"details use execution, myosin motors, nascent chain, origin life",0.21739130434782608
259,"editorial emerging, author correction, g2 phase, model pd",0.0
259,"fetal liver, stalled replication forks, pulmonary vascular, chromatin state",0.1217391304347826
259,"recent findings recent, cell multi omics, complex microbial, crispr cas based",0.0
259,"related morbidity, stage diagnosis, combination strategies, clinical intervention",0.5326086956521738
259,"role intercellular communication, testicular torsion, nanoparticle tracking analysis, mir 21 5p",0.0
259,"therapeutic strategies including, exosomes emerging, epigenetic modulation, solid cancers",0.05434782608695652
259,"transgene expression, metabolite production, study illustrates, precise genome",0.07391304347826087
259,"web science core, mean sd age, research hotspots, 28 day mortality",0.0
260,"bla ctx, spectrum lactamase esbl, sequence types sts, coli isolates",0.0
260,"details use execution, myosin motors, nascent chain, origin life",0.43478260869565216
260,"editorial emerging, author correction, g2 phase, model pd",0.0
260,"fetal liver, stalled replication forks, pulmonary vascular, chromatin state",0.015217391304347825
260,"recent findings recent, cell multi omics, complex microbial, crispr cas based",0.0
260,"related morbidity, stage diagnosis, combination strategies, clinical intervention",0.4956521739130435
260,"role intercellular communication, testicular torsion, nanoparticle tracking analysis, mir 21 5p",0.0
260,"therapeutic strategies including, exosomes emerging, epigenetic modulation, solid cancers",0.03043478260869565
260,"transgene expression, metabolite production, study illustrates, precise genome",0.02391304347826087
260,"web science core, mean sd age, research hotspots, 28 day mortality",0.0
261,"bla ctx, spectrum lactamase esbl, sequence types sts, coli isolates",0.0
261,"details use execution, myosin motors, nascent chain, origin life",0.34782608695652173
261,"editorial emerging, author correction, g2 phase, model pd",0.0
261,"fetal liver, stalled replication forks, pulmonary vascular, chromatin state",0.1
261,"recent findings recent, cell multi omics, complex microbial, crispr cas based",0.0
261,"related morbidity, stage diagnosis, combination strategies, clinical intervention",0.40217391304347827
261,"role intercellular communication, testicular torsion, nanoparticle tracking analysis, mir 21 5p",0.0
261,"therapeutic strategies including, exosomes emerging, epigenetic modulation, solid cancers",0.09347826086956523
261,"transgene expression, metabolite production, study illustrates, precise genome",0.05652173913043478
261,"web science core, mean sd age, research hotspots, 28 day mortality",0.0
262,"bla ctx, spectrum lactamase esbl, sequence types sts, coli isolates",0.0
262,"details use execution, myosin motors, nascent chain, origin life",0.5217391304347826
262,"editorial emerging, author correction, g2 phase, model pd",0.0
262,"fetal liver, stalled replication forks, pulmonary vascular, chromatin state",0.02826086956521739
262,"recent findings recent, cell multi omics, complex microbial, crispr cas based",0.0
262,"related morbidity, stage diagnosis, combination strategies, clinical intervention",0.341304347826087
262,"role intercellular communication, testicular torsion, nanoparticle tracking analysis, mir 21 5p",0.0
262,"therapeutic strategies including, exosomes emerging, epigenetic modulation, solid cancers",0.08260869565217392
262,"transgene expression, metabolite production, study illustrates, precise genome",0.026086956521739136
262,"web science core, mean sd age, research hotspots, 28 day mortality",0.0
263,"bla ctx, spectrum lactamase esbl, sequence types sts, coli isolates",0.0
263,"details use execution, myosin motors, nascent chain, origin life",0.34782608695652173
263,"editorial emerging, author correction, g2 phase, model pd",0.01956521739130435
263,"fetal liver, stalled replication forks, pulmonary vascular, chromatin state",0.09782608695652176
263,"recent findings recent, cell multi omics, complex microbial, crispr cas based",0.0
263,"related morbidity, stage diagnosis, combination strategies, clinical intervention",0.34347826086956523
263,"role intercellular communication, testicular torsion, nanoparticle tracking analysis, mir 21 5p",0.0
263,"therapeutic strategies including, exosomes emerging, epigenetic modulation, solid cancers",0.09130434782608694
263,"transgene expression, metabolite production, study illustrates, precise genome",0.1
263,"web science core, mean sd age, research hotspots, 28 day mortality",0.0
264,"bla ctx, spectrum lactamase esbl, sequence types sts, coli isolates",0.0
264,"details use execution, myosin motors, nascent chain, origin life",0.30434782608695654
264,"editorial emerging, author correction, g2 phase, model pd",0.0
264,"fetal liver, stalled replication forks, pulmonary vascular, chromatin state",0.05434782608695652
264,"recent findings recent, cell multi omics, complex microbial, crispr cas based",0.0
264,"related morbidity, stage diagnosis, combination strategies, clinical intervention",0.5021739130434782
264,"role intercellular communication, testicular torsion, nanoparticle tracking analysis, mir 21 5p",0.0
264,"therapeutic strategies including, exosomes emerging, epigenetic modulation, solid cancers",0.10652173913043476
264,"transgene expression, metabolite production, study illustrates, precise genome",0.03260869565217392
264,"web science core, mean sd age, research hotspots, 28 day mortality",0.0
265,"bla ctx, spectrum lactamase esbl, sequence types sts, coli isolates",0.0
265,"details use execution, myosin motors, nascent chain, origin life",0.21739130434782608
265,"editorial emerging, author correction, g2 phase, model pd",0.021739130434782608
265,"fetal liver, stalled replication forks, pulmonary vascular, chromatin state",0.04130434782608696
265,"recent findings recent, cell multi omics, complex microbial, crispr cas based",0.0
265,"related morbidity, stage diagnosis, combination strategies, clinical intervention",0.5630434782608695
265,"role intercellular communication, testicular torsion, nanoparticle tracking analysis, mir 21 5p",0.0
265,"therapeutic strategies including, exosomes emerging, epigenetic modulation, solid cancers",0.08695652173913043
265,"transgene expression, metabolite production, study illustrates, precise genome",0.06956521739130435
265,"web science core, mean sd age, research hotspots, 28 day mortality",0.0
266,"bla ctx, spectrum lactamase esbl, sequence types sts, coli isolates",0.0
266,"details use execution, myosin motors, nascent chain, origin life",0.43478260869565216
266,"editorial emerging, author correction, g2 phase, model pd",0.01956521739130435
266,"fetal liver, stalled replication forks, pulmonary vascular, chromatin state",0.08695652173913043
266,"recent findings recent, cell multi omics, complex microbial, crispr cas based",0.0
266,"related morbidity, stage diagnosis, combination strategies, clinical intervention",0.3695652173913043
266,"role intercellular communication, testicular torsion, nanoparticle tracking analysis, mir 21 5p",0.0
266,"therapeutic strategies including, exosomes emerging, epigenetic modulation, solid cancers",0.017391304347826087
266,"transgene expression, metabolite production, study illustrates, precise genome",0.07173913043478261
266,"web science core, mean sd age, research hotspots, 28 day mortality",0.0
267,"bla ctx, spectrum lactamase esbl, sequence types sts, coli isolates",0.0
267,"details use execution, myosin motors, nascent chain, origin life",0.34782608695652173
267,"editorial emerging, author correction, g2 phase, model pd",0.021739130434782608
267,"fetal liver, stalled replication forks, pulmonary vascular, chromatin state",0.03695652173913044
267,"recent findings recent, cell multi omics, complex microbial, crispr cas based",0.0
267,"related morbidity, stage diagnosis, combination strategies, clinical intervention",0.44782608695652176
267,"role intercellular communication, testicular torsion, nanoparticle tracking analysis, mir 21 5p",0.0
267,"therapeutic strategies including, exosomes emerging, epigenetic modulation, solid cancers",0.0891304347826087
267,"transgene expression, metabolite production, study illustrates, precise genome",0.05652173913043478
267,"web science core, mean sd age, research hotspots, 28 day mortality",0.0
268,"bla ctx, spectrum lactamase esbl, sequence types sts, coli isolates",0.0
268,"details use execution, myosin motors, nascent chain, origin life",0.30434782608695654
268,"editorial emerging, author correction, g2 phase, model pd",0.0
268,"fetal liver, stalled replication forks, pulmonary vascular, chromatin state",0.09782608695652174
268,"recent findings recent, cell multi omics, complex microbial, crispr cas based",0.0
268,"related morbidity, stage diagnosis, combination strategies, clinical intervention",0.5065217391304347
268,"role intercellular communication, testicular torsion, nanoparticle tracking analysis, mir 21 5p",0.0
268,"therapeutic strategies including, exosomes emerging, epigenetic modulation, solid cancers",0.03260869565217391
268,"transgene expression, metabolite production, study illustrates, precise genome",0.058695652173913045
268,"web science core, mean sd age, research hotspots, 28 day mortality",0.0
269,"bla ctx, spectrum lactamase esbl, sequence types sts, coli isolates",0.0
269,"details use execution, myosin motors, nascent chain, origin life",0.13043478260869565
269,"editorial emerging, author correction, g2 phase, model pd",0.01956521739130435
269,"fetal liver, stalled replication forks, pulmonary vascular, chromatin state",0.0782608695652174
269,"recent findings recent, cell multi omics, complex microbial, crispr cas based",0.0
269,"related morbidity, stage diagnosis, combination strategies, clinical intervention",0.5847826086956521
269,"role intercellular communication, testicular torsion, nanoparticle tracking analysis, mir 21 5p",0.0
269,"therapeutic strategies including, exosomes emerging, epigenetic modulation, solid cancers",0.09999999999999999
269,"transgene expression, metabolite production, study illustrates, precise genome",0.08695652173913043
269,"web science core, mean sd age, research hotspots, 28 day mortality",0.0
270,"bla ctx, spectrum lactamase esbl, sequence types sts, coli isolates",0.0
270,"details use execution, myosin motors, nascent chain, origin life",0.21739130434782608
270,"editorial emerging, author correction, g2 phase, model pd",0.0
270,"fetal liver, stalled replication forks, pulmonary vascular, chromatin state",0.09782608695652174
270,"recent findings recent, cell multi omics, complex microbial, crispr cas based",0.0
270,"related morbidity, stage diagnosis, combination strategies, clinical intervention",0.5521739130434782
270,"role intercellular communication, testicular torsion, nanoparticle tracking analysis, mir 21 5p",0.0
270,"therapeutic strategies including, exosomes emerging, epigenetic modulation, solid cancers",0.04782608695652174
270,"transgene expression, metabolite production, study illustrates, precise genome",0.08478260869565218
270,"web science core, mean sd age, research hotspots, 28 day mortality",0.0
271,"bla ctx, spectrum lactamase esbl, sequence types sts, coli isolates",0.0
271,"details use execution, myosin motors, nascent chain, origin life",0.34782608695652173
271,"editorial emerging, author correction, g2 phase, model pd",0.0
271,"fetal liver, stalled replication forks, pulmonary vascular, chromatin state",0.041304347826086954
271,"recent findings recent, cell multi omics, complex microbial, crispr cas based",0.0
271,"related morbidity, stage diagnosis, combination strategies, clinical intervention",0.517391304347826
271,"role intercellular communication, testicular torsion, nanoparticle tracking analysis, mir 21 5p",0.0
271,"therapeutic strategies including, exosomes emerging, epigenetic modulation, solid cancers",0.06956521739130435
271,"transgene expression, metabolite production, study illustrates, precise genome",0.02391304347826087
271,"web science core, mean sd age, research hotspots, 28 day mortality",0.0
272,"bla ctx, spectrum lactamase esbl, sequence types sts, coli isolates",0.0
272,"details use execution, myosin motors, nascent chain, origin life",0.34782608695652173
272,"editorial emerging, author correction, g2 phase, model pd",0.0
272,"fetal liver, stalled replication forks, pulmonary vascular, chromatin state",0.11521739130434783
272,"recent findings recent, cell multi omics, complex microbial, crispr cas based",0.0
272,"related morbidity, stage diagnosis, combination strategies, clinical intervention",0.41956521739130437
272,"role intercellular communication, testicular torsion, nanoparticle tracking analysis, mir 21 5p",0.0
272,"therapeutic strategies including, exosomes emerging, epigenetic modulation, solid cancers",0.05652173913043478
272,"transgene expression, metabolite production, study illustrates, precise genome",0.06086956521739131
272,"web science core, mean sd age, research hotspots, 28 day mortality",0.0
273,"bla ctx, spectrum lactamase esbl, sequence types sts, coli isolates",0.0
273,"details use execution, myosin motors, nascent chain, origin life",0.391304347826087
273,"editorial emerging, author correction, g2 phase, model pd",0.002173913043478261
273,"fetal liver, stalled replication forks, pulmonary vascular, chromatin state",0.08695652173913043
273,"recent findings recent, cell multi omics, complex microbial, crispr cas based",0.0
273,"related morbidity, stage diagnosis, combination strategies, clinical intervention",0.46304347826086956
273,"role intercellular communication, testicular torsion, nanoparticle tracking analysis, mir 21 5p",0.0
273,"therapeutic strategies including, exosomes emerging, epigenetic modulation, solid cancers",0.0
273,"transgene expression, metabolite production, study illustrates, precise genome",0.05652173913043478
273,"web science core, mean sd age, research hotspots, 28 day mortality",0.0
274,"bla ctx, spectrum lactamase esbl, sequence types sts, coli isolates",0.0
274,"details use execution, myosin motors, nascent chain, origin life",0.391304347826087
274,"editorial emerging, author correction, g2 phase, model pd",0.01956521739130435
274,"fetal liver, stalled replication forks, pulmonary vascular, chromatin state",0.08695652173913046
274,"recent findings recent, cell multi omics, complex microbial, crispr cas based",0.0
274,"related morbidity, stage diagnosis, combination strategies, clinical intervention",0.38695652173913037
274,"role intercellular communication, testicular torsion, nanoparticle tracking analysis, mir 21 5p",0.0
274,"therapeutic strategies including, exosomes emerging, epigenetic modulation, solid cancers",0.01956521739130435
274,"transgene expression, metabolite production, study illustrates, precise genome",0.09565217391304348
274,"web science core, mean sd age, research hotspots, 28 day mortality",0.0
275,"bla ctx, spectrum lactamase esbl, sequence types sts, coli isolates",0.0
275,"details use execution, myosin motors, nascent chain, origin life",0.30434782608695654
275,"editorial emerging, author correction, g2 phase, model pd",0.0
275,"fetal liver, stalled replication forks, pulmonary vascular, chromatin state",0.08913043478260871
275,"recent findings recent, cell multi omics, complex microbial, crispr cas based",0.0
275,"related morbidity, stage diagnosis, combination strategies, clinical intervention",0.4934782608695652
275,"role intercellular communication, testicular torsion, nanoparticle tracking analysis, mir 21 5p",0.0
275,"therapeutic strategies including, exosomes emerging, epigenetic modulation, solid cancers",0.04782608695652174
275,"transgene expression, metabolite production, study illustrates, precise genome",0.06521739130434782
275,"web science core, mean sd age, research hotspots, 28 day mortality",0.0
276,"bla ctx, spectrum lactamase esbl, sequence types sts, coli isolates",0.0
276,"details use execution, myosin motors, nascent chain, origin life",0.391304347826087
276,"editorial emerging, author correction, g2 phase, model pd",0.0
276,"fetal liver, stalled replication forks, pulmonary vascular, chromatin state",0.10869565217391304
276,"recent findings recent, cell multi omics, complex microbial, crispr cas based",0.0
276,"related morbidity, stage diagnosis, combination strategies, clinical intervention",0.3826086956521739
276,"role intercellular communication, testicular torsion, nanoparticle tracking analysis, mir 21 5p",0.0
276,"therapeutic strategies including, exosomes emerging, epigenetic modulation, solid cancers",0.05434782608695652
276,"transgene expression, metabolite production, study illustrates, precise genome",0.06304347826086956
276,"web science core, mean sd age, research hotspots, 28 day mortality",0.0
277,"bla ctx, spectrum lactamase esbl, sequence types sts, coli isolates",0.0
277,"details use execution, myosin motors, nascent chain, origin life",0.34782608695652173
277,"editorial emerging, author correction, g2 phase, model pd",0.002173913043478261
277,"fetal liver, stalled replication forks, pulmonary vascular, chromatin state",0.07826086956521738
277,"recent findings recent, cell multi omics, complex microbial, crispr cas based",0.0
277,"related morbidity, stage diagnosis, combination strategies, clinical intervention",0.47826086956521724
277,"role intercellular communication, testicular torsion, nanoparticle tracking analysis, mir 21 5p",0.0
277,"therapeutic strategies including, exosomes emerging, epigenetic modulation, solid cancers",0.021739130434782608
277,"transgene expression, metabolite production, study illustrates, precise genome",0.07173913043478261
277,"web science core, mean sd age, research hotspots, 28 day mortality",0.0
278,"bla ctx, spectrum lactamase esbl, sequence types sts, coli isolates",0.0
278,"details use execution, myosin motors, nascent chain, origin life",0.34782608695652173
278,"editorial emerging, author correction, g2 phase, model pd",0.0
278,"fetal liver, stalled replication forks, pulmonary vascular, chromatin state",0.06521739130434784
278,"recent findings recent, cell multi omics, complex microbial, crispr cas based",0.0
278,"related morbidity, stage diagnosis, combination strategies, clinical intervention",0.46304347826086956
278,"role intercellular communication, testicular torsion, nanoparticle tracking analysis, mir 21 5p",0.0
278,"therapeutic strategies including, exosomes emerging, epigenetic modulation, solid cancers",0.06521739130434782
278,"transgene expression, metabolite production, study illustrates, precise genome",0.05869565217391306
278,"web science core, mean sd age, research hotspots, 28 day mortality",0.0
279,"bla ctx, spectrum lactamase esbl, sequence types sts, coli isolates",0.0
279,"details use execution, myosin motors, nascent chain, origin life",0.34782608695652173
279,"editorial emerging, author correction, g2 phase, model pd",0.01956521739130435
279,"fetal liver, stalled replication forks, pulmonary vascular, chromatin state",0.03260869565217391
279,"recent findings recent, cell multi omics, complex microbial, crispr cas based",0.0
279,"related morbidity, stage diagnosis, combination strategies, clinical intervention",0.4891304347826087
279,"role intercellular communication, testicular torsion, nanoparticle tracking analysis, mir 21 5p",0.0
279,"therapeutic strategies including, exosomes emerging, epigenetic modulation, solid cancers",0.06521739130434782
279,"transgene expression, metabolite production, study illustrates, precise genome",0.04565217391304348
279,"web science core, mean sd age, research hotspots, 28 day mortality",0.0
280,"bla ctx, spectrum lactamase esbl, sequence types sts, coli isolates",0.0
280,"details use execution, myosin motors, nascent chain, origin life",0.30434782608695654
280,"editorial emerging, author correction, g2 phase, model pd",0.002173913043478261
280,"fetal liver, stalled replication forks, pulmonary vascular, chromatin state",0.06086956521739131
280,"recent findings recent, cell multi omics, complex microbial, crispr cas based",0.0
280,"related morbidity, stage diagnosis, combination strategies, clinical intervention",0.491304347826087
280,"role intercellular communication, testicular torsion, nanoparticle tracking analysis, mir 21 5p",0.0
280,"therapeutic strategies including, exosomes emerging, epigenetic modulation, solid cancers",0.08043478260869566
280,"transgene expression, metabolite production, study illustrates, precise genome",0.06086956521739131
280,"web science core, mean sd age, research hotspots, 28 day mortality",0.0
281,"bla ctx, spectrum lactamase esbl, sequence types sts, coli isolates",0.0
281,"details use execution, myosin motors, nascent chain, origin life",0.34782608695652173
281,"editorial emerging, author correction, g2 phase, model pd",0.002173913043478261
281,"fetal liver, stalled replication forks, pulmonary vascular, chromatin state",0.0891304347826087
281,"recent findings recent, cell multi omics, complex microbial, crispr cas based",0.0
281,"related morbidity, stage diagnosis, combination strategies, clinical intervention",0.4434782608695652
281,"role intercellular communication, testicular torsion, nanoparticle tracking analysis, mir 21 5p",0.0
281,"therapeutic strategies including, exosomes emerging, epigenetic modulation, solid cancers",0.06086956521739131
281,"transgene expression, metabolite production, study illustrates, precise genome",0.05652173913043478
281,"web science core, mean sd age, research hotspots, 28 day mortality",0.0
282,"bla ctx, spectrum lactamase esbl, sequence types sts, coli isolates",0.0
282,"details use execution, myosin motors, nascent chain, origin life",0.30434782608695654
282,"editorial emerging, author correction, g2 phase, model pd",0.01956521739130435
282,"fetal liver, stalled replication forks, pulmonary vascular, chromatin state",0.09999999999999999
282,"recent findings recent, cell multi omics, complex microbial, crispr cas based",0.0
282,"related morbidity, stage diagnosis, combination strategies, clinical intervention",0.46956521739130425
282,"role intercellular communication, testicular torsion, nanoparticle tracking analysis, mir 21 5p",0.0
282,"therapeutic strategies including, exosomes emerging, epigenetic modulation, solid cancers",0.006521739130434782
282,"transgene expression, metabolite production, study illustrates, precise genome",0.1
282,"web science core, mean sd age, research hotspots, 28 day mortality",0.0
283,"bla ctx, spectrum lactamase esbl, sequence types sts, coli isolates",0.0
283,"details use execution, myosin motors, nascent chain, origin life",0.17391304347826086
283,"editorial emerging, author correction, g2 phase, model pd",0.0
283,"fetal liver, stalled replication forks, pulmonary vascular, chromatin state",0.12608695652173915
283,"recent findings recent, cell multi omics, complex microbial, crispr cas based",0.0
283,"related morbidity, stage diagnosis, combination strategies, clinical intervention",0.5826086956521739
283,"role intercellular communication, testicular torsion, nanoparticle tracking analysis, mir 21 5p",0.0
283,"therapeutic strategies including, exosomes emerging, epigenetic modulation, solid cancers",0.03695652173913044
283,"transgene expression, metabolite production, study illustrates, precise genome",0.08043478260869567
283,"web science core, mean sd age, research hotspots, 28 day mortality",0.0
284,"bla ctx, spectrum lactamase esbl, sequence types sts, coli isolates",0.0
284,"details use execution, myosin motors, nascent chain, origin life",0.30434782608695654
284,"editorial emerging, author correction, g2 phase, model pd",0.0
284,"fetal liver, stalled replication forks, pulmonary vascular, chromatin state",0.09130434782608696
284,"recent findings recent, cell multi omics, complex microbial, crispr cas based",0.0
284,"related morbidity, stage diagnosis, combination strategies, clinical intervention",0.5
284,"role intercellular communication, testicular torsion, nanoparticle tracking analysis, mir 21 5p",0.0
284,"therapeutic strategies including, exosomes emerging, epigenetic modulation, solid cancers",0.0608695652173913
284,"transgene expression, metabolite production, study illustrates, precise genome",0.04347826086956523
284,"web science core, mean sd age, research hotspots, 28 day mortality",0.0
285,"bla ctx, spectrum lactamase esbl, sequence types sts, coli isolates",0.0
285,"details use execution, myosin motors, nascent chain, origin life",0.21739130434782608
285,"editorial emerging, author correction, g2 phase, model pd",0.01956521739130435
285,"fetal liver, stalled replication forks, pulmonary vascular, chromatin state",0.09782608695652174
285,"recent findings recent, cell multi omics, complex microbial, crispr cas based",0.0
285,"related morbidity, stage diagnosis, combination strategies, clinical intervention",0.5108695652173914
285,"role intercellular communication, testicular torsion, nanoparticle tracking analysis, mir 21 5p",0.0
285,"therapeutic strategies including, exosomes emerging, epigenetic modulation, solid cancers",0.07391304347826087
285,"transgene expression, metabolite production, study illustrates, precise genome",0.08043478260869566
285,"web science core, mean sd age, research hotspots, 28 day mortality",0.0
286,"bla ctx, spectrum lactamase esbl, sequence types sts, coli isolates",0.0
286,"details use execution, myosin motors, nascent chain, origin life",0.34782608695652173
286,"editorial emerging, author correction, g2 phase, model pd",0.0
286,"fetal liver, stalled replication forks, pulmonary vascular, chromatin state",0.05652173913043478
286,"recent findings recent, cell multi omics, complex microbial, crispr cas based",0.0
286,"related morbidity, stage diagnosis, combination strategies, clinical intervention",0.4826086956521739
286,"role intercellular communication, testicular torsion, nanoparticle tracking analysis, mir 21 5p",0.0
286,"therapeutic strategies including, exosomes emerging, epigenetic modulation, solid cancers",0.06086956521739131
286,"transgene expression, metabolite production, study illustrates, precise genome",0.05217391304347827
286,"web science core, mean sd age, research hotspots, 28 day mortality",0.0
287,"bla ctx, spectrum lactamase esbl, sequence types sts, coli isolates",0.0
287,"details use execution, myosin motors, nascent chain, origin life",0.2608695652173913
287,"editorial emerging, author correction, g2 phase, model pd",0.021739130434782608
287,"fetal liver, stalled replication forks, pulmonary vascular, chromatin state",0.0608695652173913
287,"recent findings recent, cell multi omics, complex microbial, crispr cas based",0.0
287,"related morbidity, stage diagnosis, combination strategies, clinical intervention",0.5630434782608694
287,"role intercellular communication, testicular torsion, nanoparticle tracking analysis, mir 21 5p",0.0
287,"therapeutic strategies including, exosomes emerging, epigenetic modulation, solid cancers",0.008695652173913044
287,"transgene expression, metabolite production, study illustrates, precise genome",0.08478260869565218
287,"web science core, mean sd age, research hotspots, 28 day mortality",0.0
288,"bla ctx, spectrum lactamase esbl, sequence types sts, coli isolates",0.0
288,"details use execution, myosin motors, nascent chain, origin life",0.17391304347826086
288,"editorial emerging, author correction, g2 phase, model pd",0.021739130434782608
288,"fetal liver, stalled replication forks, pulmonary vascular, chromatin state",0.07173913043478261
288,"recent findings recent, cell multi omics, complex microbial, crispr cas based",0.0
288,"related morbidity, stage diagnosis, combination strategies, clinical intervention",0.5782608695652174
288,"role intercellular communication, testicular torsion, nanoparticle tracking analysis, mir 21 5p",0.0
288,"therapeutic strategies including, exosomes emerging, epigenetic modulation, solid cancers",0.06739130434782609
288,"transgene expression, metabolite production, study illustrates, precise genome",0.08695652173913043
288,"web science core, mean sd age, research hotspots, 28 day mortality",0.0
289,"bla ctx, spectrum lactamase esbl, sequence types sts, coli isolates",0.0
289,"details use execution, myosin motors, nascent chain, origin life",0.2608695652173913
289,"editorial emerging, author correction, g2 phase, model pd",0.0
289,"fetal liver, stalled replication forks, pulmonary vascular, chromatin state",0.05434782608695652
289,"recent findings recent, cell multi omics, complex microbial, crispr cas based",0.0
289,"related morbidity, stage diagnosis, combination strategies, clinical intervention",0.5978260869565217
289,"role intercellular communication, testicular torsion, nanoparticle tracking analysis, mir 21 5p",0.0
289,"therapeutic strategies including, exosomes emerging, epigenetic modulation, solid cancers",0.03695652173913044
289,"transgene expression, metabolite production, study illustrates, precise genome",0.05
289,"web science core, mean sd age, research hotspots, 28 day mortality",0.0
290,"bla ctx, spectrum lactamase esbl, sequence types sts, coli isolates",0.0
290,"details use execution, myosin motors, nascent chain, origin life",0.30434782608695654
290,"editorial emerging, author correction, g2 phase, model pd",0.002173913043478261
290,"fetal liver, stalled replication forks, pulmonary vascular, chromatin state",0.0673913043478261
290,"recent findings recent, cell multi omics, complex microbial, crispr cas based",0.0
290,"related morbidity, stage diagnosis, combination strategies, clinical intervention",0.5413043478260869
290,"role intercellular communication, testicular torsion, nanoparticle tracking analysis, mir 21 5p",0.0
290,"therapeutic strategies including, exosomes emerging, epigenetic modulation, solid cancers",0.034782608695652174
290,"transgene expression, metabolite production, study illustrates, precise genome",0.049999999999999996
290,"web science core, mean sd age, research hotspots, 28 day mortality",0.0
291,"bla ctx, spectrum lactamase esbl, sequence types sts, coli isolates",0.0
291,"details use execution, myosin motors, nascent chain, origin life",0.21739130434782608
291,"editorial emerging, author correction, g2 phase, model pd",0.002173913043478261
291,"fetal liver, stalled replication forks, pulmonary vascular, chromatin state",0.09347826086956522
291,"recent findings recent, cell multi omics, complex microbial, crispr cas based",0.0
291,"related morbidity, stage diagnosis, combination strategies, clinical intervention",0.5826086956521739
291,"role intercellular communication, testicular torsion, nanoparticle tracking analysis, mir 21 5p",0.0
291,"therapeutic strategies including, exosomes emerging, epigenetic modulation, solid cancers",0.0391304347826087
291,"transgene expression, metabolite production, study illustrates, precise genome",0.06521739130434784
291,"web science core, mean sd age, research hotspots, 28 day mortality",0.0
292,"bla ctx, spectrum lactamase esbl, sequence types sts, coli isolates",0.0
292,"details use execution, myosin motors, nascent chain, origin life",0.17391304347826086
292,"editorial emerging, author correction, g2 phase, model pd",0.01956521739130435
292,"fetal liver, stalled replication forks, pulmonary vascular, chromatin state",0.10869565217391304
292,"recent findings recent, cell multi omics, complex microbial, crispr cas based",0.0
292,"related morbidity, stage diagnosis, combination strategies, clinical intervention",0.558695652173913
292,"role intercellular communication, testicular torsion, nanoparticle tracking analysis, mir 21 5p",0.0
292,"therapeutic strategies including, exosomes emerging, epigenetic modulation, solid cancers",0.058695652173913045
292,"transgene expression, metabolite production, study illustrates, precise genome",0.08043478260869565
292,"web science core, mean sd age, research hotspots, 28 day mortality",0.0
293,"bla ctx, spectrum lactamase esbl, sequence types sts, coli isolates",0.0
293,"details use execution, myosin motors, nascent chain, origin life",0.21739130434782608
293,"editorial emerging, author correction, g2 phase, model pd",0.002173913043478261
293,"fetal liver, stalled replication forks, pulmonary vascular, chromatin state",0.047826086956521734
293,"recent findings recent, cell multi omics, complex microbial, crispr cas based",0.0
293,"related morbidity, stage diagnosis, combination strategies, clinical intervention",0.6195652173913043
293,"role intercellular communication, testicular torsion, nanoparticle tracking analysis, mir 21 5p",0.0
293,"therapeutic strategies including, exosomes emerging, epigenetic modulation, solid cancers",0.05652173913043478
293,"transgene expression, metabolite production, study illustrates, precise genome",0.05652173913043478
293,"web science core, mean sd age, research hotspots, 28 day mortality",0.0
294,"bla ctx, spectrum lactamase esbl, sequence types sts, coli isolates",0.0
294,"details use execution, myosin motors, nascent chain, origin life",0.21739130434782608
294,"editorial emerging, author correction, g2 phase, model pd",0.0
294,"fetal liver, stalled replication forks, pulmonary vascular, chromatin state",0.09565217391304348
294,"recent findings recent, cell multi omics, complex microbial, crispr cas based",0.0
294,"related morbidity, stage diagnosis, combination strategies, clinical intervention",0.6043478260869566
294,"role intercellular communication, testicular torsion, nanoparticle tracking analysis, mir 21 5p",0.0
294,"therapeutic strategies including, exosomes emerging, epigenetic modulation, solid cancers",0.010869565217391304
294,"transgene expression, metabolite production, study illustrates, precise genome",0.07173913043478261
294,"web science core, mean sd age, research hotspots, 28 day mortality",0.0
295,"bla ctx, spectrum lactamase esbl, sequence types sts, coli isolates",0.0
295,"details use execution, myosin motors, nascent chain, origin life",0.21739130434782608
295,"editorial emerging, author correction, g2 phase, model pd",0.002173913043478261
295,"fetal liver, stalled replication forks, pulmonary vascular, chromatin state",0.0891304347826087
295,"recent findings recent, cell multi omics, complex microbial, crispr cas based",0.0
295,"related morbidity, stage diagnosis, combination strategies, clinical intervention",0.6152173913043478
295,"role intercellular communication, testicular torsion, nanoparticle tracking analysis, mir 21 5p",0.0
295,"therapeutic strategies including, exosomes emerging, epigenetic modulation, solid cancers",0.02391304347826087
295,"transgene expression, metabolite production, study illustrates, precise genome",0.05217391304347827
295,"web science core, mean sd age, research hotspots, 28 day mortality",0.0
296,"bla ctx, spectrum lactamase esbl, sequence types sts, coli isolates",0.0
296,"details use execution, myosin motors, nascent chain, origin life",0.2608695652173913
296,"editorial emerging, author correction, g2 phase, model pd",0.002173913043478261
296,"fetal liver, stalled replication forks, pulmonary vascular, chromatin state",0.07391304347826087
296,"recent findings recent, cell multi omics, complex microbial, crispr cas based",0.0
296,"related morbidity, stage diagnosis, combination strategies, clinical intervention",0.5891304347826086
296,"role intercellular communication, testicular torsion, nanoparticle tracking analysis, mir 21 5p",0.0
296,"therapeutic strategies including, exosomes emerging, epigenetic modulation, solid cancers",0.030434782608695653
296,"transgene expression, metabolite production, study illustrates, precise genome",0.043478260869565216
296,"web science core, mean sd age, research hotspots, 28 day mortality",0.0
297,"bla ctx, spectrum lactamase esbl, sequence types sts, coli isolates",0.0
297,"details use execution, myosin motors, nascent chain, origin life",0.30434782608695654
297,"editorial emerging, author correction, g2 phase, model pd",0.01956521739130435
297,"fetal liver, stalled replication forks, pulmonary vascular, chromatin state",0.04782608695652174
297,"recent findings recent, cell multi omics, complex microbial, crispr cas based",0.0
297,"related morbidity, stage diagnosis, combination strategies, clinical intervention",0.5108695652173914
297,"role intercellular communication, testicular torsion, nanoparticle tracking analysis, mir 21 5p",0.0
297,"therapeutic strategies including, exosomes emerging, epigenetic modulation, solid cancers",0.043478260869565216
297,"transgene expression, metabolite production, study illustrates, precise genome",0.07391304347826087
297,"web science core, mean sd age, research hotspots, 28 day mortality",0.0
298,"bla ctx, spectrum lactamase esbl, sequence types sts, coli isolates",0.0
298,"details use execution, myosin motors, nascent chain, origin life",0.2608695652173913
298,"editorial emerging, author correction, g2 phase, model pd",0.01956521739130435
298,"fetal liver, stalled replication forks, pulmonary vascular, chromatin state",0.058695652173913045
298,"recent findings recent, cell multi omics, complex microbial, crispr cas based",0.0
298,"related morbidity, stage diagnosis, combination strategies, clinical intervention",0.5413043478260868
298,"role intercellular communication, testicular torsion, nanoparticle tracking analysis, mir 21 5p",0.0
298,"therapeutic strategies including, exosomes emerging, epigenetic modulation, solid cancers",0.05652173913043478
298,"transgene expression, metabolite production, study illustrates, precise genome",0.06304347826086958
298,"web science core, mean sd age, research hotspots, 28 day mortality",0.0
299,"bla ctx, spectrum lactamase esbl, sequence types sts, coli isolates",0.0
299,"details use execution, myosin motors, nascent chain, origin life",0.34782608695652173
299,"editorial emerging, author correction, g2 phase, model pd",0.01956521739130435
299,"fetal liver, stalled replication forks, pulmonary vascular, chromatin state",0.06304347826086956
299,"recent findings recent, cell multi omics, complex microbial, crispr cas based",0.0
299,"related morbidity, stage diagnosis, combination strategies, clinical intervention",0.4934782608695652
299,"role intercellular communication, testicular torsion, nanoparticle tracking analysis, mir 21 5p",0.0
299,"therapeutic strategies including, exosomes emerging, epigenetic modulation, solid cancers",0.021739130434782608
299,"transgene expression, metabolite production, study illustrates, precise genome",0.054347826086956534
299,"web science core, mean sd age, research hotspots, 28 day mortality",0.0
300,"bla ctx, spectrum lactamase esbl, sequence types sts, coli isolates",0.0
300,"details use execution, myosin motors, nascent chain, origin life",0.43478260869565216
300,"editorial emerging, author correction, g2 phase, model pd",0.002173913043478261
300,"fetal liver, stalled replication forks, pulmonary vascular, chromatin state",0.07608695652173914
300,"recent findings recent, cell multi omics, complex microbial, crispr cas based",0.0
300,"related morbidity, stage diagnosis, combination strategies, clinical intervention",0.4065217391304347
300,"role intercellular communication, testicular torsion, nanoparticle tracking analysis, mir 21 5p",0.0
300,"therapeutic strategies including, exosomes emerging, epigenetic modulation, solid cancers",0.015217391304347825
300,"transgene expression, metabolite production, study illustrates, precise genome",0.06521739130434782
300,"web science core, mean sd age, research hotspots, 28 day mortality",0.0
301,"bla ctx, spectrum lactamase esbl, sequence types sts, coli isolates",0.0
301,"details use execution, myosin motors, nascent chain, origin life",0.34782608695652173
301,"editorial emerging, author correction, g2 phase, model pd",0.002173913043478261
301,"fetal liver, stalled replication forks, pulmonary vascular, chromatin state",0.0782608695652174
301,"recent findings recent, cell multi omics, complex microbial, crispr cas based",0.0
301,"related morbidity, stage diagnosis, combination strategies, clinical intervention",0.4760869565217391
301,"role intercellular communication, testicular torsion, nanoparticle tracking analysis, mir 21 5p",0.0
301,"therapeutic strategies including, exosomes emerging, epigenetic modulation, solid cancers",0.034782608695652174
301,"transgene expression, metabolite production, study illustrates, precise genome",0.06086956521739132
301,"web science core, mean sd age, research hotspots, 28 day mortality",0.0
302,"bla ctx, spectrum lactamase esbl, sequence types sts, coli isolates",0.0
302,"details use execution, myosin motors, nascent chain, origin life",0.34782608695652173
302,"editorial emerging, author correction, g2 phase, model pd",0.0
302,"fetal liver, stalled replication forks, pulmonary vascular, chromatin state",0.0891304347826087
302,"recent findings recent, cell multi omics, complex microbial, crispr cas based",0.0
302,"related morbidity, stage diagnosis, combination strategies, clinical intervention",0.4434782608695651
302,"role intercellular communication, testicular torsion, nanoparticle tracking analysis, mir 21 5p",0.0
302,"therapeutic strategies including, exosomes emerging, epigenetic modulation, solid cancers",0.043478260869565216
302,"transgene expression, metabolite production, study illustrates, precise genome",0.07608695652173914
302,"web science core, mean sd age, research hotspots, 28 day mortality",0.0
303,"bla ctx, spectrum lactamase esbl, sequence types sts, coli isolates",0.0
303,"details use execution, myosin motors, nascent chain, origin life",0.30434782608695654
303,"editorial emerging, author correction, g2 phase, model pd",0.0
303,"fetal liver, stalled replication forks, pulmonary vascular, chromatin state",0.11304347826086956
303,"recent findings recent, cell multi omics, complex microbial, crispr cas based",0.0
303,"related morbidity, stage diagnosis, combination strategies, clinical intervention",0.4956521739130434
303,"role intercellular communication, testicular torsion, nanoparticle tracking analysis, mir 21 5p",0.0
303,"therapeutic strategies including, exosomes emerging, epigenetic modulation, solid cancers",0.02826086956521739
303,"transgene expression, metabolite production, study illustrates, precise genome",0.058695652173913045
303,"web science core, mean sd age, research hotspots, 28 day mortality",0.0
304,"bla ctx, spectrum lactamase esbl, sequence types sts, coli isolates",0.0
304,"details use execution, myosin motors, nascent chain, origin life",0.30434782608695654
304,"editorial emerging, author correction, g2 phase, model pd",0.021739130434782608
304,"fetal liver, stalled replication forks, pulmonary vascular, chromatin state",0.06304347826086956
304,"recent findings recent, cell multi omics, complex microbial, crispr cas based",0.0
304,"related morbidity, stage diagnosis, combination strategies, clinical intervention",0.4826086956521739
304,"role intercellular communication, testicular torsion, nanoparticle tracking analysis, mir 21 5p",0.0
304,"therapeutic strategies including, exosomes emerging, epigenetic modulation, solid cancers",0.04565217391304348
304,"transgene expression, metabolite production, study illustrates, precise genome",0.08260869565217392
304,"web science core, mean sd age, research hotspots, 28 day mortality",0.0
305,"bla ctx, spectrum lactamase esbl, sequence types sts, coli isolates",0.0
305,"details use execution, myosin motors, nascent chain, origin life",0.30434782608695654
305,"editorial emerging, author correction, g2 phase, model pd",0.021739130434782608
305,"fetal liver, stalled replication forks, pulmonary vascular, chromatin state",0.05652173913043478
305,"recent findings recent, cell multi omics, complex microbial, crispr cas based",0.0
305,"related morbidity, stage diagnosis, combination strategies, clinical intervention",0.4695652173913043
305,"role intercellular communication, testicular torsion, nanoparticle tracking analysis, mir 21 5p",0.0
305,"therapeutic strategies including, exosomes emerging, epigenetic modulation, solid cancers",0.06956521739130435
305,"transgene expression, metabolite production, study illustrates, precise genome",0.0782608695652174
305,"web science core, mean sd age, research hotspots, 28 day mortality",0.0
306,"bla ctx, spectrum lactamase esbl, sequence types sts, coli isolates",0.0
306,"details use execution, myosin motors, nascent chain, origin life",0.391304347826087
306,"editorial emerging, author correction, g2 phase, model pd",0.01956521739130435
306,"fetal liver, stalled replication forks, pulmonary vascular, chromatin state",0.08043478260869566
306,"recent findings recent, cell multi omics, complex microbial, crispr cas based",0.0
306,"related morbidity, stage diagnosis, combination strategies, clinical intervention",0.3826086956521739
306,"role intercellular communication, testicular torsion, nanoparticle tracking analysis, mir 21 5p",0.0
306,"therapeutic strategies including, exosomes emerging, epigenetic modulation, solid cancers",0.07173913043478261
306,"transgene expression, metabolite production, study illustrates, precise genome",0.05434782608695652
306,"web science core, mean sd age, research hotspots, 28 day mortality",0.0
307,"bla ctx, spectrum lactamase esbl, sequence types sts, coli isolates",0.0
307,"details use execution, myosin motors, nascent chain, origin life",0.30434782608695654
307,"editorial emerging, author correction, g2 phase, model pd",0.002173913043478261
307,"fetal liver, stalled replication forks, pulmonary vascular, chromatin state",0.14347826086956522
307,"recent findings recent, cell multi omics, complex microbial, crispr cas based",0.0
307,"related morbidity, stage diagnosis, combination strategies, clinical intervention",0.40434782608695646
307,"role intercellular communication, testicular torsion, nanoparticle tracking analysis, mir 21 5p",0.0
307,"therapeutic strategies including, exosomes emerging, epigenetic modulation, solid cancers",0.04782608695652174
307,"transgene expression, metabolite production, study illustrates, precise genome",0.09782608695652174
307,"web science core, mean sd age, research hotspots, 28 day mortality",0.0
308,"bla ctx, spectrum lactamase esbl, sequence types sts, coli isolates",0.0
308,"details use execution, myosin motors, nascent chain, origin life",0.34782608695652173
308,"editorial emerging, author correction, g2 phase, model pd",0.021739130434782608
308,"fetal liver, stalled replication forks, pulmonary vascular, chromatin state",0.043478260869565216
308,"recent findings recent, cell multi omics, complex microbial, crispr cas based",0.0
308,"related morbidity, stage diagnosis, combination strategies, clinical intervention",0.467391304347826
308,"role intercellular communication, testicular torsion, nanoparticle tracking analysis, mir 21 5p",0.0
308,"therapeutic strategies including, exosomes emerging, epigenetic modulation, solid cancers",0.04565217391304348
308,"transgene expression, metabolite production, study illustrates, precise genome",0.07391304347826089
308,"web science core, mean sd age, research hotspots, 28 day mortality",0.0
309,"bla ctx, spectrum lactamase esbl, sequence types sts, coli isolates",0.0
309,"details use execution, myosin motors, nascent chain, origin life",0.34782608695652173
309,"editorial emerging, author correction, g2 phase, model pd",0.01956521739130435
309,"fetal liver, stalled replication forks, pulmonary vascular, chromatin state",0.030434782608695653
309,"recent findings recent, cell multi omics, complex microbial, crispr cas based",0.0
309,"related morbidity, stage diagnosis, combination strategies, clinical intervention",0.5391304347826086
309,"role intercellular communication, testicular torsion, nanoparticle tracking analysis, mir 21 5p",0.0
309,"therapeutic strategies including, exosomes emerging, epigenetic modulation, solid cancers",0.013043478260869568
309,"transgene expression, metabolite production, study illustrates, precise genome",0.049999999999999996
309,"web science core, mean sd age, research hotspots, 28 day mortality",0.0
310,"bla ctx, spectrum lactamase esbl, sequence types sts, coli isolates",0.0
310,"details use execution, myosin motors, nascent chain, origin life",0.34782608695652173
310,"editorial emerging, author correction, g2 phase, model pd",0.0
310,"fetal liver, stalled replication forks, pulmonary vascular, chromatin state",0.08478260869565217
310,"recent findings recent, cell multi omics, complex microbial, crispr cas based",0.0
310,"related morbidity, stage diagnosis, combination strategies, clinical intervention",0.44565217391304346
310,"role intercellular communication, testicular torsion, nanoparticle tracking analysis, mir 21 5p",0.0
310,"therapeutic strategies including, exosomes emerging, epigenetic modulation, solid cancers",0.047826086956521734
310,"transgene expression, metabolite production, study illustrates, precise genome",0.07391304347826087
310,"web science core, mean sd age, research hotspots, 28 day mortality",0.0
311,"bla ctx, spectrum lactamase esbl, sequence types sts, coli isolates",0.0
311,"details use execution, myosin motors, nascent chain, origin life",0.4782608695652174
311,"editorial emerging, author correction, g2 phase, model pd",0.002173913043478261
311,"fetal liver, stalled replication forks, pulmonary vascular, chromatin state",0.0673913043478261
311,"recent findings recent, cell multi omics, complex microbial, crispr cas based",0.0
311,"related morbidity, stage diagnosis, combination strategies, clinical intervention",0.3369565217391304
311,"role intercellular communication, testicular torsion, nanoparticle tracking analysis, mir 21 5p",0.0
311,"therapeutic strategies including, exosomes emerging, epigenetic modulation, solid cancers",0.06304347826086956
311,"transgene expression, metabolite production, study illustrates, precise genome",0.05217391304347826
311,"web science core, mean sd age, research hotspots, 28 day mortality",0.0
312,"bla ctx, spectrum lactamase esbl, sequence types sts, coli isolates",0.0
312,"details use execution, myosin motors, nascent chain, origin life",0.30434782608695654
312,"editorial emerging, author correction, g2 phase, model pd",0.002173913043478261
312,"fetal liver, stalled replication forks, pulmonary vascular, chromatin state",0.06739130434782609
312,"recent findings recent, cell multi omics, complex microbial, crispr cas based",0.0
312,"related morbidity, stage diagnosis, combination strategies, clinical intervention",0.5152173913043478
312,"role intercellular communication, testicular torsion, nanoparticle tracking analysis, mir 21 5p",0.0
312,"therapeutic strategies including, exosomes emerging, epigenetic modulation, solid cancers",0.05217391304347826
312,"transgene expression, metabolite production, study illustrates, precise genome",0.058695652173913045
312,"web science core, mean sd age, research hotspots, 28 day mortality",0.0
313,"bla ctx, spectrum lactamase esbl, sequence types sts, coli isolates",0.0
313,"details use execution, myosin motors, nascent chain, origin life",0.30434782608695654
313,"editorial emerging, author correction, g2 phase, model pd",0.002173913043478261
313,"fetal liver, stalled replication forks, pulmonary vascular, chromatin state",0.09130434782608696
313,"recent findings recent, cell multi omics, complex microbial, crispr cas based",0.0
313,"related morbidity, stage diagnosis, combination strategies, clinical intervention",0.4739130434782609
313,"role intercellular communication, testicular torsion, nanoparticle tracking analysis, mir 21 5p",0.0
313,"therapeutic strategies including, exosomes emerging, epigenetic modulation, solid cancers",0.01956521739130435
313,"transgene expression, metabolite production, study illustrates, precise genome",0.10869565217391304
313,"web science core, mean sd age, research hotspots, 28 day mortality",0.0
314,"bla ctx, spectrum lactamase esbl, sequence types sts, coli isolates",0.0
314,"details use execution, myosin motors, nascent chain, origin life",0.391304347826087
314,"editorial emerging, author correction, g2 phase, model pd",0.0
314,"fetal liver, stalled replication forks, pulmonary vascular, chromatin state",0.08260869565217391
314,"recent findings recent, cell multi omics, complex microbial, crispr cas based",0.0
314,"related morbidity, stage diagnosis, combination strategies, clinical intervention",0.43260869565217386
314,"role intercellular communication, testicular torsion, nanoparticle tracking analysis, mir 21 5p",0.0
314,"therapeutic strategies including, exosomes emerging, epigenetic modulation, solid cancers",0.02826086956521739
314,"transgene expression, metabolite production, study illustrates, precise genome",0.06521739130434782
314,"web science core, mean sd age, research hotspots, 28 day mortality",0.0
315,"bla ctx, spectrum lactamase esbl, sequence types sts, coli isolates",0.0
315,"details use execution, myosin motors, nascent chain, origin life",0.34782608695652173
315,"editorial emerging, author correction, g2 phase, model pd",0.0
315,"fetal liver, stalled replication forks, pulmonary vascular, chromatin state",0.03260869565217391
315,"recent findings recent, cell multi omics, complex microbial, crispr cas based",0.0
315,"related morbidity, stage diagnosis, combination strategies, clinical intervention",0.5499999999999999
315,"role intercellular communication, testicular torsion, nanoparticle tracking analysis, mir 21 5p",0.0
315,"therapeutic strategies including, exosomes emerging, epigenetic modulation, solid cancers",0.03260869565217391
315,"transgene expression, metabolite production, study illustrates, precise genome",0.03695652173913044
315,"web science core, mean sd age, research hotspots, 28 day mortality",0.0
316,"bla ctx, spectrum lactamase esbl, sequence types sts, coli isolates",0.0
316,"details use execution, myosin motors, nascent chain, origin life",0.391304347826087
316,"editorial emerging, author correction, g2 phase, model pd",0.0
316,"fetal liver, stalled replication forks, pulmonary vascular, chromatin state",0.06304347826086958
316,"recent findings recent, cell multi omics, complex microbial, crispr cas based",0.0
316,"related morbidity, stage diagnosis, combination strategies, clinical intervention",0.4956521739130435
316,"role intercellular communication, testicular torsion, nanoparticle tracking analysis, mir 21 5p",0.0
316,"therapeutic strategies including, exosomes emerging, epigenetic modulation, solid cancers",0.015217391304347825
316,"transgene expression, metabolite production, study illustrates, precise genome",0.03478260869565218
316,"web science core, mean sd age, research hotspots, 28 day mortality",0.0
317,"bla ctx, spectrum lactamase esbl, sequence types sts, coli isolates",0.0
317,"details use execution, myosin motors, nascent chain, origin life",0.30434782608695654
317,"editorial emerging, author correction, g2 phase, model pd",0.0
317,"fetal liver, stalled replication forks, pulmonary vascular, chromatin state",0.0782608695652174
317,"recent findings recent, cell multi omics, complex microbial, crispr cas based",0.0
317,"related morbidity, stage diagnosis, combination strategies, clinical intervention",0.5217391304347826
317,"role intercellular communication, testicular torsion, nanoparticle tracking analysis, mir 21 5p",0.0
317,"therapeutic strategies including, exosomes emerging, epigenetic modulation, solid cancers",0.0391304347826087
317,"transgene expression, metabolite production, study illustrates, precise genome",0.05652173913043478
317,"web science core, mean sd age, research hotspots, 28 day mortality",0.0
318,"bla ctx, spectrum lactamase esbl, sequence types sts, coli isolates",0.0
318,"details use execution, myosin motors, nascent chain, origin life",0.21739130434782608
318,"editorial emerging, author correction, g2 phase, model pd",0.002173913043478261
318,"fetal liver, stalled replication forks, pulmonary vascular, chromatin state",0.07391304347826087
318,"recent findings recent, cell multi omics, complex microbial, crispr cas based",0.0
318,"related morbidity, stage diagnosis, combination strategies, clinical intervention",0.5717391304347825
318,"role intercellular communication, testicular torsion, nanoparticle tracking analysis, mir 21 5p",0.0
318,"therapeutic strategies including, exosomes emerging, epigenetic modulation, solid cancers",0.05652173913043478
318,"transgene expression, metabolite production, study illustrates, precise genome",0.0782608695652174
318,"web science core, mean sd age, research hotspots, 28 day mortality",0.0
319,"bla ctx, spectrum lactamase esbl, sequence types sts, coli isolates",0.0
319,"details use execution, myosin motors, nascent chain, origin life",0.4782608695652174
319,"editorial emerging, author correction, g2 phase, model pd",0.002173913043478261
319,"fetal liver, stalled replication forks, pulmonary vascular, chromatin state",0.030434782608695653
319,"recent findings recent, cell multi omics, complex microbial, crispr cas based",0.0
319,"related morbidity, stage diagnosis, combination strategies, clinical intervention",0.4304347826086956
319,"role intercellular communication, testicular torsion, nanoparticle tracking analysis, mir 21 5p",0.0
319,"therapeutic strategies including, exosomes emerging, epigenetic modulation, solid cancers",0.03260869565217391
319,"transgene expression, metabolite production, study illustrates, precise genome",0.02608695652173913
319,"web science core, mean sd age, research hotspots, 28 day mortality",0.0
320,"bla ctx, spectrum lactamase esbl, sequence types sts, coli isolates",0.0
320,"details use execution, myosin motors, nascent chain, origin life",0.391304347826087
320,"editorial emerging, author correction, g2 phase, model pd",0.021739130434782608
320,"fetal liver, stalled replication forks, pulmonary vascular, chromatin state",0.07391304347826087
320,"recent findings recent, cell multi omics, complex microbial, crispr cas based",0.0
320,"related morbidity, stage diagnosis, combination strategies, clinical intervention",0.38478260869565206
320,"role intercellular communication, testicular torsion, nanoparticle tracking analysis, mir 21 5p",0.0
320,"therapeutic strategies including, exosomes emerging, epigenetic modulation, solid cancers",0.04565217391304348
320,"transgene expression, metabolite production, study illustrates, precise genome",0.08260869565217391
320,"web science core, mean sd age, research hotspots, 28 day mortality",0.0
321,"bla ctx, spectrum lactamase esbl, sequence types sts, coli isolates",0.0
321,"details use execution, myosin motors, nascent chain, origin life",0.2608695652173913
321,"editorial emerging, author correction, g2 phase, model pd",0.01956521739130435
321,"fetal liver, stalled replication forks, pulmonary vascular, chromatin state",0.13043478260869565
321,"recent findings recent, cell multi omics, complex microbial, crispr cas based",0.0
321,"related morbidity, stage diagnosis, combination strategies, clinical intervention",0.4739130434782609
321,"role intercellular communication, testicular torsion, nanoparticle tracking analysis, mir 21 5p",0.0
321,"therapeutic strategies including, exosomes emerging, epigenetic modulation, solid cancers",0.021739130434782608
321,"transgene expression, metabolite production, study illustrates, precise genome",0.09347826086956522
321,"web science core, mean sd age, research hotspots, 28 day mortality",0.0
322,"bla ctx, spectrum lactamase esbl, sequence types sts, coli isolates",0.0
322,"details use execution, myosin motors, nascent chain, origin life",0.391304347826087
322,"editorial emerging, author correction, g2 phase, model pd",0.0
322,"fetal liver, stalled replication forks, pulmonary vascular, chromatin state",0.09782608695652172
322,"recent findings recent, cell multi omics, complex microbial, crispr cas based",0.0
322,"related morbidity, stage diagnosis, combination strategies, clinical intervention",0.39565217391304347
322,"role intercellular communication, testicular torsion, nanoparticle tracking analysis, mir 21 5p",0.0
322,"therapeutic strategies including, exosomes emerging, epigenetic modulation, solid cancers",0.06521739130434782
322,"transgene expression, metabolite production, study illustrates, precise genome",0.05
322,"web science core, mean sd age, research hotspots, 28 day mortality",0.0
323,"bla ctx, spectrum lactamase esbl, sequence types sts, coli isolates",0.0
323,"details use execution, myosin motors, nascent chain, origin life",0.34782608695652173
323,"editorial emerging, author correction, g2 phase, model pd",0.01956521739130435
323,"fetal liver, stalled replication forks, pulmonary vascular, chromatin state",0.07173913043478261
323,"recent findings recent, cell multi omics, complex microbial, crispr cas based",0.0
323,"related morbidity, stage diagnosis, combination strategies, clinical intervention",0.4782608695652173
323,"role intercellular communication, testicular torsion, nanoparticle tracking analysis, mir 21 5p",0.0
323,"therapeutic strategies including, exosomes emerging, epigenetic modulation, solid cancers",0.01956521739130435
323,"transgene expression, metabolite production, study illustrates, precise genome",0.06304347826086956
323,"web science core, mean sd age, research hotspots, 28 day mortality",0.0
324,"bla ctx, spectrum lactamase esbl, sequence types sts, coli isolates",0.0
324,"details use execution, myosin motors, nascent chain, origin life",0.43478260869565216
324,"editorial emerging, author correction, g2 phase, model pd",0.021739130434782608
324,"fetal liver, stalled replication forks, pulmonary vascular, chromatin state",0.05869565217391306
324,"recent findings recent, cell multi omics, complex microbial, crispr cas based",0.0
324,"related morbidity, stage diagnosis, combination strategies, clinical intervention",0.36739130434782613
324,"role intercellular communication, testicular torsion, nanoparticle tracking analysis, mir 21 5p",0.0
324,"therapeutic strategies including, exosomes emerging, epigenetic modulation, solid cancers",0.05652173913043478
324,"transgene expression, metabolite production, study illustrates, precise genome",0.06086956521739131
324,"web science core, mean sd age, research hotspots, 28 day mortality",0.0
325,"bla ctx, spectrum lactamase esbl, sequence types sts, coli isolates",0.0
325,"details use execution, myosin motors, nascent chain, origin life",0.21739130434782608
325,"editorial emerging, author correction, g2 phase, model pd",0.0
325,"fetal liver, stalled replication forks, pulmonary vascular, chromatin state",0.0673913043478261
325,"recent findings recent, cell multi omics, complex microbial, crispr cas based",0.0
325,"related morbidity, stage diagnosis, combination strategies, clinical intervention",0.658695652173913
325,"role intercellular communication, testicular torsion, nanoparticle tracking analysis, mir 21 5p",0.0
325,"therapeutic strategies including, exosomes emerging, epigenetic modulation, solid cancers",0.010869565217391304
325,"transgene expression, metabolite production, study illustrates, precise genome",0.04565217391304349
325,"web science core, mean sd age, research hotspots, 28 day mortality",0.0
326,"bla ctx, spectrum lactamase esbl, sequence types sts, coli isolates",0.0
326,"details use execution, myosin motors, nascent chain, origin life",0.30434782608695654
326,"editorial emerging, author correction, g2 phase, model pd",0.01956521739130435
326,"fetal liver, stalled replication forks, pulmonary vascular, chromatin state",0.05217391304347827
326,"recent findings recent, cell multi omics, complex microbial, crispr cas based",0.0
326,"related morbidity, stage diagnosis, combination strategies, clinical intervention",0.467391304347826
326,"role intercellular communication, testicular torsion, nanoparticle tracking analysis, mir 21 5p",0.0
326,"therapeutic strategies including, exosomes emerging, epigenetic modulation, solid cancers",0.0782608695652174
326,"transgene expression, metabolite production, study illustrates, precise genome",0.0782608695652174
326,"web science core, mean sd age, research hotspots, 28 day mortality",0.0
327,"bla ctx, spectrum lactamase esbl, sequence types sts, coli isolates",0.0
327,"details use execution, myosin motors, nascent chain, origin life",0.30434782608695654
327,"editorial emerging, author correction, g2 phase, model pd",0.0
327,"fetal liver, stalled replication forks, pulmonary vascular, chromatin state",0.07608695652173914
327,"recent findings recent, cell multi omics, complex microbial, crispr cas based",0.0
327,"related morbidity, stage diagnosis, combination strategies, clinical intervention",0.5565217391304348
327,"role intercellular communication, testicular torsion, nanoparticle tracking analysis, mir 21 5p",0.0
327,"therapeutic strategies including, exosomes emerging, epigenetic modulation, solid cancers",0.01956521739130435
327,"transgene expression, metabolite production, study illustrates, precise genome",0.04347826086956523
327,"web science core, mean sd age, research hotspots, 28 day mortality",0.0
328,"bla ctx, spectrum lactamase esbl, sequence types sts, coli isolates",0.0
328,"details use execution, myosin motors, nascent chain, origin life",0.30434782608695654
328,"editorial emerging, author correction, g2 phase, model pd",0.0
328,"fetal liver, stalled replication forks, pulmonary vascular, chromatin state",0.09565217391304347
328,"recent findings recent, cell multi omics, complex microbial, crispr cas based",0.0
328,"related morbidity, stage diagnosis, combination strategies, clinical intervention",0.4304347826086956
328,"role intercellular communication, testicular torsion, nanoparticle tracking analysis, mir 21 5p",0.0
328,"therapeutic strategies including, exosomes emerging, epigenetic modulation, solid cancers",0.08695652173913043
328,"transgene expression, metabolite production, study illustrates, precise genome",0.08260869565217392
328,"web science core, mean sd age, research hotspots, 28 day mortality",0.0
329,"bla ctx, spectrum lactamase esbl, sequence types sts, coli isolates",0.0
329,"details use execution, myosin motors, nascent chain, origin life",0.30434782608695654
329,"editorial emerging, author correction, g2 phase, model pd",0.0
329,"fetal liver, stalled replication forks, pulmonary vascular, chromatin state",0.06739130434782609
329,"recent findings recent, cell multi omics, complex microbial, crispr cas based",0.0
329,"related morbidity, stage diagnosis, combination strategies, clinical intervention",0.5217391304347826
329,"role intercellular communication, testicular torsion, nanoparticle tracking analysis, mir 21 5p",0.0
329,"therapeutic strategies including, exosomes emerging, epigenetic modulation, solid cancers",0.05652173913043478
329,"transgene expression, metabolite production, study illustrates, precise genome",0.049999999999999996
329,"web science core, mean sd age, research hotspots, 28 day mortality",0.0
330,"bla ctx, spectrum lactamase esbl, sequence types sts, coli isolates",0.0
330,"details use execution, myosin motors, nascent chain, origin life",0.43478260869565216
330,"editorial emerging, author correction, g2 phase, model pd",0.0
330,"fetal liver, stalled replication forks, pulmonary vascular, chromatin state",0.03913043478260869
330,"recent findings recent, cell multi omics, complex microbial, crispr cas based",0.0
330,"related morbidity, stage diagnosis, combination strategies, clinical intervention",0.43913043478260877
330,"role intercellular communication, testicular torsion, nanoparticle tracking analysis, mir 21 5p",0.0
330,"therapeutic strategies including, exosomes emerging, epigenetic modulation, solid cancers",0.05434782608695652
330,"transgene expression, metabolite production, study illustrates, precise genome",0.03260869565217391
330,"web science core, mean sd age, research hotspots, 28 day mortality",0.0
331,"bla ctx, spectrum lactamase esbl, sequence types sts, coli isolates",0.0
331,"details use execution, myosin motors, nascent chain, origin life",0.30434782608695654
331,"editorial emerging, author correction, g2 phase, model pd",0.0
331,"fetal liver, stalled replication forks, pulmonary vascular, chromatin state",0.09130434782608696
331,"recent findings recent, cell multi omics, complex microbial, crispr cas based",0.0
331,"related morbidity, stage diagnosis, combination strategies, clinical intervention",0.4478260869565217
331,"role intercellular communication, testicular torsion, nanoparticle tracking analysis, mir 21 5p",0.0
331,"therapeutic strategies including, exosomes emerging, epigenetic modulation, solid cancers",0.07391304347826087
331,"transgene expression, metabolite production, study illustrates, precise genome",0.08260869565217392
331,"web science core, mean sd age, research hotspots, 28 day mortality",0.0
332,"bla ctx, spectrum lactamase esbl, sequence types sts, coli isolates",0.0
332,"details use execution, myosin motors, nascent chain, origin life",0.2608695652173913
332,"editorial emerging, author correction, g2 phase, model pd",0.0
332,"fetal liver, stalled replication forks, pulmonary vascular, chromatin state",0.07826086956521738
332,"recent findings recent, cell multi omics, complex microbial, crispr cas based",0.0
332,"related morbidity, stage diagnosis, combination strategies, clinical intervention",0.5478260869565216
332,"role intercellular communication, testicular torsion, nanoparticle tracking analysis, mir 21 5p",0.0
332,"therapeutic strategies including, exosomes emerging, epigenetic modulation, solid cancers",0.034782608695652174
332,"transgene expression, metabolite production, study illustrates, precise genome",0.0782608695652174
332,"web science core, mean sd age, research hotspots, 28 day mortality",0.0
333,"bla ctx, spectrum lactamase esbl, sequence types sts, coli isolates",0.0
333,"details use execution, myosin motors, nascent chain, origin life",0.30434782608695654
333,"editorial emerging, author correction, g2 phase, model pd",0.021739130434782608
333,"fetal liver, stalled replication forks, pulmonary vascular, chromatin state",0.06304347826086955
333,"recent findings recent, cell multi omics, complex microbial, crispr cas based",0.0
333,"related morbidity, stage diagnosis, combination strategies, clinical intervention",0.5260869565217391
333,"role intercellular communication, testicular torsion, nanoparticle tracking analysis, mir 21 5p",0.0
333,"therapeutic strategies including, exosomes emerging, epigenetic modulation, solid cancers",0.015217391304347827
333,"transgene expression, metabolite production, study illustrates, precise genome",0.06956521739130436
333,"web science core, mean sd age, research hotspots, 28 day mortality",0.0
334,"bla ctx, spectrum lactamase esbl, sequence types sts, coli isolates",0.0
334,"details use execution, myosin motors, nascent chain, origin life",0.34782608695652173
334,"editorial emerging, author correction, g2 phase, model pd",0.01956521739130435
334,"fetal liver, stalled replication forks, pulmonary vascular, chromatin state",0.07391304347826087
334,"recent findings recent, cell multi omics, complex microbial, crispr cas based",0.0
334,"related morbidity, stage diagnosis, combination strategies, clinical intervention",0.43260869565217386
334,"role intercellular communication, testicular torsion, nanoparticle tracking analysis, mir 21 5p",0.0
334,"therapeutic strategies including, exosomes emerging, epigenetic modulation, solid cancers",0.058695652173913045
334,"transgene expression, metabolite production, study illustrates, precise genome",0.06739130434782609
334,"web science core, mean sd age, research hotspots, 28 day mortality",0.0
335,"bla ctx, spectrum lactamase esbl, sequence types sts, coli isolates",0.0
335,"details use execution, myosin motors, nascent chain, origin life",0.34782608695652173
335,"editorial emerging, author correction, g2 phase, model pd",0.01956521739130435
335,"fetal liver, stalled replication forks, pulmonary vascular, chromatin state",0.14347826086956522
335,"recent findings recent, cell multi omics, complex microbial, crispr cas based",0.0
335,"related morbidity, stage diagnosis, combination strategies, clinical intervention",0.32608695652173914
335,"role intercellular communication, testicular torsion, nanoparticle tracking analysis, mir 21 5p",0.0
335,"therapeutic strategies including, exosomes emerging, epigenetic modulation, solid cancers",0.05
335,"transgene expression, metabolite production, study illustrates, precise genome",0.11304347826086956
335,"web science core, mean sd age, research hotspots, 28 day mortality",0.0
336,"bla ctx, spectrum lactamase esbl, sequence types sts, coli isolates",0.0
336,"details use execution, myosin motors, nascent chain, origin life",0.30434782608695654
336,"editorial emerging, author correction, g2 phase, model pd",0.002173913043478261
336,"fetal liver, stalled replication forks, pulmonary vascular, chromatin state",0.043478260869565216
336,"recent findings recent, cell multi omics, complex microbial, crispr cas based",0.0
336,"related morbidity, stage diagnosis, combination strategies, clinical intervention",0.5565217391304348
336,"role intercellular communication, testicular torsion, nanoparticle tracking analysis, mir 21 5p",0.0
336,"therapeutic strategies including, exosomes emerging, epigenetic modulation, solid cancers",0.0608695652173913
336,"transgene expression, metabolite production, study illustrates, precise genome",0.03260869565217391
336,"web science core, mean sd age, research hotspots, 28 day mortality",0.0
337,"bla ctx, spectrum lactamase esbl, sequence types sts, coli isolates",0.0
337,"details use execution, myosin motors, nascent chain, origin life",0.2608695652173913
337,"editorial emerging, author correction, g2 phase, model pd",0.01956521739130435
337,"fetal liver, stalled replication forks, pulmonary vascular, chromatin state",0.07391304347826087
337,"recent findings recent, cell multi omics, complex microbial, crispr cas based",0.0
337,"related morbidity, stage diagnosis, combination strategies, clinical intervention",0.4956521739130434
337,"role intercellular communication, testicular torsion, nanoparticle tracking analysis, mir 21 5p",0.0
337,"therapeutic strategies including, exosomes emerging, epigenetic modulation, solid cancers",0.07608695652173914
337,"transgene expression, metabolite production, study illustrates, precise genome",0.07391304347826087
337,"web science core, mean sd age, research hotspots, 28 day mortality",0.0
338,"bla ctx, spectrum lactamase esbl, sequence types sts, coli isolates",0.0
338,"details use execution, myosin motors, nascent chain, origin life",0.391304347826087
338,"editorial emerging, author correction, g2 phase, model pd",0.0
338,"fetal liver, stalled replication forks, pulmonary vascular, chromatin state",0.10869565217391304
338,"recent findings recent, cell multi omics, complex microbial, crispr cas based",0.0
338,"related morbidity, stage diagnosis, combination strategies, clinical intervention",0.391304347826087
338,"role intercellular communication, testicular torsion, nanoparticle tracking analysis, mir 21 5p",0.0
338,"therapeutic strategies including, exosomes emerging, epigenetic modulation, solid cancers",0.04130434782608696
338,"transgene expression, metabolite production, study illustrates, precise genome",0.06739130434782609
338,"web science core, mean sd age, research hotspots, 28 day mortality",0.0
339,"bla ctx, spectrum lactamase esbl, sequence types sts, coli isolates",0.0
339,"details use execution, myosin motors, nascent chain, origin life",0.391304347826087
339,"editorial emerging, author correction, g2 phase, model pd",0.01956521739130435
339,"fetal liver, stalled replication forks, pulmonary vascular, chromatin state",0.0673913043478261
339,"recent findings recent, cell multi omics, complex microbial, crispr cas based",0.0
339,"related morbidity, stage diagnosis, combination strategies, clinical intervention",0.39130434782608686
339,"role intercellular communication, testicular torsion, nanoparticle tracking analysis, mir 21 5p",0.0
339,"therapeutic strategies including, exosomes emerging, epigenetic modulation, solid cancers",0.0782608695652174
339,"transgene expression, metabolite production, study illustrates, precise genome",0.05217391304347826
339,"web science core, mean sd age, research hotspots, 28 day mortality",0.0
340,"bla ctx, spectrum lactamase esbl, sequence types sts, coli isolates",0.0
340,"details use execution, myosin motors, nascent chain, origin life",0.2608695652173913
340,"editorial emerging, author correction, g2 phase, model pd",0.01956521739130435
340,"fetal liver, stalled replication forks, pulmonary vascular, chromatin state",0.04130434782608696
340,"recent findings recent, cell multi omics, complex microbial, crispr cas based",0.0
340,"related morbidity, stage diagnosis, combination strategies, clinical intervention",0.5304347826086956
340,"role intercellular communication, testicular torsion, nanoparticle tracking analysis, mir 21 5p",0.0
340,"therapeutic strategies including, exosomes emerging, epigenetic modulation, solid cancers",0.08043478260869565
340,"transgene expression, metabolite production, study illustrates, precise genome",0.06739130434782607
340,"web science core, mean sd age, research hotspots, 28 day mortality",0.0
341,"bla ctx, spectrum lactamase esbl, sequence types sts, coli isolates",0.0
341,"details use execution, myosin motors, nascent chain, origin life",0.4782608695652174
341,"editorial emerging, author correction, g2 phase, model pd",0.0
341,"fetal liver, stalled replication forks, pulmonary vascular, chromatin state",0.06956521739130435
341,"recent findings recent, cell multi omics, complex microbial, crispr cas based",0.0
341,"related morbidity, stage diagnosis, combination strategies, clinical intervention",0.3760869565217391
341,"role intercellular communication, testicular torsion, nanoparticle tracking analysis, mir 21 5p",0.0
341,"therapeutic strategies including, exosomes emerging, epigenetic modulation, solid cancers",0.021739130434782608
341,"transgene expression, metabolite production, study illustrates, precise genome",0.054347826086956534
341,"web science core, mean sd age, research hotspots, 28 day mortality",0.0
342,"bla ctx, spectrum lactamase esbl, sequence types sts, coli isolates",0.0
342,"details use execution, myosin motors, nascent chain, origin life",0.391304347826087
342,"editorial emerging, author correction, g2 phase, model pd",0.0
342,"fetal liver, stalled replication forks, pulmonary vascular, chromatin state",0.0391304347826087
342,"recent findings recent, cell multi omics, complex microbial, crispr cas based",0.0
342,"related morbidity, stage diagnosis, combination strategies, clinical intervention",0.4826086956521739
342,"role intercellular communication, testicular torsion, nanoparticle tracking analysis, mir 21 5p",0.0
342,"therapeutic strategies including, exosomes emerging, epigenetic modulation, solid cancers",0.04565217391304348
342,"transgene expression, metabolite production, study illustrates, precise genome",0.04130434782608696
342,"web science core, mean sd age, research hotspots, 28 day mortality",0.0
343,"bla ctx, spectrum lactamase esbl, sequence types sts, coli isolates",0.0
343,"details use execution, myosin motors, nascent chain, origin life",0.34782608695652173
343,"editorial emerging, author correction, g2 phase, model pd",0.01956521739130435
343,"fetal liver, stalled replication forks, pulmonary vascular, chromatin state",0.06521739130434784
343,"recent findings recent, cell multi omics, complex microbial, crispr cas based",0.0
343,"related morbidity, stage diagnosis, combination strategies, clinical intervention",0.40217391304347816
343,"role intercellular communication, testicular torsion, nanoparticle tracking analysis, mir 21 5p",0.0
343,"therapeutic strategies including, exosomes emerging, epigenetic modulation, solid cancers",0.10217391304347827
343,"transgene expression, metabolite production, study illustrates, precise genome",0.06304347826086958
343,"web science core, mean sd age, research hotspots, 28 day mortality",0.0
344,"bla ctx, spectrum lactamase esbl, sequence types sts, coli isolates",0.0
344,"details use execution, myosin motors, nascent chain, origin life",0.4782608695652174
344,"editorial emerging, author correction, g2 phase, model pd",0.0
344,"fetal liver, stalled replication forks, pulmonary vascular, chromatin state",0.08043478260869565
344,"recent findings recent, cell multi omics, complex microbial, crispr cas based",0.0
344,"related morbidity, stage diagnosis, combination strategies, clinical intervention",0.3456521739130435
344,"role intercellular communication, testicular torsion, nanoparticle tracking analysis, mir 21 5p",0.0
344,"therapeutic strategies including, exosomes emerging, epigenetic modulation, solid cancers",0.043478260869565216
344,"transgene expression, metabolite production, study illustrates, precise genome",0.05217391304347827
344,"web science core, mean sd age, research hotspots, 28 day mortality",0.0
345,"bla ctx, spectrum lactamase esbl, sequence types sts, coli isolates",0.0
345,"details use execution, myosin motors, nascent chain, origin life",0.391304347826087
345,"editorial emerging, author correction, g2 phase, model pd",0.0
345,"fetal liver, stalled replication forks, pulmonary vascular, chromatin state",0.07173913043478261
345,"recent findings recent, cell multi omics, complex microbial, crispr cas based",0.0
345,"related morbidity, stage diagnosis, combination strategies, clinical intervention",0.4347826086956523
345,"role intercellular communication, testicular torsion, nanoparticle tracking analysis, mir 21 5p",0.0
345,"therapeutic strategies including, exosomes emerging, epigenetic modulation, solid cancers",0.05217391304347827
345,"transgene expression, metabolite production, study illustrates, precise genome",0.05
345,"web science core, mean sd age, research hotspots, 28 day mortality",0.0
346,"bla ctx, spectrum lactamase esbl, sequence types sts, coli isolates",0.0
346,"details use execution, myosin motors, nascent chain, origin life",0.391304347826087
346,"editorial emerging, author correction, g2 phase, model pd",0.01956521739130435
346,"fetal liver, stalled replication forks, pulmonary vascular, chromatin state",0.017391304347826087
346,"recent findings recent, cell multi omics, complex microbial, crispr cas based",0.0
346,"related morbidity, stage diagnosis, combination strategies, clinical intervention",0.5043478260869564
346,"role intercellular communication, testicular torsion, nanoparticle tracking analysis, mir 21 5p",0.0
346,"therapeutic strategies including, exosomes emerging, epigenetic modulation, solid cancers",0.03695652173913044
346,"transgene expression, metabolite production, study illustrates, precise genome",0.030434782608695653
346,"web science core, mean sd age, research hotspots, 28 day mortality",0.0
347,"bla ctx, spectrum lactamase esbl, sequence types sts, coli isolates",0.0
347,"details use execution, myosin motors, nascent chain, origin life",0.21739130434782608
347,"editorial emerging, author correction, g2 phase, model pd",0.01956521739130435
347,"fetal liver, stalled replication forks, pulmonary vascular, chromatin state",0.07608695652173914
347,"recent findings recent, cell multi omics, complex microbial, crispr cas based",0.0
347,"related morbidity, stage diagnosis, combination strategies, clinical intervention",0.5521739130434782
347,"role intercellular communication, testicular torsion, nanoparticle tracking analysis, mir 21 5p",0.0
347,"therapeutic strategies including, exosomes emerging, epigenetic modulation, solid cancers",0.0782608695652174
347,"transgene expression, metabolite production, study illustrates, precise genome",0.056521739130434796
347,"web science core, mean sd age, research hotspots, 28 day mortality",0.0
348,"bla ctx, spectrum lactamase esbl, sequence types sts, coli isolates",0.0
348,"details use execution, myosin motors, nascent chain, origin life",0.21739130434782608
348,"editorial emerging, author correction, g2 phase, model pd",0.002173913043478261
348,"fetal liver, stalled replication forks, pulmonary vascular, chromatin state",0.10217391304347828
348,"recent findings recent, cell multi omics, complex microbial, crispr cas based",0.0
348,"related morbidity, stage diagnosis, combination strategies, clinical intervention",0.567391304347826
348,"role intercellular communication, testicular torsion, nanoparticle tracking analysis, mir 21 5p",0.0
348,"therapeutic strategies including, exosomes emerging, epigenetic modulation, solid cancers",0.04130434782608696
348,"transgene expression, metabolite production, study illustrates, precise genome",0.06956521739130436
348,"web science core, mean sd age, research hotspots, 28 day mortality",0.0
349,"bla ctx, spectrum lactamase esbl, sequence types sts, coli isolates",0.0
349,"details use execution, myosin motors, nascent chain, origin life",0.43478260869565216
349,"editorial emerging, author correction, g2 phase, model pd",0.0
349,"fetal liver, stalled replication forks, pulmonary vascular, chromatin state",0.03043478260869565
349,"recent findings recent, cell multi omics, complex microbial, crispr cas based",0.0
349,"related morbidity, stage diagnosis, combination strategies, clinical intervention",0.4478260869565217
349,"role intercellular communication, testicular torsion, nanoparticle tracking analysis, mir 21 5p",0.0
349,"therapeutic strategies including, exosomes emerging, epigenetic modulation, solid cancers",0.05434782608695652
349,"transgene expression, metabolite production, study illustrates, precise genome",0.03260869565217391
349,"web science core, mean sd age, research hotspots, 28 day mortality",0.0
350,"bla ctx, spectrum lactamase esbl, sequence types sts, coli isolates",0.0
350,"details use execution, myosin motors, nascent chain, origin life",0.2608695652173913
350,"editorial emerging, author correction, g2 phase, model pd",0.0
350,"fetal liver, stalled replication forks, pulmonary vascular, chromatin state",0.058695652173913045
350,"recent findings recent, cell multi omics, complex microbial, crispr cas based",0.0
350,"related morbidity, stage diagnosis, combination strategies, clinical intervention",0.5565217391304347
350,"role intercellular communication, testicular torsion, nanoparticle tracking analysis, mir 21 5p",0.0
350,"therapeutic strategies including, exosomes emerging, epigenetic modulation, solid cancers",0.08043478260869566
350,"transgene expression, metabolite production, study illustrates, precise genome",0.043478260869565216
350,"web science core, mean sd age, research hotspots, 28 day mortality",0.0
351,"bla ctx, spectrum lactamase esbl, sequence types sts, coli isolates",0.0
351,"details use execution, myosin motors, nascent chain, origin life",0.391304347826087
351,"editorial emerging, author correction, g2 phase, model pd",0.01956521739130435
351,"fetal liver, stalled replication forks, pulmonary vascular, chromatin state",0.08695652173913046
351,"recent findings recent, cell multi omics, complex microbial, crispr cas based",0.0
351,"related morbidity, stage diagnosis, combination strategies, clinical intervention",0.43043478260869567
351,"role intercellular communication, testicular torsion, nanoparticle tracking analysis, mir 21 5p",0.0
351,"therapeutic strategies including, exosomes emerging, epigenetic modulation, solid cancers",0.008695652173913044
351,"transgene expression, metabolite production, study illustrates, precise genome",0.06304347826086956
351,"web science core, mean sd age, research hotspots, 28 day mortality",0.0
352,"bla ctx, spectrum lactamase esbl, sequence types sts, coli isolates",0.0
352,"details use execution, myosin motors, nascent chain, origin life",0.30434782608695654
352,"editorial emerging, author correction, g2 phase, model pd",0.002173913043478261
352,"fetal liver, stalled replication forks, pulmonary vascular, chromatin state",0.08043478260869566
352,"recent findings recent, cell multi omics, complex microbial, crispr cas based",0.0
352,"related morbidity, stage diagnosis, combination strategies, clinical intervention",0.5434782608695652
352,"role intercellular communication, testicular torsion, nanoparticle tracking analysis, mir 21 5p",0.0
352,"therapeutic strategies including, exosomes emerging, epigenetic modulation, solid cancers",0.02391304347826087
352,"transgene expression, metabolite production, study illustrates, precise genome",0.04565217391304348
352,"web science core, mean sd age, research hotspots, 28 day mortality",0.0
353,"bla ctx, spectrum lactamase esbl, sequence types sts, coli isolates",0.0
353,"details use execution, myosin motors, nascent chain, origin life",0.2608695652173913
353,"editorial emerging, author correction, g2 phase, model pd",0.002173913043478261
353,"fetal liver, stalled replication forks, pulmonary vascular, chromatin state",0.0391304347826087
353,"recent findings recent, cell multi omics, complex microbial, crispr cas based",0.0
353,"related morbidity, stage diagnosis, combination strategies, clinical intervention",0.5478260869565217
353,"role intercellular communication, testicular torsion, nanoparticle tracking analysis, mir 21 5p",0.0
353,"therapeutic strategies including, exosomes emerging, epigenetic modulation, solid cancers",0.11521739130434783
353,"transgene expression, metabolite production, study illustrates, precise genome",0.03478260869565218
353,"web science core, mean sd age, research hotspots, 28 day mortality",0.0
354,"bla ctx, spectrum lactamase esbl, sequence types sts, coli isolates",0.0
354,"details use execution, myosin motors, nascent chain, origin life",0.17391304347826086
354,"editorial emerging, author correction, g2 phase, model pd",0.021739130434782608
354,"fetal liver, stalled replication forks, pulmonary vascular, chromatin state",0.09130434782608696
354,"recent findings recent, cell multi omics, complex microbial, crispr cas based",0.0
354,"related morbidity, stage diagnosis, combination strategies, clinical intervention",0.5695652173913044
354,"role intercellular communication, testicular torsion, nanoparticle tracking analysis, mir 21 5p",0.0
354,"therapeutic strategies including, exosomes emerging, epigenetic modulation, solid cancers",0.05652173913043478
354,"transgene expression, metabolite production, study illustrates, precise genome",0.08695652173913043
354,"web science core, mean sd age, research hotspots, 28 day mortality",0.0
355,"bla ctx, spectrum lactamase esbl, sequence types sts, coli isolates",0.0
355,"details use execution, myosin motors, nascent chain, origin life",0.391304347826087
355,"editorial emerging, author correction, g2 phase, model pd",0.0
355,"fetal liver, stalled replication forks, pulmonary vascular, chromatin state",0.03695652173913044
355,"recent findings recent, cell multi omics, complex microbial, crispr cas based",0.0
355,"related morbidity, stage diagnosis, combination strategies, clinical intervention",0.4717391304347826
355,"role intercellular communication, testicular torsion, nanoparticle tracking analysis, mir 21 5p",0.0
355,"therapeutic strategies including, exosomes emerging, epigenetic modulation, solid cancers",0.08260869565217392
355,"transgene expression, metabolite production, study illustrates, precise genome",0.017391304347826087
355,"web science core, mean sd age, research hotspots, 28 day mortality",0.0
356,"bla ctx, spectrum lactamase esbl, sequence types sts, coli isolates",0.0
356,"details use execution, myosin motors, nascent chain, origin life",0.2608695652173913
356,"editorial emerging, author correction, g2 phase, model pd",0.002173913043478261
356,"fetal liver, stalled replication forks, pulmonary vascular, chromatin state",0.10217391304347827
356,"recent findings recent, cell multi omics, complex microbial, crispr cas based",0.0
356,"related morbidity, stage diagnosis, combination strategies, clinical intervention",0.5413043478260869
356,"role intercellular communication, testicular torsion, nanoparticle tracking analysis, mir 21 5p",0.0
356,"therapeutic strategies including, exosomes emerging, epigenetic modulation, solid cancers",0.0391304347826087
356,"transgene expression, metabolite production, study illustrates, precise genome",0.054347826086956534
356,"web science core, mean sd age, research hotspots, 28 day mortality",0.0
357,"bla ctx, spectrum lactamase esbl, sequence types sts, coli isolates",0.0
357,"details use execution, myosin motors, nascent chain, origin life",0.21739130434782608
357,"editorial emerging, author correction, g2 phase, model pd",0.021739130434782608
357,"fetal liver, stalled replication forks, pulmonary vascular, chromatin state",0.04565217391304348
357,"recent findings recent, cell multi omics, complex microbial, crispr cas based",0.0
357,"related morbidity, stage diagnosis, combination strategies, clinical intervention",0.5956521739130435
357,"role intercellular communication, testicular torsion, nanoparticle tracking analysis, mir 21 5p",0.0
357,"therapeutic strategies including, exosomes emerging, epigenetic modulation, solid cancers",0.0608695652173913
357,"transgene expression, metabolite production, study illustrates, precise genome",0.05869565217391304
357,"web science core, mean sd age, research hotspots, 28 day mortality",0.0
358,"bla ctx, spectrum lactamase esbl, sequence types sts, coli isolates",0.0
358,"details use execution, myosin motors, nascent chain, origin life",0.34782608695652173
358,"editorial emerging, author correction, g2 phase, model pd",0.0
358,"fetal liver, stalled replication forks, pulmonary vascular, chromatin state",0.043478260869565216
358,"recent findings recent, cell multi omics, complex microbial, crispr cas based",0.0
358,"related morbidity, stage diagnosis, combination strategies, clinical intervention",0.5413043478260869
358,"role intercellular communication, testicular torsion, nanoparticle tracking analysis, mir 21 5p",0.0
358,"therapeutic strategies including, exosomes emerging, epigenetic modulation, solid cancers",0.041304347826086954
358,"transgene expression, metabolite production, study illustrates, precise genome",0.02608695652173913
358,"web science core, mean sd age, research hotspots, 28 day mortality",0.0
359,"bla ctx, spectrum lactamase esbl, sequence types sts, coli isolates",0.0
359,"details use execution, myosin motors, nascent chain, origin life",0.43478260869565216
359,"editorial emerging, author correction, g2 phase, model pd",0.002173913043478261
359,"fetal liver, stalled replication forks, pulmonary vascular, chromatin state",0.0891304347826087
359,"recent findings recent, cell multi omics, complex microbial, crispr cas based",0.0
359,"related morbidity, stage diagnosis, combination strategies, clinical intervention",0.3695652173913043
359,"role intercellular communication, testicular torsion, nanoparticle tracking analysis, mir 21 5p",0.0
359,"therapeutic strategies including, exosomes emerging, epigenetic modulation, solid cancers",0.03260869565217391
359,"transgene expression, metabolite production, study illustrates, precise genome",0.07173913043478261
359,"web science core, mean sd age, research hotspots, 28 day mortality",0.0
360,"bla ctx, spectrum lactamase esbl, sequence types sts, coli isolates",0.0
360,"details use execution, myosin motors, nascent chain, origin life",0.43478260869565216
360,"editorial emerging, author correction, g2 phase, model pd",0.01956521739130435
360,"fetal liver, stalled replication forks, pulmonary vascular, chromatin state",0.010869565217391304
360,"recent findings recent, cell multi omics, complex microbial, crispr cas based",0.0
360,"related morbidity, stage diagnosis, combination strategies, clinical intervention",0.46739130434782616
360,"role intercellular communication, testicular torsion, nanoparticle tracking analysis, mir 21 5p",0.0
360,"therapeutic strategies including, exosomes emerging, epigenetic modulation, solid cancers",0.03695652173913044
360,"transgene expression, metabolite production, study illustrates, precise genome",0.03043478260869565
360,"web science core, mean sd age, research hotspots, 28 day mortality",0.0
361,"bla ctx, spectrum lactamase esbl, sequence types sts, coli isolates",0.0
361,"details use execution, myosin motors, nascent chain, origin life",0.30434782608695654
361,"editorial emerging, author correction, g2 phase, model pd",0.0
361,"fetal liver, stalled replication forks, pulmonary vascular, chromatin state",0.08260869565217392
361,"recent findings recent, cell multi omics, complex microbial, crispr cas based",0.0
361,"related morbidity, stage diagnosis, combination strategies, clinical intervention",0.5217391304347825
361,"role intercellular communication, testicular torsion, nanoparticle tracking analysis, mir 21 5p",0.0
361,"therapeutic strategies including, exosomes emerging, epigenetic modulation, solid cancers",0.02608695652173913
361,"transgene expression, metabolite production, study illustrates, precise genome",0.06521739130434784
361,"web science core, mean sd age, research hotspots, 28 day mortality",0.0
362,"bla ctx, spectrum lactamase esbl, sequence types sts, coli isolates",0.0
362,"details use execution, myosin motors, nascent chain, origin life",0.43478260869565216
362,"editorial emerging, author correction, g2 phase, model pd",0.0
362,"fetal liver, stalled replication forks, pulmonary vascular, chromatin state",0.04565217391304348
362,"recent findings recent, cell multi omics, complex microbial, crispr cas based",0.0
362,"related morbidity, stage diagnosis, combination strategies, clinical intervention",0.38043478260869573
362,"role intercellular communication, testicular torsion, nanoparticle tracking analysis, mir 21 5p",0.0
362,"therapeutic strategies including, exosomes emerging, epigenetic modulation, solid cancers",0.0891304347826087
362,"transgene expression, metabolite production, study illustrates, precise genome",0.05
362,"web science core, mean sd age, research hotspots, 28 day mortality",0.0
363,"bla ctx, spectrum lactamase esbl, sequence types sts, coli isolates",0.0
363,"details use execution, myosin motors, nascent chain, origin life",0.30434782608695654
363,"editorial emerging, author correction, g2 phase, model pd",0.002173913043478261
363,"fetal liver, stalled replication forks, pulmonary vascular, chromatin state",0.04782608695652174
363,"recent findings recent, cell multi omics, complex microbial, crispr cas based",0.0
363,"related morbidity, stage diagnosis, combination strategies, clinical intervention",0.5413043478260869
363,"role intercellular communication, testicular torsion, nanoparticle tracking analysis, mir 21 5p",0.0
363,"therapeutic strategies including, exosomes emerging, epigenetic modulation, solid cancers",0.043478260869565216
363,"transgene expression, metabolite production, study illustrates, precise genome",0.06086956521739131
363,"web science core, mean sd age, research hotspots, 28 day mortality",0.0
364,"bla ctx, spectrum lactamase esbl, sequence types sts, coli isolates",0.0
364,"details use execution, myosin motors, nascent chain, origin life",0.43478260869565216
364,"editorial emerging, author correction, g2 phase, model pd",0.0
364,"fetal liver, stalled replication forks, pulmonary vascular, chromatin state",0.05
364,"recent findings recent, cell multi omics, complex microbial, crispr cas based",0.0
364,"related morbidity, stage diagnosis, combination strategies, clinical intervention",0.4043478260869566
364,"role intercellular communication, testicular torsion, nanoparticle tracking analysis, mir 21 5p",0.0
364,"therapeutic strategies including, exosomes emerging, epigenetic modulation, solid cancers",0.06739130434782609
364,"transgene expression, metabolite production, study illustrates, precise genome",0.043478260869565216
364,"web science core, mean sd age, research hotspots, 28 day mortality",0.0
365,"bla ctx, spectrum lactamase esbl, sequence types sts, coli isolates",0.0
365,"details use execution, myosin motors, nascent chain, origin life",0.34782608695652173
365,"editorial emerging, author correction, g2 phase, model pd",0.002173913043478261
365,"fetal liver, stalled replication forks, pulmonary vascular, chromatin state",0.0782608695652174
365,"recent findings recent, cell multi omics, complex microbial, crispr cas based",0.0
365,"related morbidity, stage diagnosis, combination strategies, clinical intervention",0.45652173913043476
365,"role intercellular communication, testicular torsion, nanoparticle tracking analysis, mir 21 5p",0.0
365,"therapeutic strategies including, exosomes emerging, epigenetic modulation, solid cancers",0.07608695652173914
365,"transgene expression, metabolite production, study illustrates, precise genome",0.0391304347826087
365,"web science core, mean sd age, research hotspots, 28 day mortality",0.0
366,"bla ctx, spectrum lactamase esbl, sequence types sts, coli isolates",0.0
366,"details use execution, myosin motors, nascent chain, origin life",0.30434782608695654
366,"editorial emerging, author correction, g2 phase, model pd",0.01956521739130435
366,"fetal liver, stalled replication forks, pulmonary vascular, chromatin state",0.08478260869565217
366,"recent findings recent, cell multi omics, complex microbial, crispr cas based",0.0
366,"related morbidity, stage diagnosis, combination strategies, clinical intervention",0.47391304347826096
366,"role intercellular communication, testicular torsion, nanoparticle tracking analysis, mir 21 5p",0.0
366,"therapeutic strategies including, exosomes emerging, epigenetic modulation, solid cancers",0.043478260869565216
366,"transgene expression, metabolite production, study illustrates, precise genome",0.07391304347826087
366,"web science core, mean sd age, research hotspots, 28 day mortality",0.0
367,"bla ctx, spectrum lactamase esbl, sequence types sts, coli isolates",0.0
367,"details use execution, myosin motors, nascent chain, origin life",0.2608695652173913
367,"editorial emerging, author correction, g2 phase, model pd",0.021739130434782608
367,"fetal liver, stalled replication forks, pulmonary vascular, chromatin state",0.06956521739130435
367,"recent findings recent, cell multi omics, complex microbial, crispr cas based",0.0
367,"related morbidity, stage diagnosis, combination strategies, clinical intervention",0.5695652173913043
367,"role intercellular communication, testicular torsion, nanoparticle tracking analysis, mir 21 5p",0.0
367,"therapeutic strategies including, exosomes emerging, epigenetic modulation, solid cancers",0.02391304347826087
367,"transgene expression, metabolite production, study illustrates, precise genome",0.054347826086956534
367,"web science core, mean sd age, research hotspots, 28 day mortality",0.0
368,"bla ctx, spectrum lactamase esbl, sequence types sts, coli isolates",0.0
368,"details use execution, myosin motors, nascent chain, origin life",0.17391304347826086
368,"editorial emerging, author correction, g2 phase, model pd",0.021739130434782608
368,"fetal liver, stalled replication forks, pulmonary vascular, chromatin state",0.05869565217391304
368,"recent findings recent, cell multi omics, complex microbial, crispr cas based",0.0
368,"related morbidity, stage diagnosis, combination strategies, clinical intervention",0.6304347826086956
368,"role intercellular communication, testicular torsion, nanoparticle tracking analysis, mir 21 5p",0.0
368,"therapeutic strategies including, exosomes emerging, epigenetic modulation, solid cancers",0.03043478260869565
368,"transgene expression, metabolite production, study illustrates, precise genome",0.0847826086956522
368,"web science core, mean sd age, research hotspots, 28 day mortality",0.0
369,"bla ctx, spectrum lactamase esbl, sequence types sts, coli isolates",0.0
369,"details use execution, myosin motors, nascent chain, origin life",0.17391304347826086
369,"editorial emerging, author correction, g2 phase, model pd",0.01956521739130435
369,"fetal liver, stalled replication forks, pulmonary vascular, chromatin state",0.10869565217391304
369,"recent findings recent, cell multi omics, complex microbial, crispr cas based",0.0
369,"related morbidity, stage diagnosis, combination strategies, clinical intervention",0.5521739130434782
369,"role intercellular communication, testicular torsion, nanoparticle tracking analysis, mir 21 5p",0.0
369,"therapeutic strategies including, exosomes emerging, epigenetic modulation, solid cancers",0.049999999999999996
369,"transgene expression, metabolite production, study illustrates, precise genome",0.09565217391304348
369,"web science core, mean sd age, research hotspots, 28 day mortality",0.0
370,"bla ctx, spectrum lactamase esbl, sequence types sts, coli isolates",0.0
370,"details use execution, myosin motors, nascent chain, origin life",0.43478260869565216
370,"editorial emerging, author correction, g2 phase, model pd",0.002173913043478261
370,"fetal liver, stalled replication forks, pulmonary vascular, chromatin state",0.07173913043478261
370,"recent findings recent, cell multi omics, complex microbial, crispr cas based",0.0
370,"related morbidity, stage diagnosis, combination strategies, clinical intervention",0.4195652173913043
370,"role intercellular communication, testicular torsion, nanoparticle tracking analysis, mir 21 5p",0.0
370,"therapeutic strategies including, exosomes emerging, epigenetic modulation, solid cancers",0.041304347826086954
370,"transgene expression, metabolite production, study illustrates, precise genome",0.030434782608695653
370,"web science core, mean sd age, research hotspots, 28 day mortality",0.0
371,"bla ctx, spectrum lactamase esbl, sequence types sts, coli isolates",0.0
371,"details use execution, myosin motors, nascent chain, origin life",0.2608695652173913
371,"editorial emerging, author correction, g2 phase, model pd",0.01956521739130435
371,"fetal liver, stalled replication forks, pulmonary vascular, chromatin state",0.06304347826086958
371,"recent findings recent, cell multi omics, complex microbial, crispr cas based",0.0
371,"related morbidity, stage diagnosis, combination strategies, clinical intervention",0.5369565217391304
371,"role intercellular communication, testicular torsion, nanoparticle tracking analysis, mir 21 5p",0.0
371,"therapeutic strategies including, exosomes emerging, epigenetic modulation, solid cancers",0.07608695652173914
371,"transgene expression, metabolite production, study illustrates, precise genome",0.043478260869565216
371,"web science core, mean sd age, research hotspots, 28 day mortality",0.0
372,"bla ctx, spectrum lactamase esbl, sequence types sts, coli isolates",0.0
372,"details use execution, myosin motors, nascent chain, origin life",0.30434782608695654
372,"editorial emerging, author correction, g2 phase, model pd",0.0
372,"fetal liver, stalled replication forks, pulmonary vascular, chromatin state",0.034782608695652174
372,"recent findings recent, cell multi omics, complex microbial, crispr cas based",0.0
372,"related morbidity, stage diagnosis, combination strategies, clinical intervention",0.5847826086956521
372,"role intercellular communication, testicular torsion, nanoparticle tracking analysis, mir 21 5p",0.0
372,"therapeutic strategies including, exosomes emerging, epigenetic modulation, solid cancers",0.04782608695652174
372,"transgene expression, metabolite production, study illustrates, precise genome",0.02826086956521739
372,"web science core, mean sd age, research hotspots, 28 day mortality",0.0
373,"bla ctx, spectrum lactamase esbl, sequence types sts, coli isolates",0.0
373,"details use execution, myosin motors, nascent chain, origin life",0.5217391304347826
373,"editorial emerging, author correction, g2 phase, model pd",0.0
373,"fetal liver, stalled replication forks, pulmonary vascular, chromatin state",0.02391304347826087
373,"recent findings recent, cell multi omics, complex microbial, crispr cas based",0.0
373,"related morbidity, stage diagnosis, combination strategies, clinical intervention",0.40869565217391307
373,"role intercellular communication, testicular torsion, nanoparticle tracking analysis, mir 21 5p",0.0
373,"therapeutic strategies including, exosomes emerging, epigenetic modulation, solid cancers",0.02391304347826087
373,"transgene expression, metabolite production, study illustrates, precise genome",0.021739130434782608
373,"web science core, mean sd age, research hotspots, 28 day mortality",0.0
374,"bla ctx, spectrum lactamase esbl, sequence types sts, coli isolates",0.0
374,"details use execution, myosin motors, nascent chain, origin life",0.21739130434782608
374,"editorial emerging, author correction, g2 phase, model pd",0.01956521739130435
374,"fetal liver, stalled replication forks, pulmonary vascular, chromatin state",0.06521739130434784
374,"recent findings recent, cell multi omics, complex microbial, crispr cas based",0.0
374,"related morbidity, stage diagnosis, combination strategies, clinical intervention",0.5630434782608694
374,"role intercellular communication, testicular torsion, nanoparticle tracking analysis, mir 21 5p",0.0
374,"therapeutic strategies including, exosomes emerging, epigenetic modulation, solid cancers",0.06304347826086956
374,"transgene expression, metabolite production, study illustrates, precise genome",0.07173913043478262
374,"web science core, mean sd age, research hotspots, 28 day mortality",0.0
375,"bla ctx, spectrum lactamase esbl, sequence types sts, coli isolates",0.0
375,"details use execution, myosin motors, nascent chain, origin life",0.30434782608695654
375,"editorial emerging, author correction, g2 phase, model pd",0.01956521739130435
375,"fetal liver, stalled replication forks, pulmonary vascular, chromatin state",0.08913043478260871
375,"recent findings recent, cell multi omics, complex microbial, crispr cas based",0.0
375,"related morbidity, stage diagnosis, combination strategies, clinical intervention",0.4739130434782609
375,"role intercellular communication, testicular torsion, nanoparticle tracking analysis, mir 21 5p",0.0
375,"therapeutic strategies including, exosomes emerging, epigenetic modulation, solid cancers",0.04565217391304348
375,"transgene expression, metabolite production, study illustrates, precise genome",0.0673913043478261
375,"web science core, mean sd age, research hotspots, 28 day mortality",0.0
376,"bla ctx, spectrum lactamase esbl, sequence types sts, coli isolates",0.0
376,"details use execution, myosin motors, nascent chain, origin life",0.34782608695652173
376,"editorial emerging, author correction, g2 phase, model pd",0.01956521739130435
376,"fetal liver, stalled replication forks, pulmonary vascular, chromatin state",0.05434782608695652
376,"recent findings recent, cell multi omics, complex microbial, crispr cas based",0.0
376,"related morbidity, stage diagnosis, combination strategies, clinical intervention",0.45000000000000007
376,"role intercellular communication, testicular torsion, nanoparticle tracking analysis, mir 21 5p",0.0
376,"therapeutic strategies including, exosomes emerging, epigenetic modulation, solid cancers",0.058695652173913045
376,"transgene expression, metabolite production, study illustrates, precise genome",0.06956521739130435
376,"web science core, mean sd age, research hotspots, 28 day mortality",0.0
377,"bla ctx, spectrum lactamase esbl, sequence types sts, coli isolates",0.0
377,"details use execution, myosin motors, nascent chain, origin life",0.391304347826087
377,"editorial emerging, author correction, g2 phase, model pd",0.01956521739130435
377,"fetal liver, stalled replication forks, pulmonary vascular, chromatin state",0.09782608695652174
377,"recent findings recent, cell multi omics, complex microbial, crispr cas based",0.0
377,"related morbidity, stage diagnosis, combination strategies, clinical intervention",0.3869565217391305
377,"role intercellular communication, testicular torsion, nanoparticle tracking analysis, mir 21 5p",0.0
377,"therapeutic strategies including, exosomes emerging, epigenetic modulation, solid cancers",0.02391304347826087
377,"transgene expression, metabolite production, study illustrates, precise genome",0.08043478260869566
377,"web science core, mean sd age, research hotspots, 28 day mortality",0.0
378,"bla ctx, spectrum lactamase esbl, sequence types sts, coli isolates",0.0
378,"details use execution, myosin motors, nascent chain, origin life",0.5652173913043478
378,"editorial emerging, author correction, g2 phase, model pd",0.0
378,"fetal liver, stalled replication forks, pulmonary vascular, chromatin state",0.034782608695652174
378,"recent findings recent, cell multi omics, complex microbial, crispr cas based",0.0
378,"related morbidity, stage diagnosis, combination strategies, clinical intervention",0.36521739130434777
378,"role intercellular communication, testicular torsion, nanoparticle tracking analysis, mir 21 5p",0.0
378,"therapeutic strategies including, exosomes emerging, epigenetic modulation, solid cancers",0.008695652173913044
378,"transgene expression, metabolite production, study illustrates, precise genome",0.026086956521739136
378,"web science core, mean sd age, research hotspots, 28 day mortality",0.0
379,"bla ctx, spectrum lactamase esbl, sequence types sts, coli isolates",0.0
379,"details use execution, myosin motors, nascent chain, origin life",0.2608695652173913
379,"editorial emerging, author correction, g2 phase, model pd",0.01956521739130435
379,"fetal liver, stalled replication forks, pulmonary vascular, chromatin state",0.034782608695652174
379,"recent findings recent, cell multi omics, complex microbial, crispr cas based",0.0
379,"related morbidity, stage diagnosis, combination strategies, clinical intervention",0.5413043478260869
379,"role intercellular communication, testicular torsion, nanoparticle tracking analysis, mir 21 5p",0.0
379,"therapeutic strategies including, exosomes emerging, epigenetic modulation, solid cancers",0.08260869565217392
379,"transgene expression, metabolite production, study illustrates, precise genome",0.0608695652173913
379,"web science core, mean sd age, research hotspots, 28 day mortality",0.0
380,"bla ctx, spectrum lactamase esbl, sequence types sts, coli isolates",0.0
380,"details use execution, myosin motors, nascent chain, origin life",0.30434782608695654
380,"editorial emerging, author correction, g2 phase, model pd",0.0
380,"fetal liver, stalled replication forks, pulmonary vascular, chromatin state",0.05217391304347826
380,"recent findings recent, cell multi omics, complex microbial, crispr cas based",0.0
380,"related morbidity, stage diagnosis, combination strategies, clinical intervention",0.5347826086956521
380,"role intercellular communication, testicular torsion, nanoparticle tracking analysis, mir 21 5p",0.0
380,"therapeutic strategies including, exosomes emerging, epigenetic modulation, solid cancers",0.06521739130434782
380,"transgene expression, metabolite production, study illustrates, precise genome",0.043478260869565216
380,"web science core, mean sd age, research hotspots, 28 day mortality",0.0
381,"bla ctx, spectrum lactamase esbl, sequence types sts, coli isolates",0.0
381,"details use execution, myosin motors, nascent chain, origin life",0.2608695652173913
381,"editorial emerging, author correction, g2 phase, model pd",0.01956521739130435
381,"fetal liver, stalled replication forks, pulmonary vascular, chromatin state",0.10434782608695652
381,"recent findings recent, cell multi omics, complex microbial, crispr cas based",0.0
381,"related morbidity, stage diagnosis, combination strategies, clinical intervention",0.5043478260869565
381,"role intercellular communication, testicular torsion, nanoparticle tracking analysis, mir 21 5p",0.0
381,"therapeutic strategies including, exosomes emerging, epigenetic modulation, solid cancers",0.043478260869565216
381,"transgene expression, metabolite production, study illustrates, precise genome",0.06739130434782607
381,"web science core, mean sd age, research hotspots, 28 day mortality",0.0
382,"bla ctx, spectrum lactamase esbl, sequence types sts, coli isolates",0.0
382,"details use execution, myosin motors, nascent chain, origin life",0.5652173913043478
382,"editorial emerging, author correction, g2 phase, model pd",0.0
382,"fetal liver, stalled replication forks, pulmonary vascular, chromatin state",0.04565217391304348
382,"recent findings recent, cell multi omics, complex microbial, crispr cas based",0.0
382,"related morbidity, stage diagnosis, combination strategies, clinical intervention",0.33695652173913043
382,"role intercellular communication, testicular torsion, nanoparticle tracking analysis, mir 21 5p",0.0
382,"therapeutic strategies including, exosomes emerging, epigenetic modulation, solid cancers",0.013043478260869565
382,"transgene expression, metabolite production, study illustrates, precise genome",0.0391304347826087
382,"web science core, mean sd age, research hotspots, 28 day mortality",0.0
383,"bla ctx, spectrum lactamase esbl, sequence types sts, coli isolates",0.0
383,"details use execution, myosin motors, nascent chain, origin life",0.34782608695652173
383,"editorial emerging, author correction, g2 phase, model pd",0.002173913043478261
383,"fetal liver, stalled replication forks, pulmonary vascular, chromatin state",0.07608695652173914
383,"recent findings recent, cell multi omics, complex microbial, crispr cas based",0.0
383,"related morbidity, stage diagnosis, combination strategies, clinical intervention",0.43913043478260866
383,"role intercellular communication, testicular torsion, nanoparticle tracking analysis, mir 21 5p",0.0
383,"therapeutic strategies including, exosomes emerging, epigenetic modulation, solid cancers",0.08478260869565217
383,"transgene expression, metabolite production, study illustrates, precise genome",0.05
383,"web science core, mean sd age, research hotspots, 28 day mortality",0.0
384,"bla ctx, spectrum lactamase esbl, sequence types sts, coli isolates",0.0
384,"details use execution, myosin motors, nascent chain, origin life",0.30434782608695654
384,"editorial emerging, author correction, g2 phase, model pd",0.0
384,"fetal liver, stalled replication forks, pulmonary vascular, chromatin state",0.08478260869565217
384,"recent findings recent, cell multi omics, complex microbial, crispr cas based",0.0
384,"related morbidity, stage diagnosis, combination strategies, clinical intervention",0.4804347826086956
384,"role intercellular communication, testicular torsion, nanoparticle tracking analysis, mir 21 5p",0.0
384,"therapeutic strategies including, exosomes emerging, epigenetic modulation, solid cancers",0.06086956521739131
384,"transgene expression, metabolite production, study illustrates, precise genome",0.06956521739130435
384,"web science core, mean sd age, research hotspots, 28 day mortality",0.0
385,"bla ctx, spectrum lactamase esbl, sequence types sts, coli isolates",0.0
385,"details use execution, myosin motors, nascent chain, origin life",0.2608695652173913
385,"editorial emerging, author correction, g2 phase, model pd",0.002173913043478261
385,"fetal liver, stalled replication forks, pulmonary vascular, chromatin state",0.05
385,"recent findings recent, cell multi omics, complex microbial, crispr cas based",0.0
385,"related morbidity, stage diagnosis, combination strategies, clinical intervention",0.6173913043478262
385,"role intercellular communication, testicular torsion, nanoparticle tracking analysis, mir 21 5p",0.0
385,"therapeutic strategies including, exosomes emerging, epigenetic modulation, solid cancers",0.02608695652173913
385,"transgene expression, metabolite production, study illustrates, precise genome",0.043478260869565216
385,"web science core, mean sd age, research hotspots, 28 day mortality",0.0
386,"bla ctx, spectrum lactamase esbl, sequence types sts, coli isolates",0.0
386,"details use execution, myosin motors, nascent chain, origin life",0.30434782608695654
386,"editorial emerging, author correction, g2 phase, model pd",0.002173913043478261
386,"fetal liver, stalled replication forks, pulmonary vascular, chromatin state",0.1043478260869565
386,"recent findings recent, cell multi omics, complex microbial, crispr cas based",0.0
386,"related morbidity, stage diagnosis, combination strategies, clinical intervention",0.5260869565217391
386,"role intercellular communication, testicular torsion, nanoparticle tracking analysis, mir 21 5p",0.0
386,"therapeutic strategies including, exosomes emerging, epigenetic modulation, solid cancers",0.017391304347826087
386,"transgene expression, metabolite production, study illustrates, precise genome",0.04565217391304348
386,"web science core, mean sd age, research hotspots, 28 day mortality",0.0
387,"bla ctx, spectrum lactamase esbl, sequence types sts, coli isolates",0.0
387,"details use execution, myosin motors, nascent chain, origin life",0.43478260869565216
387,"editorial emerging, author correction, g2 phase, model pd",0.01956521739130435
387,"fetal liver, stalled replication forks, pulmonary vascular, chromatin state",0.06304347826086958
387,"recent findings recent, cell multi omics, complex microbial, crispr cas based",0.0
387,"related morbidity, stage diagnosis, combination strategies, clinical intervention",0.38695652173913037
387,"role intercellular communication, testicular torsion, nanoparticle tracking analysis, mir 21 5p",0.0
387,"therapeutic strategies including, exosomes emerging, epigenetic modulation, solid cancers",0.04565217391304348
387,"transgene expression, metabolite production, study illustrates, precise genome",0.049999999999999996
387,"web science core, mean sd age, research hotspots, 28 day mortality",0.0
388,"bla ctx, spectrum lactamase esbl, sequence types sts, coli isolates",0.0
388,"details use execution, myosin motors, nascent chain, origin life",0.13043478260869565
388,"editorial emerging, author correction, g2 phase, model pd",0.002173913043478261
388,"fetal liver, stalled replication forks, pulmonary vascular, chromatin state",0.05434782608695652
388,"recent findings recent, cell multi omics, complex microbial, crispr cas based",0.0
388,"related morbidity, stage diagnosis, combination strategies, clinical intervention",0.6913043478260869
388,"role intercellular communication, testicular torsion, nanoparticle tracking analysis, mir 21 5p",0.0
388,"therapeutic strategies including, exosomes emerging, epigenetic modulation, solid cancers",0.08695652173913043
388,"transgene expression, metabolite production, study illustrates, precise genome",0.034782608695652174
388,"web science core, mean sd age, research hotspots, 28 day mortality",0.0
389,"bla ctx, spectrum lactamase esbl, sequence types sts, coli isolates",0.0
389,"details use execution, myosin motors, nascent chain, origin life",0.21739130434782608
389,"editorial emerging, author correction, g2 phase, model pd",0.0
389,"fetal liver, stalled replication forks, pulmonary vascular, chromatin state",0.08478260869565217
389,"recent findings recent, cell multi omics, complex microbial, crispr cas based",0.0
389,"related morbidity, stage diagnosis, combination strategies, clinical intervention",0.5608695652173912
389,"role intercellular communication, testicular torsion, nanoparticle tracking analysis, mir 21 5p",0.0
389,"therapeutic strategies including, exosomes emerging, epigenetic modulation, solid cancers",0.06304347826086958
389,"transgene expression, metabolite production, study illustrates, precise genome",0.07391304347826087
389,"web science core, mean sd age, research hotspots, 28 day mortality",0.0
390,"bla ctx, spectrum lactamase esbl, sequence types sts, coli isolates",0.0
390,"details use execution, myosin motors, nascent chain, origin life",0.34782608695652173
390,"editorial emerging, author correction, g2 phase, model pd",0.0
390,"fetal liver, stalled replication forks, pulmonary vascular, chromatin state",0.05434782608695652
390,"recent findings recent, cell multi omics, complex microbial, crispr cas based",0.0
390,"related morbidity, stage diagnosis, combination strategies, clinical intervention",0.5108695652173914
390,"role intercellular communication, testicular torsion, nanoparticle tracking analysis, mir 21 5p",0.0
390,"therapeutic strategies including, exosomes emerging, epigenetic modulation, solid cancers",0.05217391304347826
390,"transgene expression, metabolite production, study illustrates, precise genome",0.03478260869565218
390,"web science core, mean sd age, research hotspots, 28 day mortality",0.0
391,"bla ctx, spectrum lactamase esbl, sequence types sts, coli isolates",0.0
391,"details use execution, myosin motors, nascent chain, origin life",0.21739130434782608
391,"editorial emerging, author correction, g2 phase, model pd",0.0
391,"fetal liver, stalled replication forks, pulmonary vascular, chromatin state",0.08260869565217392
391,"recent findings recent, cell multi omics, complex microbial, crispr cas based",0.0
391,"related morbidity, stage diagnosis, combination strategies, clinical intervention",0.5739130434782609
391,"role intercellular communication, testicular torsion, nanoparticle tracking analysis, mir 21 5p",0.0
391,"therapeutic strategies including, exosomes emerging, epigenetic modulation, solid cancers",0.05434782608695652
391,"transgene expression, metabolite production, study illustrates, precise genome",0.07173913043478261
391,"web science core, mean sd age, research hotspots, 28 day mortality",0.0
392,"bla ctx, spectrum lactamase esbl, sequence types sts, coli isolates",0.0
392,"details use execution, myosin motors, nascent chain, origin life",0.30434782608695654
392,"editorial emerging, author correction, g2 phase, model pd",0.002173913043478261
392,"fetal liver, stalled replication forks, pulmonary vascular, chromatin state",0.0673913043478261
392,"recent findings recent, cell multi omics, complex microbial, crispr cas based",0.0
392,"related morbidity, stage diagnosis, combination strategies, clinical intervention",0.5347826086956521
392,"role intercellular communication, testicular torsion, nanoparticle tracking analysis, mir 21 5p",0.0
392,"therapeutic strategies including, exosomes emerging, epigenetic modulation, solid cancers",0.021739130434782608
392,"transgene expression, metabolite production, study illustrates, precise genome",0.06956521739130435
392,"web science core, mean sd age, research hotspots, 28 day mortality",0.0
393,"bla ctx, spectrum lactamase esbl, sequence types sts, coli isolates",0.0
393,"details use execution, myosin motors, nascent chain, origin life",0.34782608695652173
393,"editorial emerging, author correction, g2 phase, model pd",0.01956521739130435
393,"fetal liver, stalled replication forks, pulmonary vascular, chromatin state",0.09347826086956522
393,"recent findings recent, cell multi omics, complex microbial, crispr cas based",0.0
393,"related morbidity, stage diagnosis, combination strategies, clinical intervention",0.44565217391304346
393,"role intercellular communication, testicular torsion, nanoparticle tracking analysis, mir 21 5p",0.0
393,"therapeutic strategies including, exosomes emerging, epigenetic modulation, solid cancers",0.03043478260869565
393,"transgene expression, metabolite production, study illustrates, precise genome",0.06304347826086958
393,"web science core, mean sd age, research hotspots, 28 day mortality",0.0
394,"bla ctx, spectrum lactamase esbl, sequence types sts, coli isolates",0.0
394,"details use execution, myosin motors, nascent chain, origin life",0.30434782608695654
394,"editorial emerging, author correction, g2 phase, model pd",0.021739130434782608
394,"fetal liver, stalled replication forks, pulmonary vascular, chromatin state",0.08695652173913043
394,"recent findings recent, cell multi omics, complex microbial, crispr cas based",0.0
394,"related morbidity, stage diagnosis, combination strategies, clinical intervention",0.4934782608695652
394,"role intercellular communication, testicular torsion, nanoparticle tracking analysis, mir 21 5p",0.0
394,"therapeutic strategies including, exosomes emerging, epigenetic modulation, solid cancers",0.01956521739130435
394,"transgene expression, metabolite production, study illustrates, precise genome",0.07391304347826087
394,"web science core, mean sd age, research hotspots, 28 day mortality",0.0
395,"bla ctx, spectrum lactamase esbl, sequence types sts, coli isolates",0.0
395,"details use execution, myosin motors, nascent chain, origin life",0.2608695652173913
395,"editorial emerging, author correction, g2 phase, model pd",0.021739130434782608
395,"fetal liver, stalled replication forks, pulmonary vascular, chromatin state",0.034782608695652174
395,"recent findings recent, cell multi omics, complex microbial, crispr cas based",0.0
395,"related morbidity, stage diagnosis, combination strategies, clinical intervention",0.5478260869565217
395,"role intercellular communication, testicular torsion, nanoparticle tracking analysis, mir 21 5p",0.0
395,"therapeutic strategies including, exosomes emerging, epigenetic modulation, solid cancers",0.08478260869565217
395,"transgene expression, metabolite production, study illustrates, precise genome",0.05000000000000002
395,"web science core, mean sd age, research hotspots, 28 day mortality",0.0
396,"bla ctx, spectrum lactamase esbl, sequence types sts, coli isolates",0.0
396,"details use execution, myosin motors, nascent chain, origin life",0.43478260869565216
396,"editorial emerging, author correction, g2 phase, model pd",0.0
396,"fetal liver, stalled replication forks, pulmonary vascular, chromatin state",0.058695652173913045
396,"recent findings recent, cell multi omics, complex microbial, crispr cas based",0.0
396,"related morbidity, stage diagnosis, combination strategies, clinical intervention",0.4043478260869566
396,"role intercellular communication, testicular torsion, nanoparticle tracking analysis, mir 21 5p",0.0
396,"therapeutic strategies including, exosomes emerging, epigenetic modulation, solid cancers",0.04782608695652174
396,"transgene expression, metabolite production, study illustrates, precise genome",0.05434782608695652
396,"web science core, mean sd age, research hotspots, 28 day mortality",0.0
397,"bla ctx, spectrum lactamase esbl, sequence types sts, coli isolates",0.0
397,"details use execution, myosin motors, nascent chain, origin life",0.34782608695652173
397,"editorial emerging, author correction, g2 phase, model pd",0.002173913043478261
397,"fetal liver, stalled replication forks, pulmonary vascular, chromatin state",0.11304347826086956
397,"recent findings recent, cell multi omics, complex microbial, crispr cas based",0.0
397,"related morbidity, stage diagnosis, combination strategies, clinical intervention",0.39565217391304347
397,"role intercellular communication, testicular torsion, nanoparticle tracking analysis, mir 21 5p",0.0
397,"therapeutic strategies including, exosomes emerging, epigenetic modulation, solid cancers",0.041304347826086954
397,"transgene expression, metabolite production, study illustrates, precise genome",0.1
397,"web science core, mean sd age, research hotspots, 28 day mortality",0.0
398,"bla ctx, spectrum lactamase esbl, sequence types sts, coli isolates",0.0
398,"details use execution, myosin motors, nascent chain, origin life",0.43478260869565216
398,"editorial emerging, author correction, g2 phase, model pd",0.0
398,"fetal liver, stalled replication forks, pulmonary vascular, chromatin state",0.09347826086956522
398,"recent findings recent, cell multi omics, complex microbial, crispr cas based",0.0
398,"related morbidity, stage diagnosis, combination strategies, clinical intervention",0.3717391304347826
398,"role intercellular communication, testicular torsion, nanoparticle tracking analysis, mir 21 5p",0.0
398,"therapeutic strategies including, exosomes emerging, epigenetic modulation, solid cancers",0.043478260869565216
398,"transgene expression, metabolite production, study illustrates, precise genome",0.05652173913043478
398,"web science core, mean sd age, research hotspots, 28 day mortality",0.0
399,"bla ctx, spectrum lactamase esbl, sequence types sts, coli isolates",0.0
399,"details use execution, myosin motors, nascent chain, origin life",0.34782608695652173
399,"editorial emerging, author correction, g2 phase, model pd",0.021739130434782608
399,"fetal liver, stalled replication forks, pulmonary vascular, chromatin state",0.030434782608695653
399,"recent findings recent, cell multi omics, complex microbial, crispr cas based",0.0
399,"related morbidity, stage diagnosis, combination strategies, clinical intervention",0.5043478260869564
399,"role intercellular communication, testicular torsion, nanoparticle tracking analysis, mir 21 5p",0.0
399,"therapeutic strategies including, exosomes emerging, epigenetic modulation, solid cancers",0.04565217391304348
399,"transgene expression, metabolite production, study illustrates, precise genome",0.05
399,"web science core, mean sd age, research hotspots, 28 day mortality",0.0
400,"bla ctx, spectrum lactamase esbl, sequence types sts, coli isolates",0.0
400,"details use execution, myosin motors, nascent chain, origin life",0.30434782608695654
400,"editorial emerging, author correction, g2 phase, model pd",0.01956521739130435
400,"fetal liver, stalled replication forks, pulmonary vascular, chromatin state",0.0391304347826087
400,"recent findings recent, cell multi omics, complex microbial, crispr cas based",0.0
400,"related morbidity, stage diagnosis, combination strategies, clinical intervention",0.5586956521739131
400,"role intercellular communication, testicular torsion, nanoparticle tracking analysis, mir 21 5p",0.0
400,"therapeutic strategies including, exosomes emerging, epigenetic modulation, solid cancers",0.043478260869565216
400,"transgene expression, metabolite production, study illustrates, precise genome",0.034782608695652174
400,"web science core, mean sd age, research hotspots, 28 day mortality",0.0
401,"bla ctx, spectrum lactamase esbl, sequence types sts, coli isolates",0.0
401,"details use execution, myosin motors, nascent chain, origin life",0.30434782608695654
401,"editorial emerging, author correction, g2 phase, model pd",0.021739130434782608
401,"fetal liver, stalled replication forks, pulmonary vascular, chromatin state",0.058695652173913045
401,"recent findings recent, cell multi omics, complex microbial, crispr cas based",0.0
401,"related morbidity, stage diagnosis, combination strategies, clinical intervention",0.5152173913043478
401,"role intercellular communication, testicular torsion, nanoparticle tracking analysis, mir 21 5p",0.0
401,"therapeutic strategies including, exosomes emerging, epigenetic modulation, solid cancers",0.04782608695652174
401,"transgene expression, metabolite production, study illustrates, precise genome",0.05217391304347826
401,"web science core, mean sd age, research hotspots, 28 day mortality",0.0
402,"bla ctx, spectrum lactamase esbl, sequence types sts, coli isolates",0.0
402,"details use execution, myosin motors, nascent chain, origin life",0.391304347826087
402,"editorial emerging, author correction, g2 phase, model pd",0.021739130434782608
402,"fetal liver, stalled replication forks, pulmonary vascular, chromatin state",0.06304347826086958
402,"recent findings recent, cell multi omics, complex microbial, crispr cas based",0.0
402,"related morbidity, stage diagnosis, combination strategies, clinical intervention",0.39782608695652166
402,"role intercellular communication, testicular torsion, nanoparticle tracking analysis, mir 21 5p",0.0
402,"therapeutic strategies including, exosomes emerging, epigenetic modulation, solid cancers",0.05434782608695652
402,"transgene expression, metabolite production, study illustrates, precise genome",0.07173913043478261
402,"web science core, mean sd age, research hotspots, 28 day mortality",0.0
403,"bla ctx, spectrum lactamase esbl, sequence types sts, coli isolates",0.0
403,"details use execution, myosin motors, nascent chain, origin life",0.34782608695652173
403,"editorial emerging, author correction, g2 phase, model pd",0.0
403,"fetal liver, stalled replication forks, pulmonary vascular, chromatin state",0.07173913043478261
403,"recent findings recent, cell multi omics, complex microbial, crispr cas based",0.0
403,"related morbidity, stage diagnosis, combination strategies, clinical intervention",0.4956521739130435
403,"role intercellular communication, testicular torsion, nanoparticle tracking analysis, mir 21 5p",0.0
403,"therapeutic strategies including, exosomes emerging, epigenetic modulation, solid cancers",0.03695652173913044
403,"transgene expression, metabolite production, study illustrates, precise genome",0.04782608695652174
403,"web science core, mean sd age, research hotspots, 28 day mortality",0.0
404,"bla ctx, spectrum lactamase esbl, sequence types sts, coli isolates",0.0
404,"details use execution, myosin motors, nascent chain, origin life",0.30434782608695654
404,"editorial emerging, author correction, g2 phase, model pd",0.002173913043478261
404,"fetal liver, stalled replication forks, pulmonary vascular, chromatin state",0.11956521739130437
404,"recent findings recent, cell multi omics, complex microbial, crispr cas based",0.0
404,"related morbidity, stage diagnosis, combination strategies, clinical intervention",0.47608695652173927
404,"role intercellular communication, testicular torsion, nanoparticle tracking analysis, mir 21 5p",0.0
404,"therapeutic strategies including, exosomes emerging, epigenetic modulation, solid cancers",0.02391304347826087
404,"transgene expression, metabolite production, study illustrates, precise genome",0.07391304347826089
404,"web science core, mean sd age, research hotspots, 28 day mortality",0.0
405,"bla ctx, spectrum lactamase esbl, sequence types sts, coli isolates",0.0
405,"details use execution, myosin motors, nascent chain, origin life",0.43478260869565216
405,"editorial emerging, author correction, g2 phase, model pd",0.01956521739130435
405,"fetal liver, stalled replication forks, pulmonary vascular, chromatin state",0.03043478260869565
405,"recent findings recent, cell multi omics, complex microbial, crispr cas based",0.0
405,"related morbidity, stage diagnosis, combination strategies, clinical intervention",0.39565217391304347
405,"role intercellular communication, testicular torsion, nanoparticle tracking analysis, mir 21 5p",0.0
405,"therapeutic strategies including, exosomes emerging, epigenetic modulation, solid cancers",0.0782608695652174
405,"transgene expression, metabolite production, study illustrates, precise genome",0.04130434782608696
405,"web science core, mean sd age, research hotspots, 28 day mortality",0.0
406,"bla ctx, spectrum lactamase esbl, sequence types sts, coli isolates",0.0
406,"details use execution, myosin motors, nascent chain, origin life",0.34782608695652173
406,"editorial emerging, author correction, g2 phase, model pd",0.0
406,"fetal liver, stalled replication forks, pulmonary vascular, chromatin state",0.12173913043478261
406,"recent findings recent, cell multi omics, complex microbial, crispr cas based",0.0
406,"related morbidity, stage diagnosis, combination strategies, clinical intervention",0.39130434782608686
406,"role intercellular communication, testicular torsion, nanoparticle tracking analysis, mir 21 5p",0.0
406,"therapeutic strategies including, exosomes emerging, epigenetic modulation, solid cancers",0.05652173913043478
406,"transgene expression, metabolite production, study illustrates, precise genome",0.08260869565217392
406,"web science core, mean sd age, research hotspots, 28 day mortality",0.0
407,"bla ctx, spectrum lactamase esbl, sequence types sts, coli isolates",0.0
407,"details use execution, myosin motors, nascent chain, origin life",0.2608695652173913
407,"editorial emerging, author correction, g2 phase, model pd",0.0
407,"fetal liver, stalled replication forks, pulmonary vascular, chromatin state",0.04565217391304348
407,"recent findings recent, cell multi omics, complex microbial, crispr cas based",0.0
407,"related morbidity, stage diagnosis, combination strategies, clinical intervention",0.591304347826087
407,"role intercellular communication, testicular torsion, nanoparticle tracking analysis, mir 21 5p",0.0
407,"therapeutic strategies including, exosomes emerging, epigenetic modulation, solid cancers",0.0608695652173913
407,"transgene expression, metabolite production, study illustrates, precise genome",0.041304347826086954
407,"web science core, mean sd age, research hotspots, 28 day mortality",0.0
408,"bla ctx, spectrum lactamase esbl, sequence types sts, coli isolates",0.0
408,"details use execution, myosin motors, nascent chain, origin life",0.5217391304347826
408,"editorial emerging, author correction, g2 phase, model pd",0.002173913043478261
408,"fetal liver, stalled replication forks, pulmonary vascular, chromatin state",0.03695652173913044
408,"recent findings recent, cell multi omics, complex microbial, crispr cas based",0.0
408,"related morbidity, stage diagnosis, combination strategies, clinical intervention",0.35652173913043483
408,"role intercellular communication, testicular torsion, nanoparticle tracking analysis, mir 21 5p",0.0
408,"therapeutic strategies including, exosomes emerging, epigenetic modulation, solid cancers",0.05
408,"transgene expression, metabolite production, study illustrates, precise genome",0.03260869565217391
408,"web science core, mean sd age, research hotspots, 28 day mortality",0.0
409,"bla ctx, spectrum lactamase esbl, sequence types sts, coli isolates",0.0
409,"details use execution, myosin motors, nascent chain, origin life",0.34782608695652173
409,"editorial emerging, author correction, g2 phase, model pd",0.0
409,"fetal liver, stalled replication forks, pulmonary vascular, chromatin state",0.07173913043478261
409,"recent findings recent, cell multi omics, complex microbial, crispr cas based",0.0
409,"related morbidity, stage diagnosis, combination strategies, clinical intervention",0.4913043478260869
409,"role intercellular communication, testicular torsion, nanoparticle tracking analysis, mir 21 5p",0.0
409,"therapeutic strategies including, exosomes emerging, epigenetic modulation, solid cancers",0.04130434782608696
409,"transgene expression, metabolite production, study illustrates, precise genome",0.04782608695652174
409,"web science core, mean sd age, research hotspots, 28 day mortality",0.0
410,"bla ctx, spectrum lactamase esbl, sequence types sts, coli isolates",0.0
410,"details use execution, myosin motors, nascent chain, origin life",0.4782608695652174
410,"editorial emerging, author correction, g2 phase, model pd",0.0
410,"fetal liver, stalled replication forks, pulmonary vascular, chromatin state",0.028260869565217388
410,"recent findings recent, cell multi omics, complex microbial, crispr cas based",0.0
410,"related morbidity, stage diagnosis, combination strategies, clinical intervention",0.43260869565217386
410,"role intercellular communication, testicular torsion, nanoparticle tracking analysis, mir 21 5p",0.0
410,"therapeutic strategies including, exosomes emerging, epigenetic modulation, solid cancers",0.054347826086956534
410,"transgene expression, metabolite production, study illustrates, precise genome",0.006521739130434784
410,"web science core, mean sd age, research hotspots, 28 day mortality",0.0
411,"bla ctx, spectrum lactamase esbl, sequence types sts, coli isolates",0.0
411,"details use execution, myosin motors, nascent chain, origin life",0.17391304347826086
411,"editorial emerging, author correction, g2 phase, model pd",0.0
411,"fetal liver, stalled replication forks, pulmonary vascular, chromatin state",0.09347826086956522
411,"recent findings recent, cell multi omics, complex microbial, crispr cas based",0.0
411,"related morbidity, stage diagnosis, combination strategies, clinical intervention",0.6152173913043477
411,"role intercellular communication, testicular torsion, nanoparticle tracking analysis, mir 21 5p",0.0
411,"therapeutic strategies including, exosomes emerging, epigenetic modulation, solid cancers",0.05652173913043478
411,"transgene expression, metabolite production, study illustrates, precise genome",0.0608695652173913
411,"web science core, mean sd age, research hotspots, 28 day mortality",0.0
412,"bla ctx, spectrum lactamase esbl, sequence types sts, coli isolates",0.0
412,"details use execution, myosin motors, nascent chain, origin life",0.2608695652173913
412,"editorial emerging, author correction, g2 phase, model pd",0.0
412,"fetal liver, stalled replication forks, pulmonary vascular, chromatin state",0.034782608695652174
412,"recent findings recent, cell multi omics, complex microbial, crispr cas based",0.0
412,"related morbidity, stage diagnosis, combination strategies, clinical intervention",0.6326086956521738
412,"role intercellular communication, testicular torsion, nanoparticle tracking analysis, mir 21 5p",0.0
412,"therapeutic strategies including, exosomes emerging, epigenetic modulation, solid cancers",0.041304347826086954
412,"transgene expression, metabolite production, study illustrates, precise genome",0.030434782608695653
412,"web science core, mean sd age, research hotspots, 28 day mortality",0.0
413,"bla ctx, spectrum lactamase esbl, sequence types sts, coli isolates",0.0
413,"details use execution, myosin motors, nascent chain, origin life",0.30434782608695654
413,"editorial emerging, author correction, g2 phase, model pd",0.002173913043478261
413,"fetal liver, stalled replication forks, pulmonary vascular, chromatin state",0.04782608695652174
413,"recent findings recent, cell multi omics, complex microbial, crispr cas based",0.0
413,"related morbidity, stage diagnosis, combination strategies, clinical intervention",0.5043478260869565
413,"role intercellular communication, testicular torsion, nanoparticle tracking analysis, mir 21 5p",0.0
413,"therapeutic strategies including, exosomes emerging, epigenetic modulation, solid cancers",0.09347826086956522
413,"transgene expression, metabolite production, study illustrates, precise genome",0.04782608695652174
413,"web science core, mean sd age, research hotspots, 28 day mortality",0.0
414,"bla ctx, spectrum lactamase esbl, sequence types sts, coli isolates",0.0
414,"details use execution, myosin motors, nascent chain, origin life",0.34782608695652173
414,"editorial emerging, author correction, g2 phase, model pd",0.01956521739130435
414,"fetal liver, stalled replication forks, pulmonary vascular, chromatin state",0.043478260869565216
414,"recent findings recent, cell multi omics, complex microbial, crispr cas based",0.0
414,"related morbidity, stage diagnosis, combination strategies, clinical intervention",0.41304347826086957
414,"role intercellular communication, testicular torsion, nanoparticle tracking analysis, mir 21 5p",0.0
414,"therapeutic strategies including, exosomes emerging, epigenetic modulation, solid cancers",0.11086956521739132
414,"transgene expression, metabolite production, study illustrates, precise genome",0.06521739130434782
414,"web science core, mean sd age, research hotspots, 28 day mortality",0.0
415,"bla ctx, spectrum lactamase esbl, sequence types sts, coli isolates",0.0
415,"details use execution, myosin motors, nascent chain, origin life",0.30434782608695654
415,"editorial emerging, author correction, g2 phase, model pd",0.01956521739130435
415,"fetal liver, stalled replication forks, pulmonary vascular, chromatin state",0.01956521739130435
415,"recent findings recent, cell multi omics, complex microbial, crispr cas based",0.0
415,"related morbidity, stage diagnosis, combination strategies, clinical intervention",0.576086956521739
415,"role intercellular communication, testicular torsion, nanoparticle tracking analysis, mir 21 5p",0.0
415,"therapeutic strategies including, exosomes emerging, epigenetic modulation, solid cancers",0.04782608695652174
415,"transgene expression, metabolite production, study illustrates, precise genome",0.03260869565217391
415,"web science core, mean sd age, research hotspots, 28 day mortality",0.0
416,"bla ctx, spectrum lactamase esbl, sequence types sts, coli isolates",0.0
416,"details use execution, myosin motors, nascent chain, origin life",0.34782608695652173
416,"editorial emerging, author correction, g2 phase, model pd",0.0
416,"fetal liver, stalled replication forks, pulmonary vascular, chromatin state",0.034782608695652174
416,"recent findings recent, cell multi omics, complex microbial, crispr cas based",0.0
416,"related morbidity, stage diagnosis, combination strategies, clinical intervention",0.49999999999999994
416,"role intercellular communication, testicular torsion, nanoparticle tracking analysis, mir 21 5p",0.0
416,"therapeutic strategies including, exosomes emerging, epigenetic modulation, solid cancers",0.0782608695652174
416,"transgene expression, metabolite production, study illustrates, precise genome",0.0391304347826087
416,"web science core, mean sd age, research hotspots, 28 day mortality",0.0
417,"bla ctx, spectrum lactamase esbl, sequence types sts, coli isolates",0.0
417,"details use execution, myosin motors, nascent chain, origin life",0.21739130434782608
417,"editorial emerging, author correction, g2 phase, model pd",0.0
417,"fetal liver, stalled replication forks, pulmonary vascular, chromatin state",0.09130434782608696
417,"recent findings recent, cell multi omics, complex microbial, crispr cas based",0.0
417,"related morbidity, stage diagnosis, combination strategies, clinical intervention",0.5782608695652174
417,"role intercellular communication, testicular torsion, nanoparticle tracking analysis, mir 21 5p",0.0
417,"therapeutic strategies including, exosomes emerging, epigenetic modulation, solid cancers",0.041304347826086954
417,"transgene expression, metabolite production, study illustrates, precise genome",0.07173913043478261
417,"web science core, mean sd age, research hotspots, 28 day mortality",0.0
418,"bla ctx, spectrum lactamase esbl, sequence types sts, coli isolates",0.0
418,"details use execution, myosin motors, nascent chain, origin life",0.391304347826087
418,"editorial emerging, author correction, g2 phase, model pd",0.01956521739130435
418,"fetal liver, stalled replication forks, pulmonary vascular, chromatin state",0.09565217391304347
418,"recent findings recent, cell multi omics, complex microbial, crispr cas based",0.0
418,"related morbidity, stage diagnosis, combination strategies, clinical intervention",0.3608695652173913
418,"role intercellular communication, testicular torsion, nanoparticle tracking analysis, mir 21 5p",0.0
418,"therapeutic strategies including, exosomes emerging, epigenetic modulation, solid cancers",0.04565217391304348
418,"transgene expression, metabolite production, study illustrates, precise genome",0.08695652173913043
418,"web science core, mean sd age, research hotspots, 28 day mortality",0.0
419,"bla ctx, spectrum lactamase esbl, sequence types sts, coli isolates",0.0
419,"details use execution, myosin motors, nascent chain, origin life",0.30434782608695654
419,"editorial emerging, author correction, g2 phase, model pd",0.0
419,"fetal liver, stalled replication forks, pulmonary vascular, chromatin state",0.06304347826086958
419,"recent findings recent, cell multi omics, complex microbial, crispr cas based",0.0
419,"related morbidity, stage diagnosis, combination strategies, clinical intervention",0.5434782608695652
419,"role intercellular communication, testicular torsion, nanoparticle tracking analysis, mir 21 5p",0.0
419,"therapeutic strategies including, exosomes emerging, epigenetic modulation, solid cancers",0.015217391304347825
419,"transgene expression, metabolite production, study illustrates, precise genome",0.07391304347826087
419,"web science core, mean sd age, research hotspots, 28 day mortality",0.0
420,"bla ctx, spectrum lactamase esbl, sequence types sts, coli isolates",0.0
420,"details use execution, myosin motors, nascent chain, origin life",0.34782608695652173
420,"editorial emerging, author correction, g2 phase, model pd",0.01956521739130435
420,"fetal liver, stalled replication forks, pulmonary vascular, chromatin state",0.02826086956521739
420,"recent findings recent, cell multi omics, complex microbial, crispr cas based",0.0
420,"related morbidity, stage diagnosis, combination strategies, clinical intervention",0.5195652173913043
420,"role intercellular communication, testicular torsion, nanoparticle tracking analysis, mir 21 5p",0.0
420,"therapeutic strategies including, exosomes emerging, epigenetic modulation, solid cancers",0.04130434782608696
420,"transgene expression, metabolite production, study illustrates, precise genome",0.043478260869565216
420,"web science core, mean sd age, research hotspots, 28 day mortality",0.0
421,"bla ctx, spectrum lactamase esbl, sequence types sts, coli isolates",0.0
421,"details use execution, myosin motors, nascent chain, origin life",0.34782608695652173
421,"editorial emerging, author correction, g2 phase, model pd",0.021739130434782608
421,"fetal liver, stalled replication forks, pulmonary vascular, chromatin state",0.034782608695652174
421,"recent findings recent, cell multi omics, complex microbial, crispr cas based",0.0
421,"related morbidity, stage diagnosis, combination strategies, clinical intervention",0.5130434782608695
421,"role intercellular communication, testicular torsion, nanoparticle tracking analysis, mir 21 5p",0.0
421,"therapeutic strategies including, exosomes emerging, epigenetic modulation, solid cancers",0.034782608695652174
421,"transgene expression, metabolite production, study illustrates, precise genome",0.04782608695652174
421,"web science core, mean sd age, research hotspots, 28 day mortality",0.0
422,"bla ctx, spectrum lactamase esbl, sequence types sts, coli isolates",0.0
422,"details use execution, myosin motors, nascent chain, origin life",0.391304347826087
422,"editorial emerging, author correction, g2 phase, model pd",0.0
422,"fetal liver, stalled replication forks, pulmonary vascular, chromatin state",0.043478260869565216
422,"recent findings recent, cell multi omics, complex microbial, crispr cas based",0.0
422,"related morbidity, stage diagnosis, combination strategies, clinical intervention",0.48695652173913045
422,"role intercellular communication, testicular torsion, nanoparticle tracking analysis, mir 21 5p",0.0
422,"therapeutic strategies including, exosomes emerging, epigenetic modulation, solid cancers",0.043478260869565216
422,"transgene expression, metabolite production, study illustrates, precise genome",0.034782608695652174
422,"web science core, mean sd age, research hotspots, 28 day mortality",0.0
423,"bla ctx, spectrum lactamase esbl, sequence types sts, coli isolates",0.0
423,"details use execution, myosin motors, nascent chain, origin life",0.2608695652173913
423,"editorial emerging, author correction, g2 phase, model pd",0.01956521739130435
423,"fetal liver, stalled replication forks, pulmonary vascular, chromatin state",0.06956521739130435
423,"recent findings recent, cell multi omics, complex microbial, crispr cas based",0.0
423,"related morbidity, stage diagnosis, combination strategies, clinical intervention",0.5434782608695652
423,"role intercellular communication, testicular torsion, nanoparticle tracking analysis, mir 21 5p",0.0
423,"therapeutic strategies including, exosomes emerging, epigenetic modulation, solid cancers",0.03260869565217392
423,"transgene expression, metabolite production, study illustrates, precise genome",0.07391304347826087
423,"web science core, mean sd age, research hotspots, 28 day mortality",0.0
424,"bla ctx, spectrum lactamase esbl, sequence types sts, coli isolates",0.0
424,"details use execution, myosin motors, nascent chain, origin life",0.34782608695652173
424,"editorial emerging, author correction, g2 phase, model pd",0.0
424,"fetal liver, stalled replication forks, pulmonary vascular, chromatin state",0.058695652173913045
424,"recent findings recent, cell multi omics, complex microbial, crispr cas based",0.0
424,"related morbidity, stage diagnosis, combination strategies, clinical intervention",0.5152173913043477
424,"role intercellular communication, testicular torsion, nanoparticle tracking analysis, mir 21 5p",0.0
424,"therapeutic strategies including, exosomes emerging, epigenetic modulation, solid cancers",0.03260869565217391
424,"transgene expression, metabolite production, study illustrates, precise genome",0.04565217391304348
424,"web science core, mean sd age, research hotspots, 28 day mortality",0.0
425,"bla ctx, spectrum lactamase esbl, sequence types sts, coli isolates",0.0
425,"details use execution, myosin motors, nascent chain, origin life",0.391304347826087
425,"editorial emerging, author correction, g2 phase, model pd",0.002173913043478261
425,"fetal liver, stalled replication forks, pulmonary vascular, chromatin state",0.1108695652173913
425,"recent findings recent, cell multi omics, complex microbial, crispr cas based",0.0
425,"related morbidity, stage diagnosis, combination strategies, clinical intervention",0.3826086956521739
425,"role intercellular communication, testicular torsion, nanoparticle tracking analysis, mir 21 5p",0.0
425,"therapeutic strategies including, exosomes emerging, epigenetic modulation, solid cancers",0.030434782608695653
425,"transgene expression, metabolite production, study illustrates, precise genome",0.08260869565217392
425,"web science core, mean sd age, research hotspots, 28 day mortality",0.0
426,"bla ctx, spectrum lactamase esbl, sequence types sts, coli isolates",0.0
426,"details use execution, myosin motors, nascent chain, origin life",0.17391304347826086
426,"editorial emerging, author correction, g2 phase, model pd",0.0
426,"fetal liver, stalled replication forks, pulmonary vascular, chromatin state",0.08260869565217391
426,"recent findings recent, cell multi omics, complex microbial, crispr cas based",0.0
426,"related morbidity, stage diagnosis, combination strategies, clinical intervention",0.5739130434782609
426,"role intercellular communication, testicular torsion, nanoparticle tracking analysis, mir 21 5p",0.0
426,"therapeutic strategies including, exosomes emerging, epigenetic modulation, solid cancers",0.09130434782608696
426,"transgene expression, metabolite production, study illustrates, precise genome",0.0782608695652174
426,"web science core, mean sd age, research hotspots, 28 day mortality",0.0
427,"bla ctx, spectrum lactamase esbl, sequence types sts, coli isolates",0.0
427,"details use execution, myosin motors, nascent chain, origin life",0.34782608695652173
427,"editorial emerging, author correction, g2 phase, model pd",0.021739130434782608
427,"fetal liver, stalled replication forks, pulmonary vascular, chromatin state",0.10434782608695652
427,"recent findings recent, cell multi omics, complex microbial, crispr cas based",0.0
427,"related morbidity, stage diagnosis, combination strategies, clinical intervention",0.39347826086956517
427,"role intercellular communication, testicular torsion, nanoparticle tracking analysis, mir 21 5p",0.0
427,"therapeutic strategies including, exosomes emerging, epigenetic modulation, solid cancers",0.034782608695652174
427,"transgene expression, metabolite production, study illustrates, precise genome",0.09782608695652174
427,"web science core, mean sd age, research hotspots, 28 day mortality",0.0
428,"bla ctx, spectrum lactamase esbl, sequence types sts, coli isolates",0.0
428,"details use execution, myosin motors, nascent chain, origin life",0.34782608695652173
428,"editorial emerging, author correction, g2 phase, model pd",0.01956521739130435
428,"fetal liver, stalled replication forks, pulmonary vascular, chromatin state",0.10869565217391304
428,"recent findings recent, cell multi omics, complex microbial, crispr cas based",0.0
428,"related morbidity, stage diagnosis, combination strategies, clinical intervention",0.41521739130434787
428,"role intercellular communication, testicular torsion, nanoparticle tracking analysis, mir 21 5p",0.0
428,"therapeutic strategies including, exosomes emerging, epigenetic modulation, solid cancers",0.008695652173913044
428,"transgene expression, metabolite production, study illustrates, precise genome",0.09999999999999998
428,"web science core, mean sd age, research hotspots, 28 day mortality",0.0
429,"bla ctx, spectrum lactamase esbl, sequence types sts, coli isolates",0.0
429,"details use execution, myosin motors, nascent chain, origin life",0.34782608695652173
429,"editorial emerging, author correction, g2 phase, model pd",0.002173913043478261
429,"fetal liver, stalled replication forks, pulmonary vascular, chromatin state",0.0608695652173913
429,"recent findings recent, cell multi omics, complex microbial, crispr cas based",0.0
429,"related morbidity, stage diagnosis, combination strategies, clinical intervention",0.4478260869565217
429,"role intercellular communication, testicular torsion, nanoparticle tracking analysis, mir 21 5p",0.0
429,"therapeutic strategies including, exosomes emerging, epigenetic modulation, solid cancers",0.08695652173913043
429,"transgene expression, metabolite production, study illustrates, precise genome",0.054347826086956534
429,"web science core, mean sd age, research hotspots, 28 day mortality",0.0
430,"bla ctx, spectrum lactamase esbl, sequence types sts, coli isolates",0.0
430,"details use execution, myosin motors, nascent chain, origin life",0.17391304347826086
430,"editorial emerging, author correction, g2 phase, model pd",0.01956521739130435
430,"fetal liver, stalled replication forks, pulmonary vascular, chromatin state",0.13043478260869568
430,"recent findings recent, cell multi omics, complex microbial, crispr cas based",0.0
430,"related morbidity, stage diagnosis, combination strategies, clinical intervention",0.4847826086956521
430,"role intercellular communication, testicular torsion, nanoparticle tracking analysis, mir 21 5p",0.0
430,"therapeutic strategies including, exosomes emerging, epigenetic modulation, solid cancers",0.08478260869565217
430,"transgene expression, metabolite production, study illustrates, precise genome",0.10652173913043475
430,"web science core, mean sd age, research hotspots, 28 day mortality",0.0
431,"bla ctx, spectrum lactamase esbl, sequence types sts, coli isolates",0.0
431,"details use execution, myosin motors, nascent chain, origin life",0.2608695652173913
431,"editorial emerging, author correction, g2 phase, model pd",0.0
431,"fetal liver, stalled replication forks, pulmonary vascular, chromatin state",0.08913043478260871
431,"recent findings recent, cell multi omics, complex microbial, crispr cas based",0.0
431,"related morbidity, stage diagnosis, combination strategies, clinical intervention",0.5260869565217391
431,"role intercellular communication, testicular torsion, nanoparticle tracking analysis, mir 21 5p",0.0
431,"therapeutic strategies including, exosomes emerging, epigenetic modulation, solid cancers",0.07608695652173914
431,"transgene expression, metabolite production, study illustrates, precise genome",0.04782608695652174
431,"web science core, mean sd age, research hotspots, 28 day mortality",0.0
432,"bla ctx, spectrum lactamase esbl, sequence types sts, coli isolates",0.0
432,"details use execution, myosin motors, nascent chain, origin life",0.30434782608695654
432,"editorial emerging, author correction, g2 phase, model pd",0.0
432,"fetal liver, stalled replication forks, pulmonary vascular, chromatin state",0.043478260869565216
432,"recent findings recent, cell multi omics, complex microbial, crispr cas based",0.0
432,"related morbidity, stage diagnosis, combination strategies, clinical intervention",0.6043478260869566
432,"role intercellular communication, testicular torsion, nanoparticle tracking analysis, mir 21 5p",0.0
432,"therapeutic strategies including, exosomes emerging, epigenetic modulation, solid cancers",0.01956521739130435
432,"transgene expression, metabolite production, study illustrates, precise genome",0.028260869565217398
432,"web science core, mean sd age, research hotspots, 28 day mortality",0.0
433,"bla ctx, spectrum lactamase esbl, sequence types sts, coli isolates",0.0
433,"details use execution, myosin motors, nascent chain, origin life",0.34782608695652173
433,"editorial emerging, author correction, g2 phase, model pd",0.01956521739130435
433,"fetal liver, stalled replication forks, pulmonary vascular, chromatin state",0.03043478260869565
433,"recent findings recent, cell multi omics, complex microbial, crispr cas based",0.0
433,"related morbidity, stage diagnosis, combination strategies, clinical intervention",0.5260869565217391
433,"role intercellular communication, testicular torsion, nanoparticle tracking analysis, mir 21 5p",0.0
433,"therapeutic strategies including, exosomes emerging, epigenetic modulation, solid cancers",0.01956521739130435
433,"transgene expression, metabolite production, study illustrates, precise genome",0.05652173913043478
433,"web science core, mean sd age, research hotspots, 28 day mortality",0.0
434,"bla ctx, spectrum lactamase esbl, sequence types sts, coli isolates",0.0
434,"details use execution, myosin motors, nascent chain, origin life",0.391304347826087
434,"editorial emerging, author correction, g2 phase, model pd",0.002173913043478261
434,"fetal liver, stalled replication forks, pulmonary vascular, chromatin state",0.030434782608695653
434,"recent findings recent, cell multi omics, complex microbial, crispr cas based",0.0
434,"related morbidity, stage diagnosis, combination strategies, clinical intervention",0.5043478260869565
434,"role intercellular communication, testicular torsion, nanoparticle tracking analysis, mir 21 5p",0.0
434,"therapeutic strategies including, exosomes emerging, epigenetic modulation, solid cancers",0.04565217391304348
434,"transgene expression, metabolite production, study illustrates, precise genome",0.026086956521739136
434,"web science core, mean sd age, research hotspots, 28 day mortality",0.0
435,"bla ctx, spectrum lactamase esbl, sequence types sts, coli isolates",0.0
435,"details use execution, myosin motors, nascent chain, origin life",0.21739130434782608
435,"editorial emerging, author correction, g2 phase, model pd",0.002173913043478261
435,"fetal liver, stalled replication forks, pulmonary vascular, chromatin state",0.1282608695652174
435,"recent findings recent, cell multi omics, complex microbial, crispr cas based",0.0
435,"related morbidity, stage diagnosis, combination strategies, clinical intervention",0.5173913043478261
435,"role intercellular communication, testicular torsion, nanoparticle tracking analysis, mir 21 5p",0.0
435,"therapeutic strategies including, exosomes emerging, epigenetic modulation, solid cancers",0.0608695652173913
435,"transgene expression, metabolite production, study illustrates, precise genome",0.07391304347826087
435,"web science core, mean sd age, research hotspots, 28 day mortality",0.0
436,"bla ctx, spectrum lactamase esbl, sequence types sts, coli isolates",0.0
436,"details use execution, myosin motors, nascent chain, origin life",0.34782608695652173
436,"editorial emerging, author correction, g2 phase, model pd",0.0
436,"fetal liver, stalled replication forks, pulmonary vascular, chromatin state",0.10217391304347827
436,"recent findings recent, cell multi omics, complex microbial, crispr cas based",0.0
436,"related morbidity, stage diagnosis, combination strategies, clinical intervention",0.4304347826086956
436,"role intercellular communication, testicular torsion, nanoparticle tracking analysis, mir 21 5p",0.0
436,"therapeutic strategies including, exosomes emerging, epigenetic modulation, solid cancers",0.058695652173913045
436,"transgene expression, metabolite production, study illustrates, precise genome",0.0608695652173913
436,"web science core, mean sd age, research hotspots, 28 day mortality",0.0
437,"bla ctx, spectrum lactamase esbl, sequence types sts, coli isolates",0.0
437,"details use execution, myosin motors, nascent chain, origin life",0.391304347826087
437,"editorial emerging, author correction, g2 phase, model pd",0.002173913043478261
437,"fetal liver, stalled replication forks, pulmonary vascular, chromatin state",0.043478260869565216
437,"recent findings recent, cell multi omics, complex microbial, crispr cas based",0.0
437,"related morbidity, stage diagnosis, combination strategies, clinical intervention",0.5108695652173914
437,"role intercellular communication, testicular torsion, nanoparticle tracking analysis, mir 21 5p",0.0
437,"therapeutic strategies including, exosomes emerging, epigenetic modulation, solid cancers",0.021739130434782608
437,"transgene expression, metabolite production, study illustrates, precise genome",0.030434782608695653
437,"web science core, mean sd age, research hotspots, 28 day mortality",0.0
438,"bla ctx, spectrum lactamase esbl, sequence types sts, coli isolates",0.0
438,"details use execution, myosin motors, nascent chain, origin life",0.30434782608695654
438,"editorial emerging, author correction, g2 phase, model pd",0.002173913043478261
438,"fetal liver, stalled replication forks, pulmonary vascular, chromatin state",0.11304347826086956
438,"recent findings recent, cell multi omics, complex microbial, crispr cas based",0.0
438,"related morbidity, stage diagnosis, combination strategies, clinical intervention",0.4391304347826086
438,"role intercellular communication, testicular torsion, nanoparticle tracking analysis, mir 21 5p",0.0
438,"therapeutic strategies including, exosomes emerging, epigenetic modulation, solid cancers",0.058695652173913045
438,"transgene expression, metabolite production, study illustrates, precise genome",0.08260869565217391
438,"web science core, mean sd age, research hotspots, 28 day mortality",0.0
439,"bla ctx, spectrum lactamase esbl, sequence types sts, coli isolates",0.0
439,"details use execution, myosin motors, nascent chain, origin life",0.30434782608695654
439,"editorial emerging, author correction, g2 phase, model pd",0.01956521739130435
439,"fetal liver, stalled replication forks, pulmonary vascular, chromatin state",0.07173913043478261
439,"recent findings recent, cell multi omics, complex microbial, crispr cas based",0.0
439,"related morbidity, stage diagnosis, combination strategies, clinical intervention",0.4978260869565217
439,"role intercellular communication, testicular torsion, nanoparticle tracking analysis, mir 21 5p",0.0
439,"therapeutic strategies including, exosomes emerging, epigenetic modulation, solid cancers",0.026086956521739136
439,"transgene expression, metabolite production, study illustrates, precise genome",0.08043478260869566
439,"web science core, mean sd age, research hotspots, 28 day mortality",0.0
440,"bla ctx, spectrum lactamase esbl, sequence types sts, coli isolates",0.0
440,"details use execution, myosin motors, nascent chain, origin life",0.30434782608695654
440,"editorial emerging, author correction, g2 phase, model pd",0.002173913043478261
440,"fetal liver, stalled replication forks, pulmonary vascular, chromatin state",0.07608695652173914
440,"recent findings recent, cell multi omics, complex microbial, crispr cas based",0.0
440,"related morbidity, stage diagnosis, combination strategies, clinical intervention",0.4543478260869565
440,"role intercellular communication, testicular torsion, nanoparticle tracking analysis, mir 21 5p",0.0
440,"therapeutic strategies including, exosomes emerging, epigenetic modulation, solid cancers",0.09782608695652176
440,"transgene expression, metabolite production, study illustrates, precise genome",0.06521739130434784
440,"web science core, mean sd age, research hotspots, 28 day mortality",0.0
441,"bla ctx, spectrum lactamase esbl, sequence types sts, coli isolates",0.0
441,"details use execution, myosin motors, nascent chain, origin life",0.17391304347826086
441,"editorial emerging, author correction, g2 phase, model pd",0.021739130434782608
441,"fetal liver, stalled replication forks, pulmonary vascular, chromatin state",0.06304347826086958
441,"recent findings recent, cell multi omics, complex microbial, crispr cas based",0.0
441,"related morbidity, stage diagnosis, combination strategies, clinical intervention",0.6391304347826088
441,"role intercellular communication, testicular torsion, nanoparticle tracking analysis, mir 21 5p",0.0
441,"therapeutic strategies including, exosomes emerging, epigenetic modulation, solid cancers",0.028260869565217388
441,"transgene expression, metabolite production, study illustrates, precise genome",0.07391304347826087
441,"web science core, mean sd age, research hotspots, 28 day mortality",0.0
442,"bla ctx, spectrum lactamase esbl, sequence types sts, coli isolates",0.0
442,"details use execution, myosin motors, nascent chain, origin life",0.34782608695652173
442,"editorial emerging, author correction, g2 phase, model pd",0.01956521739130435
442,"fetal liver, stalled replication forks, pulmonary vascular, chromatin state",0.06304347826086956
442,"recent findings recent, cell multi omics, complex microbial, crispr cas based",0.0
442,"related morbidity, stage diagnosis, combination strategies, clinical intervention",0.4652173913043478
442,"role intercellular communication, testicular torsion, nanoparticle tracking analysis, mir 21 5p",0.0
442,"therapeutic strategies including, exosomes emerging, epigenetic modulation, solid cancers",0.06521739130434782
442,"transgene expression, metabolite production, study illustrates, precise genome",0.03913043478260869
442,"web science core, mean sd age, research hotspots, 28 day mortality",0.0
443,"bla ctx, spectrum lactamase esbl, sequence types sts, coli isolates",0.0
443,"details use execution, myosin motors, nascent chain, origin life",0.2608695652173913
443,"editorial emerging, author correction, g2 phase, model pd",0.021739130434782608
443,"fetal liver, stalled replication forks, pulmonary vascular, chromatin state",0.11521739130434784
443,"recent findings recent, cell multi omics, complex microbial, crispr cas based",0.0
443,"related morbidity, stage diagnosis, combination strategies, clinical intervention",0.4195652173913044
443,"role intercellular communication, testicular torsion, nanoparticle tracking analysis, mir 21 5p",0.0
443,"therapeutic strategies including, exosomes emerging, epigenetic modulation, solid cancers",0.10217391304347827
443,"transgene expression, metabolite production, study illustrates, precise genome",0.08043478260869566
443,"web science core, mean sd age, research hotspots, 28 day mortality",0.0
444,"bla ctx, spectrum lactamase esbl, sequence types sts, coli isolates",0.0
444,"details use execution, myosin motors, nascent chain, origin life",0.21739130434782608
444,"editorial emerging, author correction, g2 phase, model pd",0.0
444,"fetal liver, stalled replication forks, pulmonary vascular, chromatin state",0.0891304347826087
444,"recent findings recent, cell multi omics, complex microbial, crispr cas based",0.0
444,"related morbidity, stage diagnosis, combination strategies, clinical intervention",0.5586956521739129
444,"role intercellular communication, testicular torsion, nanoparticle tracking analysis, mir 21 5p",0.0
444,"therapeutic strategies including, exosomes emerging, epigenetic modulation, solid cancers",0.06521739130434782
444,"transgene expression, metabolite production, study illustrates, precise genome",0.06956521739130436
444,"web science core, mean sd age, research hotspots, 28 day mortality",0.0
445,"bla ctx, spectrum lactamase esbl, sequence types sts, coli isolates",0.0
445,"details use execution, myosin motors, nascent chain, origin life",0.21739130434782608
445,"editorial emerging, author correction, g2 phase, model pd",0.002173913043478261
445,"fetal liver, stalled replication forks, pulmonary vascular, chromatin state",0.05
445,"recent findings recent, cell multi omics, complex microbial, crispr cas based",0.0
445,"related morbidity, stage diagnosis, combination strategies, clinical intervention",0.5934782608695651
445,"role intercellular communication, testicular torsion, nanoparticle tracking analysis, mir 21 5p",0.0
445,"therapeutic strategies including, exosomes emerging, epigenetic modulation, solid cancers",0.06956521739130435
445,"transgene expression, metabolite production, study illustrates, precise genome",0.06739130434782609
445,"web science core, mean sd age, research hotspots, 28 day mortality",0.0
446,"bla ctx, spectrum lactamase esbl, sequence types sts, coli isolates",0.0
446,"details use execution, myosin motors, nascent chain, origin life",0.34782608695652173
446,"editorial emerging, author correction, g2 phase, model pd",0.0
446,"fetal liver, stalled replication forks, pulmonary vascular, chromatin state",0.09782608695652174
446,"recent findings recent, cell multi omics, complex microbial, crispr cas based",0.0
446,"related morbidity, stage diagnosis, combination strategies, clinical intervention",0.44565217391304346
446,"role intercellular communication, testicular torsion, nanoparticle tracking analysis, mir 21 5p",0.0
446,"therapeutic strategies including, exosomes emerging, epigenetic modulation, solid cancers",0.04782608695652174
446,"transgene expression, metabolite production, study illustrates, precise genome",0.06086956521739131
446,"web science core, mean sd age, research hotspots, 28 day mortality",0.0
447,"bla ctx, spectrum lactamase esbl, sequence types sts, coli isolates",0.0
447,"details use execution, myosin motors, nascent chain, origin life",0.391304347826087
447,"editorial emerging, author correction, g2 phase, model pd",0.021739130434782608
447,"fetal liver, stalled replication forks, pulmonary vascular, chromatin state",0.07391304347826087
447,"recent findings recent, cell multi omics, complex microbial, crispr cas based",0.0
447,"related morbidity, stage diagnosis, combination strategies, clinical intervention",0.4
447,"role intercellular communication, testicular torsion, nanoparticle tracking analysis, mir 21 5p",0.0
447,"therapeutic strategies including, exosomes emerging, epigenetic modulation, solid cancers",0.02826086956521739
447,"transgene expression, metabolite production, study illustrates, precise genome",0.08478260869565217
447,"web science core, mean sd age, research hotspots, 28 day mortality",0.0
448,"bla ctx, spectrum lactamase esbl, sequence types sts, coli isolates",0.0
448,"details use execution, myosin motors, nascent chain, origin life",0.21739130434782608
448,"editorial emerging, author correction, g2 phase, model pd",0.01956521739130435
448,"fetal liver, stalled replication forks, pulmonary vascular, chromatin state",0.10869565217391304
448,"recent findings recent, cell multi omics, complex microbial, crispr cas based",0.0
448,"related morbidity, stage diagnosis, combination strategies, clinical intervention",0.4739130434782608
448,"role intercellular communication, testicular torsion, nanoparticle tracking analysis, mir 21 5p",0.0
448,"therapeutic strategies including, exosomes emerging, epigenetic modulation, solid cancers",0.08478260869565218
448,"transgene expression, metabolite production, study illustrates, precise genome",0.09565217391304348
448,"web science core, mean sd age, research hotspots, 28 day mortality",0.0
449,"bla ctx, spectrum lactamase esbl, sequence types sts, coli isolates",0.0
449,"details use execution, myosin motors, nascent chain, origin life",0.30434782608695654
449,"editorial emerging, author correction, g2 phase, model pd",0.002173913043478261
449,"fetal liver, stalled replication forks, pulmonary vascular, chromatin state",0.08478260869565217
449,"recent findings recent, cell multi omics, complex microbial, crispr cas based",0.0
449,"related morbidity, stage diagnosis, combination strategies, clinical intervention",0.5304347826086956
449,"role intercellular communication, testicular torsion, nanoparticle tracking analysis, mir 21 5p",0.0
449,"therapeutic strategies including, exosomes emerging, epigenetic modulation, solid cancers",0.01956521739130435
449,"transgene expression, metabolite production, study illustrates, precise genome",0.058695652173913045
449,"web science core, mean sd age, research hotspots, 28 day mortality",0.0
450,"bla ctx, spectrum lactamase esbl, sequence types sts, coli isolates",0.0
450,"details use execution, myosin motors, nascent chain, origin life",0.21739130434782608
450,"editorial emerging, author correction, g2 phase, model pd",0.01956521739130435
450,"fetal liver, stalled replication forks, pulmonary vascular, chromatin state",0.07173913043478261
450,"recent findings recent, cell multi omics, complex microbial, crispr cas based",0.0
450,"related morbidity, stage diagnosis, combination strategies, clinical intervention",0.576086956521739
450,"role intercellular communication, testicular torsion, nanoparticle tracking analysis, mir 21 5p",0.0
450,"therapeutic strategies including, exosomes emerging, epigenetic modulation, solid cancers",0.0391304347826087
450,"transgene expression, metabolite production, study illustrates, precise genome",0.07608695652173914
450,"web science core, mean sd age, research hotspots, 28 day mortality",0.0
451,"bla ctx, spectrum lactamase esbl, sequence types sts, coli isolates",0.0
451,"details use execution, myosin motors, nascent chain, origin life",0.391304347826087
451,"editorial emerging, author correction, g2 phase, model pd",0.01956521739130435
451,"fetal liver, stalled replication forks, pulmonary vascular, chromatin state",0.07173913043478261
451,"recent findings recent, cell multi omics, complex microbial, crispr cas based",0.0
451,"related morbidity, stage diagnosis, combination strategies, clinical intervention",0.42391304347826086
451,"role intercellular communication, testicular torsion, nanoparticle tracking analysis, mir 21 5p",0.0
451,"therapeutic strategies including, exosomes emerging, epigenetic modulation, solid cancers",0.02608695652173913
451,"transgene expression, metabolite production, study illustrates, precise genome",0.06739130434782609
451,"web science core, mean sd age, research hotspots, 28 day mortality",0.0
452,"bla ctx, spectrum lactamase esbl, sequence types sts, coli isolates",0.0
452,"details use execution, myosin motors, nascent chain, origin life",0.4782608695652174
452,"editorial emerging, author correction, g2 phase, model pd",0.0
452,"fetal liver, stalled replication forks, pulmonary vascular, chromatin state",0.08260869565217391
452,"recent findings recent, cell multi omics, complex microbial, crispr cas based",0.0
452,"related morbidity, stage diagnosis, combination strategies, clinical intervention",0.33695652173913043
452,"role intercellular communication, testicular torsion, nanoparticle tracking analysis, mir 21 5p",0.0
452,"therapeutic strategies including, exosomes emerging, epigenetic modulation, solid cancers",0.03695652173913044
452,"transgene expression, metabolite production, study illustrates, precise genome",0.06521739130434782
452,"web science core, mean sd age, research hotspots, 28 day mortality",0.0
453,"bla ctx, spectrum lactamase esbl, sequence types sts, coli isolates",0.0
453,"details use execution, myosin motors, nascent chain, origin life",0.4782608695652174
453,"editorial emerging, author correction, g2 phase, model pd",0.0
453,"fetal liver, stalled replication forks, pulmonary vascular, chromatin state",0.0782608695652174
453,"recent findings recent, cell multi omics, complex microbial, crispr cas based",0.0
453,"related morbidity, stage diagnosis, combination strategies, clinical intervention",0.3521739130434782
453,"role intercellular communication, testicular torsion, nanoparticle tracking analysis, mir 21 5p",0.0
453,"therapeutic strategies including, exosomes emerging, epigenetic modulation, solid cancers",0.03260869565217391
453,"transgene expression, metabolite production, study illustrates, precise genome",0.058695652173913045
453,"web science core, mean sd age, research hotspots, 28 day mortality",0.0
454,"bla ctx, spectrum lactamase esbl, sequence types sts, coli isolates",0.0
454,"details use execution, myosin motors, nascent chain, origin life",0.4782608695652174
454,"editorial emerging, author correction, g2 phase, model pd",0.0
454,"fetal liver, stalled replication forks, pulmonary vascular, chromatin state",0.049999999999999996
454,"recent findings recent, cell multi omics, complex microbial, crispr cas based",0.0
454,"related morbidity, stage diagnosis, combination strategies, clinical intervention",0.42173913043478256
454,"role intercellular communication, testicular torsion, nanoparticle tracking analysis, mir 21 5p",0.0
454,"therapeutic strategies including, exosomes emerging, epigenetic modulation, solid cancers",0.021739130434782608
454,"transgene expression, metabolite production, study illustrates, precise genome",0.028260869565217398
454,"web science core, mean sd age, research hotspots, 28 day mortality",0.0
455,"bla ctx, spectrum lactamase esbl, sequence types sts, coli isolates",0.0
455,"details use execution, myosin motors, nascent chain, origin life",0.2608695652173913
455,"editorial emerging, author correction, g2 phase, model pd",0.0
455,"fetal liver, stalled replication forks, pulmonary vascular, chromatin state",0.10652173913043479
455,"recent findings recent, cell multi omics, complex microbial, crispr cas based",0.0
455,"related morbidity, stage diagnosis, combination strategies, clinical intervention",0.5217391304347826
455,"role intercellular communication, testicular torsion, nanoparticle tracking analysis, mir 21 5p",0.0
455,"therapeutic strategies including, exosomes emerging, epigenetic modulation, solid cancers",0.03260869565217391
455,"transgene expression, metabolite production, study illustrates, precise genome",0.07826086956521738
455,"web science core, mean sd age, research hotspots, 28 day mortality",0.0
456,"bla ctx, spectrum lactamase esbl, sequence types sts, coli isolates",0.0
456,"details use execution, myosin motors, nascent chain, origin life",0.30434782608695654
456,"editorial emerging, author correction, g2 phase, model pd",0.0
456,"fetal liver, stalled replication forks, pulmonary vascular, chromatin state",0.08043478260869566
456,"recent findings recent, cell multi omics, complex microbial, crispr cas based",0.0
456,"related morbidity, stage diagnosis, combination strategies, clinical intervention",0.5021739130434782
456,"role intercellular communication, testicular torsion, nanoparticle tracking analysis, mir 21 5p",0.0
456,"therapeutic strategies including, exosomes emerging, epigenetic modulation, solid cancers",0.049999999999999996
456,"transgene expression, metabolite production, study illustrates, precise genome",0.06304347826086956
456,"web science core, mean sd age, research hotspots, 28 day mortality",0.0
457,"bla ctx, spectrum lactamase esbl, sequence types sts, coli isolates",0.0
457,"details use execution, myosin motors, nascent chain, origin life",0.34782608695652173
457,"editorial emerging, author correction, g2 phase, model pd",0.01956521739130435
457,"fetal liver, stalled replication forks, pulmonary vascular, chromatin state",0.10217391304347827
457,"recent findings recent, cell multi omics, complex microbial, crispr cas based",0.0
457,"related morbidity, stage diagnosis, combination strategies, clinical intervention",0.3869565217391305
457,"role intercellular communication, testicular torsion, nanoparticle tracking analysis, mir 21 5p",0.0
457,"therapeutic strategies including, exosomes emerging, epigenetic modulation, solid cancers",0.06521739130434782
457,"transgene expression, metabolite production, study illustrates, precise genome",0.0782608695652174
457,"web science core, mean sd age, research hotspots, 28 day mortality",0.0
458,"bla ctx, spectrum lactamase esbl, sequence types sts, coli isolates",0.0
458,"details use execution, myosin motors, nascent chain, origin life",0.34782608695652173
458,"editorial emerging, author correction, g2 phase, model pd",0.0
458,"fetal liver, stalled replication forks, pulmonary vascular, chromatin state",0.0608695652173913
458,"recent findings recent, cell multi omics, complex microbial, crispr cas based",0.0
458,"related morbidity, stage diagnosis, combination strategies, clinical intervention",0.5152173913043478
458,"role intercellular communication, testicular torsion, nanoparticle tracking analysis, mir 21 5p",0.0
458,"therapeutic strategies including, exosomes emerging, epigenetic modulation, solid cancers",0.034782608695652174
458,"transgene expression, metabolite production, study illustrates, precise genome",0.041304347826086954
458,"web science core, mean sd age, research hotspots, 28 day mortality",0.0
459,"bla ctx, spectrum lactamase esbl, sequence types sts, coli isolates",0.0
459,"details use execution, myosin motors, nascent chain, origin life",0.34782608695652173
459,"editorial emerging, author correction, g2 phase, model pd",0.0
459,"fetal liver, stalled replication forks, pulmonary vascular, chromatin state",0.07391304347826087
459,"recent findings recent, cell multi omics, complex microbial, crispr cas based",0.0
459,"related morbidity, stage diagnosis, combination strategies, clinical intervention",0.5152173913043478
459,"role intercellular communication, testicular torsion, nanoparticle tracking analysis, mir 21 5p",0.0
459,"therapeutic strategies including, exosomes emerging, epigenetic modulation, solid cancers",0.021739130434782608
459,"transgene expression, metabolite production, study illustrates, precise genome",0.04130434782608696
459,"web science core, mean sd age, research hotspots, 28 day mortality",0.0
460,"bla ctx, spectrum lactamase esbl, sequence types sts, coli isolates",0.0
460,"details use execution, myosin motors, nascent chain, origin life",0.30434782608695654
460,"editorial emerging, author correction, g2 phase, model pd",0.01956521739130435
460,"fetal liver, stalled replication forks, pulmonary vascular, chromatin state",0.08043478260869566
460,"recent findings recent, cell multi omics, complex microbial, crispr cas based",0.0
460,"related morbidity, stage diagnosis, combination strategies, clinical intervention",0.4891304347826086
460,"role intercellular communication, testicular torsion, nanoparticle tracking analysis, mir 21 5p",0.0
460,"therapeutic strategies including, exosomes emerging, epigenetic modulation, solid cancers",0.043478260869565216
460,"transgene expression, metabolite production, study illustrates, precise genome",0.06304347826086956
460,"web science core, mean sd age, research hotspots, 28 day mortality",0.0
461,"bla ctx, spectrum lactamase esbl, sequence types sts, coli isolates",0.0
461,"details use execution, myosin motors, nascent chain, origin life",0.391304347826087
461,"editorial emerging, author correction, g2 phase, model pd",0.0
461,"fetal liver, stalled replication forks, pulmonary vascular, chromatin state",0.06304347826086958
461,"recent findings recent, cell multi omics, complex microbial, crispr cas based",0.0
461,"related morbidity, stage diagnosis, combination strategies, clinical intervention",0.4739130434782608
461,"role intercellular communication, testicular torsion, nanoparticle tracking analysis, mir 21 5p",0.0
461,"therapeutic strategies including, exosomes emerging, epigenetic modulation, solid cancers",0.021739130434782608
461,"transgene expression, metabolite production, study illustrates, precise genome",0.05
461,"web science core, mean sd age, research hotspots, 28 day mortality",0.0
462,"bla ctx, spectrum lactamase esbl, sequence types sts, coli isolates",0.0
462,"details use execution, myosin motors, nascent chain, origin life",0.30434782608695654
462,"editorial emerging, author correction, g2 phase, model pd",0.0
462,"fetal liver, stalled replication forks, pulmonary vascular, chromatin state",0.058695652173913045
462,"recent findings recent, cell multi omics, complex microbial, crispr cas based",0.0
462,"related morbidity, stage diagnosis, combination strategies, clinical intervention",0.5130434782608695
462,"role intercellular communication, testicular torsion, nanoparticle tracking analysis, mir 21 5p",0.0
462,"therapeutic strategies including, exosomes emerging, epigenetic modulation, solid cancers",0.06521739130434782
462,"transgene expression, metabolite production, study illustrates, precise genome",0.058695652173913045
462,"web science core, mean sd age, research hotspots, 28 day mortality",0.0
463,"bla ctx, spectrum lactamase esbl, sequence types sts, coli isolates",0.0
463,"details use execution, myosin motors, nascent chain, origin life",0.30434782608695654
463,"editorial emerging, author correction, g2 phase, model pd",0.01956521739130435
463,"fetal liver, stalled replication forks, pulmonary vascular, chromatin state",0.08913043478260871
463,"recent findings recent, cell multi omics, complex microbial, crispr cas based",0.0
463,"related morbidity, stage diagnosis, combination strategies, clinical intervention",0.44782608695652176
463,"role intercellular communication, testicular torsion, nanoparticle tracking analysis, mir 21 5p",0.0
463,"therapeutic strategies including, exosomes emerging, epigenetic modulation, solid cancers",0.049999999999999996
463,"transgene expression, metabolite production, study illustrates, precise genome",0.0891304347826087
463,"web science core, mean sd age, research hotspots, 28 day mortality",0.0
464,"bla ctx, spectrum lactamase esbl, sequence types sts, coli isolates",0.0
464,"details use execution, myosin motors, nascent chain, origin life",0.2608695652173913
464,"editorial emerging, author correction, g2 phase, model pd",0.0
464,"fetal liver, stalled replication forks, pulmonary vascular, chromatin state",0.10869565217391307
464,"recent findings recent, cell multi omics, complex microbial, crispr cas based",0.0
464,"related morbidity, stage diagnosis, combination strategies, clinical intervention",0.5065217391304347
464,"role intercellular communication, testicular torsion, nanoparticle tracking analysis, mir 21 5p",0.0
464,"therapeutic strategies including, exosomes emerging, epigenetic modulation, solid cancers",0.05434782608695652
464,"transgene expression, metabolite production, study illustrates, precise genome",0.06956521739130435
464,"web science core, mean sd age, research hotspots, 28 day mortality",0.0
465,"bla ctx, spectrum lactamase esbl, sequence types sts, coli isolates",0.0
465,"details use execution, myosin motors, nascent chain, origin life",0.391304347826087
465,"editorial emerging, author correction, g2 phase, model pd",0.0
465,"fetal liver, stalled replication forks, pulmonary vascular, chromatin state",0.0391304347826087
465,"recent findings recent, cell multi omics, complex microbial, crispr cas based",0.0
465,"related morbidity, stage diagnosis, combination strategies, clinical intervention",0.508695652173913
465,"role intercellular communication, testicular torsion, nanoparticle tracking analysis, mir 21 5p",0.0
465,"therapeutic strategies including, exosomes emerging, epigenetic modulation, solid cancers",0.02608695652173913
465,"transgene expression, metabolite production, study illustrates, precise genome",0.034782608695652174
465,"web science core, mean sd age, research hotspots, 28 day mortality",0.0
466,"bla ctx, spectrum lactamase esbl, sequence types sts, coli isolates",0.0
466,"details use execution, myosin motors, nascent chain, origin life",0.5217391304347826
466,"editorial emerging, author correction, g2 phase, model pd",0.0
466,"fetal liver, stalled replication forks, pulmonary vascular, chromatin state",0.06521739130434782
466,"recent findings recent, cell multi omics, complex microbial, crispr cas based",0.0
466,"related morbidity, stage diagnosis, combination strategies, clinical intervention",0.3608695652173913
466,"role intercellular communication, testicular torsion, nanoparticle tracking analysis, mir 21 5p",0.0
466,"therapeutic strategies including, exosomes emerging, epigenetic modulation, solid cancers",0.002173913043478261
466,"transgene expression, metabolite production, study illustrates, precise genome",0.05
466,"web science core, mean sd age, research hotspots, 28 day mortality",0.0
467,"bla ctx, spectrum lactamase esbl, sequence types sts, coli isolates",0.0
467,"details use execution, myosin motors, nascent chain, origin life",0.30434782608695654
467,"editorial emerging, author correction, g2 phase, model pd",0.0
467,"fetal liver, stalled replication forks, pulmonary vascular, chromatin state",0.09130434782608696
467,"recent findings recent, cell multi omics, complex microbial, crispr cas based",0.0
467,"related morbidity, stage diagnosis, combination strategies, clinical intervention",0.4934782608695652
467,"role intercellular communication, testicular torsion, nanoparticle tracking analysis, mir 21 5p",0.0
467,"therapeutic strategies including, exosomes emerging, epigenetic modulation, solid cancers",0.0391304347826087
467,"transgene expression, metabolite production, study illustrates, precise genome",0.07173913043478262
467,"web science core, mean sd age, research hotspots, 28 day mortality",0.0
468,"bla ctx, spectrum lactamase esbl, sequence types sts, coli isolates",0.0
468,"details use execution, myosin motors, nascent chain, origin life",0.43478260869565216
468,"editorial emerging, author correction, g2 phase, model pd",0.002173913043478261
468,"fetal liver, stalled replication forks, pulmonary vascular, chromatin state",0.08043478260869566
468,"recent findings recent, cell multi omics, complex microbial, crispr cas based",0.0
468,"related morbidity, stage diagnosis, combination strategies, clinical intervention",0.3695652173913043
468,"role intercellular communication, testicular torsion, nanoparticle tracking analysis, mir 21 5p",0.0
468,"therapeutic strategies including, exosomes emerging, epigenetic modulation, solid cancers",0.05434782608695652
468,"transgene expression, metabolite production, study illustrates, precise genome",0.058695652173913045
468,"web science core, mean sd age, research hotspots, 28 day mortality",0.0
469,"bla ctx, spectrum lactamase esbl, sequence types sts, coli isolates",0.0
469,"details use execution, myosin motors, nascent chain, origin life",0.34782608695652173
469,"editorial emerging, author correction, g2 phase, model pd",0.002173913043478261
469,"fetal liver, stalled replication forks, pulmonary vascular, chromatin state",0.056521739130434796
469,"recent findings recent, cell multi omics, complex microbial, crispr cas based",0.0
469,"related morbidity, stage diagnosis, combination strategies, clinical intervention",0.5086956521739131
469,"role intercellular communication, testicular torsion, nanoparticle tracking analysis, mir 21 5p",0.0
469,"therapeutic strategies including, exosomes emerging, epigenetic modulation, solid cancers",0.02826086956521739
469,"transgene expression, metabolite production, study illustrates, precise genome",0.056521739130434796
469,"web science core, mean sd age, research hotspots, 28 day mortality",0.0
470,"bla ctx, spectrum lactamase esbl, sequence types sts, coli isolates",0.0
470,"details use execution, myosin motors, nascent chain, origin life",0.2608695652173913
470,"editorial emerging, author correction, g2 phase, model pd",0.002173913043478261
470,"fetal liver, stalled replication forks, pulmonary vascular, chromatin state",0.06521739130434782
470,"recent findings recent, cell multi omics, complex microbial, crispr cas based",0.0
470,"related morbidity, stage diagnosis, combination strategies, clinical intervention",0.5478260869565219
470,"role intercellular communication, testicular torsion, nanoparticle tracking analysis, mir 21 5p",0.0
470,"therapeutic strategies including, exosomes emerging, epigenetic modulation, solid cancers",0.06521739130434782
470,"transgene expression, metabolite production, study illustrates, precise genome",0.058695652173913045
470,"web science core, mean sd age, research hotspots, 28 day mortality",0.0
471,"bla ctx, spectrum lactamase esbl, sequence types sts, coli isolates",0.0
471,"details use execution, myosin motors, nascent chain, origin life",0.43478260869565216
471,"editorial emerging, author correction, g2 phase, model pd",0.0
471,"fetal liver, stalled replication forks, pulmonary vascular, chromatin state",0.05217391304347826
471,"recent findings recent, cell multi omics, complex microbial, crispr cas based",0.0
471,"related morbidity, stage diagnosis, combination strategies, clinical intervention",0.43043478260869567
471,"role intercellular communication, testicular torsion, nanoparticle tracking analysis, mir 21 5p",0.0
471,"therapeutic strategies including, exosomes emerging, epigenetic modulation, solid cancers",0.04565217391304348
471,"transgene expression, metabolite production, study illustrates, precise genome",0.03695652173913044
471,"web science core, mean sd age, research hotspots, 28 day mortality",0.0
472,"bla ctx, spectrum lactamase esbl, sequence types sts, coli isolates",0.0
472,"details use execution, myosin motors, nascent chain, origin life",0.43478260869565216
472,"editorial emerging, author correction, g2 phase, model pd",0.0
472,"fetal liver, stalled replication forks, pulmonary vascular, chromatin state",0.021739130434782608
472,"recent findings recent, cell multi omics, complex microbial, crispr cas based",0.0
472,"related morbidity, stage diagnosis, combination strategies, clinical intervention",0.49999999999999994
472,"role intercellular communication, testicular torsion, nanoparticle tracking analysis, mir 21 5p",0.0
472,"therapeutic strategies including, exosomes emerging, epigenetic modulation, solid cancers",0.03043478260869565
472,"transgene expression, metabolite production, study illustrates, precise genome",0.013043478260869565
472,"web science core, mean sd age, research hotspots, 28 day mortality",0.0
473,"bla ctx, spectrum lactamase esbl, sequence types sts, coli isolates",0.0
473,"details use execution, myosin motors, nascent chain, origin life",0.2608695652173913
473,"editorial emerging, author correction, g2 phase, model pd",0.01956521739130435
473,"fetal liver, stalled replication forks, pulmonary vascular, chromatin state",0.07391304347826089
473,"recent findings recent, cell multi omics, complex microbial, crispr cas based",0.0
473,"related morbidity, stage diagnosis, combination strategies, clinical intervention",0.5304347826086956
473,"role intercellular communication, testicular torsion, nanoparticle tracking analysis, mir 21 5p",0.0
473,"therapeutic strategies including, exosomes emerging, epigenetic modulation, solid cancers",0.04130434782608696
473,"transgene expression, metabolite production, study illustrates, precise genome",0.07391304347826087
473,"web science core, mean sd age, research hotspots, 28 day mortality",0.0
474,"bla ctx, spectrum lactamase esbl, sequence types sts, coli isolates",0.0
474,"details use execution, myosin motors, nascent chain, origin life",0.21739130434782608
474,"editorial emerging, author correction, g2 phase, model pd",0.002173913043478261
474,"fetal liver, stalled replication forks, pulmonary vascular, chromatin state",0.06521739130434782
474,"recent findings recent, cell multi omics, complex microbial, crispr cas based",0.0
474,"related morbidity, stage diagnosis, combination strategies, clinical intervention",0.6304347826086956
474,"role intercellular communication, testicular torsion, nanoparticle tracking analysis, mir 21 5p",0.0
474,"therapeutic strategies including, exosomes emerging, epigenetic modulation, solid cancers",0.03260869565217391
474,"transgene expression, metabolite production, study illustrates, precise genome",0.05217391304347827
474,"web science core, mean sd age, research hotspots, 28 day mortality",0.0
475,"bla ctx, spectrum lactamase esbl, sequence types sts, coli isolates",0.0
475,"details use execution, myosin motors, nascent chain, origin life",0.391304347826087
475,"editorial emerging, author correction, g2 phase, model pd",0.002173913043478261
475,"fetal liver, stalled replication forks, pulmonary vascular, chromatin state",0.043478260869565216
475,"recent findings recent, cell multi omics, complex microbial, crispr cas based",0.0
475,"related morbidity, stage diagnosis, combination strategies, clinical intervention",0.4847826086956521
475,"role intercellular communication, testicular torsion, nanoparticle tracking analysis, mir 21 5p",0.0
475,"therapeutic strategies including, exosomes emerging, epigenetic modulation, solid cancers",0.05217391304347827
475,"transgene expression, metabolite production, study illustrates, precise genome",0.026086956521739136
475,"web science core, mean sd age, research hotspots, 28 day mortality",0.0
476,"bla ctx, spectrum lactamase esbl, sequence types sts, coli isolates",0.0
476,"details use execution, myosin motors, nascent chain, origin life",0.4782608695652174
476,"editorial emerging, author correction, g2 phase, model pd",0.0
476,"fetal liver, stalled replication forks, pulmonary vascular, chromatin state",0.11086956521739132
476,"recent findings recent, cell multi omics, complex microbial, crispr cas based",0.0
476,"related morbidity, stage diagnosis, combination strategies, clinical intervention",0.31521739130434784
476,"role intercellular communication, testicular torsion, nanoparticle tracking analysis, mir 21 5p",0.0
476,"therapeutic strategies including, exosomes emerging, epigenetic modulation, solid cancers",0.01956521739130435
476,"transgene expression, metabolite production, study illustrates, precise genome",0.07608695652173914
476,"web science core, mean sd age, research hotspots, 28 day mortality",0.0
477,"bla ctx, spectrum lactamase esbl, sequence types sts, coli isolates",0.0
477,"details use execution, myosin motors, nascent chain, origin life",0.391304347826087
477,"editorial emerging, author correction, g2 phase, model pd",0.0
477,"fetal liver, stalled replication forks, pulmonary vascular, chromatin state",0.10869565217391304
477,"recent findings recent, cell multi omics, complex microbial, crispr cas based",0.0
477,"related morbidity, stage diagnosis, combination strategies, clinical intervention",0.41086956521739126
477,"role intercellular communication, testicular torsion, nanoparticle tracking analysis, mir 21 5p",0.0
477,"therapeutic strategies including, exosomes emerging, epigenetic modulation, solid cancers",0.026086956521739136
477,"transgene expression, metabolite production, study illustrates, precise genome",0.06304347826086956
477,"web science core, mean sd age, research hotspots, 28 day mortality",0.0
478,"bla ctx, spectrum lactamase esbl, sequence types sts, coli isolates",0.0
478,"details use execution, myosin motors, nascent chain, origin life",0.2608695652173913
478,"editorial emerging, author correction, g2 phase, model pd",0.01956521739130435
478,"fetal liver, stalled replication forks, pulmonary vascular, chromatin state",0.06521739130434784
478,"recent findings recent, cell multi omics, complex microbial, crispr cas based",0.0
478,"related morbidity, stage diagnosis, combination strategies, clinical intervention",0.5108695652173914
478,"role intercellular communication, testicular torsion, nanoparticle tracking analysis, mir 21 5p",0.0
478,"therapeutic strategies including, exosomes emerging, epigenetic modulation, solid cancers",0.07391304347826087
478,"transgene expression, metabolite production, study illustrates, precise genome",0.06956521739130436
478,"web science core, mean sd age, research hotspots, 28 day mortality",0.0
479,"bla ctx, spectrum lactamase esbl, sequence types sts, coli isolates",0.0
479,"details use execution, myosin motors, nascent chain, origin life",0.2608695652173913
479,"editorial emerging, author correction, g2 phase, model pd",0.021739130434782608
479,"fetal liver, stalled replication forks, pulmonary vascular, chromatin state",0.08043478260869566
479,"recent findings recent, cell multi omics, complex microbial, crispr cas based",0.0
479,"related morbidity, stage diagnosis, combination strategies, clinical intervention",0.5347826086956522
479,"role intercellular communication, testicular torsion, nanoparticle tracking analysis, mir 21 5p",0.0
479,"therapeutic strategies including, exosomes emerging, epigenetic modulation, solid cancers",0.03695652173913044
479,"transgene expression, metabolite production, study illustrates, precise genome",0.06521739130434782
479,"web science core, mean sd age, research hotspots, 28 day mortality",0.0
480,"bla ctx, spectrum lactamase esbl, sequence types sts, coli isolates",0.0
480,"details use execution, myosin motors, nascent chain, origin life",0.17391304347826086
480,"editorial emerging, author correction, g2 phase, model pd",0.002173913043478261
480,"fetal liver, stalled replication forks, pulmonary vascular, chromatin state",0.09347826086956523
480,"recent findings recent, cell multi omics, complex microbial, crispr cas based",0.0
480,"related morbidity, stage diagnosis, combination strategies, clinical intervention",0.591304347826087
480,"role intercellular communication, testicular torsion, nanoparticle tracking analysis, mir 21 5p",0.0
480,"therapeutic strategies including, exosomes emerging, epigenetic modulation, solid cancers",0.049999999999999996
480,"transgene expression, metabolite production, study illustrates, precise genome",0.08913043478260871
480,"web science core, mean sd age, research hotspots, 28 day mortality",0.0
481,"bla ctx, spectrum lactamase esbl, sequence types sts, coli isolates",0.0
481,"details use execution, myosin motors, nascent chain, origin life",0.34782608695652173
481,"editorial emerging, author correction, g2 phase, model pd",0.01956521739130435
481,"fetal liver, stalled replication forks, pulmonary vascular, chromatin state",0.05
481,"recent findings recent, cell multi omics, complex microbial, crispr cas based",0.0
481,"related morbidity, stage diagnosis, combination strategies, clinical intervention",0.4739130434782609
481,"role intercellular communication, testicular torsion, nanoparticle tracking analysis, mir 21 5p",0.0
481,"therapeutic strategies including, exosomes emerging, epigenetic modulation, solid cancers",0.047826086956521734
481,"transgene expression, metabolite production, study illustrates, precise genome",0.06086956521739131
481,"web science core, mean sd age, research hotspots, 28 day mortality",0.0
482,"bla ctx, spectrum lactamase esbl, sequence types sts, coli isolates",0.0
482,"details use execution, myosin motors, nascent chain, origin life",0.30434782608695654
482,"editorial emerging, author correction, g2 phase, model pd",0.0
482,"fetal liver, stalled replication forks, pulmonary vascular, chromatin state",0.09565217391304348
482,"recent findings recent, cell multi omics, complex microbial, crispr cas based",0.0
482,"related morbidity, stage diagnosis, combination strategies, clinical intervention",0.5239130434782608
482,"role intercellular communication, testicular torsion, nanoparticle tracking analysis, mir 21 5p",0.0
482,"therapeutic strategies including, exosomes emerging, epigenetic modulation, solid cancers",0.017391304347826087
482,"transgene expression, metabolite production, study illustrates, precise genome",0.058695652173913045
482,"web science core, mean sd age, research hotspots, 28 day mortality",0.0
483,"bla ctx, spectrum lactamase esbl, sequence types sts, coli isolates",0.0
483,"details use execution, myosin motors, nascent chain, origin life",0.4782608695652174
483,"editorial emerging, author correction, g2 phase, model pd",0.0
483,"fetal liver, stalled replication forks, pulmonary vascular, chromatin state",0.058695652173913045
483,"recent findings recent, cell multi omics, complex microbial, crispr cas based",0.0
483,"related morbidity, stage diagnosis, combination strategies, clinical intervention",0.3891304347826087
483,"role intercellular communication, testicular torsion, nanoparticle tracking analysis, mir 21 5p",0.0
483,"therapeutic strategies including, exosomes emerging, epigenetic modulation, solid cancers",0.03043478260869565
483,"transgene expression, metabolite production, study illustrates, precise genome",0.04347826086956523
483,"web science core, mean sd age, research hotspots, 28 day mortality",0.0
484,"bla ctx, spectrum lactamase esbl, sequence types sts, coli isolates",0.0
484,"details use execution, myosin motors, nascent chain, origin life",0.2608695652173913
484,"editorial emerging, author correction, g2 phase, model pd",0.002173913043478261
484,"fetal liver, stalled replication forks, pulmonary vascular, chromatin state",0.09347826086956522
484,"recent findings recent, cell multi omics, complex microbial, crispr cas based",0.0
484,"related morbidity, stage diagnosis, combination strategies, clinical intervention",0.55
484,"role intercellular communication, testicular torsion, nanoparticle tracking analysis, mir 21 5p",0.0
484,"therapeutic strategies including, exosomes emerging, epigenetic modulation, solid cancers",0.013043478260869568
484,"transgene expression, metabolite production, study illustrates, precise genome",0.08043478260869565
484,"web science core, mean sd age, research hotspots, 28 day mortality",0.0
485,"bla ctx, spectrum lactamase esbl, sequence types sts, coli isolates",0.0
485,"details use execution, myosin motors, nascent chain, origin life",0.30434782608695654
485,"editorial emerging, author correction, g2 phase, model pd",0.0
485,"fetal liver, stalled replication forks, pulmonary vascular, chromatin state",0.0782608695652174
485,"recent findings recent, cell multi omics, complex microbial, crispr cas based",0.0
485,"related morbidity, stage diagnosis, combination strategies, clinical intervention",0.5543478260869567
485,"role intercellular communication, testicular torsion, nanoparticle tracking analysis, mir 21 5p",0.0
485,"therapeutic strategies including, exosomes emerging, epigenetic modulation, solid cancers",0.02391304347826087
485,"transgene expression, metabolite production, study illustrates, precise genome",0.0391304347826087
485,"web science core, mean sd age, research hotspots, 28 day mortality",0.0
486,"bla ctx, spectrum lactamase esbl, sequence types sts, coli isolates",0.0
486,"details use execution, myosin motors, nascent chain, origin life",0.2608695652173913
486,"editorial emerging, author correction, g2 phase, model pd",0.0
486,"fetal liver, stalled replication forks, pulmonary vascular, chromatin state",0.08478260869565218
486,"recent findings recent, cell multi omics, complex microbial, crispr cas based",0.0
486,"related morbidity, stage diagnosis, combination strategies, clinical intervention",0.5434782608695652
486,"role intercellular communication, testicular torsion, nanoparticle tracking analysis, mir 21 5p",0.0
486,"therapeutic strategies including, exosomes emerging, epigenetic modulation, solid cancers",0.05434782608695652
486,"transgene expression, metabolite production, study illustrates, precise genome",0.056521739130434796
486,"web science core, mean sd age, research hotspots, 28 day mortality",0.0
487,"bla ctx, spectrum lactamase esbl, sequence types sts, coli isolates",0.0
487,"details use execution, myosin motors, nascent chain, origin life",0.30434782608695654
487,"editorial emerging, author correction, g2 phase, model pd",0.0
487,"fetal liver, stalled replication forks, pulmonary vascular, chromatin state",0.10869565217391303
487,"recent findings recent, cell multi omics, complex microbial, crispr cas based",0.0
487,"related morbidity, stage diagnosis, combination strategies, clinical intervention",0.41304347826086957
487,"role intercellular communication, testicular torsion, nanoparticle tracking analysis, mir 21 5p",0.0
487,"therapeutic strategies including, exosomes emerging, epigenetic modulation, solid cancers",0.07173913043478261
487,"transgene expression, metabolite production, study illustrates, precise genome",0.10217391304347827
487,"web science core, mean sd age, research hotspots, 28 day mortality",0.0
488,"bla ctx, spectrum lactamase esbl, sequence types sts, coli isolates",0.0
488,"details use execution, myosin motors, nascent chain, origin life",0.34782608695652173
488,"editorial emerging, author correction, g2 phase, model pd",0.01956521739130435
488,"fetal liver, stalled replication forks, pulmonary vascular, chromatin state",0.0608695652173913
488,"recent findings recent, cell multi omics, complex microbial, crispr cas based",0.0
488,"related morbidity, stage diagnosis, combination strategies, clinical intervention",0.47173913043478266
488,"role intercellular communication, testicular torsion, nanoparticle tracking analysis, mir 21 5p",0.0
488,"therapeutic strategies including, exosomes emerging, epigenetic modulation, solid cancers",0.04782608695652174
488,"transgene expression, metabolite production, study illustrates, precise genome",0.05217391304347827
488,"web science core, mean sd age, research hotspots, 28 day mortality",0.0
489,"bla ctx, spectrum lactamase esbl, sequence types sts, coli isolates",0.0
489,"details use execution, myosin motors, nascent chain, origin life",0.2608695652173913
489,"editorial emerging, author correction, g2 phase, model pd",0.01956521739130435
489,"fetal liver, stalled replication forks, pulmonary vascular, chromatin state",0.09347826086956522
489,"recent findings recent, cell multi omics, complex microbial, crispr cas based",0.0
489,"related morbidity, stage diagnosis, combination strategies, clinical intervention",0.4717391304347826
489,"role intercellular communication, testicular torsion, nanoparticle tracking analysis, mir 21 5p",0.0
489,"therapeutic strategies including, exosomes emerging, epigenetic modulation, solid cancers",0.08043478260869566
489,"transgene expression, metabolite production, study illustrates, precise genome",0.07391304347826087
489,"web science core, mean sd age, research hotspots, 28 day mortality",0.0
490,"bla ctx, spectrum lactamase esbl, sequence types sts, coli isolates",0.0
490,"details use execution, myosin motors, nascent chain, origin life",0.43478260869565216
490,"editorial emerging, author correction, g2 phase, model pd",0.0
490,"fetal liver, stalled replication forks, pulmonary vascular, chromatin state",0.11304347826086955
490,"recent findings recent, cell multi omics, complex microbial, crispr cas based",0.0
490,"related morbidity, stage diagnosis, combination strategies, clinical intervention",0.34130434782608693
490,"role intercellular communication, testicular torsion, nanoparticle tracking analysis, mir 21 5p",0.0
490,"therapeutic strategies including, exosomes emerging, epigenetic modulation, solid cancers",0.015217391304347825
490,"transgene expression, metabolite production, study illustrates, precise genome",0.09565217391304348
490,"web science core, mean sd age, research hotspots, 28 day mortality",0.0
491,"bla ctx, spectrum lactamase esbl, sequence types sts, coli isolates",0.0
491,"details use execution, myosin motors, nascent chain, origin life",0.2608695652173913
491,"editorial emerging, author correction, g2 phase, model pd",0.0
491,"fetal liver, stalled replication forks, pulmonary vascular, chromatin state",0.14565217391304347
491,"recent findings recent, cell multi omics, complex microbial, crispr cas based",0.0
491,"related morbidity, stage diagnosis, combination strategies, clinical intervention",0.43695652173913047
491,"role intercellular communication, testicular torsion, nanoparticle tracking analysis, mir 21 5p",0.0
491,"therapeutic strategies including, exosomes emerging, epigenetic modulation, solid cancers",0.058695652173913045
491,"transgene expression, metabolite production, study illustrates, precise genome",0.09782608695652174
491,"web science core, mean sd age, research hotspots, 28 day mortality",0.0
492,"bla ctx, spectrum lactamase esbl, sequence types sts, coli isolates",0.0
492,"details use execution, myosin motors, nascent chain, origin life",0.17391304347826086
492,"editorial emerging, author correction, g2 phase, model pd",0.002173913043478261
492,"fetal liver, stalled replication forks, pulmonary vascular, chromatin state",0.14130434782608695
492,"recent findings recent, cell multi omics, complex microbial, crispr cas based",0.0
492,"related morbidity, stage diagnosis, combination strategies, clinical intervention",0.5413043478260869
492,"role intercellular communication, testicular torsion, nanoparticle tracking analysis, mir 21 5p",0.0
492,"therapeutic strategies including, exosomes emerging, epigenetic modulation, solid cancers",0.043478260869565216
492,"transgene expression, metabolite production, study illustrates, precise genome",0.09782608695652174
492,"web science core, mean sd age, research hotspots, 28 day mortality",0.0
493,"bla ctx, spectrum lactamase esbl, sequence types sts, coli isolates",0.0
493,"details use execution, myosin motors, nascent chain, origin life",0.391304347826087
493,"editorial emerging, author correction, g2 phase, model pd",0.0
493,"fetal liver, stalled replication forks, pulmonary vascular, chromatin state",0.06739130434782609
493,"recent findings recent, cell multi omics, complex microbial, crispr cas based",0.0
493,"related morbidity, stage diagnosis, combination strategies, clinical intervention",0.4608695652173913
493,"role intercellular communication, testicular torsion, nanoparticle tracking analysis, mir 21 5p",0.0
493,"therapeutic strategies including, exosomes emerging, epigenetic modulation, solid cancers",0.034782608695652174
493,"transgene expression, metabolite production, study illustrates, precise genome",0.04565217391304348
493,"web science core, mean sd age, research hotspots, 28 day mortality",0.0
494,"bla ctx, spectrum lactamase esbl, sequence types sts, coli isolates",0.0
494,"details use execution, myosin motors, nascent chain, origin life",0.34782608695652173
494,"editorial emerging, author correction, g2 phase, model pd",0.021739130434782608
494,"fetal liver, stalled replication forks, pulmonary vascular, chromatin state",0.09130434782608696
494,"recent findings recent, cell multi omics, complex microbial, crispr cas based",0.0
494,"related morbidity, stage diagnosis, combination strategies, clinical intervention",0.38043478260869557
494,"role intercellular communication, testicular torsion, nanoparticle tracking analysis, mir 21 5p",0.0
494,"therapeutic strategies including, exosomes emerging, epigenetic modulation, solid cancers",0.08478260869565217
494,"transgene expression, metabolite production, study illustrates, precise genome",0.07391304347826087
494,"web science core, mean sd age, research hotspots, 28 day mortality",0.0
495,"bla ctx, spectrum lactamase esbl, sequence types sts, coli isolates",0.0
495,"details use execution, myosin motors, nascent chain, origin life",0.34782608695652173
495,"editorial emerging, author correction, g2 phase, model pd",0.0
495,"fetal liver, stalled replication forks, pulmonary vascular, chromatin state",0.06956521739130435
495,"recent findings recent, cell multi omics, complex microbial, crispr cas based",0.0
495,"related morbidity, stage diagnosis, combination strategies, clinical intervention",0.43478260869565216
495,"role intercellular communication, testicular torsion, nanoparticle tracking analysis, mir 21 5p",0.0
495,"therapeutic strategies including, exosomes emerging, epigenetic modulation, solid cancers",0.09565217391304347
495,"transgene expression, metabolite production, study illustrates, precise genome",0.05217391304347826
495,"web science core, mean sd age, research hotspots, 28 day mortality",0.0
496,"bla ctx, spectrum lactamase esbl, sequence types sts, coli isolates",0.0
496,"details use execution, myosin motors, nascent chain, origin life",0.391304347826087
496,"editorial emerging, author correction, g2 phase, model pd",0.002173913043478261
496,"fetal liver, stalled replication forks, pulmonary vascular, chromatin state",0.034782608695652174
496,"recent findings recent, cell multi omics, complex microbial, crispr cas based",0.0
496,"related morbidity, stage diagnosis, combination strategies, clinical intervention",0.5282608695652175
496,"role intercellular communication, testicular torsion, nanoparticle tracking analysis, mir 21 5p",0.0
496,"therapeutic strategies including, exosomes emerging, epigenetic modulation, solid cancers",0.01956521739130435
496,"transgene expression, metabolite production, study illustrates, precise genome",0.023913043478260867
496,"web science core, mean sd age, research hotspots, 28 day mortality",0.0
497,"bla ctx, spectrum lactamase esbl, sequence types sts, coli isolates",0.0
497,"details use execution, myosin motors, nascent chain, origin life",0.391304347826087
497,"editorial emerging, author correction, g2 phase, model pd",0.0
497,"fetal liver, stalled replication forks, pulmonary vascular, chromatin state",0.017391304347826087
497,"recent findings recent, cell multi omics, complex microbial, crispr cas based",0.0
497,"related morbidity, stage diagnosis, combination strategies, clinical intervention",0.5304347826086957
497,"role intercellular communication, testicular torsion, nanoparticle tracking analysis, mir 21 5p",0.0
497,"therapeutic strategies including, exosomes emerging, epigenetic modulation, solid cancers",0.04782608695652174
497,"transgene expression, metabolite production, study illustrates, precise genome",0.013043478260869565
497,"web science core, mean sd age, research hotspots, 28 day mortality",0.0
498,"bla ctx, spectrum lactamase esbl, sequence types sts, coli isolates",0.0
498,"details use execution, myosin motors, nascent chain, origin life",0.21739130434782608
498,"editorial emerging, author correction, g2 phase, model pd",0.0
498,"fetal liver, stalled replication forks, pulmonary vascular, chromatin state",0.09999999999999999
498,"recent findings recent, cell multi omics, complex microbial, crispr cas based",0.0
498,"related morbidity, stage diagnosis, combination strategies, clinical intervention",0.5804347826086957
498,"role intercellular communication, testicular torsion, nanoparticle tracking analysis, mir 21 5p",0.0
498,"therapeutic strategies including, exosomes emerging, epigenetic modulation, solid cancers",0.058695652173913045
498,"transgene expression, metabolite production, study illustrates, precise genome",0.043478260869565216
498,"web science core, mean sd age, research hotspots, 28 day mortality",0.0
499,"bla ctx, spectrum lactamase esbl, sequence types sts, coli isolates",0.0
499,"details use execution, myosin motors, nascent chain, origin life",0.43478260869565216
499,"editorial emerging, author correction, g2 phase, model pd",0.0
499,"fetal liver, stalled replication forks, pulmonary vascular, chromatin state",0.04782608695652174
499,"recent findings recent, cell multi omics, complex microbial, crispr cas based",0.0
499,"related morbidity, stage diagnosis, combination strategies, clinical intervention",0.4108695652173914
499,"role intercellular communication, testicular torsion, nanoparticle tracking analysis, mir 21 5p",0.0
499,"therapeutic strategies including, exosomes emerging, epigenetic modulation, solid cancers",0.06086956521739131
499,"transgene expression, metabolite production, study illustrates, precise genome",0.04565217391304348
499,"web science core, mean sd age, research hotspots, 28 day mortality",0.0
500,"bla ctx, spectrum lactamase esbl, sequence types sts, coli isolates",0.0
500,"details use execution, myosin motors, nascent chain, origin life",0.43478260869565216
500,"editorial emerging, author correction, g2 phase, model pd",0.002173913043478261
500,"fetal liver, stalled replication forks, pulmonary vascular, chromatin state",0.05
500,"recent findings recent, cell multi omics, complex microbial, crispr cas based",0.0
500,"related morbidity, stage diagnosis, combination strategies, clinical intervention",0.43260869565217386
500,"role intercellular communication, testicular torsion, nanoparticle tracking analysis, mir 21 5p",0.0
500,"therapeutic strategies including, exosomes emerging, epigenetic modulation, solid cancers",0.041304347826086954
500,"transgene expression, metabolite production, study illustrates, precise genome",0.0391304347826087
500,"web science core, mean sd age, research hotspots, 28 day mortality",0.0
501,"bla ctx, spectrum lactamase esbl, sequence types sts, coli isolates",0.0
501,"details use execution, myosin motors, nascent chain, origin life",0.21739130434782608
501,"editorial emerging, author correction, g2 phase, model pd",0.0
501,"fetal liver, stalled replication forks, pulmonary vascular, chromatin state",0.12608695652173912
501,"recent findings recent, cell multi omics, complex microbial, crispr cas based",0.0
501,"related morbidity, stage diagnosis, combination strategies, clinical intervention",0.4934782608695652
501,"role intercellular communication, testicular torsion, nanoparticle tracking analysis, mir 21 5p",0.0
501,"therapeutic strategies including, exosomes emerging, epigenetic modulation, solid cancers",0.04782608695652174
501,"transgene expression, metabolite production, study illustrates, precise genome",0.1152173913043478
501,"web science core, mean sd age, research hotspots, 28 day mortality",0.0
502,"bla ctx, spectrum lactamase esbl, sequence types sts, coli isolates",0.0
502,"details use execution, myosin motors, nascent chain, origin life",0.17391304347826086
502,"editorial emerging, author correction, g2 phase, model pd",0.01956521739130435
502,"fetal liver, stalled replication forks, pulmonary vascular, chromatin state",0.058695652173913045
502,"recent findings recent, cell multi omics, complex microbial, crispr cas based",0.0
502,"related morbidity, stage diagnosis, combination strategies, clinical intervention",0.6521739130434782
502,"role intercellular communication, testicular torsion, nanoparticle tracking analysis, mir 21 5p",0.0
502,"therapeutic strategies including, exosomes emerging, epigenetic modulation, solid cancers",0.019565217391304346
502,"transgene expression, metabolite production, study illustrates, precise genome",0.07608695652173914
502,"web science core, mean sd age, research hotspots, 28 day mortality",0.0
503,"bla ctx, spectrum lactamase esbl, sequence types sts, coli isolates",0.0
503,"details use execution, myosin motors, nascent chain, origin life",0.17391304347826086
503,"editorial emerging, author correction, g2 phase, model pd",0.0
503,"fetal liver, stalled replication forks, pulmonary vascular, chromatin state",0.09782608695652174
503,"recent findings recent, cell multi omics, complex microbial, crispr cas based",0.0
503,"related morbidity, stage diagnosis, combination strategies, clinical intervention",0.5934782608695652
503,"role intercellular communication, testicular torsion, nanoparticle tracking analysis, mir 21 5p",0.0
503,"therapeutic strategies including, exosomes emerging, epigenetic modulation, solid cancers",0.06304347826086958
503,"transgene expression, metabolite production, study illustrates, precise genome",0.07173913043478262
503,"web science core, mean sd age, research hotspots, 28 day mortality",0.0
504,"bla ctx, spectrum lactamase esbl, sequence types sts, coli isolates",0.0
504,"details use execution, myosin motors, nascent chain, origin life",0.2608695652173913
504,"editorial emerging, author correction, g2 phase, model pd",0.0
504,"fetal liver, stalled replication forks, pulmonary vascular, chromatin state",0.05434782608695652
504,"recent findings recent, cell multi omics, complex microbial, crispr cas based",0.0
504,"related morbidity, stage diagnosis, combination strategies, clinical intervention",0.5978260869565217
504,"role intercellular communication, testicular torsion, nanoparticle tracking analysis, mir 21 5p",0.0
504,"therapeutic strategies including, exosomes emerging, epigenetic modulation, solid cancers",0.05
504,"transgene expression, metabolite production, study illustrates, precise genome",0.03695652173913044
504,"web science core, mean sd age, research hotspots, 28 day mortality",0.0
505,"bla ctx, spectrum lactamase esbl, sequence types sts, coli isolates",0.0
505,"details use execution, myosin motors, nascent chain, origin life",0.43478260869565216
505,"editorial emerging, author correction, g2 phase, model pd",0.0
505,"fetal liver, stalled replication forks, pulmonary vascular, chromatin state",0.08043478260869566
505,"recent findings recent, cell multi omics, complex microbial, crispr cas based",0.0
505,"related morbidity, stage diagnosis, combination strategies, clinical intervention",0.3500000000000001
505,"role intercellular communication, testicular torsion, nanoparticle tracking analysis, mir 21 5p",0.0
505,"therapeutic strategies including, exosomes emerging, epigenetic modulation, solid cancers",0.08695652173913043
505,"transgene expression, metabolite production, study illustrates, precise genome",0.04782608695652174
505,"web science core, mean sd age, research hotspots, 28 day mortality",0.0
506,"bla ctx, spectrum lactamase esbl, sequence types sts, coli isolates",0.0
506,"details use execution, myosin motors, nascent chain, origin life",0.34782608695652173
506,"editorial emerging, author correction, g2 phase, model pd",0.01956521739130435
506,"fetal liver, stalled replication forks, pulmonary vascular, chromatin state",0.07391304347826087
506,"recent findings recent, cell multi omics, complex microbial, crispr cas based",0.0
506,"related morbidity, stage diagnosis, combination strategies, clinical intervention",0.4717391304347825
506,"role intercellular communication, testicular torsion, nanoparticle tracking analysis, mir 21 5p",0.0
506,"therapeutic strategies including, exosomes emerging, epigenetic modulation, solid cancers",0.02391304347826087
506,"transgene expression, metabolite production, study illustrates, precise genome",0.06304347826086956
506,"web science core, mean sd age, research hotspots, 28 day mortality",0.0
507,"bla ctx, spectrum lactamase esbl, sequence types sts, coli isolates",0.0
507,"details use execution, myosin motors, nascent chain, origin life",0.2608695652173913
507,"editorial emerging, author correction, g2 phase, model pd",0.002173913043478261
507,"fetal liver, stalled replication forks, pulmonary vascular, chromatin state",0.05652173913043478
507,"recent findings recent, cell multi omics, complex microbial, crispr cas based",0.0
507,"related morbidity, stage diagnosis, combination strategies, clinical intervention",0.5434782608695652
507,"role intercellular communication, testicular torsion, nanoparticle tracking analysis, mir 21 5p",0.0
507,"therapeutic strategies including, exosomes emerging, epigenetic modulation, solid cancers",0.0782608695652174
507,"transgene expression, metabolite production, study illustrates, precise genome",0.05869565217391306
507,"web science core, mean sd age, research hotspots, 28 day mortality",0.0
508,"bla ctx, spectrum lactamase esbl, sequence types sts, coli isolates",0.0
508,"details use execution, myosin motors, nascent chain, origin life",0.391304347826087
508,"editorial emerging, author correction, g2 phase, model pd",0.002173913043478261
508,"fetal liver, stalled replication forks, pulmonary vascular, chromatin state",0.08913043478260871
508,"recent findings recent, cell multi omics, complex microbial, crispr cas based",0.0
508,"related morbidity, stage diagnosis, combination strategies, clinical intervention",0.38695652173913037
508,"role intercellular communication, testicular torsion, nanoparticle tracking analysis, mir 21 5p",0.0
508,"therapeutic strategies including, exosomes emerging, epigenetic modulation, solid cancers",0.05434782608695652
508,"transgene expression, metabolite production, study illustrates, precise genome",0.07608695652173914
508,"web science core, mean sd age, research hotspots, 28 day mortality",0.0
509,"bla ctx, spectrum lactamase esbl, sequence types sts, coli isolates",0.0
509,"details use execution, myosin motors, nascent chain, origin life",0.391304347826087
509,"editorial emerging, author correction, g2 phase, model pd",0.002173913043478261
509,"fetal liver, stalled replication forks, pulmonary vascular, chromatin state",0.11086956521739132
509,"recent findings recent, cell multi omics, complex microbial, crispr cas based",0.0
509,"related morbidity, stage diagnosis, combination strategies, clinical intervention",0.3956521739130435
509,"role intercellular communication, testicular torsion, nanoparticle tracking analysis, mir 21 5p",0.0
509,"therapeutic strategies including, exosomes emerging, epigenetic modulation, solid cancers",0.034782608695652174
509,"transgene expression, metabolite production, study illustrates, precise genome",0.06521739130434784
509,"web science core, mean sd age, research hotspots, 28 day mortality",0.0
510,"bla ctx, spectrum lactamase esbl, sequence types sts, coli isolates",0.0
510,"details use execution, myosin motors, nascent chain, origin life",0.34782608695652173
510,"editorial emerging, author correction, g2 phase, model pd",0.01956521739130435
510,"fetal liver, stalled replication forks, pulmonary vascular, chromatin state",0.05434782608695652
510,"recent findings recent, cell multi omics, complex microbial, crispr cas based",0.0
510,"related morbidity, stage diagnosis, combination strategies, clinical intervention",0.46956521739130436
510,"role intercellular communication, testicular torsion, nanoparticle tracking analysis, mir 21 5p",0.0
510,"therapeutic strategies including, exosomes emerging, epigenetic modulation, solid cancers",0.04130434782608696
510,"transgene expression, metabolite production, study illustrates, precise genome",0.06739130434782609
510,"web science core, mean sd age, research hotspots, 28 day mortality",0.0
511,"bla ctx, spectrum lactamase esbl, sequence types sts, coli isolates",0.0
511,"details use execution, myosin motors, nascent chain, origin life",0.30434782608695654
511,"editorial emerging, author correction, g2 phase, model pd",0.01956521739130435
511,"fetal liver, stalled replication forks, pulmonary vascular, chromatin state",0.0782608695652174
511,"recent findings recent, cell multi omics, complex microbial, crispr cas based",0.0
511,"related morbidity, stage diagnosis, combination strategies, clinical intervention",0.4760869565217391
511,"role intercellular communication, testicular torsion, nanoparticle tracking analysis, mir 21 5p",0.0
511,"therapeutic strategies including, exosomes emerging, epigenetic modulation, solid cancers",0.06956521739130435
511,"transgene expression, metabolite production, study illustrates, precise genome",0.05217391304347827
511,"web science core, mean sd age, research hotspots, 28 day mortality",0.0
512,"bla ctx, spectrum lactamase esbl, sequence types sts, coli isolates",0.0
512,"details use execution, myosin motors, nascent chain, origin life",0.34782608695652173
512,"editorial emerging, author correction, g2 phase, model pd",0.002173913043478261
512,"fetal liver, stalled replication forks, pulmonary vascular, chromatin state",0.06956521739130435
512,"recent findings recent, cell multi omics, complex microbial, crispr cas based",0.0
512,"related morbidity, stage diagnosis, combination strategies, clinical intervention",0.5304347826086956
512,"role intercellular communication, testicular torsion, nanoparticle tracking analysis, mir 21 5p",0.0
512,"therapeutic strategies including, exosomes emerging, epigenetic modulation, solid cancers",0.015217391304347825
512,"transgene expression, metabolite production, study illustrates, precise genome",0.03478260869565218
512,"web science core, mean sd age, research hotspots, 28 day mortality",0.0
513,"bla ctx, spectrum lactamase esbl, sequence types sts, coli isolates",0.0
513,"details use execution, myosin motors, nascent chain, origin life",0.2608695652173913
513,"editorial emerging, author correction, g2 phase, model pd",0.01956521739130435
513,"fetal liver, stalled replication forks, pulmonary vascular, chromatin state",0.05217391304347826
513,"recent findings recent, cell multi omics, complex microbial, crispr cas based",0.0
513,"related morbidity, stage diagnosis, combination strategies, clinical intervention",0.517391304347826
513,"role intercellular communication, testicular torsion, nanoparticle tracking analysis, mir 21 5p",0.0
513,"therapeutic strategies including, exosomes emerging, epigenetic modulation, solid cancers",0.09565217391304348
513,"transgene expression, metabolite production, study illustrates, precise genome",0.054347826086956534
513,"web science core, mean sd age, research hotspots, 28 day mortality",0.0
514,"bla ctx, spectrum lactamase esbl, sequence types sts, coli isolates",0.0
514,"details use execution, myosin motors, nascent chain, origin life",0.34782608695652173
514,"editorial emerging, author correction, g2 phase, model pd",0.021739130434782608
514,"fetal liver, stalled replication forks, pulmonary vascular, chromatin state",0.05434782608695652
514,"recent findings recent, cell multi omics, complex microbial, crispr cas based",0.0
514,"related morbidity, stage diagnosis, combination strategies, clinical intervention",0.4760869565217391
514,"role intercellular communication, testicular torsion, nanoparticle tracking analysis, mir 21 5p",0.0
514,"therapeutic strategies including, exosomes emerging, epigenetic modulation, solid cancers",0.06304347826086958
514,"transgene expression, metabolite production, study illustrates, precise genome",0.03695652173913044
514,"web science core, mean sd age, research hotspots, 28 day mortality",0.0
515,"bla ctx, spectrum lactamase esbl, sequence types sts, coli isolates",0.0
515,"details use execution, myosin motors, nascent chain, origin life",0.21739130434782608
515,"editorial emerging, author correction, g2 phase, model pd",0.0
515,"fetal liver, stalled replication forks, pulmonary vascular, chromatin state",0.08478260869565218
515,"recent findings recent, cell multi omics, complex microbial, crispr cas based",0.0
515,"related morbidity, stage diagnosis, combination strategies, clinical intervention",0.5739130434782608
515,"role intercellular communication, testicular torsion, nanoparticle tracking analysis, mir 21 5p",0.0
515,"therapeutic strategies including, exosomes emerging, epigenetic modulation, solid cancers",0.041304347826086954
515,"transgene expression, metabolite production, study illustrates, precise genome",0.08260869565217391
515,"web science core, mean sd age, research hotspots, 28 day mortality",0.0
516,"bla ctx, spectrum lactamase esbl, sequence types sts, coli isolates",0.0
516,"details use execution, myosin motors, nascent chain, origin life",0.34782608695652173
516,"editorial emerging, author correction, g2 phase, model pd",0.002173913043478261
516,"fetal liver, stalled replication forks, pulmonary vascular, chromatin state",0.06739130434782609
516,"recent findings recent, cell multi omics, complex microbial, crispr cas based",0.0
516,"related morbidity, stage diagnosis, combination strategies, clinical intervention",0.4804347826086957
516,"role intercellular communication, testicular torsion, nanoparticle tracking analysis, mir 21 5p",0.0
516,"therapeutic strategies including, exosomes emerging, epigenetic modulation, solid cancers",0.04565217391304348
516,"transgene expression, metabolite production, study illustrates, precise genome",0.05652173913043478
516,"web science core, mean sd age, research hotspots, 28 day mortality",0.0
517,"bla ctx, spectrum lactamase esbl, sequence types sts, coli isolates",0.0
517,"details use execution, myosin motors, nascent chain, origin life",0.30434782608695654
517,"editorial emerging, author correction, g2 phase, model pd",0.002173913043478261
517,"fetal liver, stalled replication forks, pulmonary vascular, chromatin state",0.0782608695652174
517,"recent findings recent, cell multi omics, complex microbial, crispr cas based",0.0
517,"related morbidity, stage diagnosis, combination strategies, clinical intervention",0.467391304347826
517,"role intercellular communication, testicular torsion, nanoparticle tracking analysis, mir 21 5p",0.0
517,"therapeutic strategies including, exosomes emerging, epigenetic modulation, solid cancers",0.08043478260869566
517,"transgene expression, metabolite production, study illustrates, precise genome",0.06739130434782607
517,"web science core, mean sd age, research hotspots, 28 day mortality",0.0
518,"bla ctx, spectrum lactamase esbl, sequence types sts, coli isolates",0.0
518,"details use execution, myosin motors, nascent chain, origin life",0.2608695652173913
518,"editorial emerging, author correction, g2 phase, model pd",0.0
518,"fetal liver, stalled replication forks, pulmonary vascular, chromatin state",0.05217391304347827
518,"recent findings recent, cell multi omics, complex microbial, crispr cas based",0.0
518,"related morbidity, stage diagnosis, combination strategies, clinical intervention",0.5826086956521739
518,"role intercellular communication, testicular torsion, nanoparticle tracking analysis, mir 21 5p",0.0
518,"therapeutic strategies including, exosomes emerging, epigenetic modulation, solid cancers",0.04565217391304348
518,"transgene expression, metabolite production, study illustrates, precise genome",0.05869565217391306
518,"web science core, mean sd age, research hotspots, 28 day mortality",0.0
519,"bla ctx, spectrum lactamase esbl, sequence types sts, coli isolates",0.0
519,"details use execution, myosin motors, nascent chain, origin life",0.34782608695652173
519,"editorial emerging, author correction, g2 phase, model pd",0.0
519,"fetal liver, stalled replication forks, pulmonary vascular, chromatin state",0.07391304347826087
519,"recent findings recent, cell multi omics, complex microbial, crispr cas based",0.0
519,"related morbidity, stage diagnosis, combination strategies, clinical intervention",0.45869565217391306
519,"role intercellular communication, testicular torsion, nanoparticle tracking analysis, mir 21 5p",0.0
519,"therapeutic strategies including, exosomes emerging, epigenetic modulation, solid cancers",0.041304347826086954
519,"transgene expression, metabolite production, study illustrates, precise genome",0.0782608695652174
519,"web science core, mean sd age, research hotspots, 28 day mortality",0.0
520,"bla ctx, spectrum lactamase esbl, sequence types sts, coli isolates",0.0
520,"details use execution, myosin motors, nascent chain, origin life",0.30434782608695654
520,"editorial emerging, author correction, g2 phase, model pd",0.021739130434782608
520,"fetal liver, stalled replication forks, pulmonary vascular, chromatin state",0.1
520,"recent findings recent, cell multi omics, complex microbial, crispr cas based",0.0
520,"related morbidity, stage diagnosis, combination strategies, clinical intervention",0.45
520,"role intercellular communication, testicular torsion, nanoparticle tracking analysis, mir 21 5p",0.0
520,"therapeutic strategies including, exosomes emerging, epigenetic modulation, solid cancers",0.03260869565217391
520,"transgene expression, metabolite production, study illustrates, precise genome",0.09130434782608696
520,"web science core, mean sd age, research hotspots, 28 day mortality",0.0
521,"bla ctx, spectrum lactamase esbl, sequence types sts, coli isolates",0.0
521,"details use execution, myosin motors, nascent chain, origin life",0.34782608695652173
521,"editorial emerging, author correction, g2 phase, model pd",0.01956521739130435
521,"fetal liver, stalled replication forks, pulmonary vascular, chromatin state",0.06739130434782609
521,"recent findings recent, cell multi omics, complex microbial, crispr cas based",0.0
521,"related morbidity, stage diagnosis, combination strategies, clinical intervention",0.41739130434782606
521,"role intercellular communication, testicular torsion, nanoparticle tracking analysis, mir 21 5p",0.0
521,"therapeutic strategies including, exosomes emerging, epigenetic modulation, solid cancers",0.05869565217391304
521,"transgene expression, metabolite production, study illustrates, precise genome",0.0891304347826087
521,"web science core, mean sd age, research hotspots, 28 day mortality",0.0
522,"bla ctx, spectrum lactamase esbl, sequence types sts, coli isolates",0.0
522,"details use execution, myosin motors, nascent chain, origin life",0.30434782608695654
522,"editorial emerging, author correction, g2 phase, model pd",0.01956521739130435
522,"fetal liver, stalled replication forks, pulmonary vascular, chromatin state",0.05217391304347827
522,"recent findings recent, cell multi omics, complex microbial, crispr cas based",0.0
522,"related morbidity, stage diagnosis, combination strategies, clinical intervention",0.5434782608695652
522,"role intercellular communication, testicular torsion, nanoparticle tracking analysis, mir 21 5p",0.0
522,"therapeutic strategies including, exosomes emerging, epigenetic modulation, solid cancers",0.0391304347826087
522,"transgene expression, metabolite production, study illustrates, precise genome",0.041304347826086954
522,"web science core, mean sd age, research hotspots, 28 day mortality",0.0
523,"bla ctx, spectrum lactamase esbl, sequence types sts, coli isolates",0.0
523,"details use execution, myosin motors, nascent chain, origin life",0.34782608695652173
523,"editorial emerging, author correction, g2 phase, model pd",0.0
523,"fetal liver, stalled replication forks, pulmonary vascular, chromatin state",0.09347826086956522
523,"recent findings recent, cell multi omics, complex microbial, crispr cas based",0.0
523,"related morbidity, stage diagnosis, combination strategies, clinical intervention",0.43043478260869567
523,"role intercellular communication, testicular torsion, nanoparticle tracking analysis, mir 21 5p",0.0
523,"therapeutic strategies including, exosomes emerging, epigenetic modulation, solid cancers",0.06739130434782609
523,"transgene expression, metabolite production, study illustrates, precise genome",0.06086956521739131
523,"web science core, mean sd age, research hotspots, 28 day mortality",0.0
524,"bla ctx, spectrum lactamase esbl, sequence types sts, coli isolates",0.0
524,"details use execution, myosin motors, nascent chain, origin life",0.43478260869565216
524,"editorial emerging, author correction, g2 phase, model pd",0.0
524,"fetal liver, stalled replication forks, pulmonary vascular, chromatin state",0.08478260869565218
524,"recent findings recent, cell multi omics, complex microbial, crispr cas based",0.0
524,"related morbidity, stage diagnosis, combination strategies, clinical intervention",0.36739130434782613
524,"role intercellular communication, testicular torsion, nanoparticle tracking analysis, mir 21 5p",0.0
524,"therapeutic strategies including, exosomes emerging, epigenetic modulation, solid cancers",0.06521739130434782
524,"transgene expression, metabolite production, study illustrates, precise genome",0.04782608695652174
524,"web science core, mean sd age, research hotspots, 28 day mortality",0.0
525,"bla ctx, spectrum lactamase esbl, sequence types sts, coli isolates",0.0
525,"details use execution, myosin motors, nascent chain, origin life",0.43478260869565216
525,"editorial emerging, author correction, g2 phase, model pd",0.002173913043478261
525,"fetal liver, stalled replication forks, pulmonary vascular, chromatin state",0.043478260869565216
525,"recent findings recent, cell multi omics, complex microbial, crispr cas based",0.0
525,"related morbidity, stage diagnosis, combination strategies, clinical intervention",0.46521739130434786
525,"role intercellular communication, testicular torsion, nanoparticle tracking analysis, mir 21 5p",0.0
525,"therapeutic strategies including, exosomes emerging, epigenetic modulation, solid cancers",0.015217391304347827
525,"transgene expression, metabolite production, study illustrates, precise genome",0.0391304347826087
525,"web science core, mean sd age, research hotspots, 28 day mortality",0.0
526,"bla ctx, spectrum lactamase esbl, sequence types sts, coli isolates",0.0
526,"details use execution, myosin motors, nascent chain, origin life",0.5217391304347826
526,"editorial emerging, author correction, g2 phase, model pd",0.002173913043478261
526,"fetal liver, stalled replication forks, pulmonary vascular, chromatin state",0.0391304347826087
526,"recent findings recent, cell multi omics, complex microbial, crispr cas based",0.0
526,"related morbidity, stage diagnosis, combination strategies, clinical intervention",0.3304347826086956
526,"role intercellular communication, testicular torsion, nanoparticle tracking analysis, mir 21 5p",0.0
526,"therapeutic strategies including, exosomes emerging, epigenetic modulation, solid cancers",0.06304347826086956
526,"transgene expression, metabolite production, study illustrates, precise genome",0.043478260869565216
526,"web science core, mean sd age, research hotspots, 28 day mortality",0.0
527,"bla ctx, spectrum lactamase esbl, sequence types sts, coli isolates",0.0
527,"details use execution, myosin motors, nascent chain, origin life",0.34782608695652173
527,"editorial emerging, author correction, g2 phase, model pd",0.01956521739130435
527,"fetal liver, stalled replication forks, pulmonary vascular, chromatin state",0.06521739130434782
527,"recent findings recent, cell multi omics, complex microbial, crispr cas based",0.0
527,"related morbidity, stage diagnosis, combination strategies, clinical intervention",0.47608695652173916
527,"role intercellular communication, testicular torsion, nanoparticle tracking analysis, mir 21 5p",0.0
527,"therapeutic strategies including, exosomes emerging, epigenetic modulation, solid cancers",0.02391304347826087
527,"transgene expression, metabolite production, study illustrates, precise genome",0.06739130434782609
527,"web science core, mean sd age, research hotspots, 28 day mortality",0.0
528,"bla ctx, spectrum lactamase esbl, sequence types sts, coli isolates",0.0
528,"details use execution, myosin motors, nascent chain, origin life",0.391304347826087
528,"editorial emerging, author correction, g2 phase, model pd",0.0
528,"fetal liver, stalled replication forks, pulmonary vascular, chromatin state",0.09999999999999999
528,"recent findings recent, cell multi omics, complex microbial, crispr cas based",0.0
528,"related morbidity, stage diagnosis, combination strategies, clinical intervention",0.41739130434782606
528,"role intercellular communication, testicular torsion, nanoparticle tracking analysis, mir 21 5p",0.0
528,"therapeutic strategies including, exosomes emerging, epigenetic modulation, solid cancers",0.02826086956521739
528,"transgene expression, metabolite production, study illustrates, precise genome",0.06304347826086958
528,"web science core, mean sd age, research hotspots, 28 day mortality",0.0
529,"bla ctx, spectrum lactamase esbl, sequence types sts, coli isolates",0.0
529,"details use execution, myosin motors, nascent chain, origin life",0.30434782608695654
529,"editorial emerging, author correction, g2 phase, model pd",0.0
529,"fetal liver, stalled replication forks, pulmonary vascular, chromatin state",0.08260869565217391
529,"recent findings recent, cell multi omics, complex microbial, crispr cas based",0.0
529,"related morbidity, stage diagnosis, combination strategies, clinical intervention",0.5173913043478261
529,"role intercellular communication, testicular torsion, nanoparticle tracking analysis, mir 21 5p",0.0
529,"therapeutic strategies including, exosomes emerging, epigenetic modulation, solid cancers",0.03043478260869565
529,"transgene expression, metabolite production, study illustrates, precise genome",0.06521739130434784
529,"web science core, mean sd age, research hotspots, 28 day mortality",0.0
530,"bla ctx, spectrum lactamase esbl, sequence types sts, coli isolates",0.0
530,"details use execution, myosin motors, nascent chain, origin life",0.2608695652173913
530,"editorial emerging, author correction, g2 phase, model pd",0.002173913043478261
530,"fetal liver, stalled replication forks, pulmonary vascular, chromatin state",0.06086956521739131
530,"recent findings recent, cell multi omics, complex microbial, crispr cas based",0.0
530,"related morbidity, stage diagnosis, combination strategies, clinical intervention",0.5934782608695652
530,"role intercellular communication, testicular torsion, nanoparticle tracking analysis, mir 21 5p",0.0
530,"therapeutic strategies including, exosomes emerging, epigenetic modulation, solid cancers",0.04130434782608696
530,"transgene expression, metabolite production, study illustrates, precise genome",0.04130434782608696
530,"web science core, mean sd age, research hotspots, 28 day mortality",0.0
531,"bla ctx, spectrum lactamase esbl, sequence types sts, coli isolates",0.0
531,"details use execution, myosin motors, nascent chain, origin life",0.391304347826087
531,"editorial emerging, author correction, g2 phase, model pd",0.021739130434782608
531,"fetal liver, stalled replication forks, pulmonary vascular, chromatin state",0.1
531,"recent findings recent, cell multi omics, complex microbial, crispr cas based",0.0
531,"related morbidity, stage diagnosis, combination strategies, clinical intervention",0.39565217391304347
531,"role intercellular communication, testicular torsion, nanoparticle tracking analysis, mir 21 5p",0.0
531,"therapeutic strategies including, exosomes emerging, epigenetic modulation, solid cancers",0.03043478260869565
531,"transgene expression, metabolite production, study illustrates, precise genome",0.06086956521739131
531,"web science core, mean sd age, research hotspots, 28 day mortality",0.0
532,"bla ctx, spectrum lactamase esbl, sequence types sts, coli isolates",0.0
532,"details use execution, myosin motors, nascent chain, origin life",0.34782608695652173
532,"editorial emerging, author correction, g2 phase, model pd",0.002173913043478261
532,"fetal liver, stalled replication forks, pulmonary vascular, chromatin state",0.06521739130434782
532,"recent findings recent, cell multi omics, complex microbial, crispr cas based",0.0
532,"related morbidity, stage diagnosis, combination strategies, clinical intervention",0.4804347826086957
532,"role intercellular communication, testicular torsion, nanoparticle tracking analysis, mir 21 5p",0.0
532,"therapeutic strategies including, exosomes emerging, epigenetic modulation, solid cancers",0.034782608695652174
532,"transgene expression, metabolite production, study illustrates, precise genome",0.06956521739130435
532,"web science core, mean sd age, research hotspots, 28 day mortality",0.0
533,"bla ctx, spectrum lactamase esbl, sequence types sts, coli isolates",0.0
533,"details use execution, myosin motors, nascent chain, origin life",0.391304347826087
533,"editorial emerging, author correction, g2 phase, model pd",0.0
533,"fetal liver, stalled replication forks, pulmonary vascular, chromatin state",0.08260869565217392
533,"recent findings recent, cell multi omics, complex microbial, crispr cas based",0.0
533,"related morbidity, stage diagnosis, combination strategies, clinical intervention",0.3804347826086957
533,"role intercellular communication, testicular torsion, nanoparticle tracking analysis, mir 21 5p",0.0
533,"therapeutic strategies including, exosomes emerging, epigenetic modulation, solid cancers",0.08913043478260871
533,"transgene expression, metabolite production, study illustrates, precise genome",0.05652173913043478
533,"web science core, mean sd age, research hotspots, 28 day mortality",0.0
534,"bla ctx, spectrum lactamase esbl, sequence types sts, coli isolates",0.0
534,"details use execution, myosin motors, nascent chain, origin life",0.2608695652173913
534,"editorial emerging, author correction, g2 phase, model pd",0.01956521739130435
534,"fetal liver, stalled replication forks, pulmonary vascular, chromatin state",0.03260869565217392
534,"recent findings recent, cell multi omics, complex microbial, crispr cas based",0.0
534,"related morbidity, stage diagnosis, combination strategies, clinical intervention",0.6065217391304348
534,"role intercellular communication, testicular torsion, nanoparticle tracking analysis, mir 21 5p",0.0
534,"therapeutic strategies including, exosomes emerging, epigenetic modulation, solid cancers",0.015217391304347825
534,"transgene expression, metabolite production, study illustrates, precise genome",0.06521739130434782
534,"web science core, mean sd age, research hotspots, 28 day mortality",0.0
535,"bla ctx, spectrum lactamase esbl, sequence types sts, coli isolates",0.0
535,"details use execution, myosin motors, nascent chain, origin life",0.43478260869565216
535,"editorial emerging, author correction, g2 phase, model pd",0.0
535,"fetal liver, stalled replication forks, pulmonary vascular, chromatin state",0.09565217391304348
535,"recent findings recent, cell multi omics, complex microbial, crispr cas based",0.0
535,"related morbidity, stage diagnosis, combination strategies, clinical intervention",0.35217391304347834
535,"role intercellular communication, testicular torsion, nanoparticle tracking analysis, mir 21 5p",0.0
535,"therapeutic strategies including, exosomes emerging, epigenetic modulation, solid cancers",0.034782608695652174
535,"transgene expression, metabolite production, study illustrates, precise genome",0.08260869565217392
535,"web science core, mean sd age, research hotspots, 28 day mortality",0.0
536,"bla ctx, spectrum lactamase esbl, sequence types sts, coli isolates",0.0
536,"details use execution, myosin motors, nascent chain, origin life",0.2608695652173913
536,"editorial emerging, author correction, g2 phase, model pd",0.01956521739130435
536,"fetal liver, stalled replication forks, pulmonary vascular, chromatin state",0.11521739130434783
536,"recent findings recent, cell multi omics, complex microbial, crispr cas based",0.0
536,"related morbidity, stage diagnosis, combination strategies, clinical intervention",0.48695652173913034
536,"role intercellular communication, testicular torsion, nanoparticle tracking analysis, mir 21 5p",0.0
536,"therapeutic strategies including, exosomes emerging, epigenetic modulation, solid cancers",0.02391304347826087
536,"transgene expression, metabolite production, study illustrates, precise genome",0.09347826086956523
536,"web science core, mean sd age, research hotspots, 28 day mortality",0.0
537,"bla ctx, spectrum lactamase esbl, sequence types sts, coli isolates",0.0
537,"details use execution, myosin motors, nascent chain, origin life",0.21739130434782608
537,"editorial emerging, author correction, g2 phase, model pd",0.002173913043478261
537,"fetal liver, stalled replication forks, pulmonary vascular, chromatin state",0.1391304347826087
537,"recent findings recent, cell multi omics, complex microbial, crispr cas based",0.0
537,"related morbidity, stage diagnosis, combination strategies, clinical intervention",0.5065217391304347
537,"role intercellular communication, testicular torsion, nanoparticle tracking analysis, mir 21 5p",0.0
537,"therapeutic strategies including, exosomes emerging, epigenetic modulation, solid cancers",0.04565217391304348
537,"transgene expression, metabolite production, study illustrates, precise genome",0.0891304347826087
537,"web science core, mean sd age, research hotspots, 28 day mortality",0.0
538,"bla ctx, spectrum lactamase esbl, sequence types sts, coli isolates",0.0
538,"details use execution, myosin motors, nascent chain, origin life",0.2608695652173913
538,"editorial emerging, author correction, g2 phase, model pd",0.0
538,"fetal liver, stalled replication forks, pulmonary vascular, chromatin state",0.03695652173913044
538,"recent findings recent, cell multi omics, complex microbial, crispr cas based",0.0
538,"related morbidity, stage diagnosis, combination strategies, clinical intervention",0.6108695652173913
538,"role intercellular communication, testicular torsion, nanoparticle tracking analysis, mir 21 5p",0.0
538,"therapeutic strategies including, exosomes emerging, epigenetic modulation, solid cancers",0.06739130434782609
538,"transgene expression, metabolite production, study illustrates, precise genome",0.02391304347826087
538,"web science core, mean sd age, research hotspots, 28 day mortality",0.0
539,"bla ctx, spectrum lactamase esbl, sequence types sts, coli isolates",0.0
539,"details use execution, myosin motors, nascent chain, origin life",0.2608695652173913
539,"editorial emerging, author correction, g2 phase, model pd",0.002173913043478261
539,"fetal liver, stalled replication forks, pulmonary vascular, chromatin state",0.05
539,"recent findings recent, cell multi omics, complex microbial, crispr cas based",0.0
539,"related morbidity, stage diagnosis, combination strategies, clinical intervention",0.5782608695652174
539,"role intercellular communication, testicular torsion, nanoparticle tracking analysis, mir 21 5p",0.0
539,"therapeutic strategies including, exosomes emerging, epigenetic modulation, solid cancers",0.06521739130434782
539,"transgene expression, metabolite production, study illustrates, precise genome",0.043478260869565216
539,"web science core, mean sd age, research hotspots, 28 day mortality",0.0
540,"bla ctx, spectrum lactamase esbl, sequence types sts, coli isolates",0.0
540,"details use execution, myosin motors, nascent chain, origin life",0.21739130434782608
540,"editorial emerging, author correction, g2 phase, model pd",0.01956521739130435
540,"fetal liver, stalled replication forks, pulmonary vascular, chromatin state",0.06521739130434784
540,"recent findings recent, cell multi omics, complex microbial, crispr cas based",0.0
540,"related morbidity, stage diagnosis, combination strategies, clinical intervention",0.5391304347826086
540,"role intercellular communication, testicular torsion, nanoparticle tracking analysis, mir 21 5p",0.0
540,"therapeutic strategies including, exosomes emerging, epigenetic modulation, solid cancers",0.08695652173913043
540,"transgene expression, metabolite production, study illustrates, precise genome",0.07173913043478261
540,"web science core, mean sd age, research hotspots, 28 day mortality",0.0
541,"bla ctx, spectrum lactamase esbl, sequence types sts, coli isolates",0.0
541,"details use execution, myosin motors, nascent chain, origin life",0.30434782608695654
541,"editorial emerging, author correction, g2 phase, model pd",0.0
541,"fetal liver, stalled replication forks, pulmonary vascular, chromatin state",0.12391304347826089
541,"recent findings recent, cell multi omics, complex microbial, crispr cas based",0.0
541,"related morbidity, stage diagnosis, combination strategies, clinical intervention",0.4478260869565217
541,"role intercellular communication, testicular torsion, nanoparticle tracking analysis, mir 21 5p",0.0
541,"therapeutic strategies including, exosomes emerging, epigenetic modulation, solid cancers",0.05217391304347827
541,"transgene expression, metabolite production, study illustrates, precise genome",0.07173913043478261
541,"web science core, mean sd age, research hotspots, 28 day mortality",0.0
542,"bla ctx, spectrum lactamase esbl, sequence types sts, coli isolates",0.0
542,"details use execution, myosin motors, nascent chain, origin life",0.5217391304347826
542,"editorial emerging, author correction, g2 phase, model pd",0.0
542,"fetal liver, stalled replication forks, pulmonary vascular, chromatin state",0.03260869565217391
542,"recent findings recent, cell multi omics, complex microbial, crispr cas based",0.0
542,"related morbidity, stage diagnosis, combination strategies, clinical intervention",0.3739130434782609
542,"role intercellular communication, testicular torsion, nanoparticle tracking analysis, mir 21 5p",0.0
542,"therapeutic strategies including, exosomes emerging, epigenetic modulation, solid cancers",0.03695652173913044
542,"transgene expression, metabolite production, study illustrates, precise genome",0.034782608695652174
542,"web science core, mean sd age, research hotspots, 28 day mortality",0.0
543,"bla ctx, spectrum lactamase esbl, sequence types sts, coli isolates",0.0
543,"details use execution, myosin motors, nascent chain, origin life",0.34782608695652173
543,"editorial emerging, author correction, g2 phase, model pd",0.021739130434782608
543,"fetal liver, stalled replication forks, pulmonary vascular, chromatin state",0.07173913043478261
543,"recent findings recent, cell multi omics, complex microbial, crispr cas based",0.0
543,"related morbidity, stage diagnosis, combination strategies, clinical intervention",0.4456521739130434
543,"role intercellular communication, testicular torsion, nanoparticle tracking analysis, mir 21 5p",0.0
543,"therapeutic strategies including, exosomes emerging, epigenetic modulation, solid cancers",0.028260869565217398
543,"transgene expression, metabolite production, study illustrates, precise genome",0.08478260869565218
543,"web science core, mean sd age, research hotspots, 28 day mortality",0.0
544,"bla ctx, spectrum lactamase esbl, sequence types sts, coli isolates",0.0
544,"details use execution, myosin motors, nascent chain, origin life",0.34782608695652173
544,"editorial emerging, author correction, g2 phase, model pd",0.002173913043478261
544,"fetal liver, stalled replication forks, pulmonary vascular, chromatin state",0.05217391304347827
544,"recent findings recent, cell multi omics, complex microbial, crispr cas based",0.0
544,"related morbidity, stage diagnosis, combination strategies, clinical intervention",0.5
544,"role intercellular communication, testicular torsion, nanoparticle tracking analysis, mir 21 5p",0.0
544,"therapeutic strategies including, exosomes emerging, epigenetic modulation, solid cancers",0.06086956521739131
544,"transgene expression, metabolite production, study illustrates, precise genome",0.03695652173913044
544,"web science core, mean sd age, research hotspots, 28 day mortality",0.0
545,"bla ctx, spectrum lactamase esbl, sequence types sts, coli isolates",0.0
545,"details use execution, myosin motors, nascent chain, origin life",0.2608695652173913
545,"editorial emerging, author correction, g2 phase, model pd",0.01956521739130435
545,"fetal liver, stalled replication forks, pulmonary vascular, chromatin state",0.07608695652173914
545,"recent findings recent, cell multi omics, complex microbial, crispr cas based",0.0
545,"related morbidity, stage diagnosis, combination strategies, clinical intervention",0.5065217391304347
545,"role intercellular communication, testicular torsion, nanoparticle tracking analysis, mir 21 5p",0.0
545,"therapeutic strategies including, exosomes emerging, epigenetic modulation, solid cancers",0.054347826086956534
545,"transgene expression, metabolite production, study illustrates, precise genome",0.08260869565217392
545,"web science core, mean sd age, research hotspots, 28 day mortality",0.0
546,"bla ctx, spectrum lactamase esbl, sequence types sts, coli isolates",0.0
546,"details use execution, myosin motors, nascent chain, origin life",0.391304347826087
546,"editorial emerging, author correction, g2 phase, model pd",0.0
546,"fetal liver, stalled replication forks, pulmonary vascular, chromatin state",0.09782608695652174
546,"recent findings recent, cell multi omics, complex microbial, crispr cas based",0.0
546,"related morbidity, stage diagnosis, combination strategies, clinical intervention",0.3717391304347826
546,"role intercellular communication, testicular torsion, nanoparticle tracking analysis, mir 21 5p",0.0
546,"therapeutic strategies including, exosomes emerging, epigenetic modulation, solid cancers",0.05
546,"transgene expression, metabolite production, study illustrates, precise genome",0.08913043478260871
546,"web science core, mean sd age, research hotspots, 28 day mortality",0.0
547,"bla ctx, spectrum lactamase esbl, sequence types sts, coli isolates",0.0
547,"details use execution, myosin motors, nascent chain, origin life",0.2608695652173913
547,"editorial emerging, author correction, g2 phase, model pd",0.0
547,"fetal liver, stalled replication forks, pulmonary vascular, chromatin state",0.09565217391304348
547,"recent findings recent, cell multi omics, complex microbial, crispr cas based",0.0
547,"related morbidity, stage diagnosis, combination strategies, clinical intervention",0.49347826086956514
547,"role intercellular communication, testicular torsion, nanoparticle tracking analysis, mir 21 5p",0.0
547,"therapeutic strategies including, exosomes emerging, epigenetic modulation, solid cancers",0.07608695652173914
547,"transgene expression, metabolite production, study illustrates, precise genome",0.07391304347826087
547,"web science core, mean sd age, research hotspots, 28 day mortality",0.0
548,"bla ctx, spectrum lactamase esbl, sequence types sts, coli isolates",0.0
548,"details use execution, myosin motors, nascent chain, origin life",0.2608695652173913
548,"editorial emerging, author correction, g2 phase, model pd",0.002173913043478261
548,"fetal liver, stalled replication forks, pulmonary vascular, chromatin state",0.08260869565217392
548,"recent findings recent, cell multi omics, complex microbial, crispr cas based",0.0
548,"related morbidity, stage diagnosis, combination strategies, clinical intervention",0.5586956521739129
548,"role intercellular communication, testicular torsion, nanoparticle tracking analysis, mir 21 5p",0.0
548,"therapeutic strategies including, exosomes emerging, epigenetic modulation, solid cancers",0.017391304347826087
548,"transgene expression, metabolite production, study illustrates, precise genome",0.0782608695652174
548,"web science core, mean sd age, research hotspots, 28 day mortality",0.0
549,"bla ctx, spectrum lactamase esbl, sequence types sts, coli isolates",0.0
549,"details use execution, myosin motors, nascent chain, origin life",0.391304347826087
549,"editorial emerging, author correction, g2 phase, model pd",0.0
549,"fetal liver, stalled replication forks, pulmonary vascular, chromatin state",0.08478260869565218
549,"recent findings recent, cell multi omics, complex microbial, crispr cas based",0.0
549,"related morbidity, stage diagnosis, combination strategies, clinical intervention",0.4478260869565217
549,"role intercellular communication, testicular torsion, nanoparticle tracking analysis, mir 21 5p",0.0
549,"therapeutic strategies including, exosomes emerging, epigenetic modulation, solid cancers",0.03043478260869565
549,"transgene expression, metabolite production, study illustrates, precise genome",0.04565217391304348
549,"web science core, mean sd age, research hotspots, 28 day mortality",0.0
550,"bla ctx, spectrum lactamase esbl, sequence types sts, coli isolates",0.0
550,"details use execution, myosin motors, nascent chain, origin life",0.391304347826087
550,"editorial emerging, author correction, g2 phase, model pd",0.0
550,"fetal liver, stalled replication forks, pulmonary vascular, chromatin state",0.043478260869565216
550,"recent findings recent, cell multi omics, complex microbial, crispr cas based",0.0
550,"related morbidity, stage diagnosis, combination strategies, clinical intervention",0.4913043478260869
550,"role intercellular communication, testicular torsion, nanoparticle tracking analysis, mir 21 5p",0.0
550,"therapeutic strategies including, exosomes emerging, epigenetic modulation, solid cancers",0.02391304347826087
550,"transgene expression, metabolite production, study illustrates, precise genome",0.05
550,"web science core, mean sd age, research hotspots, 28 day mortality",0.0
551,"bla ctx, spectrum lactamase esbl, sequence types sts, coli isolates",0.0
551,"details use execution, myosin motors, nascent chain, origin life",0.43478260869565216
551,"editorial emerging, author correction, g2 phase, model pd",0.002173913043478261
551,"fetal liver, stalled replication forks, pulmonary vascular, chromatin state",0.06521739130434784
551,"recent findings recent, cell multi omics, complex microbial, crispr cas based",0.0
551,"related morbidity, stage diagnosis, combination strategies, clinical intervention",0.40652173913043477
551,"role intercellular communication, testicular torsion, nanoparticle tracking analysis, mir 21 5p",0.0
551,"therapeutic strategies including, exosomes emerging, epigenetic modulation, solid cancers",0.02391304347826087
551,"transgene expression, metabolite production, study illustrates, precise genome",0.0673913043478261
551,"web science core, mean sd age, research hotspots, 28 day mortality",0.0
552,"bla ctx, spectrum lactamase esbl, sequence types sts, coli isolates",0.0
552,"details use execution, myosin motors, nascent chain, origin life",0.391304347826087
552,"editorial emerging, author correction, g2 phase, model pd",0.002173913043478261
552,"fetal liver, stalled replication forks, pulmonary vascular, chromatin state",0.10652173913043479
552,"recent findings recent, cell multi omics, complex microbial, crispr cas based",0.0
552,"related morbidity, stage diagnosis, combination strategies, clinical intervention",0.3847826086956522
552,"role intercellular communication, testicular torsion, nanoparticle tracking analysis, mir 21 5p",0.0
552,"therapeutic strategies including, exosomes emerging, epigenetic modulation, solid cancers",0.02826086956521739
552,"transgene expression, metabolite production, study illustrates, precise genome",0.08695652173913043
552,"web science core, mean sd age, research hotspots, 28 day mortality",0.0
553,"bla ctx, spectrum lactamase esbl, sequence types sts, coli isolates",0.0
553,"details use execution, myosin motors, nascent chain, origin life",0.30434782608695654
553,"editorial emerging, author correction, g2 phase, model pd",0.01956521739130435
553,"fetal liver, stalled replication forks, pulmonary vascular, chromatin state",0.09999999999999999
553,"recent findings recent, cell multi omics, complex microbial, crispr cas based",0.0
553,"related morbidity, stage diagnosis, combination strategies, clinical intervention",0.4543478260869565
553,"role intercellular communication, testicular torsion, nanoparticle tracking analysis, mir 21 5p",0.0
553,"therapeutic strategies including, exosomes emerging, epigenetic modulation, solid cancers",0.026086956521739136
553,"transgene expression, metabolite production, study illustrates, precise genome",0.09565217391304347
553,"web science core, mean sd age, research hotspots, 28 day mortality",0.0
554,"bla ctx, spectrum lactamase esbl, sequence types sts, coli isolates",0.0
554,"details use execution, myosin motors, nascent chain, origin life",0.4782608695652174
554,"editorial emerging, author correction, g2 phase, model pd",0.0
554,"fetal liver, stalled replication forks, pulmonary vascular, chromatin state",0.06956521739130435
554,"recent findings recent, cell multi omics, complex microbial, crispr cas based",0.0
554,"related morbidity, stage diagnosis, combination strategies, clinical intervention",0.39565217391304347
554,"role intercellular communication, testicular torsion, nanoparticle tracking analysis, mir 21 5p",0.0
554,"therapeutic strategies including, exosomes emerging, epigenetic modulation, solid cancers",0.017391304347826087
554,"transgene expression, metabolite production, study illustrates, precise genome",0.0391304347826087
554,"web science core, mean sd age, research hotspots, 28 day mortality",0.0
555,"bla ctx, spectrum lactamase esbl, sequence types sts, coli isolates",0.0
555,"details use execution, myosin motors, nascent chain, origin life",0.43478260869565216
555,"editorial emerging, author correction, g2 phase, model pd",0.002173913043478261
555,"fetal liver, stalled replication forks, pulmonary vascular, chromatin state",0.03043478260869565
555,"recent findings recent, cell multi omics, complex microbial, crispr cas based",0.0
555,"related morbidity, stage diagnosis, combination strategies, clinical intervention",0.44782608695652176
555,"role intercellular communication, testicular torsion, nanoparticle tracking analysis, mir 21 5p",0.0
555,"therapeutic strategies including, exosomes emerging, epigenetic modulation, solid cancers",0.07173913043478261
555,"transgene expression, metabolite production, study illustrates, precise genome",0.013043478260869565
555,"web science core, mean sd age, research hotspots, 28 day mortality",0.0
556,"bla ctx, spectrum lactamase esbl, sequence types sts, coli isolates",0.0
556,"details use execution, myosin motors, nascent chain, origin life",0.34782608695652173
556,"editorial emerging, author correction, g2 phase, model pd",0.0
556,"fetal liver, stalled replication forks, pulmonary vascular, chromatin state",0.07173913043478261
556,"recent findings recent, cell multi omics, complex microbial, crispr cas based",0.0
556,"related morbidity, stage diagnosis, combination strategies, clinical intervention",0.4608695652173912
556,"role intercellular communication, testicular torsion, nanoparticle tracking analysis, mir 21 5p",0.0
556,"therapeutic strategies including, exosomes emerging, epigenetic modulation, solid cancers",0.07608695652173914
556,"transgene expression, metabolite production, study illustrates, precise genome",0.043478260869565216
556,"web science core, mean sd age, research hotspots, 28 day mortality",0.0
557,"bla ctx, spectrum lactamase esbl, sequence types sts, coli isolates",0.0
557,"details use execution, myosin motors, nascent chain, origin life",0.17391304347826086
557,"editorial emerging, author correction, g2 phase, model pd",0.0
557,"fetal liver, stalled replication forks, pulmonary vascular, chromatin state",0.08043478260869566
557,"recent findings recent, cell multi omics, complex microbial, crispr cas based",0.0
557,"related morbidity, stage diagnosis, combination strategies, clinical intervention",0.6347826086956522
557,"role intercellular communication, testicular torsion, nanoparticle tracking analysis, mir 21 5p",0.0
557,"therapeutic strategies including, exosomes emerging, epigenetic modulation, solid cancers",0.043478260869565216
557,"transgene expression, metabolite production, study illustrates, precise genome",0.0673913043478261
557,"web science core, mean sd age, research hotspots, 28 day mortality",0.0
558,"bla ctx, spectrum lactamase esbl, sequence types sts, coli isolates",0.0
558,"details use execution, myosin motors, nascent chain, origin life",0.30434782608695654
558,"editorial emerging, author correction, g2 phase, model pd",0.021739130434782608
558,"fetal liver, stalled replication forks, pulmonary vascular, chromatin state",0.03695652173913044
558,"recent findings recent, cell multi omics, complex microbial, crispr cas based",0.0
558,"related morbidity, stage diagnosis, combination strategies, clinical intervention",0.5369565217391304
558,"role intercellular communication, testicular torsion, nanoparticle tracking analysis, mir 21 5p",0.0
558,"therapeutic strategies including, exosomes emerging, epigenetic modulation, solid cancers",0.06956521739130435
558,"transgene expression, metabolite production, study illustrates, precise genome",0.030434782608695653
558,"web science core, mean sd age, research hotspots, 28 day mortality",0.0
559,"bla ctx, spectrum lactamase esbl, sequence types sts, coli isolates",0.0
559,"details use execution, myosin motors, nascent chain, origin life",0.30434782608695654
559,"editorial emerging, author correction, g2 phase, model pd",0.0
559,"fetal liver, stalled replication forks, pulmonary vascular, chromatin state",0.06956521739130436
559,"recent findings recent, cell multi omics, complex microbial, crispr cas based",0.0
559,"related morbidity, stage diagnosis, combination strategies, clinical intervention",0.5260869565217392
559,"role intercellular communication, testicular torsion, nanoparticle tracking analysis, mir 21 5p",0.0
559,"therapeutic strategies including, exosomes emerging, epigenetic modulation, solid cancers",0.03695652173913044
559,"transgene expression, metabolite production, study illustrates, precise genome",0.06304347826086958
559,"web science core, mean sd age, research hotspots, 28 day mortality",0.0
560,"bla ctx, spectrum lactamase esbl, sequence types sts, coli isolates",0.0
560,"details use execution, myosin motors, nascent chain, origin life",0.2608695652173913
560,"editorial emerging, author correction, g2 phase, model pd",0.01956521739130435
560,"fetal liver, stalled replication forks, pulmonary vascular, chromatin state",0.06739130434782609
560,"recent findings recent, cell multi omics, complex microbial, crispr cas based",0.0
560,"related morbidity, stage diagnosis, combination strategies, clinical intervention",0.5456521739130434
560,"role intercellular communication, testicular torsion, nanoparticle tracking analysis, mir 21 5p",0.0
560,"therapeutic strategies including, exosomes emerging, epigenetic modulation, solid cancers",0.04782608695652174
560,"transgene expression, metabolite production, study illustrates, precise genome",0.058695652173913045
560,"web science core, mean sd age, research hotspots, 28 day mortality",0.0
561,"bla ctx, spectrum lactamase esbl, sequence types sts, coli isolates",0.0
561,"details use execution, myosin motors, nascent chain, origin life",0.4782608695652174
561,"editorial emerging, author correction, g2 phase, model pd",0.01956521739130435
561,"fetal liver, stalled replication forks, pulmonary vascular, chromatin state",0.04565217391304348
561,"recent findings recent, cell multi omics, complex microbial, crispr cas based",0.0
561,"related morbidity, stage diagnosis, combination strategies, clinical intervention",0.37608695652173907
561,"role intercellular communication, testicular torsion, nanoparticle tracking analysis, mir 21 5p",0.0
561,"therapeutic strategies including, exosomes emerging, epigenetic modulation, solid cancers",0.008695652173913044
561,"transgene expression, metabolite production, study illustrates, precise genome",0.07173913043478261
561,"web science core, mean sd age, research hotspots, 28 day mortality",0.0
562,"bla ctx, spectrum lactamase esbl, sequence types sts, coli isolates",0.0
562,"details use execution, myosin motors, nascent chain, origin life",0.30434782608695654
562,"editorial emerging, author correction, g2 phase, model pd",0.0
562,"fetal liver, stalled replication forks, pulmonary vascular, chromatin state",0.08695652173913043
562,"recent findings recent, cell multi omics, complex microbial, crispr cas based",0.0
562,"related morbidity, stage diagnosis, combination strategies, clinical intervention",0.45652173913043476
562,"role intercellular communication, testicular torsion, nanoparticle tracking analysis, mir 21 5p",0.0
562,"therapeutic strategies including, exosomes emerging, epigenetic modulation, solid cancers",0.09565217391304348
562,"transgene expression, metabolite production, study illustrates, precise genome",0.05652173913043478
562,"web science core, mean sd age, research hotspots, 28 day mortality",0.0
563,"bla ctx, spectrum lactamase esbl, sequence types sts, coli isolates",0.0
563,"details use execution, myosin motors, nascent chain, origin life",0.17391304347826086
563,"editorial emerging, author correction, g2 phase, model pd",0.0
563,"fetal liver, stalled replication forks, pulmonary vascular, chromatin state",0.1260869565217391
563,"recent findings recent, cell multi omics, complex microbial, crispr cas based",0.0
563,"related morbidity, stage diagnosis, combination strategies, clinical intervention",0.5456521739130434
563,"role intercellular communication, testicular torsion, nanoparticle tracking analysis, mir 21 5p",0.0
563,"therapeutic strategies including, exosomes emerging, epigenetic modulation, solid cancers",0.06521739130434782
563,"transgene expression, metabolite production, study illustrates, precise genome",0.0891304347826087
563,"web science core, mean sd age, research hotspots, 28 day mortality",0.0
564,"bla ctx, spectrum lactamase esbl, sequence types sts, coli isolates",0.0
564,"details use execution, myosin motors, nascent chain, origin life",0.34782608695652173
564,"editorial emerging, author correction, g2 phase, model pd",0.021739130434782608
564,"fetal liver, stalled replication forks, pulmonary vascular, chromatin state",0.03260869565217391
564,"recent findings recent, cell multi omics, complex microbial, crispr cas based",0.0
564,"related morbidity, stage diagnosis, combination strategies, clinical intervention",0.5086956521739131
564,"role intercellular communication, testicular torsion, nanoparticle tracking analysis, mir 21 5p",0.0
564,"therapeutic strategies including, exosomes emerging, epigenetic modulation, solid cancers",0.03695652173913044
564,"transgene expression, metabolite production, study illustrates, precise genome",0.05217391304347827
564,"web science core, mean sd age, research hotspots, 28 day mortality",0.0
565,"bla ctx, spectrum lactamase esbl, sequence types sts, coli isolates",0.0
565,"details use execution, myosin motors, nascent chain, origin life",0.34782608695652173
565,"editorial emerging, author correction, g2 phase, model pd",0.0
565,"fetal liver, stalled replication forks, pulmonary vascular, chromatin state",0.10217391304347824
565,"recent findings recent, cell multi omics, complex microbial, crispr cas based",0.0
565,"related morbidity, stage diagnosis, combination strategies, clinical intervention",0.40869565217391307
565,"role intercellular communication, testicular torsion, nanoparticle tracking analysis, mir 21 5p",0.0
565,"therapeutic strategies including, exosomes emerging, epigenetic modulation, solid cancers",0.07608695652173914
565,"transgene expression, metabolite production, study illustrates, precise genome",0.06521739130434784
565,"web science core, mean sd age, research hotspots, 28 day mortality",0.0
566,"bla ctx, spectrum lactamase esbl, sequence types sts, coli isolates",0.0
566,"details use execution, myosin motors, nascent chain, origin life",0.2608695652173913
566,"editorial emerging, author correction, g2 phase, model pd",0.0
566,"fetal liver, stalled replication forks, pulmonary vascular, chromatin state",0.0391304347826087
566,"recent findings recent, cell multi omics, complex microbial, crispr cas based",0.0
566,"related morbidity, stage diagnosis, combination strategies, clinical intervention",0.5565217391304348
566,"role intercellular communication, testicular torsion, nanoparticle tracking analysis, mir 21 5p",0.0
566,"therapeutic strategies including, exosomes emerging, epigenetic modulation, solid cancers",0.09999999999999999
566,"transgene expression, metabolite production, study illustrates, precise genome",0.043478260869565216
566,"web science core, mean sd age, research hotspots, 28 day mortality",0.0
567,"bla ctx, spectrum lactamase esbl, sequence types sts, coli isolates",0.0
567,"details use execution, myosin motors, nascent chain, origin life",0.43478260869565216
567,"editorial emerging, author correction, g2 phase, model pd",0.0
567,"fetal liver, stalled replication forks, pulmonary vascular, chromatin state",0.1
567,"recent findings recent, cell multi omics, complex microbial, crispr cas based",0.0
567,"related morbidity, stage diagnosis, combination strategies, clinical intervention",0.34782608695652173
567,"role intercellular communication, testicular torsion, nanoparticle tracking analysis, mir 21 5p",0.0
567,"therapeutic strategies including, exosomes emerging, epigenetic modulation, solid cancers",0.05652173913043478
567,"transgene expression, metabolite production, study illustrates, precise genome",0.0608695652173913
567,"web science core, mean sd age, research hotspots, 28 day mortality",0.0
568,"bla ctx, spectrum lactamase esbl, sequence types sts, coli isolates",0.0
568,"details use execution, myosin motors, nascent chain, origin life",0.391304347826087
568,"editorial emerging, author correction, g2 phase, model pd",0.021739130434782608
568,"fetal liver, stalled replication forks, pulmonary vascular, chromatin state",0.1
568,"recent findings recent, cell multi omics, complex microbial, crispr cas based",0.0
568,"related morbidity, stage diagnosis, combination strategies, clinical intervention",0.3630434782608695
568,"role intercellular communication, testicular torsion, nanoparticle tracking analysis, mir 21 5p",0.0
568,"therapeutic strategies including, exosomes emerging, epigenetic modulation, solid cancers",0.04130434782608696
568,"transgene expression, metabolite production, study illustrates, precise genome",0.08260869565217391
568,"web science core, mean sd age, research hotspots, 28 day mortality",0.0
569,"bla ctx, spectrum lactamase esbl, sequence types sts, coli isolates",0.0
569,"details use execution, myosin motors, nascent chain, origin life",0.34782608695652173
569,"editorial emerging, author correction, g2 phase, model pd",0.002173913043478261
569,"fetal liver, stalled replication forks, pulmonary vascular, chromatin state",0.04565217391304348
569,"recent findings recent, cell multi omics, complex microbial, crispr cas based",0.0
569,"related morbidity, stage diagnosis, combination strategies, clinical intervention",0.4782608695652173
569,"role intercellular communication, testicular torsion, nanoparticle tracking analysis, mir 21 5p",0.0
569,"therapeutic strategies including, exosomes emerging, epigenetic modulation, solid cancers",0.07173913043478261
569,"transgene expression, metabolite production, study illustrates, precise genome",0.054347826086956534
569,"web science core, mean sd age, research hotspots, 28 day mortality",0.0
570,"bla ctx, spectrum lactamase esbl, sequence types sts, coli isolates",0.0
570,"details use execution, myosin motors, nascent chain, origin life",0.43478260869565216
570,"editorial emerging, author correction, g2 phase, model pd",0.0
570,"fetal liver, stalled replication forks, pulmonary vascular, chromatin state",0.09565217391304347
570,"recent findings recent, cell multi omics, complex microbial, crispr cas based",0.0
570,"related morbidity, stage diagnosis, combination strategies, clinical intervention",0.32391304347826083
570,"role intercellular communication, testicular torsion, nanoparticle tracking analysis, mir 21 5p",0.0
570,"therapeutic strategies including, exosomes emerging, epigenetic modulation, solid cancers",0.06956521739130435
570,"transgene expression, metabolite production, study illustrates, precise genome",0.07608695652173914
570,"web science core, mean sd age, research hotspots, 28 day mortality",0.0
571,"bla ctx, spectrum lactamase esbl, sequence types sts, coli isolates",0.0
571,"details use execution, myosin motors, nascent chain, origin life",0.30434782608695654
571,"editorial emerging, author correction, g2 phase, model pd",0.01956521739130435
571,"fetal liver, stalled replication forks, pulmonary vascular, chromatin state",0.05217391304347827
571,"recent findings recent, cell multi omics, complex microbial, crispr cas based",0.0
571,"related morbidity, stage diagnosis, combination strategies, clinical intervention",0.5282608695652172
571,"role intercellular communication, testicular torsion, nanoparticle tracking analysis, mir 21 5p",0.0
571,"therapeutic strategies including, exosomes emerging, epigenetic modulation, solid cancers",0.021739130434782608
571,"transgene expression, metabolite production, study illustrates, precise genome",0.07391304347826087
571,"web science core, mean sd age, research hotspots, 28 day mortality",0.0
572,"bla ctx, spectrum lactamase esbl, sequence types sts, coli isolates",0.0
572,"details use execution, myosin motors, nascent chain, origin life",0.391304347826087
572,"editorial emerging, author correction, g2 phase, model pd",0.0
572,"fetal liver, stalled replication forks, pulmonary vascular, chromatin state",0.02826086956521739
572,"recent findings recent, cell multi omics, complex microbial, crispr cas based",0.0
572,"related morbidity, stage diagnosis, combination strategies, clinical intervention",0.4739130434782608
572,"role intercellular communication, testicular torsion, nanoparticle tracking analysis, mir 21 5p",0.0
572,"therapeutic strategies including, exosomes emerging, epigenetic modulation, solid cancers",0.08043478260869566
572,"transgene expression, metabolite production, study illustrates, precise genome",0.02608695652173913
572,"web science core, mean sd age, research hotspots, 28 day mortality",0.0
573,"bla ctx, spectrum lactamase esbl, sequence types sts, coli isolates",0.0
573,"details use execution, myosin motors, nascent chain, origin life",0.30434782608695654
573,"editorial emerging, author correction, g2 phase, model pd",0.0
573,"fetal liver, stalled replication forks, pulmonary vascular, chromatin state",0.06739130434782609
573,"recent findings recent, cell multi omics, complex microbial, crispr cas based",0.0
573,"related morbidity, stage diagnosis, combination strategies, clinical intervention",0.5434782608695652
573,"role intercellular communication, testicular torsion, nanoparticle tracking analysis, mir 21 5p",0.0
573,"therapeutic strategies including, exosomes emerging, epigenetic modulation, solid cancers",0.04782608695652174
573,"transgene expression, metabolite production, study illustrates, precise genome",0.03695652173913044
573,"web science core, mean sd age, research hotspots, 28 day mortality",0.0
574,"bla ctx, spectrum lactamase esbl, sequence types sts, coli isolates",0.0
574,"details use execution, myosin motors, nascent chain, origin life",0.2608695652173913
574,"editorial emerging, author correction, g2 phase, model pd",0.0
574,"fetal liver, stalled replication forks, pulmonary vascular, chromatin state",0.0608695652173913
574,"recent findings recent, cell multi omics, complex microbial, crispr cas based",0.0
574,"related morbidity, stage diagnosis, combination strategies, clinical intervention",0.5913043478260869
574,"role intercellular communication, testicular torsion, nanoparticle tracking analysis, mir 21 5p",0.0
574,"therapeutic strategies including, exosomes emerging, epigenetic modulation, solid cancers",0.058695652173913045
574,"transgene expression, metabolite production, study illustrates, precise genome",0.028260869565217398
574,"web science core, mean sd age, research hotspots, 28 day mortality",0.0
575,"bla ctx, spectrum lactamase esbl, sequence types sts, coli isolates",0.0
575,"details use execution, myosin motors, nascent chain, origin life",0.4782608695652174
575,"editorial emerging, author correction, g2 phase, model pd",0.002173913043478261
575,"fetal liver, stalled replication forks, pulmonary vascular, chromatin state",0.06739130434782609
575,"recent findings recent, cell multi omics, complex microbial, crispr cas based",0.0
575,"related morbidity, stage diagnosis, combination strategies, clinical intervention",0.37173913043478257
575,"role intercellular communication, testicular torsion, nanoparticle tracking analysis, mir 21 5p",0.0
575,"therapeutic strategies including, exosomes emerging, epigenetic modulation, solid cancers",0.010869565217391304
575,"transgene expression, metabolite production, study illustrates, precise genome",0.06956521739130435
575,"web science core, mean sd age, research hotspots, 28 day mortality",0.0
576,"bla ctx, spectrum lactamase esbl, sequence types sts, coli isolates",0.0
576,"details use execution, myosin motors, nascent chain, origin life",0.30434782608695654
576,"editorial emerging, author correction, g2 phase, model pd",0.002173913043478261
576,"fetal liver, stalled replication forks, pulmonary vascular, chromatin state",0.0673913043478261
576,"recent findings recent, cell multi omics, complex microbial, crispr cas based",0.0
576,"related morbidity, stage diagnosis, combination strategies, clinical intervention",0.5304347826086957
576,"role intercellular communication, testicular torsion, nanoparticle tracking analysis, mir 21 5p",0.0
576,"therapeutic strategies including, exosomes emerging, epigenetic modulation, solid cancers",0.030434782608695653
576,"transgene expression, metabolite production, study illustrates, precise genome",0.06521739130434784
576,"web science core, mean sd age, research hotspots, 28 day mortality",0.0
577,"bla ctx, spectrum lactamase esbl, sequence types sts, coli isolates",0.0
577,"details use execution, myosin motors, nascent chain, origin life",0.34782608695652173
577,"editorial emerging, author correction, g2 phase, model pd",0.01956521739130435
577,"fetal liver, stalled replication forks, pulmonary vascular, chromatin state",0.04347826086956523
577,"recent findings recent, cell multi omics, complex microbial, crispr cas based",0.0
577,"related morbidity, stage diagnosis, combination strategies, clinical intervention",0.4717391304347826
577,"role intercellular communication, testicular torsion, nanoparticle tracking analysis, mir 21 5p",0.0
577,"therapeutic strategies including, exosomes emerging, epigenetic modulation, solid cancers",0.0608695652173913
577,"transgene expression, metabolite production, study illustrates, precise genome",0.05652173913043478
577,"web science core, mean sd age, research hotspots, 28 day mortality",0.0
578,"bla ctx, spectrum lactamase esbl, sequence types sts, coli isolates",0.0
578,"details use execution, myosin motors, nascent chain, origin life",0.13043478260869565
578,"editorial emerging, author correction, g2 phase, model pd",0.01956521739130435
578,"fetal liver, stalled replication forks, pulmonary vascular, chromatin state",0.08478260869565218
578,"recent findings recent, cell multi omics, complex microbial, crispr cas based",0.0
578,"related morbidity, stage diagnosis, combination strategies, clinical intervention",0.643478260869565
578,"role intercellular communication, testicular torsion, nanoparticle tracking analysis, mir 21 5p",0.0
578,"therapeutic strategies including, exosomes emerging, epigenetic modulation, solid cancers",0.03260869565217392
578,"transgene expression, metabolite production, study illustrates, precise genome",0.0891304347826087
578,"web science core, mean sd age, research hotspots, 28 day mortality",0.0
579,"bla ctx, spectrum lactamase esbl, sequence types sts, coli isolates",0.0
579,"details use execution, myosin motors, nascent chain, origin life",0.30434782608695654
579,"editorial emerging, author correction, g2 phase, model pd",0.0
579,"fetal liver, stalled replication forks, pulmonary vascular, chromatin state",0.10652173913043479
579,"recent findings recent, cell multi omics, complex microbial, crispr cas based",0.0
579,"related morbidity, stage diagnosis, combination strategies, clinical intervention",0.4913043478260869
579,"role intercellular communication, testicular torsion, nanoparticle tracking analysis, mir 21 5p",0.0
579,"therapeutic strategies including, exosomes emerging, epigenetic modulation, solid cancers",0.041304347826086954
579,"transgene expression, metabolite production, study illustrates, precise genome",0.056521739130434796
579,"web science core, mean sd age, research hotspots, 28 day mortality",0.0
580,"bla ctx, spectrum lactamase esbl, sequence types sts, coli isolates",0.0
580,"details use execution, myosin motors, nascent chain, origin life",0.21739130434782608
580,"editorial emerging, author correction, g2 phase, model pd",0.021739130434782608
580,"fetal liver, stalled replication forks, pulmonary vascular, chromatin state",0.05217391304347827
580,"recent findings recent, cell multi omics, complex microbial, crispr cas based",0.0
580,"related morbidity, stage diagnosis, combination strategies, clinical intervention",0.6086956521739131
580,"role intercellular communication, testicular torsion, nanoparticle tracking analysis, mir 21 5p",0.0
580,"therapeutic strategies including, exosomes emerging, epigenetic modulation, solid cancers",0.034782608695652174
580,"transgene expression, metabolite production, study illustrates, precise genome",0.06521739130434784
580,"web science core, mean sd age, research hotspots, 28 day mortality",0.0
581,"bla ctx, spectrum lactamase esbl, sequence types sts, coli isolates",0.0
581,"details use execution, myosin motors, nascent chain, origin life",0.34782608695652173
581,"editorial emerging, author correction, g2 phase, model pd",0.01956521739130435
581,"fetal liver, stalled replication forks, pulmonary vascular, chromatin state",0.03695652173913044
581,"recent findings recent, cell multi omics, complex microbial, crispr cas based",0.0
581,"related morbidity, stage diagnosis, combination strategies, clinical intervention",0.5282608695652175
581,"role intercellular communication, testicular torsion, nanoparticle tracking analysis, mir 21 5p",0.0
581,"therapeutic strategies including, exosomes emerging, epigenetic modulation, solid cancers",0.019565217391304346
581,"transgene expression, metabolite production, study illustrates, precise genome",0.04782608695652174
581,"web science core, mean sd age, research hotspots, 28 day mortality",0.0
582,"bla ctx, spectrum lactamase esbl, sequence types sts, coli isolates",0.0
582,"details use execution, myosin motors, nascent chain, origin life",0.2608695652173913
582,"editorial emerging, author correction, g2 phase, model pd",0.0
582,"fetal liver, stalled replication forks, pulmonary vascular, chromatin state",0.08260869565217391
582,"recent findings recent, cell multi omics, complex microbial, crispr cas based",0.0
582,"related morbidity, stage diagnosis, combination strategies, clinical intervention",0.5434782608695652
582,"role intercellular communication, testicular torsion, nanoparticle tracking analysis, mir 21 5p",0.0
582,"therapeutic strategies including, exosomes emerging, epigenetic modulation, solid cancers",0.04565217391304348
582,"transgene expression, metabolite production, study illustrates, precise genome",0.06739130434782609
582,"web science core, mean sd age, research hotspots, 28 day mortality",0.0
583,"bla ctx, spectrum lactamase esbl, sequence types sts, coli isolates",0.0
583,"details use execution, myosin motors, nascent chain, origin life",0.30434782608695654
583,"editorial emerging, author correction, g2 phase, model pd",0.0
583,"fetal liver, stalled replication forks, pulmonary vascular, chromatin state",0.0608695652173913
583,"recent findings recent, cell multi omics, complex microbial, crispr cas based",0.0
583,"related morbidity, stage diagnosis, combination strategies, clinical intervention",0.5108695652173914
583,"role intercellular communication, testicular torsion, nanoparticle tracking analysis, mir 21 5p",0.0
583,"therapeutic strategies including, exosomes emerging, epigenetic modulation, solid cancers",0.049999999999999996
583,"transgene expression, metabolite production, study illustrates, precise genome",0.07391304347826087
583,"web science core, mean sd age, research hotspots, 28 day mortality",0.0
584,"bla ctx, spectrum lactamase esbl, sequence types sts, coli isolates",0.0
584,"details use execution, myosin motors, nascent chain, origin life",0.21739130434782608
584,"editorial emerging, author correction, g2 phase, model pd",0.01956521739130435
584,"fetal liver, stalled replication forks, pulmonary vascular, chromatin state",0.07173913043478261
584,"recent findings recent, cell multi omics, complex microbial, crispr cas based",0.0
584,"related morbidity, stage diagnosis, combination strategies, clinical intervention",0.5826086956521739
584,"role intercellular communication, testicular torsion, nanoparticle tracking analysis, mir 21 5p",0.0
584,"therapeutic strategies including, exosomes emerging, epigenetic modulation, solid cancers",0.05217391304347827
584,"transgene expression, metabolite production, study illustrates, precise genome",0.05652173913043478
584,"web science core, mean sd age, research hotspots, 28 day mortality",0.0
585,"bla ctx, spectrum lactamase esbl, sequence types sts, coli isolates",0.0
585,"details use execution, myosin motors, nascent chain, origin life",0.43478260869565216
585,"editorial emerging, author correction, g2 phase, model pd",0.002173913043478261
585,"fetal liver, stalled replication forks, pulmonary vascular, chromatin state",0.13043478260869568
585,"recent findings recent, cell multi omics, complex microbial, crispr cas based",0.0
585,"related morbidity, stage diagnosis, combination strategies, clinical intervention",0.26086956521739124
585,"role intercellular communication, testicular torsion, nanoparticle tracking analysis, mir 21 5p",0.0
585,"therapeutic strategies including, exosomes emerging, epigenetic modulation, solid cancers",0.09130434782608696
585,"transgene expression, metabolite production, study illustrates, precise genome",0.08043478260869566
585,"web science core, mean sd age, research hotspots, 28 day mortality",0.0
586,"bla ctx, spectrum lactamase esbl, sequence types sts, coli isolates",0.0
586,"details use execution, myosin motors, nascent chain, origin life",0.391304347826087
586,"editorial emerging, author correction, g2 phase, model pd",0.002173913043478261
586,"fetal liver, stalled replication forks, pulmonary vascular, chromatin state",0.03043478260869565
586,"recent findings recent, cell multi omics, complex microbial, crispr cas based",0.0
586,"related morbidity, stage diagnosis, combination strategies, clinical intervention",0.5021739130434782
586,"role intercellular communication, testicular torsion, nanoparticle tracking analysis, mir 21 5p",0.0
586,"therapeutic strategies including, exosomes emerging, epigenetic modulation, solid cancers",0.0391304347826087
586,"transgene expression, metabolite production, study illustrates, precise genome",0.03478260869565218
586,"web science core, mean sd age, research hotspots, 28 day mortality",0.0
587,"bla ctx, spectrum lactamase esbl, sequence types sts, coli isolates",0.0
587,"details use execution, myosin motors, nascent chain, origin life",0.391304347826087
587,"editorial emerging, author correction, g2 phase, model pd",0.0
587,"fetal liver, stalled replication forks, pulmonary vascular, chromatin state",0.0891304347826087
587,"recent findings recent, cell multi omics, complex microbial, crispr cas based",0.0
587,"related morbidity, stage diagnosis, combination strategies, clinical intervention",0.41739130434782606
587,"role intercellular communication, testicular torsion, nanoparticle tracking analysis, mir 21 5p",0.0
587,"therapeutic strategies including, exosomes emerging, epigenetic modulation, solid cancers",0.04782608695652174
587,"transgene expression, metabolite production, study illustrates, precise genome",0.05434782608695652
587,"web science core, mean sd age, research hotspots, 28 day mortality",0.0
588,"bla ctx, spectrum lactamase esbl, sequence types sts, coli isolates",0.0
588,"details use execution, myosin motors, nascent chain, origin life",0.43478260869565216
588,"editorial emerging, author correction, g2 phase, model pd",0.0
588,"fetal liver, stalled replication forks, pulmonary vascular, chromatin state",0.09130434782608696
588,"recent findings recent, cell multi omics, complex microbial, crispr cas based",0.0
588,"related morbidity, stage diagnosis, combination strategies, clinical intervention",0.358695652173913
588,"role intercellular communication, testicular torsion, nanoparticle tracking analysis, mir 21 5p",0.0
588,"therapeutic strategies including, exosomes emerging, epigenetic modulation, solid cancers",0.05217391304347826
588,"transgene expression, metabolite production, study illustrates, precise genome",0.06304347826086956
588,"web science core, mean sd age, research hotspots, 28 day mortality",0.0
589,"bla ctx, spectrum lactamase esbl, sequence types sts, coli isolates",0.0
589,"details use execution, myosin motors, nascent chain, origin life",0.17391304347826086
589,"editorial emerging, author correction, g2 phase, model pd",0.01956521739130435
589,"fetal liver, stalled replication forks, pulmonary vascular, chromatin state",0.09347826086956522
589,"recent findings recent, cell multi omics, complex microbial, crispr cas based",0.0
589,"related morbidity, stage diagnosis, combination strategies, clinical intervention",0.5978260869565217
589,"role intercellular communication, testicular torsion, nanoparticle tracking analysis, mir 21 5p",0.0
589,"therapeutic strategies including, exosomes emerging, epigenetic modulation, solid cancers",0.041304347826086954
589,"transgene expression, metabolite production, study illustrates, precise genome",0.07391304347826087
589,"web science core, mean sd age, research hotspots, 28 day mortality",0.0
590,"bla ctx, spectrum lactamase esbl, sequence types sts, coli isolates",0.0
590,"details use execution, myosin motors, nascent chain, origin life",0.34782608695652173
590,"editorial emerging, author correction, g2 phase, model pd",0.0
590,"fetal liver, stalled replication forks, pulmonary vascular, chromatin state",0.07826086956521738
590,"recent findings recent, cell multi omics, complex microbial, crispr cas based",0.0
590,"related morbidity, stage diagnosis, combination strategies, clinical intervention",0.4847826086956521
590,"role intercellular communication, testicular torsion, nanoparticle tracking analysis, mir 21 5p",0.0
590,"therapeutic strategies including, exosomes emerging, epigenetic modulation, solid cancers",0.010869565217391304
590,"transgene expression, metabolite production, study illustrates, precise genome",0.0782608695652174
590,"web science core, mean sd age, research hotspots, 28 day mortality",0.0
591,"bla ctx, spectrum lactamase esbl, sequence types sts, coli isolates",0.0
591,"details use execution, myosin motors, nascent chain, origin life",0.34782608695652173
591,"editorial emerging, author correction, g2 phase, model pd",0.0
591,"fetal liver, stalled replication forks, pulmonary vascular, chromatin state",0.04565217391304348
591,"recent findings recent, cell multi omics, complex microbial, crispr cas based",0.0
591,"related morbidity, stage diagnosis, combination strategies, clinical intervention",0.5369565217391303
591,"role intercellular communication, testicular torsion, nanoparticle tracking analysis, mir 21 5p",0.0
591,"therapeutic strategies including, exosomes emerging, epigenetic modulation, solid cancers",0.03260869565217391
591,"transgene expression, metabolite production, study illustrates, precise genome",0.03695652173913044
591,"web science core, mean sd age, research hotspots, 28 day mortality",0.0
592,"bla ctx, spectrum lactamase esbl, sequence types sts, coli isolates",0.0
592,"details use execution, myosin motors, nascent chain, origin life",0.21739130434782608
592,"editorial emerging, author correction, g2 phase, model pd",0.021739130434782608
592,"fetal liver, stalled replication forks, pulmonary vascular, chromatin state",0.09130434782608696
592,"recent findings recent, cell multi omics, complex microbial, crispr cas based",0.0
592,"related morbidity, stage diagnosis, combination strategies, clinical intervention",0.5543478260869564
592,"role intercellular communication, testicular torsion, nanoparticle tracking analysis, mir 21 5p",0.0
592,"therapeutic strategies including, exosomes emerging, epigenetic modulation, solid cancers",0.03260869565217391
592,"transgene expression, metabolite production, study illustrates, precise genome",0.08260869565217391
592,"web science core, mean sd age, research hotspots, 28 day mortality",0.0
593,"bla ctx, spectrum lactamase esbl, sequence types sts, coli isolates",0.0
593,"details use execution, myosin motors, nascent chain, origin life",0.2608695652173913
593,"editorial emerging, author correction, g2 phase, model pd",0.01956521739130435
593,"fetal liver, stalled replication forks, pulmonary vascular, chromatin state",0.05
593,"recent findings recent, cell multi omics, complex microbial, crispr cas based",0.0
593,"related morbidity, stage diagnosis, combination strategies, clinical intervention",0.5847826086956521
593,"role intercellular communication, testicular torsion, nanoparticle tracking analysis, mir 21 5p",0.0
593,"therapeutic strategies including, exosomes emerging, epigenetic modulation, solid cancers",0.021739130434782608
593,"transgene expression, metabolite production, study illustrates, precise genome",0.06304347826086958
593,"web science core, mean sd age, research hotspots, 28 day mortality",0.0
594,"bla ctx, spectrum lactamase esbl, sequence types sts, coli isolates",0.0
594,"details use execution, myosin motors, nascent chain, origin life",0.34782608695652173
594,"editorial emerging, author correction, g2 phase, model pd",0.01956521739130435
594,"fetal liver, stalled replication forks, pulmonary vascular, chromatin state",0.04565217391304348
594,"recent findings recent, cell multi omics, complex microbial, crispr cas based",0.0
594,"related morbidity, stage diagnosis, combination strategies, clinical intervention",0.5021739130434782
594,"role intercellular communication, testicular torsion, nanoparticle tracking analysis, mir 21 5p",0.0
594,"therapeutic strategies including, exosomes emerging, epigenetic modulation, solid cancers",0.02826086956521739
594,"transgene expression, metabolite production, study illustrates, precise genome",0.056521739130434796
594,"web science core, mean sd age, research hotspots, 28 day mortality",0.0
595,"bla ctx, spectrum lactamase esbl, sequence types sts, coli isolates",0.0
595,"details use execution, myosin motors, nascent chain, origin life",0.2608695652173913
595,"editorial emerging, author correction, g2 phase, model pd",0.0
595,"fetal liver, stalled replication forks, pulmonary vascular, chromatin state",0.09782608695652172
595,"recent findings recent, cell multi omics, complex microbial, crispr cas based",0.0
595,"related morbidity, stage diagnosis, combination strategies, clinical intervention",0.48695652173913034
595,"role intercellular communication, testicular torsion, nanoparticle tracking analysis, mir 21 5p",0.0
595,"therapeutic strategies including, exosomes emerging, epigenetic modulation, solid cancers",0.08478260869565217
595,"transgene expression, metabolite production, study illustrates, precise genome",0.06956521739130435
595,"web science core, mean sd age, research hotspots, 28 day mortality",0.0
596,"bla ctx, spectrum lactamase esbl, sequence types sts, coli isolates",0.0
596,"details use execution, myosin motors, nascent chain, origin life",0.391304347826087
596,"editorial emerging, author correction, g2 phase, model pd",0.0
596,"fetal liver, stalled replication forks, pulmonary vascular, chromatin state",0.08043478260869566
596,"recent findings recent, cell multi omics, complex microbial, crispr cas based",0.0
596,"related morbidity, stage diagnosis, combination strategies, clinical intervention",0.4521739130434782
596,"role intercellular communication, testicular torsion, nanoparticle tracking analysis, mir 21 5p",0.0
596,"therapeutic strategies including, exosomes emerging, epigenetic modulation, solid cancers",0.010869565217391304
596,"transgene expression, metabolite production, study illustrates, precise genome",0.06521739130434782
596,"web science core, mean sd age, research hotspots, 28 day mortality",0.0
597,"bla ctx, spectrum lactamase esbl, sequence types sts, coli isolates",0.0
597,"details use execution, myosin motors, nascent chain, origin life",0.30434782608695654
597,"editorial emerging, author correction, g2 phase, model pd",0.0
597,"fetal liver, stalled replication forks, pulmonary vascular, chromatin state",0.1391304347826087
597,"recent findings recent, cell multi omics, complex microbial, crispr cas based",0.0
597,"related morbidity, stage diagnosis, combination strategies, clinical intervention",0.42173913043478267
597,"role intercellular communication, testicular torsion, nanoparticle tracking analysis, mir 21 5p",0.0
597,"therapeutic strategies including, exosomes emerging, epigenetic modulation, solid cancers",0.0391304347826087
597,"transgene expression, metabolite production, study illustrates, precise genome",0.09565217391304348
597,"web science core, mean sd age, research hotspots, 28 day mortality",0.0
598,"bla ctx, spectrum lactamase esbl, sequence types sts, coli isolates",0.0
598,"details use execution, myosin motors, nascent chain, origin life",0.43478260869565216
598,"editorial emerging, author correction, g2 phase, model pd",0.0
598,"fetal liver, stalled replication forks, pulmonary vascular, chromatin state",0.0782608695652174
598,"recent findings recent, cell multi omics, complex microbial, crispr cas based",0.0
598,"related morbidity, stage diagnosis, combination strategies, clinical intervention",0.3826086956521739
598,"role intercellular communication, testicular torsion, nanoparticle tracking analysis, mir 21 5p",0.0
598,"therapeutic strategies including, exosomes emerging, epigenetic modulation, solid cancers",0.03695652173913044
598,"transgene expression, metabolite production, study illustrates, precise genome",0.06739130434782609
598,"web science core, mean sd age, research hotspots, 28 day mortality",0.0
599,"bla ctx, spectrum lactamase esbl, sequence types sts, coli isolates",0.0
599,"details use execution, myosin motors, nascent chain, origin life",0.34782608695652173
599,"editorial emerging, author correction, g2 phase, model pd",0.01956521739130435
599,"fetal liver, stalled replication forks, pulmonary vascular, chromatin state",0.08043478260869566
599,"recent findings recent, cell multi omics, complex microbial, crispr cas based",0.0
599,"related morbidity, stage diagnosis, combination strategies, clinical intervention",0.44347826086956527
599,"role intercellular communication, testicular torsion, nanoparticle tracking analysis, mir 21 5p",0.0
599,"therapeutic strategies including, exosomes emerging, epigenetic modulation, solid cancers",0.03043478260869565
599,"transgene expression, metabolite production, study illustrates, precise genome",0.0782608695652174
599,"web science core, mean sd age, research hotspots, 28 day mortality",0.0
600,"bla ctx, spectrum lactamase esbl, sequence types sts, coli isolates",0.0
600,"details use execution, myosin motors, nascent chain, origin life",0.30434782608695654
600,"editorial emerging, author correction, g2 phase, model pd",0.0
600,"fetal liver, stalled replication forks, pulmonary vascular, chromatin state",0.09347826086956522
600,"recent findings recent, cell multi omics, complex microbial, crispr cas based",0.0
600,"related morbidity, stage diagnosis, combination strategies, clinical intervention",0.4782608695652173
600,"role intercellular communication, testicular torsion, nanoparticle tracking analysis, mir 21 5p",0.0
600,"therapeutic strategies including, exosomes emerging, epigenetic modulation, solid cancers",0.04782608695652174
600,"transgene expression, metabolite production, study illustrates, precise genome",0.07608695652173914
600,"web science core, mean sd age, research hotspots, 28 day mortality",0.0
601,"bla ctx, spectrum lactamase esbl, sequence types sts, coli isolates",0.0
601,"details use execution, myosin motors, nascent chain, origin life",0.34782608695652173
601,"editorial emerging, author correction, g2 phase, model pd",0.021739130434782608
601,"fetal liver, stalled replication forks, pulmonary vascular, chromatin state",0.058695652173913045
601,"recent findings recent, cell multi omics, complex microbial, crispr cas based",0.0
601,"related morbidity, stage diagnosis, combination strategies, clinical intervention",0.41521739130434776
601,"role intercellular communication, testicular torsion, nanoparticle tracking analysis, mir 21 5p",0.0
601,"therapeutic strategies including, exosomes emerging, epigenetic modulation, solid cancers",0.0891304347826087
601,"transgene expression, metabolite production, study illustrates, precise genome",0.06739130434782609
601,"web science core, mean sd age, research hotspots, 28 day mortality",0.0
602,"bla ctx, spectrum lactamase esbl, sequence types sts, coli isolates",0.0
602,"details use execution, myosin motors, nascent chain, origin life",0.30434782608695654
602,"editorial emerging, author correction, g2 phase, model pd",0.0
602,"fetal liver, stalled replication forks, pulmonary vascular, chromatin state",0.0782608695652174
602,"recent findings recent, cell multi omics, complex microbial, crispr cas based",0.0
602,"related morbidity, stage diagnosis, combination strategies, clinical intervention",0.517391304347826
602,"role intercellular communication, testicular torsion, nanoparticle tracking analysis, mir 21 5p",0.0
602,"therapeutic strategies including, exosomes emerging, epigenetic modulation, solid cancers",0.03695652173913044
602,"transgene expression, metabolite production, study illustrates, precise genome",0.06304347826086958
602,"web science core, mean sd age, research hotspots, 28 day mortality",0.0
603,"bla ctx, spectrum lactamase esbl, sequence types sts, coli isolates",0.0
603,"details use execution, myosin motors, nascent chain, origin life",0.2608695652173913
603,"editorial emerging, author correction, g2 phase, model pd",0.0
603,"fetal liver, stalled replication forks, pulmonary vascular, chromatin state",0.08913043478260871
603,"recent findings recent, cell multi omics, complex microbial, crispr cas based",0.0
603,"related morbidity, stage diagnosis, combination strategies, clinical intervention",0.4826086956521739
603,"role intercellular communication, testicular torsion, nanoparticle tracking analysis, mir 21 5p",0.0
603,"therapeutic strategies including, exosomes emerging, epigenetic modulation, solid cancers",0.08478260869565217
603,"transgene expression, metabolite production, study illustrates, precise genome",0.08260869565217391
603,"web science core, mean sd age, research hotspots, 28 day mortality",0.0
604,"bla ctx, spectrum lactamase esbl, sequence types sts, coli isolates",0.0
604,"details use execution, myosin motors, nascent chain, origin life",0.43478260869565216
604,"editorial emerging, author correction, g2 phase, model pd",0.01956521739130435
604,"fetal liver, stalled replication forks, pulmonary vascular, chromatin state",0.09347826086956522
604,"recent findings recent, cell multi omics, complex microbial, crispr cas based",0.0
604,"related morbidity, stage diagnosis, combination strategies, clinical intervention",0.358695652173913
604,"role intercellular communication, testicular torsion, nanoparticle tracking analysis, mir 21 5p",0.0
604,"therapeutic strategies including, exosomes emerging, epigenetic modulation, solid cancers",0.04130434782608696
604,"transgene expression, metabolite production, study illustrates, precise genome",0.05217391304347827
604,"web science core, mean sd age, research hotspots, 28 day mortality",0.0
605,"bla ctx, spectrum lactamase esbl, sequence types sts, coli isolates",0.0
605,"details use execution, myosin motors, nascent chain, origin life",0.34782608695652173
605,"editorial emerging, author correction, g2 phase, model pd",0.002173913043478261
605,"fetal liver, stalled replication forks, pulmonary vascular, chromatin state",0.09782608695652174
605,"recent findings recent, cell multi omics, complex microbial, crispr cas based",0.0
605,"related morbidity, stage diagnosis, combination strategies, clinical intervention",0.45
605,"role intercellular communication, testicular torsion, nanoparticle tracking analysis, mir 21 5p",0.0
605,"therapeutic strategies including, exosomes emerging, epigenetic modulation, solid cancers",0.028260869565217398
605,"transgene expression, metabolite production, study illustrates, precise genome",0.07391304347826087
605,"web science core, mean sd age, research hotspots, 28 day mortality",0.0
606,"bla ctx, spectrum lactamase esbl, sequence types sts, coli isolates",0.0
606,"details use execution, myosin motors, nascent chain, origin life",0.30434782608695654
606,"editorial emerging, author correction, g2 phase, model pd",0.002173913043478261
606,"fetal liver, stalled replication forks, pulmonary vascular, chromatin state",0.04565217391304348
606,"recent findings recent, cell multi omics, complex microbial, crispr cas based",0.0
606,"related morbidity, stage diagnosis, combination strategies, clinical intervention",0.55
606,"role intercellular communication, testicular torsion, nanoparticle tracking analysis, mir 21 5p",0.0
606,"therapeutic strategies including, exosomes emerging, epigenetic modulation, solid cancers",0.05652173913043478
606,"transgene expression, metabolite production, study illustrates, precise genome",0.041304347826086954
606,"web science core, mean sd age, research hotspots, 28 day mortality",0.0
607,"bla ctx, spectrum lactamase esbl, sequence types sts, coli isolates",0.0
607,"details use execution, myosin motors, nascent chain, origin life",0.4782608695652174
607,"editorial emerging, author correction, g2 phase, model pd",0.0
607,"fetal liver, stalled replication forks, pulmonary vascular, chromatin state",0.09130434782608696
607,"recent findings recent, cell multi omics, complex microbial, crispr cas based",0.0
607,"related morbidity, stage diagnosis, combination strategies, clinical intervention",0.36086956521739133
607,"role intercellular communication, testicular torsion, nanoparticle tracking analysis, mir 21 5p",0.0
607,"therapeutic strategies including, exosomes emerging, epigenetic modulation, solid cancers",0.034782608695652174
607,"transgene expression, metabolite production, study illustrates, precise genome",0.034782608695652174
607,"web science core, mean sd age, research hotspots, 28 day mortality",0.0
608,"bla ctx, spectrum lactamase esbl, sequence types sts, coli isolates",0.0
608,"details use execution, myosin motors, nascent chain, origin life",0.21739130434782608
608,"editorial emerging, author correction, g2 phase, model pd",0.0
608,"fetal liver, stalled replication forks, pulmonary vascular, chromatin state",0.08478260869565218
608,"recent findings recent, cell multi omics, complex microbial, crispr cas based",0.0
608,"related morbidity, stage diagnosis, combination strategies, clinical intervention",0.5608695652173913
608,"role intercellular communication, testicular torsion, nanoparticle tracking analysis, mir 21 5p",0.0
608,"therapeutic strategies including, exosomes emerging, epigenetic modulation, solid cancers",0.07391304347826087
608,"transgene expression, metabolite production, study illustrates, precise genome",0.06304347826086958
608,"web science core, mean sd age, research hotspots, 28 day mortality",0.0
609,"bla ctx, spectrum lactamase esbl, sequence types sts, coli isolates",0.0
609,"details use execution, myosin motors, nascent chain, origin life",0.30434782608695654
609,"editorial emerging, author correction, g2 phase, model pd",0.002173913043478261
609,"fetal liver, stalled replication forks, pulmonary vascular, chromatin state",0.08478260869565218
609,"recent findings recent, cell multi omics, complex microbial, crispr cas based",0.0
609,"related morbidity, stage diagnosis, combination strategies, clinical intervention",0.5130434782608695
609,"role intercellular communication, testicular torsion, nanoparticle tracking analysis, mir 21 5p",0.0
609,"therapeutic strategies including, exosomes emerging, epigenetic modulation, solid cancers",0.06086956521739131
609,"transgene expression, metabolite production, study illustrates, precise genome",0.034782608695652174
609,"web science core, mean sd age, research hotspots, 28 day mortality",0.0
610,"bla ctx, spectrum lactamase esbl, sequence types sts, coli isolates",0.0
610,"details use execution, myosin motors, nascent chain, origin life",0.17391304347826086
610,"editorial emerging, author correction, g2 phase, model pd",0.002173913043478261
610,"fetal liver, stalled replication forks, pulmonary vascular, chromatin state",0.10869565217391304
610,"recent findings recent, cell multi omics, complex microbial, crispr cas based",0.0
610,"related morbidity, stage diagnosis, combination strategies, clinical intervention",0.6195652173913043
610,"role intercellular communication, testicular torsion, nanoparticle tracking analysis, mir 21 5p",0.0
610,"therapeutic strategies including, exosomes emerging, epigenetic modulation, solid cancers",0.026086956521739136
610,"transgene expression, metabolite production, study illustrates, precise genome",0.06956521739130436
610,"web science core, mean sd age, research hotspots, 28 day mortality",0.0
611,"bla ctx, spectrum lactamase esbl, sequence types sts, coli isolates",0.0
611,"details use execution, myosin motors, nascent chain, origin life",0.43478260869565216
611,"editorial emerging, author correction, g2 phase, model pd",0.0
611,"fetal liver, stalled replication forks, pulmonary vascular, chromatin state",0.034782608695652174
611,"recent findings recent, cell multi omics, complex microbial, crispr cas based",0.0
611,"related morbidity, stage diagnosis, combination strategies, clinical intervention",0.41956521739130437
611,"role intercellular communication, testicular torsion, nanoparticle tracking analysis, mir 21 5p",0.0
611,"therapeutic strategies including, exosomes emerging, epigenetic modulation, solid cancers",0.08043478260869566
611,"transgene expression, metabolite production, study illustrates, precise genome",0.03043478260869565
611,"web science core, mean sd age, research hotspots, 28 day mortality",0.0
612,"bla ctx, spectrum lactamase esbl, sequence types sts, coli isolates",0.0
612,"details use execution, myosin motors, nascent chain, origin life",0.30434782608695654
612,"editorial emerging, author correction, g2 phase, model pd",0.0
612,"fetal liver, stalled replication forks, pulmonary vascular, chromatin state",0.09782608695652174
612,"recent findings recent, cell multi omics, complex microbial, crispr cas based",0.0
612,"related morbidity, stage diagnosis, combination strategies, clinical intervention",0.4717391304347826
612,"role intercellular communication, testicular torsion, nanoparticle tracking analysis, mir 21 5p",0.0
612,"therapeutic strategies including, exosomes emerging, epigenetic modulation, solid cancers",0.05217391304347827
612,"transgene expression, metabolite production, study illustrates, precise genome",0.07391304347826087
612,"web science core, mean sd age, research hotspots, 28 day mortality",0.0
613,"bla ctx, spectrum lactamase esbl, sequence types sts, coli isolates",0.0
613,"details use execution, myosin motors, nascent chain, origin life",0.34782608695652173
613,"editorial emerging, author correction, g2 phase, model pd",0.01956521739130435
613,"fetal liver, stalled replication forks, pulmonary vascular, chromatin state",0.0782608695652174
613,"recent findings recent, cell multi omics, complex microbial, crispr cas based",0.0
613,"related morbidity, stage diagnosis, combination strategies, clinical intervention",0.4326086956521738
613,"role intercellular communication, testicular torsion, nanoparticle tracking analysis, mir 21 5p",0.0
613,"therapeutic strategies including, exosomes emerging, epigenetic modulation, solid cancers",0.06739130434782609
613,"transgene expression, metabolite production, study illustrates, precise genome",0.05434782608695652
613,"web science core, mean sd age, research hotspots, 28 day mortality",0.0
614,"bla ctx, spectrum lactamase esbl, sequence types sts, coli isolates",0.0
614,"details use execution, myosin motors, nascent chain, origin life",0.391304347826087
614,"editorial emerging, author correction, g2 phase, model pd",0.01956521739130435
614,"fetal liver, stalled replication forks, pulmonary vascular, chromatin state",0.06956521739130435
614,"recent findings recent, cell multi omics, complex microbial, crispr cas based",0.0
614,"related morbidity, stage diagnosis, combination strategies, clinical intervention",0.4217391304347825
614,"role intercellular communication, testicular torsion, nanoparticle tracking analysis, mir 21 5p",0.0
614,"therapeutic strategies including, exosomes emerging, epigenetic modulation, solid cancers",0.0391304347826087
614,"transgene expression, metabolite production, study illustrates, precise genome",0.058695652173913045
614,"web science core, mean sd age, research hotspots, 28 day mortality",0.0
615,"bla ctx, spectrum lactamase esbl, sequence types sts, coli isolates",0.0
615,"details use execution, myosin motors, nascent chain, origin life",0.34782608695652173
615,"editorial emerging, author correction, g2 phase, model pd",0.01956521739130435
615,"fetal liver, stalled replication forks, pulmonary vascular, chromatin state",0.08695652173913043
615,"recent findings recent, cell multi omics, complex microbial, crispr cas based",0.0
615,"related morbidity, stage diagnosis, combination strategies, clinical intervention",0.37826086956521743
615,"role intercellular communication, testicular torsion, nanoparticle tracking analysis, mir 21 5p",0.0
615,"therapeutic strategies including, exosomes emerging, epigenetic modulation, solid cancers",0.08478260869565218
615,"transgene expression, metabolite production, study illustrates, precise genome",0.08260869565217392
615,"web science core, mean sd age, research hotspots, 28 day mortality",0.0
616,"bla ctx, spectrum lactamase esbl, sequence types sts, coli isolates",0.0
616,"details use execution, myosin motors, nascent chain, origin life",0.391304347826087
616,"editorial emerging, author correction, g2 phase, model pd",0.021739130434782608
616,"fetal liver, stalled replication forks, pulmonary vascular, chromatin state",0.034782608695652174
616,"recent findings recent, cell multi omics, complex microbial, crispr cas based",0.0
616,"related morbidity, stage diagnosis, combination strategies, clinical intervention",0.4195652173913043
616,"role intercellular communication, testicular torsion, nanoparticle tracking analysis, mir 21 5p",0.0
616,"therapeutic strategies including, exosomes emerging, epigenetic modulation, solid cancers",0.08260869565217392
616,"transgene expression, metabolite production, study illustrates, precise genome",0.049999999999999996
616,"web science core, mean sd age, research hotspots, 28 day mortality",0.0
617,"bla ctx, spectrum lactamase esbl, sequence types sts, coli isolates",0.0
617,"details use execution, myosin motors, nascent chain, origin life",0.391304347826087
617,"editorial emerging, author correction, g2 phase, model pd",0.0
617,"fetal liver, stalled replication forks, pulmonary vascular, chromatin state",0.07391304347826087
617,"recent findings recent, cell multi omics, complex microbial, crispr cas based",0.0
617,"related morbidity, stage diagnosis, combination strategies, clinical intervention",0.4673913043478261
617,"role intercellular communication, testicular torsion, nanoparticle tracking analysis, mir 21 5p",0.0
617,"therapeutic strategies including, exosomes emerging, epigenetic modulation, solid cancers",0.015217391304347825
617,"transgene expression, metabolite production, study illustrates, precise genome",0.05217391304347827
617,"web science core, mean sd age, research hotspots, 28 day mortality",0.0
618,"bla ctx, spectrum lactamase esbl, sequence types sts, coli isolates",0.0
618,"details use execution, myosin motors, nascent chain, origin life",0.30434782608695654
618,"editorial emerging, author correction, g2 phase, model pd",0.002173913043478261
618,"fetal liver, stalled replication forks, pulmonary vascular, chromatin state",0.09130434782608696
618,"recent findings recent, cell multi omics, complex microbial, crispr cas based",0.0
618,"related morbidity, stage diagnosis, combination strategies, clinical intervention",0.4869565217391304
618,"role intercellular communication, testicular torsion, nanoparticle tracking analysis, mir 21 5p",0.0
618,"therapeutic strategies including, exosomes emerging, epigenetic modulation, solid cancers",0.049999999999999996
618,"transgene expression, metabolite production, study illustrates, precise genome",0.06521739130434784
618,"web science core, mean sd age, research hotspots, 28 day mortality",0.0
619,"bla ctx, spectrum lactamase esbl, sequence types sts, coli isolates",0.0
619,"details use execution, myosin motors, nascent chain, origin life",0.30434782608695654
619,"editorial emerging, author correction, g2 phase, model pd",0.0
619,"fetal liver, stalled replication forks, pulmonary vascular, chromatin state",0.04565217391304348
619,"recent findings recent, cell multi omics, complex microbial, crispr cas based",0.0
619,"related morbidity, stage diagnosis, combination strategies, clinical intervention",0.5717391304347824
619,"role intercellular communication, testicular torsion, nanoparticle tracking analysis, mir 21 5p",0.0
619,"therapeutic strategies including, exosomes emerging, epigenetic modulation, solid cancers",0.04130434782608696
619,"transgene expression, metabolite production, study illustrates, precise genome",0.03695652173913044
619,"web science core, mean sd age, research hotspots, 28 day mortality",0.0
620,"bla ctx, spectrum lactamase esbl, sequence types sts, coli isolates",0.0
620,"details use execution, myosin motors, nascent chain, origin life",0.34782608695652173
620,"editorial emerging, author correction, g2 phase, model pd",0.01956521739130435
620,"fetal liver, stalled replication forks, pulmonary vascular, chromatin state",0.05217391304347827
620,"recent findings recent, cell multi omics, complex microbial, crispr cas based",0.0
620,"related morbidity, stage diagnosis, combination strategies, clinical intervention",0.4760869565217391
620,"role intercellular communication, testicular torsion, nanoparticle tracking analysis, mir 21 5p",0.0
620,"therapeutic strategies including, exosomes emerging, epigenetic modulation, solid cancers",0.05217391304347826
620,"transgene expression, metabolite production, study illustrates, precise genome",0.05217391304347826
620,"web science core, mean sd age, research hotspots, 28 day mortality",0.0
621,"bla ctx, spectrum lactamase esbl, sequence types sts, coli isolates",0.0
621,"details use execution, myosin motors, nascent chain, origin life",0.2608695652173913
621,"editorial emerging, author correction, g2 phase, model pd",0.0
621,"fetal liver, stalled replication forks, pulmonary vascular, chromatin state",0.06956521739130435
621,"recent findings recent, cell multi omics, complex microbial, crispr cas based",0.0
621,"related morbidity, stage diagnosis, combination strategies, clinical intervention",0.5804347826086956
621,"role intercellular communication, testicular torsion, nanoparticle tracking analysis, mir 21 5p",0.0
621,"therapeutic strategies including, exosomes emerging, epigenetic modulation, solid cancers",0.015217391304347825
621,"transgene expression, metabolite production, study illustrates, precise genome",0.07391304347826087
621,"web science core, mean sd age, research hotspots, 28 day mortality",0.0
622,"bla ctx, spectrum lactamase esbl, sequence types sts, coli isolates",0.0
622,"details use execution, myosin motors, nascent chain, origin life",0.43478260869565216
622,"editorial emerging, author correction, g2 phase, model pd",0.0
622,"fetal liver, stalled replication forks, pulmonary vascular, chromatin state",0.08913043478260871
622,"recent findings recent, cell multi omics, complex microbial, crispr cas based",0.0
622,"related morbidity, stage diagnosis, combination strategies, clinical intervention",0.37608695652173907
622,"role intercellular communication, testicular torsion, nanoparticle tracking analysis, mir 21 5p",0.0
622,"therapeutic strategies including, exosomes emerging, epigenetic modulation, solid cancers",0.034782608695652174
622,"transgene expression, metabolite production, study illustrates, precise genome",0.06521739130434782
622,"web science core, mean sd age, research hotspots, 28 day mortality",0.0
623,"bla ctx, spectrum lactamase esbl, sequence types sts, coli isolates",0.0
623,"details use execution, myosin motors, nascent chain, origin life",0.30434782608695654
623,"editorial emerging, author correction, g2 phase, model pd",0.002173913043478261
623,"fetal liver, stalled replication forks, pulmonary vascular, chromatin state",0.0891304347826087
623,"recent findings recent, cell multi omics, complex microbial, crispr cas based",0.0
623,"related morbidity, stage diagnosis, combination strategies, clinical intervention",0.5152173913043478
623,"role intercellular communication, testicular torsion, nanoparticle tracking analysis, mir 21 5p",0.0
623,"therapeutic strategies including, exosomes emerging, epigenetic modulation, solid cancers",0.02826086956521739
623,"transgene expression, metabolite production, study illustrates, precise genome",0.06086956521739131
623,"web science core, mean sd age, research hotspots, 28 day mortality",0.0
624,"bla ctx, spectrum lactamase esbl, sequence types sts, coli isolates",0.0
624,"details use execution, myosin motors, nascent chain, origin life",0.34782608695652173
624,"editorial emerging, author correction, g2 phase, model pd",0.0
624,"fetal liver, stalled replication forks, pulmonary vascular, chromatin state",0.05434782608695652
624,"recent findings recent, cell multi omics, complex microbial, crispr cas based",0.0
624,"related morbidity, stage diagnosis, combination strategies, clinical intervention",0.5565217391304348
624,"role intercellular communication, testicular torsion, nanoparticle tracking analysis, mir 21 5p",0.0
624,"therapeutic strategies including, exosomes emerging, epigenetic modulation, solid cancers",0.021739130434782608
624,"transgene expression, metabolite production, study illustrates, precise genome",0.01956521739130435
624,"web science core, mean sd age, research hotspots, 28 day mortality",0.0
625,"bla ctx, spectrum lactamase esbl, sequence types sts, coli isolates",0.0
625,"details use execution, myosin motors, nascent chain, origin life",0.43478260869565216
625,"editorial emerging, author correction, g2 phase, model pd",0.0
625,"fetal liver, stalled replication forks, pulmonary vascular, chromatin state",0.08043478260869566
625,"recent findings recent, cell multi omics, complex microbial, crispr cas based",0.0
625,"related morbidity, stage diagnosis, combination strategies, clinical intervention",0.42608695652173917
625,"role intercellular communication, testicular torsion, nanoparticle tracking analysis, mir 21 5p",0.0
625,"therapeutic strategies including, exosomes emerging, epigenetic modulation, solid cancers",0.013043478260869568
625,"transgene expression, metabolite production, study illustrates, precise genome",0.04565217391304348
625,"web science core, mean sd age, research hotspots, 28 day mortality",0.0
626,"bla ctx, spectrum lactamase esbl, sequence types sts, coli isolates",0.0
626,"details use execution, myosin motors, nascent chain, origin life",0.391304347826087
626,"editorial emerging, author correction, g2 phase, model pd",0.021739130434782608
626,"fetal liver, stalled replication forks, pulmonary vascular, chromatin state",0.05217391304347827
626,"recent findings recent, cell multi omics, complex microbial, crispr cas based",0.0
626,"related morbidity, stage diagnosis, combination strategies, clinical intervention",0.42608695652173906
626,"role intercellular communication, testicular torsion, nanoparticle tracking analysis, mir 21 5p",0.0
626,"therapeutic strategies including, exosomes emerging, epigenetic modulation, solid cancers",0.04782608695652174
626,"transgene expression, metabolite production, study illustrates, precise genome",0.0608695652173913
626,"web science core, mean sd age, research hotspots, 28 day mortality",0.0
627,"bla ctx, spectrum lactamase esbl, sequence types sts, coli isolates",0.0
627,"details use execution, myosin motors, nascent chain, origin life",0.17391304347826086
627,"editorial emerging, author correction, g2 phase, model pd",0.0
627,"fetal liver, stalled replication forks, pulmonary vascular, chromatin state",0.11304347826086955
627,"recent findings recent, cell multi omics, complex microbial, crispr cas based",0.0
627,"related morbidity, stage diagnosis, combination strategies, clinical intervention",0.5478260869565217
627,"role intercellular communication, testicular torsion, nanoparticle tracking analysis, mir 21 5p",0.0
627,"therapeutic strategies including, exosomes emerging, epigenetic modulation, solid cancers",0.07173913043478261
627,"transgene expression, metabolite production, study illustrates, precise genome",0.09347826086956522
627,"web science core, mean sd age, research hotspots, 28 day mortality",0.0
628,"bla ctx, spectrum lactamase esbl, sequence types sts, coli isolates",0.0
628,"details use execution, myosin motors, nascent chain, origin life",0.2608695652173913
628,"editorial emerging, author correction, g2 phase, model pd",0.01956521739130435
628,"fetal liver, stalled replication forks, pulmonary vascular, chromatin state",0.008695652173913044
628,"recent findings recent, cell multi omics, complex microbial, crispr cas based",0.0
628,"related morbidity, stage diagnosis, combination strategies, clinical intervention",0.6499999999999999
628,"role intercellular communication, testicular torsion, nanoparticle tracking analysis, mir 21 5p",0.0
628,"therapeutic strategies including, exosomes emerging, epigenetic modulation, solid cancers",0.021739130434782608
628,"transgene expression, metabolite production, study illustrates, precise genome",0.0391304347826087
628,"web science core, mean sd age, research hotspots, 28 day mortality",0.0
629,"bla ctx, spectrum lactamase esbl, sequence types sts, coli isolates",0.0
629,"details use execution, myosin motors, nascent chain, origin life",0.4782608695652174
629,"editorial emerging, author correction, g2 phase, model pd",0.01956521739130435
629,"fetal liver, stalled replication forks, pulmonary vascular, chromatin state",0.05217391304347827
629,"recent findings recent, cell multi omics, complex microbial, crispr cas based",0.0
629,"related morbidity, stage diagnosis, combination strategies, clinical intervention",0.3391304347826087
629,"role intercellular communication, testicular torsion, nanoparticle tracking analysis, mir 21 5p",0.0
629,"therapeutic strategies including, exosomes emerging, epigenetic modulation, solid cancers",0.043478260869565216
629,"transgene expression, metabolite production, study illustrates, precise genome",0.06739130434782609
629,"web science core, mean sd age, research hotspots, 28 day mortality",0.0
630,"bla ctx, spectrum lactamase esbl, sequence types sts, coli isolates",0.0
630,"details use execution, myosin motors, nascent chain, origin life",0.17391304347826086
630,"editorial emerging, author correction, g2 phase, model pd",0.021739130434782608
630,"fetal liver, stalled replication forks, pulmonary vascular, chromatin state",0.08043478260869566
630,"recent findings recent, cell multi omics, complex microbial, crispr cas based",0.0
630,"related morbidity, stage diagnosis, combination strategies, clinical intervention",0.5717391304347825
630,"role intercellular communication, testicular torsion, nanoparticle tracking analysis, mir 21 5p",0.0
630,"therapeutic strategies including, exosomes emerging, epigenetic modulation, solid cancers",0.05217391304347826
630,"transgene expression, metabolite production, study illustrates, precise genome",0.1
630,"web science core, mean sd age, research hotspots, 28 day mortality",0.0
631,"bla ctx, spectrum lactamase esbl, sequence types sts, coli isolates",0.0
631,"details use execution, myosin motors, nascent chain, origin life",0.4782608695652174
631,"editorial emerging, author correction, g2 phase, model pd",0.0
631,"fetal liver, stalled replication forks, pulmonary vascular, chromatin state",0.02826086956521739
631,"recent findings recent, cell multi omics, complex microbial, crispr cas based",0.0
631,"related morbidity, stage diagnosis, combination strategies, clinical intervention",0.4108695652173914
631,"role intercellular communication, testicular torsion, nanoparticle tracking analysis, mir 21 5p",0.0
631,"therapeutic strategies including, exosomes emerging, epigenetic modulation, solid cancers",0.058695652173913045
631,"transgene expression, metabolite production, study illustrates, precise genome",0.023913043478260867
631,"web science core, mean sd age, research hotspots, 28 day mortality",0.0
632,"bla ctx, spectrum lactamase esbl, sequence types sts, coli isolates",0.0
632,"details use execution, myosin motors, nascent chain, origin life",0.2608695652173913
632,"editorial emerging, author correction, g2 phase, model pd",0.0
632,"fetal liver, stalled replication forks, pulmonary vascular, chromatin state",0.05652173913043478
632,"recent findings recent, cell multi omics, complex microbial, crispr cas based",0.0
632,"related morbidity, stage diagnosis, combination strategies, clinical intervention",0.584782608695652
632,"role intercellular communication, testicular torsion, nanoparticle tracking analysis, mir 21 5p",0.0
632,"therapeutic strategies including, exosomes emerging, epigenetic modulation, solid cancers",0.0391304347826087
632,"transgene expression, metabolite production, study illustrates, precise genome",0.058695652173913045
632,"web science core, mean sd age, research hotspots, 28 day mortality",0.0
633,"bla ctx, spectrum lactamase esbl, sequence types sts, coli isolates",0.0
633,"details use execution, myosin motors, nascent chain, origin life",0.21739130434782608
633,"editorial emerging, author correction, g2 phase, model pd",0.01956521739130435
633,"fetal liver, stalled replication forks, pulmonary vascular, chromatin state",0.05869565217391304
633,"recent findings recent, cell multi omics, complex microbial, crispr cas based",0.0
633,"related morbidity, stage diagnosis, combination strategies, clinical intervention",0.6065217391304348
633,"role intercellular communication, testicular torsion, nanoparticle tracking analysis, mir 21 5p",0.0
633,"therapeutic strategies including, exosomes emerging, epigenetic modulation, solid cancers",0.05217391304347827
633,"transgene expression, metabolite production, study illustrates, precise genome",0.04565217391304348
633,"web science core, mean sd age, research hotspots, 28 day mortality",0.0
634,"bla ctx, spectrum lactamase esbl, sequence types sts, coli isolates",0.0
634,"details use execution, myosin motors, nascent chain, origin life",0.5217391304347826
634,"editorial emerging, author correction, g2 phase, model pd",0.0
634,"fetal liver, stalled replication forks, pulmonary vascular, chromatin state",0.06086956521739131
634,"recent findings recent, cell multi omics, complex microbial, crispr cas based",0.0
634,"related morbidity, stage diagnosis, combination strategies, clinical intervention",0.35434782608695653
634,"role intercellular communication, testicular torsion, nanoparticle tracking analysis, mir 21 5p",0.0
634,"therapeutic strategies including, exosomes emerging, epigenetic modulation, solid cancers",0.015217391304347825
634,"transgene expression, metabolite production, study illustrates, precise genome",0.04782608695652174
634,"web science core, mean sd age, research hotspots, 28 day mortality",0.0
635,"bla ctx, spectrum lactamase esbl, sequence types sts, coli isolates",0.0
635,"details use execution, myosin motors, nascent chain, origin life",0.30434782608695654
635,"editorial emerging, author correction, g2 phase, model pd",0.002173913043478261
635,"fetal liver, stalled replication forks, pulmonary vascular, chromatin state",0.08478260869565217
635,"recent findings recent, cell multi omics, complex microbial, crispr cas based",0.0
635,"related morbidity, stage diagnosis, combination strategies, clinical intervention",0.5
635,"role intercellular communication, testicular torsion, nanoparticle tracking analysis, mir 21 5p",0.0
635,"therapeutic strategies including, exosomes emerging, epigenetic modulation, solid cancers",0.04565217391304348
635,"transgene expression, metabolite production, study illustrates, precise genome",0.06304347826086958
635,"web science core, mean sd age, research hotspots, 28 day mortality",0.0
636,"bla ctx, spectrum lactamase esbl, sequence types sts, coli isolates",0.0
636,"details use execution, myosin motors, nascent chain, origin life",0.30434782608695654
636,"editorial emerging, author correction, g2 phase, model pd",0.021739130434782608
636,"fetal liver, stalled replication forks, pulmonary vascular, chromatin state",0.010869565217391304
636,"recent findings recent, cell multi omics, complex microbial, crispr cas based",0.0
636,"related morbidity, stage diagnosis, combination strategies, clinical intervention",0.5760869565217391
636,"role intercellular communication, testicular torsion, nanoparticle tracking analysis, mir 21 5p",0.0
636,"therapeutic strategies including, exosomes emerging, epigenetic modulation, solid cancers",0.05434782608695652
636,"transgene expression, metabolite production, study illustrates, precise genome",0.03260869565217392
636,"web science core, mean sd age, research hotspots, 28 day mortality",0.0
637,"bla ctx, spectrum lactamase esbl, sequence types sts, coli isolates",0.0
637,"details use execution, myosin motors, nascent chain, origin life",0.34782608695652173
637,"editorial emerging, author correction, g2 phase, model pd",0.0
637,"fetal liver, stalled replication forks, pulmonary vascular, chromatin state",0.07608695652173915
637,"recent findings recent, cell multi omics, complex microbial, crispr cas based",0.0
637,"related morbidity, stage diagnosis, combination strategies, clinical intervention",0.4956521739130434
637,"role intercellular communication, testicular torsion, nanoparticle tracking analysis, mir 21 5p",0.0
637,"therapeutic strategies including, exosomes emerging, epigenetic modulation, solid cancers",0.05
637,"transgene expression, metabolite production, study illustrates, precise genome",0.03043478260869566
637,"web science core, mean sd age, research hotspots, 28 day mortality",0.0
638,"bla ctx, spectrum lactamase esbl, sequence types sts, coli isolates",0.0
638,"details use execution, myosin motors, nascent chain, origin life",0.2608695652173913
638,"editorial emerging, author correction, g2 phase, model pd",0.01956521739130435
638,"fetal liver, stalled replication forks, pulmonary vascular, chromatin state",0.11739130434782609
638,"recent findings recent, cell multi omics, complex microbial, crispr cas based",0.0
638,"related morbidity, stage diagnosis, combination strategies, clinical intervention",0.4782608695652174
638,"role intercellular communication, testicular torsion, nanoparticle tracking analysis, mir 21 5p",0.0
638,"therapeutic strategies including, exosomes emerging, epigenetic modulation, solid cancers",0.049999999999999996
638,"transgene expression, metabolite production, study illustrates, precise genome",0.07391304347826087
638,"web science core, mean sd age, research hotspots, 28 day mortality",0.0
639,"bla ctx, spectrum lactamase esbl, sequence types sts, coli isolates",0.0
639,"details use execution, myosin motors, nascent chain, origin life",0.4782608695652174
639,"editorial emerging, author correction, g2 phase, model pd",0.002173913043478261
639,"fetal liver, stalled replication forks, pulmonary vascular, chromatin state",0.03695652173913044
639,"recent findings recent, cell multi omics, complex microbial, crispr cas based",0.0
639,"related morbidity, stage diagnosis, combination strategies, clinical intervention",0.4282608695652175
639,"role intercellular communication, testicular torsion, nanoparticle tracking analysis, mir 21 5p",0.0
639,"therapeutic strategies including, exosomes emerging, epigenetic modulation, solid cancers",0.019565217391304346
639,"transgene expression, metabolite production, study illustrates, precise genome",0.034782608695652174
639,"web science core, mean sd age, research hotspots, 28 day mortality",0.0
640,"bla ctx, spectrum lactamase esbl, sequence types sts, coli isolates",0.0
640,"details use execution, myosin motors, nascent chain, origin life",0.21739130434782608
640,"editorial emerging, author correction, g2 phase, model pd",0.0
640,"fetal liver, stalled replication forks, pulmonary vascular, chromatin state",0.13043478260869565
640,"recent findings recent, cell multi omics, complex microbial, crispr cas based",0.0
640,"related morbidity, stage diagnosis, combination strategies, clinical intervention",0.5304347826086956
640,"role intercellular communication, testicular torsion, nanoparticle tracking analysis, mir 21 5p",0.0
640,"therapeutic strategies including, exosomes emerging, epigenetic modulation, solid cancers",0.021739130434782608
640,"transgene expression, metabolite production, study illustrates, precise genome",0.09999999999999999
640,"web science core, mean sd age, research hotspots, 28 day mortality",0.0
641,"bla ctx, spectrum lactamase esbl, sequence types sts, coli isolates",0.0
641,"details use execution, myosin motors, nascent chain, origin life",0.30434782608695654
641,"editorial emerging, author correction, g2 phase, model pd",0.0
641,"fetal liver, stalled replication forks, pulmonary vascular, chromatin state",0.03695652173913044
641,"recent findings recent, cell multi omics, complex microbial, crispr cas based",0.0
641,"related morbidity, stage diagnosis, combination strategies, clinical intervention",0.5282608695652173
641,"role intercellular communication, testicular torsion, nanoparticle tracking analysis, mir 21 5p",0.0
641,"therapeutic strategies including, exosomes emerging, epigenetic modulation, solid cancers",0.12173913043478261
641,"transgene expression, metabolite production, study illustrates, precise genome",0.008695652173913044
641,"web science core, mean sd age, research hotspots, 28 day mortality",0.0
642,"bla ctx, spectrum lactamase esbl, sequence types sts, coli isolates",0.0
642,"details use execution, myosin motors, nascent chain, origin life",0.2608695652173913
642,"editorial emerging, author correction, g2 phase, model pd",0.021739130434782608
642,"fetal liver, stalled replication forks, pulmonary vascular, chromatin state",0.04565217391304348
642,"recent findings recent, cell multi omics, complex microbial, crispr cas based",0.0
642,"related morbidity, stage diagnosis, combination strategies, clinical intervention",0.5804347826086956
642,"role intercellular communication, testicular torsion, nanoparticle tracking analysis, mir 21 5p",0.0
642,"therapeutic strategies including, exosomes emerging, epigenetic modulation, solid cancers",0.04782608695652174
642,"transgene expression, metabolite production, study illustrates, precise genome",0.043478260869565216
642,"web science core, mean sd age, research hotspots, 28 day mortality",0.0
643,"bla ctx, spectrum lactamase esbl, sequence types sts, coli isolates",0.0
643,"details use execution, myosin motors, nascent chain, origin life",0.391304347826087
643,"editorial emerging, author correction, g2 phase, model pd",0.01956521739130435
643,"fetal liver, stalled replication forks, pulmonary vascular, chromatin state",0.07173913043478261
643,"recent findings recent, cell multi omics, complex microbial, crispr cas based",0.0
643,"related morbidity, stage diagnosis, combination strategies, clinical intervention",0.41956521739130437
643,"role intercellular communication, testicular torsion, nanoparticle tracking analysis, mir 21 5p",0.0
643,"therapeutic strategies including, exosomes emerging, epigenetic modulation, solid cancers",0.010869565217391304
643,"transgene expression, metabolite production, study illustrates, precise genome",0.08695652173913043
643,"web science core, mean sd age, research hotspots, 28 day mortality",0.0
644,"bla ctx, spectrum lactamase esbl, sequence types sts, coli isolates",0.0
644,"details use execution, myosin motors, nascent chain, origin life",0.21739130434782608
644,"editorial emerging, author correction, g2 phase, model pd",0.01956521739130435
644,"fetal liver, stalled replication forks, pulmonary vascular, chromatin state",0.034782608695652174
644,"recent findings recent, cell multi omics, complex microbial, crispr cas based",0.0
644,"related morbidity, stage diagnosis, combination strategies, clinical intervention",0.6391304347826087
644,"role intercellular communication, testicular torsion, nanoparticle tracking analysis, mir 21 5p",0.0
644,"therapeutic strategies including, exosomes emerging, epigenetic modulation, solid cancers",0.0391304347826087
644,"transgene expression, metabolite production, study illustrates, precise genome",0.049999999999999996
644,"web science core, mean sd age, research hotspots, 28 day mortality",0.0
645,"bla ctx, spectrum lactamase esbl, sequence types sts, coli isolates",0.0
645,"details use execution, myosin motors, nascent chain, origin life",0.43478260869565216
645,"editorial emerging, author correction, g2 phase, model pd",0.01956521739130435
645,"fetal liver, stalled replication forks, pulmonary vascular, chromatin state",0.07608695652173914
645,"recent findings recent, cell multi omics, complex microbial, crispr cas based",0.0
645,"related morbidity, stage diagnosis, combination strategies, clinical intervention",0.3782608695652174
645,"role intercellular communication, testicular torsion, nanoparticle tracking analysis, mir 21 5p",0.0
645,"therapeutic strategies including, exosomes emerging, epigenetic modulation, solid cancers",0.03695652173913044
645,"transgene expression, metabolite production, study illustrates, precise genome",0.05434782608695652
645,"web science core, mean sd age, research hotspots, 28 day mortality",0.0
646,"bla ctx, spectrum lactamase esbl, sequence types sts, coli isolates",0.0
646,"details use execution, myosin motors, nascent chain, origin life",0.4782608695652174
646,"editorial emerging, author correction, g2 phase, model pd",0.002173913043478261
646,"fetal liver, stalled replication forks, pulmonary vascular, chromatin state",0.05217391304347827
646,"recent findings recent, cell multi omics, complex microbial, crispr cas based",0.0
646,"related morbidity, stage diagnosis, combination strategies, clinical intervention",0.3891304347826087
646,"role intercellular communication, testicular torsion, nanoparticle tracking analysis, mir 21 5p",0.0
646,"therapeutic strategies including, exosomes emerging, epigenetic modulation, solid cancers",0.015217391304347827
646,"transgene expression, metabolite production, study illustrates, precise genome",0.06304347826086958
646,"web science core, mean sd age, research hotspots, 28 day mortality",0.0
647,"bla ctx, spectrum lactamase esbl, sequence types sts, coli isolates",0.0
647,"details use execution, myosin motors, nascent chain, origin life",0.2608695652173913
647,"editorial emerging, author correction, g2 phase, model pd",0.0
647,"fetal liver, stalled replication forks, pulmonary vascular, chromatin state",0.08478260869565218
647,"recent findings recent, cell multi omics, complex microbial, crispr cas based",0.0
647,"related morbidity, stage diagnosis, combination strategies, clinical intervention",0.5391304347826086
647,"role intercellular communication, testicular torsion, nanoparticle tracking analysis, mir 21 5p",0.0
647,"therapeutic strategies including, exosomes emerging, epigenetic modulation, solid cancers",0.043478260869565216
647,"transgene expression, metabolite production, study illustrates, precise genome",0.07173913043478261
647,"web science core, mean sd age, research hotspots, 28 day mortality",0.0
648,"bla ctx, spectrum lactamase esbl, sequence types sts, coli isolates",0.0
648,"details use execution, myosin motors, nascent chain, origin life",0.34782608695652173
648,"editorial emerging, author correction, g2 phase, model pd",0.0
648,"fetal liver, stalled replication forks, pulmonary vascular, chromatin state",0.07608695652173914
648,"recent findings recent, cell multi omics, complex microbial, crispr cas based",0.0
648,"related morbidity, stage diagnosis, combination strategies, clinical intervention",0.4934782608695652
648,"role intercellular communication, testicular torsion, nanoparticle tracking analysis, mir 21 5p",0.0
648,"therapeutic strategies including, exosomes emerging, epigenetic modulation, solid cancers",0.030434782608695653
648,"transgene expression, metabolite production, study illustrates, precise genome",0.05217391304347827
648,"web science core, mean sd age, research hotspots, 28 day mortality",0.0
649,"bla ctx, spectrum lactamase esbl, sequence types sts, coli isolates",0.0
649,"details use execution, myosin motors, nascent chain, origin life",0.43478260869565216
649,"editorial emerging, author correction, g2 phase, model pd",0.0
649,"fetal liver, stalled replication forks, pulmonary vascular, chromatin state",0.06956521739130435
649,"recent findings recent, cell multi omics, complex microbial, crispr cas based",0.0
649,"related morbidity, stage diagnosis, combination strategies, clinical intervention",0.4543478260869565
649,"role intercellular communication, testicular torsion, nanoparticle tracking analysis, mir 21 5p",0.0
649,"therapeutic strategies including, exosomes emerging, epigenetic modulation, solid cancers",0.013043478260869568
649,"transgene expression, metabolite production, study illustrates, precise genome",0.02826086956521739
649,"web science core, mean sd age, research hotspots, 28 day mortality",0.0
650,"bla ctx, spectrum lactamase esbl, sequence types sts, coli isolates",0.0
650,"details use execution, myosin motors, nascent chain, origin life",0.391304347826087
650,"editorial emerging, author correction, g2 phase, model pd",0.01956521739130435
650,"fetal liver, stalled replication forks, pulmonary vascular, chromatin state",0.02608695652173913
650,"recent findings recent, cell multi omics, complex microbial, crispr cas based",0.0
650,"related morbidity, stage diagnosis, combination strategies, clinical intervention",0.4717391304347826
650,"role intercellular communication, testicular torsion, nanoparticle tracking analysis, mir 21 5p",0.0
650,"therapeutic strategies including, exosomes emerging, epigenetic modulation, solid cancers",0.0391304347826087
650,"transgene expression, metabolite production, study illustrates, precise genome",0.05217391304347827
650,"web science core, mean sd age, research hotspots, 28 day mortality",0.0
651,"bla ctx, spectrum lactamase esbl, sequence types sts, coli isolates",0.0
651,"details use execution, myosin motors, nascent chain, origin life",0.2608695652173913
651,"editorial emerging, author correction, g2 phase, model pd",0.021739130434782608
651,"fetal liver, stalled replication forks, pulmonary vascular, chromatin state",0.09130434782608696
651,"recent findings recent, cell multi omics, complex microbial, crispr cas based",0.0
651,"related morbidity, stage diagnosis, combination strategies, clinical intervention",0.5000000000000001
651,"role intercellular communication, testicular torsion, nanoparticle tracking analysis, mir 21 5p",0.0
651,"therapeutic strategies including, exosomes emerging, epigenetic modulation, solid cancers",0.034782608695652174
651,"transgene expression, metabolite production, study illustrates, precise genome",0.09130434782608696
651,"web science core, mean sd age, research hotspots, 28 day mortality",0.0
652,"bla ctx, spectrum lactamase esbl, sequence types sts, coli isolates",0.0
652,"details use execution, myosin motors, nascent chain, origin life",0.2608695652173913
652,"editorial emerging, author correction, g2 phase, model pd",0.002173913043478261
652,"fetal liver, stalled replication forks, pulmonary vascular, chromatin state",0.06521739130434782
652,"recent findings recent, cell multi omics, complex microbial, crispr cas based",0.0
652,"related morbidity, stage diagnosis, combination strategies, clinical intervention",0.5347826086956522
652,"role intercellular communication, testicular torsion, nanoparticle tracking analysis, mir 21 5p",0.0
652,"therapeutic strategies including, exosomes emerging, epigenetic modulation, solid cancers",0.07173913043478261
652,"transgene expression, metabolite production, study illustrates, precise genome",0.06521739130434784
652,"web science core, mean sd age, research hotspots, 28 day mortality",0.0
653,"bla ctx, spectrum lactamase esbl, sequence types sts, coli isolates",0.0
653,"details use execution, myosin motors, nascent chain, origin life",0.34782608695652173
653,"editorial emerging, author correction, g2 phase, model pd",0.0
653,"fetal liver, stalled replication forks, pulmonary vascular, chromatin state",0.06521739130434782
653,"recent findings recent, cell multi omics, complex microbial, crispr cas based",0.0
653,"related morbidity, stage diagnosis, combination strategies, clinical intervention",0.48260869565217396
653,"role intercellular communication, testicular torsion, nanoparticle tracking analysis, mir 21 5p",0.0
653,"therapeutic strategies including, exosomes emerging, epigenetic modulation, solid cancers",0.06521739130434782
653,"transgene expression, metabolite production, study illustrates, precise genome",0.0391304347826087
653,"web science core, mean sd age, research hotspots, 28 day mortality",0.0
654,"bla ctx, spectrum lactamase esbl, sequence types sts, coli isolates",0.0
654,"details use execution, myosin motors, nascent chain, origin life",0.43478260869565216
654,"editorial emerging, author correction, g2 phase, model pd",0.0
654,"fetal liver, stalled replication forks, pulmonary vascular, chromatin state",0.03260869565217391
654,"recent findings recent, cell multi omics, complex microbial, crispr cas based",0.0
654,"related morbidity, stage diagnosis, combination strategies, clinical intervention",0.4543478260869565
654,"role intercellular communication, testicular torsion, nanoparticle tracking analysis, mir 21 5p",0.0
654,"therapeutic strategies including, exosomes emerging, epigenetic modulation, solid cancers",0.0391304347826087
654,"transgene expression, metabolite production, study illustrates, precise genome",0.0391304347826087
654,"web science core, mean sd age, research hotspots, 28 day mortality",0.0
655,"bla ctx, spectrum lactamase esbl, sequence types sts, coli isolates",0.0
655,"details use execution, myosin motors, nascent chain, origin life",0.391304347826087
655,"editorial emerging, author correction, g2 phase, model pd",0.0
655,"fetal liver, stalled replication forks, pulmonary vascular, chromatin state",0.06304347826086958
655,"recent findings recent, cell multi omics, complex microbial, crispr cas based",0.0
655,"related morbidity, stage diagnosis, combination strategies, clinical intervention",0.4130434782608695
655,"role intercellular communication, testicular torsion, nanoparticle tracking analysis, mir 21 5p",0.0
655,"therapeutic strategies including, exosomes emerging, epigenetic modulation, solid cancers",0.0782608695652174
655,"transgene expression, metabolite production, study illustrates, precise genome",0.05434782608695652
655,"web science core, mean sd age, research hotspots, 28 day mortality",0.0
656,"bla ctx, spectrum lactamase esbl, sequence types sts, coli isolates",0.0
656,"details use execution, myosin motors, nascent chain, origin life",0.4782608695652174
656,"editorial emerging, author correction, g2 phase, model pd",0.002173913043478261
656,"fetal liver, stalled replication forks, pulmonary vascular, chromatin state",0.0891304347826087
656,"recent findings recent, cell multi omics, complex microbial, crispr cas based",0.0
656,"related morbidity, stage diagnosis, combination strategies, clinical intervention",0.3673913043478261
656,"role intercellular communication, testicular torsion, nanoparticle tracking analysis, mir 21 5p",0.0
656,"therapeutic strategies including, exosomes emerging, epigenetic modulation, solid cancers",0.015217391304347825
656,"transgene expression, metabolite production, study illustrates, precise genome",0.04782608695652174
656,"web science core, mean sd age, research hotspots, 28 day mortality",0.0
657,"bla ctx, spectrum lactamase esbl, sequence types sts, coli isolates",0.0
657,"details use execution, myosin motors, nascent chain, origin life",0.391304347826087
657,"editorial emerging, author correction, g2 phase, model pd",0.002173913043478261
657,"fetal liver, stalled replication forks, pulmonary vascular, chromatin state",0.02391304347826087
657,"recent findings recent, cell multi omics, complex microbial, crispr cas based",0.0
657,"related morbidity, stage diagnosis, combination strategies, clinical intervention",0.5369565217391303
657,"role intercellular communication, testicular torsion, nanoparticle tracking analysis, mir 21 5p",0.0
657,"therapeutic strategies including, exosomes emerging, epigenetic modulation, solid cancers",0.01956521739130435
657,"transgene expression, metabolite production, study illustrates, precise genome",0.02608695652173913
657,"web science core, mean sd age, research hotspots, 28 day mortality",0.0
658,"bla ctx, spectrum lactamase esbl, sequence types sts, coli isolates",0.0
658,"details use execution, myosin motors, nascent chain, origin life",0.391304347826087
658,"editorial emerging, author correction, g2 phase, model pd",0.01956521739130435
658,"fetal liver, stalled replication forks, pulmonary vascular, chromatin state",0.08043478260869566
658,"recent findings recent, cell multi omics, complex microbial, crispr cas based",0.0
658,"related morbidity, stage diagnosis, combination strategies, clinical intervention",0.45869565217391306
658,"role intercellular communication, testicular torsion, nanoparticle tracking analysis, mir 21 5p",0.0
658,"therapeutic strategies including, exosomes emerging, epigenetic modulation, solid cancers",0.0
658,"transgene expression, metabolite production, study illustrates, precise genome",0.05
658,"web science core, mean sd age, research hotspots, 28 day mortality",0.0
659,"bla ctx, spectrum lactamase esbl, sequence types sts, coli isolates",0.0
659,"details use execution, myosin motors, nascent chain, origin life",0.391304347826087
659,"editorial emerging, author correction, g2 phase, model pd",0.021739130434782608
659,"fetal liver, stalled replication forks, pulmonary vascular, chromatin state",0.056521739130434796
659,"recent findings recent, cell multi omics, complex microbial, crispr cas based",0.0
659,"related morbidity, stage diagnosis, combination strategies, clinical intervention",0.4499999999999999
659,"role intercellular communication, testicular torsion, nanoparticle tracking analysis, mir 21 5p",0.0
659,"therapeutic strategies including, exosomes emerging, epigenetic modulation, solid cancers",0.006521739130434784
659,"transgene expression, metabolite production, study illustrates, precise genome",0.07391304347826087
659,"web science core, mean sd age, research hotspots, 28 day mortality",0.0
660,"bla ctx, spectrum lactamase esbl, sequence types sts, coli isolates",0.0
660,"details use execution, myosin motors, nascent chain, origin life",0.5652173913043478
660,"editorial emerging, author correction, g2 phase, model pd",0.01956521739130435
660,"fetal liver, stalled replication forks, pulmonary vascular, chromatin state",0.010869565217391304
660,"recent findings recent, cell multi omics, complex microbial, crispr cas based",0.0
660,"related morbidity, stage diagnosis, combination strategies, clinical intervention",0.33260869565217394
660,"role intercellular communication, testicular torsion, nanoparticle tracking analysis, mir 21 5p",0.0
660,"therapeutic strategies including, exosomes emerging, epigenetic modulation, solid cancers",0.05
660,"transgene expression, metabolite production, study illustrates, precise genome",0.021739130434782605
660,"web science core, mean sd age, research hotspots, 28 day mortality",0.0
661,"bla ctx, spectrum lactamase esbl, sequence types sts, coli isolates",0.0
661,"details use execution, myosin motors, nascent chain, origin life",0.30434782608695654
661,"editorial emerging, author correction, g2 phase, model pd",0.01956521739130435
661,"fetal liver, stalled replication forks, pulmonary vascular, chromatin state",0.026086956521739136
661,"recent findings recent, cell multi omics, complex microbial, crispr cas based",0.0
661,"related morbidity, stage diagnosis, combination strategies, clinical intervention",0.5434782608695652
661,"role intercellular communication, testicular torsion, nanoparticle tracking analysis, mir 21 5p",0.0
661,"therapeutic strategies including, exosomes emerging, epigenetic modulation, solid cancers",0.06739130434782609
661,"transgene expression, metabolite production, study illustrates, precise genome",0.0391304347826087
661,"web science core, mean sd age, research hotspots, 28 day mortality",0.0
662,"bla ctx, spectrum lactamase esbl, sequence types sts, coli isolates",0.0
662,"details use execution, myosin motors, nascent chain, origin life",0.391304347826087
662,"editorial emerging, author correction, g2 phase, model pd",0.0
662,"fetal liver, stalled replication forks, pulmonary vascular, chromatin state",0.09565217391304348
662,"recent findings recent, cell multi omics, complex microbial, crispr cas based",0.0
662,"related morbidity, stage diagnosis, combination strategies, clinical intervention",0.41521739130434776
662,"role intercellular communication, testicular torsion, nanoparticle tracking analysis, mir 21 5p",0.0
662,"therapeutic strategies including, exosomes emerging, epigenetic modulation, solid cancers",0.015217391304347825
662,"transgene expression, metabolite production, study illustrates, precise genome",0.08260869565217392
662,"web science core, mean sd age, research hotspots, 28 day mortality",0.0
663,"bla ctx, spectrum lactamase esbl, sequence types sts, coli isolates",0.0
663,"details use execution, myosin motors, nascent chain, origin life",0.21739130434782608
663,"editorial emerging, author correction, g2 phase, model pd",0.01956521739130435
663,"fetal liver, stalled replication forks, pulmonary vascular, chromatin state",0.07391304347826087
663,"recent findings recent, cell multi omics, complex microbial, crispr cas based",0.0
663,"related morbidity, stage diagnosis, combination strategies, clinical intervention",0.6217391304347826
663,"role intercellular communication, testicular torsion, nanoparticle tracking analysis, mir 21 5p",0.0
663,"therapeutic strategies including, exosomes emerging, epigenetic modulation, solid cancers",0.01956521739130435
663,"transgene expression, metabolite production, study illustrates, precise genome",0.04782608695652174
663,"web science core, mean sd age, research hotspots, 28 day mortality",0.0
664,"bla ctx, spectrum lactamase esbl, sequence types sts, coli isolates",0.0
664,"details use execution, myosin motors, nascent chain, origin life",0.2608695652173913
664,"editorial emerging, author correction, g2 phase, model pd",0.002173913043478261
664,"fetal liver, stalled replication forks, pulmonary vascular, chromatin state",0.07391304347826089
664,"recent findings recent, cell multi omics, complex microbial, crispr cas based",0.0
664,"related morbidity, stage diagnosis, combination strategies, clinical intervention",0.5891304347826087
664,"role intercellular communication, testicular torsion, nanoparticle tracking analysis, mir 21 5p",0.0
664,"therapeutic strategies including, exosomes emerging, epigenetic modulation, solid cancers",0.026086956521739136
664,"transgene expression, metabolite production, study illustrates, precise genome",0.047826086956521734
664,"web science core, mean sd age, research hotspots, 28 day mortality",0.0
665,"bla ctx, spectrum lactamase esbl, sequence types sts, coli isolates",0.0
665,"details use execution, myosin motors, nascent chain, origin life",0.391304347826087
665,"editorial emerging, author correction, g2 phase, model pd",0.0
665,"fetal liver, stalled replication forks, pulmonary vascular, chromatin state",0.043478260869565216
665,"recent findings recent, cell multi omics, complex microbial, crispr cas based",0.0
665,"related morbidity, stage diagnosis, combination strategies, clinical intervention",0.49347826086956526
665,"role intercellular communication, testicular torsion, nanoparticle tracking analysis, mir 21 5p",0.0
665,"therapeutic strategies including, exosomes emerging, epigenetic modulation, solid cancers",0.034782608695652174
665,"transgene expression, metabolite production, study illustrates, precise genome",0.03695652173913044
665,"web science core, mean sd age, research hotspots, 28 day mortality",0.0
666,"bla ctx, spectrum lactamase esbl, sequence types sts, coli isolates",0.0
666,"details use execution, myosin motors, nascent chain, origin life",0.30434782608695654
666,"editorial emerging, author correction, g2 phase, model pd",0.0
666,"fetal liver, stalled replication forks, pulmonary vascular, chromatin state",0.06956521739130435
666,"recent findings recent, cell multi omics, complex microbial, crispr cas based",0.0
666,"related morbidity, stage diagnosis, combination strategies, clinical intervention",0.5065217391304347
666,"role intercellular communication, testicular torsion, nanoparticle tracking analysis, mir 21 5p",0.0
666,"therapeutic strategies including, exosomes emerging, epigenetic modulation, solid cancers",0.07608695652173914
666,"transgene expression, metabolite production, study illustrates, precise genome",0.043478260869565216
666,"web science core, mean sd age, research hotspots, 28 day mortality",0.0
667,"bla ctx, spectrum lactamase esbl, sequence types sts, coli isolates",0.0
667,"details use execution, myosin motors, nascent chain, origin life",0.2608695652173913
667,"editorial emerging, author correction, g2 phase, model pd",0.0
667,"fetal liver, stalled replication forks, pulmonary vascular, chromatin state",0.09130434782608696
667,"recent findings recent, cell multi omics, complex microbial, crispr cas based",0.0
667,"related morbidity, stage diagnosis, combination strategies, clinical intervention",0.5739130434782609
667,"role intercellular communication, testicular torsion, nanoparticle tracking analysis, mir 21 5p",0.0
667,"therapeutic strategies including, exosomes emerging, epigenetic modulation, solid cancers",0.015217391304347825
667,"transgene expression, metabolite production, study illustrates, precise genome",0.058695652173913045
667,"web science core, mean sd age, research hotspots, 28 day mortality",0.0
668,"bla ctx, spectrum lactamase esbl, sequence types sts, coli isolates",0.0
668,"details use execution, myosin motors, nascent chain, origin life",0.30434782608695654
668,"editorial emerging, author correction, g2 phase, model pd",0.01956521739130435
668,"fetal liver, stalled replication forks, pulmonary vascular, chromatin state",0.02608695652173913
668,"recent findings recent, cell multi omics, complex microbial, crispr cas based",0.0
668,"related morbidity, stage diagnosis, combination strategies, clinical intervention",0.5804347826086957
668,"role intercellular communication, testicular torsion, nanoparticle tracking analysis, mir 21 5p",0.0
668,"therapeutic strategies including, exosomes emerging, epigenetic modulation, solid cancers",0.041304347826086954
668,"transgene expression, metabolite production, study illustrates, precise genome",0.028260869565217388
668,"web science core, mean sd age, research hotspots, 28 day mortality",0.0
669,"bla ctx, spectrum lactamase esbl, sequence types sts, coli isolates",0.0
669,"details use execution, myosin motors, nascent chain, origin life",0.21739130434782608
669,"editorial emerging, author correction, g2 phase, model pd",0.01956521739130435
669,"fetal liver, stalled replication forks, pulmonary vascular, chromatin state",0.10434782608695652
669,"recent findings recent, cell multi omics, complex microbial, crispr cas based",0.0
669,"related morbidity, stage diagnosis, combination strategies, clinical intervention",0.4978260869565217
669,"role intercellular communication, testicular torsion, nanoparticle tracking analysis, mir 21 5p",0.0
669,"therapeutic strategies including, exosomes emerging, epigenetic modulation, solid cancers",0.05652173913043478
669,"transgene expression, metabolite production, study illustrates, precise genome",0.10434782608695652
669,"web science core, mean sd age, research hotspots, 28 day mortality",0.0
670,"bla ctx, spectrum lactamase esbl, sequence types sts, coli isolates",0.0
670,"details use execution, myosin motors, nascent chain, origin life",0.391304347826087
670,"editorial emerging, author correction, g2 phase, model pd",0.002173913043478261
670,"fetal liver, stalled replication forks, pulmonary vascular, chromatin state",0.06304347826086958
670,"recent findings recent, cell multi omics, complex microbial, crispr cas based",0.0
670,"related morbidity, stage diagnosis, combination strategies, clinical intervention",0.41304347826086957
670,"role intercellular communication, testicular torsion, nanoparticle tracking analysis, mir 21 5p",0.0
670,"therapeutic strategies including, exosomes emerging, epigenetic modulation, solid cancers",0.06956521739130435
670,"transgene expression, metabolite production, study illustrates, precise genome",0.0608695652173913
670,"web science core, mean sd age, research hotspots, 28 day mortality",0.0
671,"bla ctx, spectrum lactamase esbl, sequence types sts, coli isolates",0.0
671,"details use execution, myosin motors, nascent chain, origin life",0.4782608695652174
671,"editorial emerging, author correction, g2 phase, model pd",0.0
671,"fetal liver, stalled replication forks, pulmonary vascular, chromatin state",0.04782608695652174
671,"recent findings recent, cell multi omics, complex microbial, crispr cas based",0.0
671,"related morbidity, stage diagnosis, combination strategies, clinical intervention",0.33695652173913043
671,"role intercellular communication, testicular torsion, nanoparticle tracking analysis, mir 21 5p",0.0
671,"therapeutic strategies including, exosomes emerging, epigenetic modulation, solid cancers",0.09565217391304348
671,"transgene expression, metabolite production, study illustrates, precise genome",0.04130434782608696
671,"web science core, mean sd age, research hotspots, 28 day mortality",0.0
672,"bla ctx, spectrum lactamase esbl, sequence types sts, coli isolates",0.0
672,"details use execution, myosin motors, nascent chain, origin life",0.30434782608695654
672,"editorial emerging, author correction, g2 phase, model pd",0.0
672,"fetal liver, stalled replication forks, pulmonary vascular, chromatin state",0.0608695652173913
672,"recent findings recent, cell multi omics, complex microbial, crispr cas based",0.0
672,"related morbidity, stage diagnosis, combination strategies, clinical intervention",0.5217391304347827
672,"role intercellular communication, testicular torsion, nanoparticle tracking analysis, mir 21 5p",0.0
672,"therapeutic strategies including, exosomes emerging, epigenetic modulation, solid cancers",0.06956521739130435
672,"transgene expression, metabolite production, study illustrates, precise genome",0.043478260869565216
672,"web science core, mean sd age, research hotspots, 28 day mortality",0.0
673,"bla ctx, spectrum lactamase esbl, sequence types sts, coli isolates",0.0
673,"details use execution, myosin motors, nascent chain, origin life",0.30434782608695654
673,"editorial emerging, author correction, g2 phase, model pd",0.0
673,"fetal liver, stalled replication forks, pulmonary vascular, chromatin state",0.09565217391304348
673,"recent findings recent, cell multi omics, complex microbial, crispr cas based",0.0
673,"related morbidity, stage diagnosis, combination strategies, clinical intervention",0.46304347826086956
673,"role intercellular communication, testicular torsion, nanoparticle tracking analysis, mir 21 5p",0.0
673,"therapeutic strategies including, exosomes emerging, epigenetic modulation, solid cancers",0.06086956521739131
673,"transgene expression, metabolite production, study illustrates, precise genome",0.07608695652173914
673,"web science core, mean sd age, research hotspots, 28 day mortality",0.0
674,"bla ctx, spectrum lactamase esbl, sequence types sts, coli isolates",0.0
674,"details use execution, myosin motors, nascent chain, origin life",0.30434782608695654
674,"editorial emerging, author correction, g2 phase, model pd",0.0
674,"fetal liver, stalled replication forks, pulmonary vascular, chromatin state",0.08478260869565218
674,"recent findings recent, cell multi omics, complex microbial, crispr cas based",0.0
674,"related morbidity, stage diagnosis, combination strategies, clinical intervention",0.5065217391304347
674,"role intercellular communication, testicular torsion, nanoparticle tracking analysis, mir 21 5p",0.0
674,"therapeutic strategies including, exosomes emerging, epigenetic modulation, solid cancers",0.021739130434782608
674,"transgene expression, metabolite production, study illustrates, precise genome",0.08260869565217392
674,"web science core, mean sd age, research hotspots, 28 day mortality",0.0
675,"bla ctx, spectrum lactamase esbl, sequence types sts, coli isolates",0.0
675,"details use execution, myosin motors, nascent chain, origin life",0.21739130434782608
675,"editorial emerging, author correction, g2 phase, model pd",0.01956521739130435
675,"fetal liver, stalled replication forks, pulmonary vascular, chromatin state",0.1217391304347826
675,"recent findings recent, cell multi omics, complex microbial, crispr cas based",0.0
675,"related morbidity, stage diagnosis, combination strategies, clinical intervention",0.4630434782608695
675,"role intercellular communication, testicular torsion, nanoparticle tracking analysis, mir 21 5p",0.0
675,"therapeutic strategies including, exosomes emerging, epigenetic modulation, solid cancers",0.06304347826086956
675,"transgene expression, metabolite production, study illustrates, precise genome",0.11521739130434784
675,"web science core, mean sd age, research hotspots, 28 day mortality",0.0
676,"bla ctx, spectrum lactamase esbl, sequence types sts, coli isolates",0.0
676,"details use execution, myosin motors, nascent chain, origin life",0.30434782608695654
676,"editorial emerging, author correction, g2 phase, model pd",0.01956521739130435
676,"fetal liver, stalled replication forks, pulmonary vascular, chromatin state",0.09565217391304348
676,"recent findings recent, cell multi omics, complex microbial, crispr cas based",0.0
676,"related morbidity, stage diagnosis, combination strategies, clinical intervention",0.45
676,"role intercellular communication, testicular torsion, nanoparticle tracking analysis, mir 21 5p",0.0
676,"therapeutic strategies including, exosomes emerging, epigenetic modulation, solid cancers",0.04130434782608696
676,"transgene expression, metabolite production, study illustrates, precise genome",0.0891304347826087
676,"web science core, mean sd age, research hotspots, 28 day mortality",0.0
677,"bla ctx, spectrum lactamase esbl, sequence types sts, coli isolates",0.0
677,"details use execution, myosin motors, nascent chain, origin life",0.391304347826087
677,"editorial emerging, author correction, g2 phase, model pd",0.0
677,"fetal liver, stalled replication forks, pulmonary vascular, chromatin state",0.12391304347826085
677,"recent findings recent, cell multi omics, complex microbial, crispr cas based",0.0
677,"related morbidity, stage diagnosis, combination strategies, clinical intervention",0.3934782608695652
677,"role intercellular communication, testicular torsion, nanoparticle tracking analysis, mir 21 5p",0.0
677,"therapeutic strategies including, exosomes emerging, epigenetic modulation, solid cancers",0.015217391304347827
677,"transgene expression, metabolite production, study illustrates, precise genome",0.07608695652173914
677,"web science core, mean sd age, research hotspots, 28 day mortality",0.0
678,"bla ctx, spectrum lactamase esbl, sequence types sts, coli isolates",0.0
678,"details use execution, myosin motors, nascent chain, origin life",0.21739130434782608
678,"editorial emerging, author correction, g2 phase, model pd",0.0
678,"fetal liver, stalled replication forks, pulmonary vascular, chromatin state",0.07391304347826087
678,"recent findings recent, cell multi omics, complex microbial, crispr cas based",0.0
678,"related morbidity, stage diagnosis, combination strategies, clinical intervention",0.567391304347826
678,"role intercellular communication, testicular torsion, nanoparticle tracking analysis, mir 21 5p",0.0
678,"therapeutic strategies including, exosomes emerging, epigenetic modulation, solid cancers",0.06304347826086958
678,"transgene expression, metabolite production, study illustrates, precise genome",0.0782608695652174
678,"web science core, mean sd age, research hotspots, 28 day mortality",0.0
679,"bla ctx, spectrum lactamase esbl, sequence types sts, coli isolates",0.0
679,"details use execution, myosin motors, nascent chain, origin life",0.5217391304347826
679,"editorial emerging, author correction, g2 phase, model pd",0.0
679,"fetal liver, stalled replication forks, pulmonary vascular, chromatin state",0.03695652173913044
679,"recent findings recent, cell multi omics, complex microbial, crispr cas based",0.0
679,"related morbidity, stage diagnosis, combination strategies, clinical intervention",0.35000000000000003
679,"role intercellular communication, testicular torsion, nanoparticle tracking analysis, mir 21 5p",0.0
679,"therapeutic strategies including, exosomes emerging, epigenetic modulation, solid cancers",0.06956521739130435
679,"transgene expression, metabolite production, study illustrates, precise genome",0.021739130434782608
679,"web science core, mean sd age, research hotspots, 28 day mortality",0.0
680,"bla ctx, spectrum lactamase esbl, sequence types sts, coli isolates",0.0
680,"details use execution, myosin motors, nascent chain, origin life",0.34782608695652173
680,"editorial emerging, author correction, g2 phase, model pd",0.01956521739130435
680,"fetal liver, stalled replication forks, pulmonary vascular, chromatin state",0.09565217391304347
680,"recent findings recent, cell multi omics, complex microbial, crispr cas based",0.0
680,"related morbidity, stage diagnosis, combination strategies, clinical intervention",0.40217391304347827
680,"role intercellular communication, testicular torsion, nanoparticle tracking analysis, mir 21 5p",0.0
680,"therapeutic strategies including, exosomes emerging, epigenetic modulation, solid cancers",0.043478260869565216
680,"transgene expression, metabolite production, study illustrates, precise genome",0.09130434782608694
680,"web science core, mean sd age, research hotspots, 28 day mortality",0.0
681,"bla ctx, spectrum lactamase esbl, sequence types sts, coli isolates",0.0
681,"details use execution, myosin motors, nascent chain, origin life",0.30434782608695654
681,"editorial emerging, author correction, g2 phase, model pd",0.0
681,"fetal liver, stalled replication forks, pulmonary vascular, chromatin state",0.07608695652173912
681,"recent findings recent, cell multi omics, complex microbial, crispr cas based",0.0
681,"related morbidity, stage diagnosis, combination strategies, clinical intervention",0.5521739130434782
681,"role intercellular communication, testicular torsion, nanoparticle tracking analysis, mir 21 5p",0.0
681,"therapeutic strategies including, exosomes emerging, epigenetic modulation, solid cancers",0.03260869565217392
681,"transgene expression, metabolite production, study illustrates, precise genome",0.03478260869565218
681,"web science core, mean sd age, research hotspots, 28 day mortality",0.0
682,"bla ctx, spectrum lactamase esbl, sequence types sts, coli isolates",0.0
682,"details use execution, myosin motors, nascent chain, origin life",0.2608695652173913
682,"editorial emerging, author correction, g2 phase, model pd",0.002173913043478261
682,"fetal liver, stalled replication forks, pulmonary vascular, chromatin state",0.07608695652173914
682,"recent findings recent, cell multi omics, complex microbial, crispr cas based",0.0
682,"related morbidity, stage diagnosis, combination strategies, clinical intervention",0.5739130434782608
682,"role intercellular communication, testicular torsion, nanoparticle tracking analysis, mir 21 5p",0.0
682,"therapeutic strategies including, exosomes emerging, epigenetic modulation, solid cancers",0.026086956521739136
682,"transgene expression, metabolite production, study illustrates, precise genome",0.0608695652173913
682,"web science core, mean sd age, research hotspots, 28 day mortality",0.0
683,"bla ctx, spectrum lactamase esbl, sequence types sts, coli isolates",0.0
683,"details use execution, myosin motors, nascent chain, origin life",0.2608695652173913
683,"editorial emerging, author correction, g2 phase, model pd",0.0
683,"fetal liver, stalled replication forks, pulmonary vascular, chromatin state",0.10434782608695654
683,"recent findings recent, cell multi omics, complex microbial, crispr cas based",0.0
683,"related morbidity, stage diagnosis, combination strategies, clinical intervention",0.5304347826086956
683,"role intercellular communication, testicular torsion, nanoparticle tracking analysis, mir 21 5p",0.0
683,"therapeutic strategies including, exosomes emerging, epigenetic modulation, solid cancers",0.02391304347826087
683,"transgene expression, metabolite production, study illustrates, precise genome",0.08043478260869566
683,"web science core, mean sd age, research hotspots, 28 day mortality",0.0
684,"bla ctx, spectrum lactamase esbl, sequence types sts, coli isolates",0.0
684,"details use execution, myosin motors, nascent chain, origin life",0.30434782608695654
684,"editorial emerging, author correction, g2 phase, model pd",0.0
684,"fetal liver, stalled replication forks, pulmonary vascular, chromatin state",0.08478260869565218
684,"recent findings recent, cell multi omics, complex microbial, crispr cas based",0.0
684,"related morbidity, stage diagnosis, combination strategies, clinical intervention",0.5434782608695652
684,"role intercellular communication, testicular torsion, nanoparticle tracking analysis, mir 21 5p",0.0
684,"therapeutic strategies including, exosomes emerging, epigenetic modulation, solid cancers",0.010869565217391304
684,"transgene expression, metabolite production, study illustrates, precise genome",0.05652173913043478
684,"web science core, mean sd age, research hotspots, 28 day mortality",0.0
685,"bla ctx, spectrum lactamase esbl, sequence types sts, coli isolates",0.0
685,"details use execution, myosin motors, nascent chain, origin life",0.30434782608695654
685,"editorial emerging, author correction, g2 phase, model pd",0.01956521739130435
685,"fetal liver, stalled replication forks, pulmonary vascular, chromatin state",0.09565217391304347
685,"recent findings recent, cell multi omics, complex microbial, crispr cas based",0.0
685,"related morbidity, stage diagnosis, combination strategies, clinical intervention",0.4739130434782608
685,"role intercellular communication, testicular torsion, nanoparticle tracking analysis, mir 21 5p",0.0
685,"therapeutic strategies including, exosomes emerging, epigenetic modulation, solid cancers",0.043478260869565216
685,"transgene expression, metabolite production, study illustrates, precise genome",0.06304347826086958
685,"web science core, mean sd age, research hotspots, 28 day mortality",0.0
686,"bla ctx, spectrum lactamase esbl, sequence types sts, coli isolates",0.0
686,"details use execution, myosin motors, nascent chain, origin life",0.43478260869565216
686,"editorial emerging, author correction, g2 phase, model pd",0.002173913043478261
686,"fetal liver, stalled replication forks, pulmonary vascular, chromatin state",0.06521739130434784
686,"recent findings recent, cell multi omics, complex microbial, crispr cas based",0.0
686,"related morbidity, stage diagnosis, combination strategies, clinical intervention",0.3760869565217391
686,"role intercellular communication, testicular torsion, nanoparticle tracking analysis, mir 21 5p",0.0
686,"therapeutic strategies including, exosomes emerging, epigenetic modulation, solid cancers",0.043478260869565216
686,"transgene expression, metabolite production, study illustrates, precise genome",0.0782608695652174
686,"web science core, mean sd age, research hotspots, 28 day mortality",0.0
687,"bla ctx, spectrum lactamase esbl, sequence types sts, coli isolates",0.0
687,"details use execution, myosin motors, nascent chain, origin life",0.43478260869565216
687,"editorial emerging, author correction, g2 phase, model pd",0.0
687,"fetal liver, stalled replication forks, pulmonary vascular, chromatin state",0.030434782608695653
687,"recent findings recent, cell multi omics, complex microbial, crispr cas based",0.0
687,"related morbidity, stage diagnosis, combination strategies, clinical intervention",0.46304347826086956
687,"role intercellular communication, testicular torsion, nanoparticle tracking analysis, mir 21 5p",0.0
687,"therapeutic strategies including, exosomes emerging, epigenetic modulation, solid cancers",0.043478260869565216
687,"transgene expression, metabolite production, study illustrates, precise genome",0.02826086956521739
687,"web science core, mean sd age, research hotspots, 28 day mortality",0.0
688,"bla ctx, spectrum lactamase esbl, sequence types sts, coli isolates",0.0
688,"details use execution, myosin motors, nascent chain, origin life",0.2608695652173913
688,"editorial emerging, author correction, g2 phase, model pd",0.002173913043478261
688,"fetal liver, stalled replication forks, pulmonary vascular, chromatin state",0.05652173913043478
688,"recent findings recent, cell multi omics, complex microbial, crispr cas based",0.0
688,"related morbidity, stage diagnosis, combination strategies, clinical intervention",0.567391304347826
688,"role intercellular communication, testicular torsion, nanoparticle tracking analysis, mir 21 5p",0.0
688,"therapeutic strategies including, exosomes emerging, epigenetic modulation, solid cancers",0.058695652173913045
688,"transgene expression, metabolite production, study illustrates, precise genome",0.054347826086956534
688,"web science core, mean sd age, research hotspots, 28 day mortality",0.0
689,"bla ctx, spectrum lactamase esbl, sequence types sts, coli isolates",0.0
689,"details use execution, myosin motors, nascent chain, origin life",0.391304347826087
689,"editorial emerging, author correction, g2 phase, model pd",0.0
689,"fetal liver, stalled replication forks, pulmonary vascular, chromatin state",0.07173913043478261
689,"recent findings recent, cell multi omics, complex microbial, crispr cas based",0.0
689,"related morbidity, stage diagnosis, combination strategies, clinical intervention",0.4543478260869565
689,"role intercellular communication, testicular torsion, nanoparticle tracking analysis, mir 21 5p",0.0
689,"therapeutic strategies including, exosomes emerging, epigenetic modulation, solid cancers",0.049999999999999996
689,"transgene expression, metabolite production, study illustrates, precise genome",0.03260869565217392
689,"web science core, mean sd age, research hotspots, 28 day mortality",0.0
690,"bla ctx, spectrum lactamase esbl, sequence types sts, coli isolates",0.0
690,"details use execution, myosin motors, nascent chain, origin life",0.17391304347826086
690,"editorial emerging, author correction, g2 phase, model pd",0.0
690,"fetal liver, stalled replication forks, pulmonary vascular, chromatin state",0.12391304347826085
690,"recent findings recent, cell multi omics, complex microbial, crispr cas based",0.0
690,"related morbidity, stage diagnosis, combination strategies, clinical intervention",0.5239130434782608
690,"role intercellular communication, testicular torsion, nanoparticle tracking analysis, mir 21 5p",0.0
690,"therapeutic strategies including, exosomes emerging, epigenetic modulation, solid cancers",0.06956521739130435
690,"transgene expression, metabolite production, study illustrates, precise genome",0.108695652173913
690,"web science core, mean sd age, research hotspots, 28 day mortality",0.0
691,"bla ctx, spectrum lactamase esbl, sequence types sts, coli isolates",0.0
691,"details use execution, myosin motors, nascent chain, origin life",0.4782608695652174
691,"editorial emerging, author correction, g2 phase, model pd",0.01956521739130435
691,"fetal liver, stalled replication forks, pulmonary vascular, chromatin state",0.026086956521739136
691,"recent findings recent, cell multi omics, complex microbial, crispr cas based",0.0
691,"related morbidity, stage diagnosis, combination strategies, clinical intervention",0.39565217391304347
691,"role intercellular communication, testicular torsion, nanoparticle tracking analysis, mir 21 5p",0.0
691,"therapeutic strategies including, exosomes emerging, epigenetic modulation, solid cancers",0.03695652173913044
691,"transgene expression, metabolite production, study illustrates, precise genome",0.043478260869565216
691,"web science core, mean sd age, research hotspots, 28 day mortality",0.0
692,"bla ctx, spectrum lactamase esbl, sequence types sts, coli isolates",0.0
692,"details use execution, myosin motors, nascent chain, origin life",0.391304347826087
692,"editorial emerging, author correction, g2 phase, model pd",0.0
692,"fetal liver, stalled replication forks, pulmonary vascular, chromatin state",0.0782608695652174
692,"recent findings recent, cell multi omics, complex microbial, crispr cas based",0.0
692,"related morbidity, stage diagnosis, combination strategies, clinical intervention",0.45
692,"role intercellular communication, testicular torsion, nanoparticle tracking analysis, mir 21 5p",0.0
692,"therapeutic strategies including, exosomes emerging, epigenetic modulation, solid cancers",0.013043478260869568
692,"transgene expression, metabolite production, study illustrates, precise genome",0.06739130434782607
692,"web science core, mean sd age, research hotspots, 28 day mortality",0.0
693,"bla ctx, spectrum lactamase esbl, sequence types sts, coli isolates",0.0
693,"details use execution, myosin motors, nascent chain, origin life",0.2608695652173913
693,"editorial emerging, author correction, g2 phase, model pd",0.01956521739130435
693,"fetal liver, stalled replication forks, pulmonary vascular, chromatin state",0.0782608695652174
693,"recent findings recent, cell multi omics, complex microbial, crispr cas based",0.0
693,"related morbidity, stage diagnosis, combination strategies, clinical intervention",0.5021739130434782
693,"role intercellular communication, testicular torsion, nanoparticle tracking analysis, mir 21 5p",0.0
693,"therapeutic strategies including, exosomes emerging, epigenetic modulation, solid cancers",0.06956521739130435
693,"transgene expression, metabolite production, study illustrates, precise genome",0.06956521739130436
693,"web science core, mean sd age, research hotspots, 28 day mortality",0.0
694,"bla ctx, spectrum lactamase esbl, sequence types sts, coli isolates",0.0
694,"details use execution, myosin motors, nascent chain, origin life",0.30434782608695654
694,"editorial emerging, author correction, g2 phase, model pd",0.01956521739130435
694,"fetal liver, stalled replication forks, pulmonary vascular, chromatin state",0.07173913043478261
694,"recent findings recent, cell multi omics, complex microbial, crispr cas based",0.0
694,"related morbidity, stage diagnosis, combination strategies, clinical intervention",0.4739130434782608
694,"role intercellular communication, testicular torsion, nanoparticle tracking analysis, mir 21 5p",0.0
694,"therapeutic strategies including, exosomes emerging, epigenetic modulation, solid cancers",0.043478260869565216
694,"transgene expression, metabolite production, study illustrates, precise genome",0.08695652173913043
694,"web science core, mean sd age, research hotspots, 28 day mortality",0.0
695,"bla ctx, spectrum lactamase esbl, sequence types sts, coli isolates",0.0
695,"details use execution, myosin motors, nascent chain, origin life",0.30434782608695654
695,"editorial emerging, author correction, g2 phase, model pd",0.0
695,"fetal liver, stalled replication forks, pulmonary vascular, chromatin state",0.06956521739130435
695,"recent findings recent, cell multi omics, complex microbial, crispr cas based",0.0
695,"related morbidity, stage diagnosis, combination strategies, clinical intervention",0.5021739130434782
695,"role intercellular communication, testicular torsion, nanoparticle tracking analysis, mir 21 5p",0.0
695,"therapeutic strategies including, exosomes emerging, epigenetic modulation, solid cancers",0.08695652173913043
695,"transgene expression, metabolite production, study illustrates, precise genome",0.03695652173913044
695,"web science core, mean sd age, research hotspots, 28 day mortality",0.0
696,"bla ctx, spectrum lactamase esbl, sequence types sts, coli isolates",0.0
696,"details use execution, myosin motors, nascent chain, origin life",0.2608695652173913
696,"editorial emerging, author correction, g2 phase, model pd",0.0
696,"fetal liver, stalled replication forks, pulmonary vascular, chromatin state",0.09782608695652174
696,"recent findings recent, cell multi omics, complex microbial, crispr cas based",0.0
696,"related morbidity, stage diagnosis, combination strategies, clinical intervention",0.5086956521739131
696,"role intercellular communication, testicular torsion, nanoparticle tracking analysis, mir 21 5p",0.0
696,"therapeutic strategies including, exosomes emerging, epigenetic modulation, solid cancers",0.05217391304347826
696,"transgene expression, metabolite production, study illustrates, precise genome",0.08043478260869566
696,"web science core, mean sd age, research hotspots, 28 day mortality",0.0
697,"bla ctx, spectrum lactamase esbl, sequence types sts, coli isolates",0.0
697,"details use execution, myosin motors, nascent chain, origin life",0.17391304347826086
697,"editorial emerging, author correction, g2 phase, model pd",0.0
697,"fetal liver, stalled replication forks, pulmonary vascular, chromatin state",0.09999999999999999
697,"recent findings recent, cell multi omics, complex microbial, crispr cas based",0.0
697,"related morbidity, stage diagnosis, combination strategies, clinical intervention",0.6021739130434782
697,"role intercellular communication, testicular torsion, nanoparticle tracking analysis, mir 21 5p",0.0
697,"therapeutic strategies including, exosomes emerging, epigenetic modulation, solid cancers",0.043478260869565216
697,"transgene expression, metabolite production, study illustrates, precise genome",0.08043478260869565
697,"web science core, mean sd age, research hotspots, 28 day mortality",0.0
698,"bla ctx, spectrum lactamase esbl, sequence types sts, coli isolates",0.0
698,"details use execution, myosin motors, nascent chain, origin life",0.30434782608695654
698,"editorial emerging, author correction, g2 phase, model pd",0.002173913043478261
698,"fetal liver, stalled replication forks, pulmonary vascular, chromatin state",0.09782608695652174
698,"recent findings recent, cell multi omics, complex microbial, crispr cas based",0.0
698,"related morbidity, stage diagnosis, combination strategies, clinical intervention",0.4630434782608695
698,"role intercellular communication, testicular torsion, nanoparticle tracking analysis, mir 21 5p",0.0
698,"therapeutic strategies including, exosomes emerging, epigenetic modulation, solid cancers",0.049999999999999996
698,"transgene expression, metabolite production, study illustrates, precise genome",0.08260869565217391
698,"web science core, mean sd age, research hotspots, 28 day mortality",0.0
699,"bla ctx, spectrum lactamase esbl, sequence types sts, coli isolates",0.0
699,"details use execution, myosin motors, nascent chain, origin life",0.43478260869565216
699,"editorial emerging, author correction, g2 phase, model pd",0.0
699,"fetal liver, stalled replication forks, pulmonary vascular, chromatin state",0.02608695652173913
699,"recent findings recent, cell multi omics, complex microbial, crispr cas based",0.0
699,"related morbidity, stage diagnosis, combination strategies, clinical intervention",0.4782608695652173
699,"role intercellular communication, testicular torsion, nanoparticle tracking analysis, mir 21 5p",0.0
699,"therapeutic strategies including, exosomes emerging, epigenetic modulation, solid cancers",0.0391304347826087
699,"transgene expression, metabolite production, study illustrates, precise genome",0.021739130434782615
699,"web science core, mean sd age, research hotspots, 28 day mortality",0.0
700,"bla ctx, spectrum lactamase esbl, sequence types sts, coli isolates",0.0
700,"details use execution, myosin motors, nascent chain, origin life",0.2608695652173913
700,"editorial emerging, author correction, g2 phase, model pd",0.0
700,"fetal liver, stalled replication forks, pulmonary vascular, chromatin state",0.11086956521739132
700,"recent findings recent, cell multi omics, complex microbial, crispr cas based",0.0
700,"related morbidity, stage diagnosis, combination strategies, clinical intervention",0.4739130434782609
700,"role intercellular communication, testicular torsion, nanoparticle tracking analysis, mir 21 5p",0.0
700,"therapeutic strategies including, exosomes emerging, epigenetic modulation, solid cancers",0.08695652173913043
700,"transgene expression, metabolite production, study illustrates, precise genome",0.06739130434782609
700,"web science core, mean sd age, research hotspots, 28 day mortality",0.0
701,"bla ctx, spectrum lactamase esbl, sequence types sts, coli isolates",0.0
701,"details use execution, myosin motors, nascent chain, origin life",0.30434782608695654
701,"editorial emerging, author correction, g2 phase, model pd",0.0
701,"fetal liver, stalled replication forks, pulmonary vascular, chromatin state",0.10217391304347827
701,"recent findings recent, cell multi omics, complex microbial, crispr cas based",0.0
701,"related morbidity, stage diagnosis, combination strategies, clinical intervention",0.4847826086956521
701,"role intercellular communication, testicular torsion, nanoparticle tracking analysis, mir 21 5p",0.0
701,"therapeutic strategies including, exosomes emerging, epigenetic modulation, solid cancers",0.03695652173913044
701,"transgene expression, metabolite production, study illustrates, precise genome",0.07173913043478261
701,"web science core, mean sd age, research hotspots, 28 day mortality",0.0
702,"bla ctx, spectrum lactamase esbl, sequence types sts, coli isolates",0.0
702,"details use execution, myosin motors, nascent chain, origin life",0.391304347826087
702,"editorial emerging, author correction, g2 phase, model pd",0.0
702,"fetal liver, stalled replication forks, pulmonary vascular, chromatin state",0.06956521739130435
702,"recent findings recent, cell multi omics, complex microbial, crispr cas based",0.0
702,"related morbidity, stage diagnosis, combination strategies, clinical intervention",0.4478260869565217
702,"role intercellular communication, testicular torsion, nanoparticle tracking analysis, mir 21 5p",0.0
702,"therapeutic strategies including, exosomes emerging, epigenetic modulation, solid cancers",0.043478260869565216
702,"transgene expression, metabolite production, study illustrates, precise genome",0.04782608695652174
702,"web science core, mean sd age, research hotspots, 28 day mortality",0.0
703,"bla ctx, spectrum lactamase esbl, sequence types sts, coli isolates",0.0
703,"details use execution, myosin motors, nascent chain, origin life",0.34782608695652173
703,"editorial emerging, author correction, g2 phase, model pd",0.0
703,"fetal liver, stalled replication forks, pulmonary vascular, chromatin state",0.08478260869565218
703,"recent findings recent, cell multi omics, complex microbial, crispr cas based",0.0
703,"related morbidity, stage diagnosis, combination strategies, clinical intervention",0.4543478260869565
703,"role intercellular communication, testicular torsion, nanoparticle tracking analysis, mir 21 5p",0.0
703,"therapeutic strategies including, exosomes emerging, epigenetic modulation, solid cancers",0.06739130434782609
703,"transgene expression, metabolite production, study illustrates, precise genome",0.04565217391304348
703,"web science core, mean sd age, research hotspots, 28 day mortality",0.0
704,"bla ctx, spectrum lactamase esbl, sequence types sts, coli isolates",0.0
704,"details use execution, myosin motors, nascent chain, origin life",0.391304347826087
704,"editorial emerging, author correction, g2 phase, model pd",0.002173913043478261
704,"fetal liver, stalled replication forks, pulmonary vascular, chromatin state",0.06521739130434782
704,"recent findings recent, cell multi omics, complex microbial, crispr cas based",0.0
704,"related morbidity, stage diagnosis, combination strategies, clinical intervention",0.43260869565217397
704,"role intercellular communication, testicular torsion, nanoparticle tracking analysis, mir 21 5p",0.0
704,"therapeutic strategies including, exosomes emerging, epigenetic modulation, solid cancers",0.08260869565217392
704,"transgene expression, metabolite production, study illustrates, precise genome",0.026086956521739136
704,"web science core, mean sd age, research hotspots, 28 day mortality",0.0
705,"bla ctx, spectrum lactamase esbl, sequence types sts, coli isolates",0.0
705,"details use execution, myosin motors, nascent chain, origin life",0.21739130434782608
705,"editorial emerging, author correction, g2 phase, model pd",0.0
705,"fetal liver, stalled replication forks, pulmonary vascular, chromatin state",0.09565217391304348
705,"recent findings recent, cell multi omics, complex microbial, crispr cas based",0.0
705,"related morbidity, stage diagnosis, combination strategies, clinical intervention",0.5978260869565217
705,"role intercellular communication, testicular torsion, nanoparticle tracking analysis, mir 21 5p",0.0
705,"therapeutic strategies including, exosomes emerging, epigenetic modulation, solid cancers",0.043478260869565216
705,"transgene expression, metabolite production, study illustrates, precise genome",0.04565217391304348
705,"web science core, mean sd age, research hotspots, 28 day mortality",0.0
706,"bla ctx, spectrum lactamase esbl, sequence types sts, coli isolates",0.0
706,"details use execution, myosin motors, nascent chain, origin life",0.30434782608695654
706,"editorial emerging, author correction, g2 phase, model pd",0.002173913043478261
706,"fetal liver, stalled replication forks, pulmonary vascular, chromatin state",0.043478260869565216
706,"recent findings recent, cell multi omics, complex microbial, crispr cas based",0.0
706,"related morbidity, stage diagnosis, combination strategies, clinical intervention",0.5456521739130433
706,"role intercellular communication, testicular torsion, nanoparticle tracking analysis, mir 21 5p",0.0
706,"therapeutic strategies including, exosomes emerging, epigenetic modulation, solid cancers",0.0608695652173913
706,"transgene expression, metabolite production, study illustrates, precise genome",0.043478260869565216
706,"web science core, mean sd age, research hotspots, 28 day mortality",0.0
707,"bla ctx, spectrum lactamase esbl, sequence types sts, coli isolates",0.0
707,"details use execution, myosin motors, nascent chain, origin life",0.391304347826087
707,"editorial emerging, author correction, g2 phase, model pd",0.01956521739130435
707,"fetal liver, stalled replication forks, pulmonary vascular, chromatin state",0.07173913043478261
707,"recent findings recent, cell multi omics, complex microbial, crispr cas based",0.0
707,"related morbidity, stage diagnosis, combination strategies, clinical intervention",0.34782608695652173
707,"role intercellular communication, testicular torsion, nanoparticle tracking analysis, mir 21 5p",0.0
707,"therapeutic strategies including, exosomes emerging, epigenetic modulation, solid cancers",0.09565217391304348
707,"transgene expression, metabolite production, study illustrates, precise genome",0.07391304347826087
707,"web science core, mean sd age, research hotspots, 28 day mortality",0.0
708,"bla ctx, spectrum lactamase esbl, sequence types sts, coli isolates",0.0
708,"details use execution, myosin motors, nascent chain, origin life",0.21739130434782608
708,"editorial emerging, author correction, g2 phase, model pd",0.002173913043478261
708,"fetal liver, stalled replication forks, pulmonary vascular, chromatin state",0.10652173913043479
708,"recent findings recent, cell multi omics, complex microbial, crispr cas based",0.0
708,"related morbidity, stage diagnosis, combination strategies, clinical intervention",0.5543478260869564
708,"role intercellular communication, testicular torsion, nanoparticle tracking analysis, mir 21 5p",0.0
708,"therapeutic strategies including, exosomes emerging, epigenetic modulation, solid cancers",0.041304347826086954
708,"transgene expression, metabolite production, study illustrates, precise genome",0.0782608695652174
708,"web science core, mean sd age, research hotspots, 28 day mortality",0.0
709,"bla ctx, spectrum lactamase esbl, sequence types sts, coli isolates",0.0
709,"details use execution, myosin motors, nascent chain, origin life",0.30434782608695654
709,"editorial emerging, author correction, g2 phase, model pd",0.01956521739130435
709,"fetal liver, stalled replication forks, pulmonary vascular, chromatin state",0.06521739130434782
709,"recent findings recent, cell multi omics, complex microbial, crispr cas based",0.0
709,"related morbidity, stage diagnosis, combination strategies, clinical intervention",0.4782608695652173
709,"role intercellular communication, testicular torsion, nanoparticle tracking analysis, mir 21 5p",0.0
709,"therapeutic strategies including, exosomes emerging, epigenetic modulation, solid cancers",0.07173913043478261
709,"transgene expression, metabolite production, study illustrates, precise genome",0.06086956521739131
709,"web science core, mean sd age, research hotspots, 28 day mortality",0.0
710,"bla ctx, spectrum lactamase esbl, sequence types sts, coli isolates",0.0
710,"details use execution, myosin motors, nascent chain, origin life",0.391304347826087
710,"editorial emerging, author correction, g2 phase, model pd",0.002173913043478261
710,"fetal liver, stalled replication forks, pulmonary vascular, chromatin state",0.02391304347826087
710,"recent findings recent, cell multi omics, complex microbial, crispr cas based",0.0
710,"related morbidity, stage diagnosis, combination strategies, clinical intervention",0.5021739130434782
710,"role intercellular communication, testicular torsion, nanoparticle tracking analysis, mir 21 5p",0.0
710,"therapeutic strategies including, exosomes emerging, epigenetic modulation, solid cancers",0.05
710,"transgene expression, metabolite production, study illustrates, precise genome",0.030434782608695653
710,"web science core, mean sd age, research hotspots, 28 day mortality",0.0
711,"bla ctx, spectrum lactamase esbl, sequence types sts, coli isolates",0.0
711,"details use execution, myosin motors, nascent chain, origin life",0.30434782608695654
711,"editorial emerging, author correction, g2 phase, model pd",0.021739130434782608
711,"fetal liver, stalled replication forks, pulmonary vascular, chromatin state",0.04130434782608696
711,"recent findings recent, cell multi omics, complex microbial, crispr cas based",0.0
711,"related morbidity, stage diagnosis, combination strategies, clinical intervention",0.5478260869565218
711,"role intercellular communication, testicular torsion, nanoparticle tracking analysis, mir 21 5p",0.0
711,"therapeutic strategies including, exosomes emerging, epigenetic modulation, solid cancers",0.02826086956521739
711,"transgene expression, metabolite production, study illustrates, precise genome",0.05652173913043478
711,"web science core, mean sd age, research hotspots, 28 day mortality",0.0
712,"bla ctx, spectrum lactamase esbl, sequence types sts, coli isolates",0.0
712,"details use execution, myosin motors, nascent chain, origin life",0.30434782608695654
712,"editorial emerging, author correction, g2 phase, model pd",0.021739130434782608
712,"fetal liver, stalled replication forks, pulmonary vascular, chromatin state",0.008695652173913044
712,"recent findings recent, cell multi omics, complex microbial, crispr cas based",0.0
712,"related morbidity, stage diagnosis, combination strategies, clinical intervention",0.5717391304347826
712,"role intercellular communication, testicular torsion, nanoparticle tracking analysis, mir 21 5p",0.0
712,"therapeutic strategies including, exosomes emerging, epigenetic modulation, solid cancers",0.05652173913043478
712,"transgene expression, metabolite production, study illustrates, precise genome",0.03695652173913044
712,"web science core, mean sd age, research hotspots, 28 day mortality",0.0
713,"bla ctx, spectrum lactamase esbl, sequence types sts, coli isolates",0.0
713,"details use execution, myosin motors, nascent chain, origin life",0.43478260869565216
713,"editorial emerging, author correction, g2 phase, model pd",0.01956521739130435
713,"fetal liver, stalled replication forks, pulmonary vascular, chromatin state",0.06304347826086958
713,"recent findings recent, cell multi omics, complex microbial, crispr cas based",0.0
713,"related morbidity, stage diagnosis, combination strategies, clinical intervention",0.3804347826086957
713,"role intercellular communication, testicular torsion, nanoparticle tracking analysis, mir 21 5p",0.0
713,"therapeutic strategies including, exosomes emerging, epigenetic modulation, solid cancers",0.034782608695652174
713,"transgene expression, metabolite production, study illustrates, precise genome",0.0673913043478261
713,"web science core, mean sd age, research hotspots, 28 day mortality",0.0
714,"bla ctx, spectrum lactamase esbl, sequence types sts, coli isolates",0.0
714,"details use execution, myosin motors, nascent chain, origin life",0.34782608695652173
714,"editorial emerging, author correction, g2 phase, model pd",0.0
714,"fetal liver, stalled replication forks, pulmonary vascular, chromatin state",0.07173913043478261
714,"recent findings recent, cell multi omics, complex microbial, crispr cas based",0.0
714,"related morbidity, stage diagnosis, combination strategies, clinical intervention",0.5021739130434782
714,"role intercellular communication, testicular torsion, nanoparticle tracking analysis, mir 21 5p",0.0
714,"therapeutic strategies including, exosomes emerging, epigenetic modulation, solid cancers",0.02826086956521739
714,"transgene expression, metabolite production, study illustrates, precise genome",0.05
714,"web science core, mean sd age, research hotspots, 28 day mortality",0.0
715,"bla ctx, spectrum lactamase esbl, sequence types sts, coli isolates",0.0
715,"details use execution, myosin motors, nascent chain, origin life",0.34782608695652173
715,"editorial emerging, author correction, g2 phase, model pd",0.01956521739130435
715,"fetal liver, stalled replication forks, pulmonary vascular, chromatin state",0.07173913043478261
715,"recent findings recent, cell multi omics, complex microbial, crispr cas based",0.0
715,"related morbidity, stage diagnosis, combination strategies, clinical intervention",0.4826086956521739
715,"role intercellular communication, testicular torsion, nanoparticle tracking analysis, mir 21 5p",0.0
715,"therapeutic strategies including, exosomes emerging, epigenetic modulation, solid cancers",0.02826086956521739
715,"transgene expression, metabolite production, study illustrates, precise genome",0.05
715,"web science core, mean sd age, research hotspots, 28 day mortality",0.0
716,"bla ctx, spectrum lactamase esbl, sequence types sts, coli isolates",0.0
716,"details use execution, myosin motors, nascent chain, origin life",0.30434782608695654
716,"editorial emerging, author correction, g2 phase, model pd",0.002173913043478261
716,"fetal liver, stalled replication forks, pulmonary vascular, chromatin state",0.034782608695652174
716,"recent findings recent, cell multi omics, complex microbial, crispr cas based",0.0
716,"related morbidity, stage diagnosis, combination strategies, clinical intervention",0.5847826086956524
716,"role intercellular communication, testicular torsion, nanoparticle tracking analysis, mir 21 5p",0.0
716,"therapeutic strategies including, exosomes emerging, epigenetic modulation, solid cancers",0.03913043478260869
716,"transgene expression, metabolite production, study illustrates, precise genome",0.034782608695652174
716,"web science core, mean sd age, research hotspots, 28 day mortality",0.0
717,"bla ctx, spectrum lactamase esbl, sequence types sts, coli isolates",0.0
717,"details use execution, myosin motors, nascent chain, origin life",0.391304347826087
717,"editorial emerging, author correction, g2 phase, model pd",0.0
717,"fetal liver, stalled replication forks, pulmonary vascular, chromatin state",0.02826086956521739
717,"recent findings recent, cell multi omics, complex microbial, crispr cas based",0.0
717,"related morbidity, stage diagnosis, combination strategies, clinical intervention",0.467391304347826
717,"role intercellular communication, testicular torsion, nanoparticle tracking analysis, mir 21 5p",0.0
717,"therapeutic strategies including, exosomes emerging, epigenetic modulation, solid cancers",0.07608695652173914
717,"transgene expression, metabolite production, study illustrates, precise genome",0.03695652173913044
717,"web science core, mean sd age, research hotspots, 28 day mortality",0.0
718,"bla ctx, spectrum lactamase esbl, sequence types sts, coli isolates",0.0
718,"details use execution, myosin motors, nascent chain, origin life",0.34782608695652173
718,"editorial emerging, author correction, g2 phase, model pd",0.002173913043478261
718,"fetal liver, stalled replication forks, pulmonary vascular, chromatin state",0.06304347826086958
718,"recent findings recent, cell multi omics, complex microbial, crispr cas based",0.0
718,"related morbidity, stage diagnosis, combination strategies, clinical intervention",0.4521739130434782
718,"role intercellular communication, testicular torsion, nanoparticle tracking analysis, mir 21 5p",0.0
718,"therapeutic strategies including, exosomes emerging, epigenetic modulation, solid cancers",0.07608695652173914
718,"transgene expression, metabolite production, study illustrates, precise genome",0.058695652173913045
718,"web science core, mean sd age, research hotspots, 28 day mortality",0.0
719,"bla ctx, spectrum lactamase esbl, sequence types sts, coli isolates",0.0
719,"details use execution, myosin motors, nascent chain, origin life",0.30434782608695654
719,"editorial emerging, author correction, g2 phase, model pd",0.0
719,"fetal liver, stalled replication forks, pulmonary vascular, chromatin state",0.0782608695652174
719,"recent findings recent, cell multi omics, complex microbial, crispr cas based",0.0
719,"related morbidity, stage diagnosis, combination strategies, clinical intervention",0.4978260869565217
719,"role intercellular communication, testicular torsion, nanoparticle tracking analysis, mir 21 5p",0.0
719,"therapeutic strategies including, exosomes emerging, epigenetic modulation, solid cancers",0.058695652173913045
719,"transgene expression, metabolite production, study illustrates, precise genome",0.0608695652173913
719,"web science core, mean sd age, research hotspots, 28 day mortality",0.0
720,"bla ctx, spectrum lactamase esbl, sequence types sts, coli isolates",0.0
720,"details use execution, myosin motors, nascent chain, origin life",0.34782608695652173
720,"editorial emerging, author correction, g2 phase, model pd",0.0
720,"fetal liver, stalled replication forks, pulmonary vascular, chromatin state",0.08043478260869566
720,"recent findings recent, cell multi omics, complex microbial, crispr cas based",0.0
720,"related morbidity, stage diagnosis, combination strategies, clinical intervention",0.517391304347826
720,"role intercellular communication, testicular torsion, nanoparticle tracking analysis, mir 21 5p",0.0
720,"therapeutic strategies including, exosomes emerging, epigenetic modulation, solid cancers",0.008695652173913044
720,"transgene expression, metabolite production, study illustrates, precise genome",0.04565217391304348
720,"web science core, mean sd age, research hotspots, 28 day mortality",0.0
721,"bla ctx, spectrum lactamase esbl, sequence types sts, coli isolates",0.0
721,"details use execution, myosin motors, nascent chain, origin life",0.30434782608695654
721,"editorial emerging, author correction, g2 phase, model pd",0.0
721,"fetal liver, stalled replication forks, pulmonary vascular, chromatin state",0.043478260869565216
721,"recent findings recent, cell multi omics, complex microbial, crispr cas based",0.0
721,"related morbidity, stage diagnosis, combination strategies, clinical intervention",0.5739130434782609
721,"role intercellular communication, testicular torsion, nanoparticle tracking analysis, mir 21 5p",0.0
721,"therapeutic strategies including, exosomes emerging, epigenetic modulation, solid cancers",0.034782608695652174
721,"transgene expression, metabolite production, study illustrates, precise genome",0.04347826086956523
721,"web science core, mean sd age, research hotspots, 28 day mortality",0.0
722,"bla ctx, spectrum lactamase esbl, sequence types sts, coli isolates",0.0
722,"details use execution, myosin motors, nascent chain, origin life",0.391304347826087
722,"editorial emerging, author correction, g2 phase, model pd",0.002173913043478261
722,"fetal liver, stalled replication forks, pulmonary vascular, chromatin state",0.034782608695652174
722,"recent findings recent, cell multi omics, complex microbial, crispr cas based",0.0
722,"related morbidity, stage diagnosis, combination strategies, clinical intervention",0.5173913043478261
722,"role intercellular communication, testicular torsion, nanoparticle tracking analysis, mir 21 5p",0.0
722,"therapeutic strategies including, exosomes emerging, epigenetic modulation, solid cancers",0.041304347826086954
722,"transgene expression, metabolite production, study illustrates, precise genome",0.013043478260869565
722,"web science core, mean sd age, research hotspots, 28 day mortality",0.0
723,"bla ctx, spectrum lactamase esbl, sequence types sts, coli isolates",0.0
723,"details use execution, myosin motors, nascent chain, origin life",0.2608695652173913
723,"editorial emerging, author correction, g2 phase, model pd",0.002173913043478261
723,"fetal liver, stalled replication forks, pulmonary vascular, chromatin state",0.06304347826086956
723,"recent findings recent, cell multi omics, complex microbial, crispr cas based",0.0
723,"related morbidity, stage diagnosis, combination strategies, clinical intervention",0.5695652173913044
723,"role intercellular communication, testicular torsion, nanoparticle tracking analysis, mir 21 5p",0.0
723,"therapeutic strategies including, exosomes emerging, epigenetic modulation, solid cancers",0.05434782608695652
723,"transgene expression, metabolite production, study illustrates, precise genome",0.05
723,"web science core, mean sd age, research hotspots, 28 day mortality",0.0
724,"bla ctx, spectrum lactamase esbl, sequence types sts, coli isolates",0.0
724,"details use execution, myosin motors, nascent chain, origin life",0.34782608695652173
724,"editorial emerging, author correction, g2 phase, model pd",0.0
724,"fetal liver, stalled replication forks, pulmonary vascular, chromatin state",0.06521739130434781
724,"recent findings recent, cell multi omics, complex microbial, crispr cas based",0.0
724,"related morbidity, stage diagnosis, combination strategies, clinical intervention",0.5326086956521738
724,"role intercellular communication, testicular torsion, nanoparticle tracking analysis, mir 21 5p",0.0
724,"therapeutic strategies including, exosomes emerging, epigenetic modulation, solid cancers",0.008695652173913044
724,"transgene expression, metabolite production, study illustrates, precise genome",0.04565217391304348
724,"web science core, mean sd age, research hotspots, 28 day mortality",0.0
725,"bla ctx, spectrum lactamase esbl, sequence types sts, coli isolates",0.0
725,"details use execution, myosin motors, nascent chain, origin life",0.30434782608695654
725,"editorial emerging, author correction, g2 phase, model pd",0.002173913043478261
725,"fetal liver, stalled replication forks, pulmonary vascular, chromatin state",0.05
725,"recent findings recent, cell multi omics, complex microbial, crispr cas based",0.0
725,"related morbidity, stage diagnosis, combination strategies, clinical intervention",0.5652173913043478
725,"role intercellular communication, testicular torsion, nanoparticle tracking analysis, mir 21 5p",0.0
725,"therapeutic strategies including, exosomes emerging, epigenetic modulation, solid cancers",0.021739130434782608
725,"transgene expression, metabolite production, study illustrates, precise genome",0.056521739130434796
725,"web science core, mean sd age, research hotspots, 28 day mortality",0.0
726,"bla ctx, spectrum lactamase esbl, sequence types sts, coli isolates",0.0
726,"details use execution, myosin motors, nascent chain, origin life",0.17391304347826086
726,"editorial emerging, author correction, g2 phase, model pd",0.0
726,"fetal liver, stalled replication forks, pulmonary vascular, chromatin state",0.11956521739130435
726,"recent findings recent, cell multi omics, complex microbial, crispr cas based",0.0
726,"related morbidity, stage diagnosis, combination strategies, clinical intervention",0.5956521739130435
726,"role intercellular communication, testicular torsion, nanoparticle tracking analysis, mir 21 5p",0.0
726,"therapeutic strategies including, exosomes emerging, epigenetic modulation, solid cancers",0.034782608695652174
726,"transgene expression, metabolite production, study illustrates, precise genome",0.07608695652173914
726,"web science core, mean sd age, research hotspots, 28 day mortality",0.0
727,"bla ctx, spectrum lactamase esbl, sequence types sts, coli isolates",0.0
727,"details use execution, myosin motors, nascent chain, origin life",0.2608695652173913
727,"editorial emerging, author correction, g2 phase, model pd",0.0
727,"fetal liver, stalled replication forks, pulmonary vascular, chromatin state",0.09565217391304348
727,"recent findings recent, cell multi omics, complex microbial, crispr cas based",0.0
727,"related morbidity, stage diagnosis, combination strategies, clinical intervention",0.5326086956521738
727,"role intercellular communication, testicular torsion, nanoparticle tracking analysis, mir 21 5p",0.0
727,"therapeutic strategies including, exosomes emerging, epigenetic modulation, solid cancers",0.03260869565217391
727,"transgene expression, metabolite production, study illustrates, precise genome",0.0782608695652174
727,"web science core, mean sd age, research hotspots, 28 day mortality",0.0
728,"bla ctx, spectrum lactamase esbl, sequence types sts, coli isolates",0.0
728,"details use execution, myosin motors, nascent chain, origin life",0.21739130434782608
728,"editorial emerging, author correction, g2 phase, model pd",0.002173913043478261
728,"fetal liver, stalled replication forks, pulmonary vascular, chromatin state",0.02826086956521739
728,"recent findings recent, cell multi omics, complex microbial, crispr cas based",0.0
728,"related morbidity, stage diagnosis, combination strategies, clinical intervention",0.6499999999999999
728,"role intercellular communication, testicular torsion, nanoparticle tracking analysis, mir 21 5p",0.0
728,"therapeutic strategies including, exosomes emerging, epigenetic modulation, solid cancers",0.09130434782608696
728,"transgene expression, metabolite production, study illustrates, precise genome",0.010869565217391304
728,"web science core, mean sd age, research hotspots, 28 day mortality",0.0
729,"bla ctx, spectrum lactamase esbl, sequence types sts, coli isolates",0.0
729,"details use execution, myosin motors, nascent chain, origin life",0.2608695652173913
729,"editorial emerging, author correction, g2 phase, model pd",0.0
729,"fetal liver, stalled replication forks, pulmonary vascular, chromatin state",0.05434782608695652
729,"recent findings recent, cell multi omics, complex microbial, crispr cas based",0.0
729,"related morbidity, stage diagnosis, combination strategies, clinical intervention",0.6086956521739131
729,"role intercellular communication, testicular torsion, nanoparticle tracking analysis, mir 21 5p",0.0
729,"therapeutic strategies including, exosomes emerging, epigenetic modulation, solid cancers",0.04565217391304348
729,"transgene expression, metabolite production, study illustrates, precise genome",0.030434782608695653
729,"web science core, mean sd age, research hotspots, 28 day mortality",0.0
730,"bla ctx, spectrum lactamase esbl, sequence types sts, coli isolates",0.0
730,"details use execution, myosin motors, nascent chain, origin life",0.21739130434782608
730,"editorial emerging, author correction, g2 phase, model pd",0.0
730,"fetal liver, stalled replication forks, pulmonary vascular, chromatin state",0.10652173913043479
730,"recent findings recent, cell multi omics, complex microbial, crispr cas based",0.0
730,"related morbidity, stage diagnosis, combination strategies, clinical intervention",0.567391304347826
730,"role intercellular communication, testicular torsion, nanoparticle tracking analysis, mir 21 5p",0.0
730,"therapeutic strategies including, exosomes emerging, epigenetic modulation, solid cancers",0.010869565217391304
730,"transgene expression, metabolite production, study illustrates, precise genome",0.09782608695652174
730,"web science core, mean sd age, research hotspots, 28 day mortality",0.0
731,"bla ctx, spectrum lactamase esbl, sequence types sts, coli isolates",0.0
731,"details use execution, myosin motors, nascent chain, origin life",0.2608695652173913
731,"editorial emerging, author correction, g2 phase, model pd",0.002173913043478261
731,"fetal liver, stalled replication forks, pulmonary vascular, chromatin state",0.03695652173913044
731,"recent findings recent, cell multi omics, complex microbial, crispr cas based",0.0
731,"related morbidity, stage diagnosis, combination strategies, clinical intervention",0.6413043478260869
731,"role intercellular communication, testicular torsion, nanoparticle tracking analysis, mir 21 5p",0.0
731,"therapeutic strategies including, exosomes emerging, epigenetic modulation, solid cancers",0.017391304347826087
731,"transgene expression, metabolite production, study illustrates, precise genome",0.04130434782608696
731,"web science core, mean sd age, research hotspots, 28 day mortality",0.0
732,"bla ctx, spectrum lactamase esbl, sequence types sts, coli isolates",0.0
732,"details use execution, myosin motors, nascent chain, origin life",0.391304347826087
732,"editorial emerging, author correction, g2 phase, model pd",0.0
732,"fetal liver, stalled replication forks, pulmonary vascular, chromatin state",0.09130434782608694
732,"recent findings recent, cell multi omics, complex microbial, crispr cas based",0.0
732,"related morbidity, stage diagnosis, combination strategies, clinical intervention",0.4413043478260869
732,"role intercellular communication, testicular torsion, nanoparticle tracking analysis, mir 21 5p",0.0
732,"therapeutic strategies including, exosomes emerging, epigenetic modulation, solid cancers",0.013043478260869568
732,"transgene expression, metabolite production, study illustrates, precise genome",0.06304347826086958
732,"web science core, mean sd age, research hotspots, 28 day mortality",0.0
733,"bla ctx, spectrum lactamase esbl, sequence types sts, coli isolates",0.0
733,"details use execution, myosin motors, nascent chain, origin life",0.34782608695652173
733,"editorial emerging, author correction, g2 phase, model pd",0.01956521739130435
733,"fetal liver, stalled replication forks, pulmonary vascular, chromatin state",0.056521739130434796
733,"recent findings recent, cell multi omics, complex microbial, crispr cas based",0.0
733,"related morbidity, stage diagnosis, combination strategies, clinical intervention",0.4652173913043478
733,"role intercellular communication, testicular torsion, nanoparticle tracking analysis, mir 21 5p",0.0
733,"therapeutic strategies including, exosomes emerging, epigenetic modulation, solid cancers",0.06521739130434781
733,"transgene expression, metabolite production, study illustrates, precise genome",0.04565217391304348
733,"web science core, mean sd age, research hotspots, 28 day mortality",0.0
734,"bla ctx, spectrum lactamase esbl, sequence types sts, coli isolates",0.0
734,"details use execution, myosin motors, nascent chain, origin life",0.5217391304347826
734,"editorial emerging, author correction, g2 phase, model pd",0.002173913043478261
734,"fetal liver, stalled replication forks, pulmonary vascular, chromatin state",0.034782608695652174
734,"recent findings recent, cell multi omics, complex microbial, crispr cas based",0.0
734,"related morbidity, stage diagnosis, combination strategies, clinical intervention",0.34782608695652173
734,"role intercellular communication, testicular torsion, nanoparticle tracking analysis, mir 21 5p",0.0
734,"therapeutic strategies including, exosomes emerging, epigenetic modulation, solid cancers",0.05434782608695652
734,"transgene expression, metabolite production, study illustrates, precise genome",0.0391304347826087
734,"web science core, mean sd age, research hotspots, 28 day mortality",0.0
735,"bla ctx, spectrum lactamase esbl, sequence types sts, coli isolates",0.0
735,"details use execution, myosin motors, nascent chain, origin life",0.30434782608695654
735,"editorial emerging, author correction, g2 phase, model pd",0.01956521739130435
735,"fetal liver, stalled replication forks, pulmonary vascular, chromatin state",0.07826086956521738
735,"recent findings recent, cell multi omics, complex microbial, crispr cas based",0.0
735,"related morbidity, stage diagnosis, combination strategies, clinical intervention",0.4478260869565217
735,"role intercellular communication, testicular torsion, nanoparticle tracking analysis, mir 21 5p",0.0
735,"therapeutic strategies including, exosomes emerging, epigenetic modulation, solid cancers",0.0782608695652174
735,"transgene expression, metabolite production, study illustrates, precise genome",0.07173913043478261
735,"web science core, mean sd age, research hotspots, 28 day mortality",0.0
736,"bla ctx, spectrum lactamase esbl, sequence types sts, coli isolates",0.0
736,"details use execution, myosin motors, nascent chain, origin life",0.30434782608695654
736,"editorial emerging, author correction, g2 phase, model pd",0.01956521739130435
736,"fetal liver, stalled replication forks, pulmonary vascular, chromatin state",0.07173913043478261
736,"recent findings recent, cell multi omics, complex microbial, crispr cas based",0.0
736,"related morbidity, stage diagnosis, combination strategies, clinical intervention",0.5043478260869564
736,"role intercellular communication, testicular torsion, nanoparticle tracking analysis, mir 21 5p",0.0
736,"therapeutic strategies including, exosomes emerging, epigenetic modulation, solid cancers",0.01956521739130435
736,"transgene expression, metabolite production, study illustrates, precise genome",0.08043478260869566
736,"web science core, mean sd age, research hotspots, 28 day mortality",0.0
737,"bla ctx, spectrum lactamase esbl, sequence types sts, coli isolates",0.0
737,"details use execution, myosin motors, nascent chain, origin life",0.21739130434782608
737,"editorial emerging, author correction, g2 phase, model pd",0.0
737,"fetal liver, stalled replication forks, pulmonary vascular, chromatin state",0.08043478260869566
737,"recent findings recent, cell multi omics, complex microbial, crispr cas based",0.0
737,"related morbidity, stage diagnosis, combination strategies, clinical intervention",0.6369565217391304
737,"role intercellular communication, testicular torsion, nanoparticle tracking analysis, mir 21 5p",0.0
737,"therapeutic strategies including, exosomes emerging, epigenetic modulation, solid cancers",0.01956521739130435
737,"transgene expression, metabolite production, study illustrates, precise genome",0.04565217391304348
737,"web science core, mean sd age, research hotspots, 28 day mortality",0.0
738,"bla ctx, spectrum lactamase esbl, sequence types sts, coli isolates",0.0
738,"details use execution, myosin motors, nascent chain, origin life",0.43478260869565216
738,"editorial emerging, author correction, g2 phase, model pd",0.0
738,"fetal liver, stalled replication forks, pulmonary vascular, chromatin state",0.04565217391304348
738,"recent findings recent, cell multi omics, complex microbial, crispr cas based",0.0
738,"related morbidity, stage diagnosis, combination strategies, clinical intervention",0.43043478260869567
738,"role intercellular communication, testicular torsion, nanoparticle tracking analysis, mir 21 5p",0.0
738,"therapeutic strategies including, exosomes emerging, epigenetic modulation, solid cancers",0.04782608695652174
738,"transgene expression, metabolite production, study illustrates, precise genome",0.04130434782608696
738,"web science core, mean sd age, research hotspots, 28 day mortality",0.0
739,"bla ctx, spectrum lactamase esbl, sequence types sts, coli isolates",0.0
739,"details use execution, myosin motors, nascent chain, origin life",0.2608695652173913
739,"editorial emerging, author correction, g2 phase, model pd",0.01956521739130435
739,"fetal liver, stalled replication forks, pulmonary vascular, chromatin state",0.05434782608695652
739,"recent findings recent, cell multi omics, complex microbial, crispr cas based",0.0
739,"related morbidity, stage diagnosis, combination strategies, clinical intervention",0.523913043478261
739,"role intercellular communication, testicular torsion, nanoparticle tracking analysis, mir 21 5p",0.0
739,"therapeutic strategies including, exosomes emerging, epigenetic modulation, solid cancers",0.06521739130434782
739,"transgene expression, metabolite production, study illustrates, precise genome",0.07608695652173914
739,"web science core, mean sd age, research hotspots, 28 day mortality",0.0
740,"bla ctx, spectrum lactamase esbl, sequence types sts, coli isolates",0.0
740,"details use execution, myosin motors, nascent chain, origin life",0.30434782608695654
740,"editorial emerging, author correction, g2 phase, model pd",0.002173913043478261
740,"fetal liver, stalled replication forks, pulmonary vascular, chromatin state",0.06086956521739132
740,"recent findings recent, cell multi omics, complex microbial, crispr cas based",0.0
740,"related morbidity, stage diagnosis, combination strategies, clinical intervention",0.5239130434782608
740,"role intercellular communication, testicular torsion, nanoparticle tracking analysis, mir 21 5p",0.0
740,"therapeutic strategies including, exosomes emerging, epigenetic modulation, solid cancers",0.04782608695652174
740,"transgene expression, metabolite production, study illustrates, precise genome",0.06086956521739131
740,"web science core, mean sd age, research hotspots, 28 day mortality",0.0
741,"bla ctx, spectrum lactamase esbl, sequence types sts, coli isolates",0.0
741,"details use execution, myosin motors, nascent chain, origin life",0.30434782608695654
741,"editorial emerging, author correction, g2 phase, model pd",0.0
741,"fetal liver, stalled replication forks, pulmonary vascular, chromatin state",0.09347826086956522
741,"recent findings recent, cell multi omics, complex microbial, crispr cas based",0.0
741,"related morbidity, stage diagnosis, combination strategies, clinical intervention",0.5043478260869566
741,"role intercellular communication, testicular torsion, nanoparticle tracking analysis, mir 21 5p",0.0
741,"therapeutic strategies including, exosomes emerging, epigenetic modulation, solid cancers",0.03695652173913044
741,"transgene expression, metabolite production, study illustrates, precise genome",0.06086956521739131
741,"web science core, mean sd age, research hotspots, 28 day mortality",0.0
742,"bla ctx, spectrum lactamase esbl, sequence types sts, coli isolates",0.0
742,"details use execution, myosin motors, nascent chain, origin life",0.43478260869565216
742,"editorial emerging, author correction, g2 phase, model pd",0.002173913043478261
742,"fetal liver, stalled replication forks, pulmonary vascular, chromatin state",0.05217391304347826
742,"recent findings recent, cell multi omics, complex microbial, crispr cas based",0.0
742,"related morbidity, stage diagnosis, combination strategies, clinical intervention",0.40217391304347827
742,"role intercellular communication, testicular torsion, nanoparticle tracking analysis, mir 21 5p",0.0
742,"therapeutic strategies including, exosomes emerging, epigenetic modulation, solid cancers",0.05869565217391304
742,"transgene expression, metabolite production, study illustrates, precise genome",0.05
742,"web science core, mean sd age, research hotspots, 28 day mortality",0.0
743,"bla ctx, spectrum lactamase esbl, sequence types sts, coli isolates",0.0
743,"details use execution, myosin motors, nascent chain, origin life",0.30434782608695654
743,"editorial emerging, author correction, g2 phase, model pd",0.01956521739130435
743,"fetal liver, stalled replication forks, pulmonary vascular, chromatin state",0.058695652173913045
743,"recent findings recent, cell multi omics, complex microbial, crispr cas based",0.0
743,"related morbidity, stage diagnosis, combination strategies, clinical intervention",0.5043478260869565
743,"role intercellular communication, testicular torsion, nanoparticle tracking analysis, mir 21 5p",0.0
743,"therapeutic strategies including, exosomes emerging, epigenetic modulation, solid cancers",0.06739130434782609
743,"transgene expression, metabolite production, study illustrates, precise genome",0.04565217391304348
743,"web science core, mean sd age, research hotspots, 28 day mortality",0.0
744,"bla ctx, spectrum lactamase esbl, sequence types sts, coli isolates",0.0
744,"details use execution, myosin motors, nascent chain, origin life",0.43478260869565216
744,"editorial emerging, author correction, g2 phase, model pd",0.021739130434782608
744,"fetal liver, stalled replication forks, pulmonary vascular, chromatin state",0.09130434782608696
744,"recent findings recent, cell multi omics, complex microbial, crispr cas based",0.0
744,"related morbidity, stage diagnosis, combination strategies, clinical intervention",0.3456521739130435
744,"role intercellular communication, testicular torsion, nanoparticle tracking analysis, mir 21 5p",0.0
744,"therapeutic strategies including, exosomes emerging, epigenetic modulation, solid cancers",0.05217391304347827
744,"transgene expression, metabolite production, study illustrates, precise genome",0.05434782608695652
744,"web science core, mean sd age, research hotspots, 28 day mortality",0.0
745,"bla ctx, spectrum lactamase esbl, sequence types sts, coli isolates",0.0
745,"details use execution, myosin motors, nascent chain, origin life",0.30434782608695654
745,"editorial emerging, author correction, g2 phase, model pd",0.021739130434782608
745,"fetal liver, stalled replication forks, pulmonary vascular, chromatin state",0.04565217391304348
745,"recent findings recent, cell multi omics, complex microbial, crispr cas based",0.0
745,"related morbidity, stage diagnosis, combination strategies, clinical intervention",0.55
745,"role intercellular communication, testicular torsion, nanoparticle tracking analysis, mir 21 5p",0.0
745,"therapeutic strategies including, exosomes emerging, epigenetic modulation, solid cancers",0.01956521739130435
745,"transgene expression, metabolite production, study illustrates, precise genome",0.05869565217391304
745,"web science core, mean sd age, research hotspots, 28 day mortality",0.0
746,"bla ctx, spectrum lactamase esbl, sequence types sts, coli isolates",0.0
746,"details use execution, myosin motors, nascent chain, origin life",0.21739130434782608
746,"editorial emerging, author correction, g2 phase, model pd",0.01956521739130435
746,"fetal liver, stalled replication forks, pulmonary vascular, chromatin state",0.09130434782608694
746,"recent findings recent, cell multi omics, complex microbial, crispr cas based",0.0
746,"related morbidity, stage diagnosis, combination strategies, clinical intervention",0.5543478260869564
746,"role intercellular communication, testicular torsion, nanoparticle tracking analysis, mir 21 5p",0.0
746,"therapeutic strategies including, exosomes emerging, epigenetic modulation, solid cancers",0.0391304347826087
746,"transgene expression, metabolite production, study illustrates, precise genome",0.0782608695652174
746,"web science core, mean sd age, research hotspots, 28 day mortality",0.0
747,"bla ctx, spectrum lactamase esbl, sequence types sts, coli isolates",0.0
747,"details use execution, myosin motors, nascent chain, origin life",0.34782608695652173
747,"editorial emerging, author correction, g2 phase, model pd",0.0
747,"fetal liver, stalled replication forks, pulmonary vascular, chromatin state",0.06304347826086958
747,"recent findings recent, cell multi omics, complex microbial, crispr cas based",0.0
747,"related morbidity, stage diagnosis, combination strategies, clinical intervention",0.4673913043478261
747,"role intercellular communication, testicular torsion, nanoparticle tracking analysis, mir 21 5p",0.0
747,"therapeutic strategies including, exosomes emerging, epigenetic modulation, solid cancers",0.06086956521739131
747,"transgene expression, metabolite production, study illustrates, precise genome",0.06086956521739131
747,"web science core, mean sd age, research hotspots, 28 day mortality",0.0
748,"bla ctx, spectrum lactamase esbl, sequence types sts, coli isolates",0.0
748,"details use execution, myosin motors, nascent chain, origin life",0.34782608695652173
748,"editorial emerging, author correction, g2 phase, model pd",0.0
748,"fetal liver, stalled replication forks, pulmonary vascular, chromatin state",0.07391304347826087
748,"recent findings recent, cell multi omics, complex microbial, crispr cas based",0.0
748,"related morbidity, stage diagnosis, combination strategies, clinical intervention",0.4347826086956521
748,"role intercellular communication, testicular torsion, nanoparticle tracking analysis, mir 21 5p",0.0
748,"therapeutic strategies including, exosomes emerging, epigenetic modulation, solid cancers",0.08260869565217392
748,"transgene expression, metabolite production, study illustrates, precise genome",0.06086956521739131
748,"web science core, mean sd age, research hotspots, 28 day mortality",0.0
749,"bla ctx, spectrum lactamase esbl, sequence types sts, coli isolates",0.0
749,"details use execution, myosin motors, nascent chain, origin life",0.391304347826087
749,"editorial emerging, author correction, g2 phase, model pd",0.0
749,"fetal liver, stalled replication forks, pulmonary vascular, chromatin state",0.02608695652173913
749,"recent findings recent, cell multi omics, complex microbial, crispr cas based",0.0
749,"related morbidity, stage diagnosis, combination strategies, clinical intervention",0.5304347826086956
749,"role intercellular communication, testicular torsion, nanoparticle tracking analysis, mir 21 5p",0.0
749,"therapeutic strategies including, exosomes emerging, epigenetic modulation, solid cancers",0.03695652173913044
749,"transgene expression, metabolite production, study illustrates, precise genome",0.015217391304347825
749,"web science core, mean sd age, research hotspots, 28 day mortality",0.0
750,"bla ctx, spectrum lactamase esbl, sequence types sts, coli isolates",0.0
750,"details use execution, myosin motors, nascent chain, origin life",0.30434782608695654
750,"editorial emerging, author correction, g2 phase, model pd",0.0
750,"fetal liver, stalled replication forks, pulmonary vascular, chromatin state",0.11739130434782608
750,"recent findings recent, cell multi omics, complex microbial, crispr cas based",0.0
750,"related morbidity, stage diagnosis, combination strategies, clinical intervention",0.4847826086956522
750,"role intercellular communication, testicular torsion, nanoparticle tracking analysis, mir 21 5p",0.0
750,"therapeutic strategies including, exosomes emerging, epigenetic modulation, solid cancers",0.013043478260869568
750,"transgene expression, metabolite production, study illustrates, precise genome",0.08043478260869566
750,"web science core, mean sd age, research hotspots, 28 day mortality",0.0
751,"bla ctx, spectrum lactamase esbl, sequence types sts, coli isolates",0.0
751,"details use execution, myosin motors, nascent chain, origin life",0.2608695652173913
751,"editorial emerging, author correction, g2 phase, model pd",0.0
751,"fetal liver, stalled replication forks, pulmonary vascular, chromatin state",0.058695652173913045
751,"recent findings recent, cell multi omics, complex microbial, crispr cas based",0.0
751,"related morbidity, stage diagnosis, combination strategies, clinical intervention",0.5804347826086956
751,"role intercellular communication, testicular torsion, nanoparticle tracking analysis, mir 21 5p",0.0
751,"therapeutic strategies including, exosomes emerging, epigenetic modulation, solid cancers",0.07608695652173914
751,"transgene expression, metabolite production, study illustrates, precise genome",0.02391304347826087
751,"web science core, mean sd age, research hotspots, 28 day mortality",0.0
752,"bla ctx, spectrum lactamase esbl, sequence types sts, coli isolates",0.0
752,"details use execution, myosin motors, nascent chain, origin life",0.34782608695652173
752,"editorial emerging, author correction, g2 phase, model pd",0.0
752,"fetal liver, stalled replication forks, pulmonary vascular, chromatin state",0.030434782608695653
752,"recent findings recent, cell multi omics, complex microbial, crispr cas based",0.0
752,"related morbidity, stage diagnosis, combination strategies, clinical intervention",0.49999999999999994
752,"role intercellular communication, testicular torsion, nanoparticle tracking analysis, mir 21 5p",0.0
752,"therapeutic strategies including, exosomes emerging, epigenetic modulation, solid cancers",0.08260869565217391
752,"transgene expression, metabolite production, study illustrates, precise genome",0.0391304347826087
752,"web science core, mean sd age, research hotspots, 28 day mortality",0.0
753,"bla ctx, spectrum lactamase esbl, sequence types sts, coli isolates",0.0
753,"details use execution, myosin motors, nascent chain, origin life",0.34782608695652173
753,"editorial emerging, author correction, g2 phase, model pd",0.0
753,"fetal liver, stalled replication forks, pulmonary vascular, chromatin state",0.08913043478260871
753,"recent findings recent, cell multi omics, complex microbial, crispr cas based",0.0
753,"related morbidity, stage diagnosis, combination strategies, clinical intervention",0.4739130434782608
753,"role intercellular communication, testicular torsion, nanoparticle tracking analysis, mir 21 5p",0.0
753,"therapeutic strategies including, exosomes emerging, epigenetic modulation, solid cancers",0.03043478260869565
753,"transgene expression, metabolite production, study illustrates, precise genome",0.058695652173913045
753,"web science core, mean sd age, research hotspots, 28 day mortality",0.0
754,"bla ctx, spectrum lactamase esbl, sequence types sts, coli isolates",0.0
754,"details use execution, myosin motors, nascent chain, origin life",0.2608695652173913
754,"editorial emerging, author correction, g2 phase, model pd",0.0
754,"fetal liver, stalled replication forks, pulmonary vascular, chromatin state",0.08695652173913043
754,"recent findings recent, cell multi omics, complex microbial, crispr cas based",0.0
754,"related morbidity, stage diagnosis, combination strategies, clinical intervention",0.558695652173913
754,"role intercellular communication, testicular torsion, nanoparticle tracking analysis, mir 21 5p",0.0
754,"therapeutic strategies including, exosomes emerging, epigenetic modulation, solid cancers",0.03260869565217391
754,"transgene expression, metabolite production, study illustrates, precise genome",0.06086956521739131
754,"web science core, mean sd age, research hotspots, 28 day mortality",0.0
755,"bla ctx, spectrum lactamase esbl, sequence types sts, coli isolates",0.0
755,"details use execution, myosin motors, nascent chain, origin life",0.391304347826087
755,"editorial emerging, author correction, g2 phase, model pd",0.01956521739130435
755,"fetal liver, stalled replication forks, pulmonary vascular, chromatin state",0.09782608695652174
755,"recent findings recent, cell multi omics, complex microbial, crispr cas based",0.0
755,"related morbidity, stage diagnosis, combination strategies, clinical intervention",0.391304347826087
755,"role intercellular communication, testicular torsion, nanoparticle tracking analysis, mir 21 5p",0.0
755,"therapeutic strategies including, exosomes emerging, epigenetic modulation, solid cancers",0.008695652173913044
755,"transgene expression, metabolite production, study illustrates, precise genome",0.09130434782608694
755,"web science core, mean sd age, research hotspots, 28 day mortality",0.0
756,"bla ctx, spectrum lactamase esbl, sequence types sts, coli isolates",0.0
756,"details use execution, myosin motors, nascent chain, origin life",0.391304347826087
756,"editorial emerging, author correction, g2 phase, model pd",0.0
756,"fetal liver, stalled replication forks, pulmonary vascular, chromatin state",0.08043478260869566
756,"recent findings recent, cell multi omics, complex microbial, crispr cas based",0.0
756,"related morbidity, stage diagnosis, combination strategies, clinical intervention",0.45217391304347826
756,"role intercellular communication, testicular torsion, nanoparticle tracking analysis, mir 21 5p",0.0
756,"therapeutic strategies including, exosomes emerging, epigenetic modulation, solid cancers",0.026086956521739136
756,"transgene expression, metabolite production, study illustrates, precise genome",0.05
756,"web science core, mean sd age, research hotspots, 28 day mortality",0.0
757,"bla ctx, spectrum lactamase esbl, sequence types sts, coli isolates",0.0
757,"details use execution, myosin motors, nascent chain, origin life",0.34782608695652173
757,"editorial emerging, author correction, g2 phase, model pd",0.0
757,"fetal liver, stalled replication forks, pulmonary vascular, chromatin state",0.09130434782608696
757,"recent findings recent, cell multi omics, complex microbial, crispr cas based",0.0
757,"related morbidity, stage diagnosis, combination strategies, clinical intervention",0.44565217391304346
757,"role intercellular communication, testicular torsion, nanoparticle tracking analysis, mir 21 5p",0.0
757,"therapeutic strategies including, exosomes emerging, epigenetic modulation, solid cancers",0.05652173913043478
757,"transgene expression, metabolite production, study illustrates, precise genome",0.058695652173913045
757,"web science core, mean sd age, research hotspots, 28 day mortality",0.0
758,"bla ctx, spectrum lactamase esbl, sequence types sts, coli isolates",0.0
758,"details use execution, myosin motors, nascent chain, origin life",0.391304347826087
758,"editorial emerging, author correction, g2 phase, model pd",0.021739130434782608
758,"fetal liver, stalled replication forks, pulmonary vascular, chromatin state",0.06521739130434782
758,"recent findings recent, cell multi omics, complex microbial, crispr cas based",0.0
758,"related morbidity, stage diagnosis, combination strategies, clinical intervention",0.4478260869565217
758,"role intercellular communication, testicular torsion, nanoparticle tracking analysis, mir 21 5p",0.0
758,"therapeutic strategies including, exosomes emerging, epigenetic modulation, solid cancers",0.008695652173913044
758,"transgene expression, metabolite production, study illustrates, precise genome",0.06521739130434782
758,"web science core, mean sd age, research hotspots, 28 day mortality",0.0
759,"bla ctx, spectrum lactamase esbl, sequence types sts, coli isolates",0.0
759,"details use execution, myosin motors, nascent chain, origin life",0.34782608695652173
759,"editorial emerging, author correction, g2 phase, model pd",0.01956521739130435
759,"fetal liver, stalled replication forks, pulmonary vascular, chromatin state",0.08043478260869565
759,"recent findings recent, cell multi omics, complex microbial, crispr cas based",0.0
759,"related morbidity, stage diagnosis, combination strategies, clinical intervention",0.4434782608695652
759,"role intercellular communication, testicular torsion, nanoparticle tracking analysis, mir 21 5p",0.0
759,"therapeutic strategies including, exosomes emerging, epigenetic modulation, solid cancers",0.049999999999999996
759,"transgene expression, metabolite production, study illustrates, precise genome",0.058695652173913045
759,"web science core, mean sd age, research hotspots, 28 day mortality",0.0
760,"bla ctx, spectrum lactamase esbl, sequence types sts, coli isolates",0.0
760,"details use execution, myosin motors, nascent chain, origin life",0.43478260869565216
760,"editorial emerging, author correction, g2 phase, model pd",0.0
760,"fetal liver, stalled replication forks, pulmonary vascular, chromatin state",0.01956521739130435
760,"recent findings recent, cell multi omics, complex microbial, crispr cas based",0.0
760,"related morbidity, stage diagnosis, combination strategies, clinical intervention",0.4913043478260869
760,"role intercellular communication, testicular torsion, nanoparticle tracking analysis, mir 21 5p",0.0
760,"therapeutic strategies including, exosomes emerging, epigenetic modulation, solid cancers",0.03695652173913044
760,"transgene expression, metabolite production, study illustrates, precise genome",0.017391304347826087
760,"web science core, mean sd age, research hotspots, 28 day mortality",0.0
761,"bla ctx, spectrum lactamase esbl, sequence types sts, coli isolates",0.0
761,"details use execution, myosin motors, nascent chain, origin life",0.391304347826087
761,"editorial emerging, author correction, g2 phase, model pd",0.0
761,"fetal liver, stalled replication forks, pulmonary vascular, chromatin state",0.04565217391304348
761,"recent findings recent, cell multi omics, complex microbial, crispr cas based",0.0
761,"related morbidity, stage diagnosis, combination strategies, clinical intervention",0.44782608695652176
761,"role intercellular communication, testicular torsion, nanoparticle tracking analysis, mir 21 5p",0.0
761,"therapeutic strategies including, exosomes emerging, epigenetic modulation, solid cancers",0.058695652173913045
761,"transgene expression, metabolite production, study illustrates, precise genome",0.05652173913043478
761,"web science core, mean sd age, research hotspots, 28 day mortality",0.0
762,"bla ctx, spectrum lactamase esbl, sequence types sts, coli isolates",0.0
762,"details use execution, myosin motors, nascent chain, origin life",0.30434782608695654
762,"editorial emerging, author correction, g2 phase, model pd",0.021739130434782608
762,"fetal liver, stalled replication forks, pulmonary vascular, chromatin state",0.08260869565217391
762,"recent findings recent, cell multi omics, complex microbial, crispr cas based",0.0
762,"related morbidity, stage diagnosis, combination strategies, clinical intervention",0.5217391304347826
762,"role intercellular communication, testicular torsion, nanoparticle tracking analysis, mir 21 5p",0.0
762,"therapeutic strategies including, exosomes emerging, epigenetic modulation, solid cancers",0.01956521739130435
762,"transgene expression, metabolite production, study illustrates, precise genome",0.05
762,"web science core, mean sd age, research hotspots, 28 day mortality",0.0
763,"bla ctx, spectrum lactamase esbl, sequence types sts, coli isolates",0.0
763,"details use execution, myosin motors, nascent chain, origin life",0.30434782608695654
763,"editorial emerging, author correction, g2 phase, model pd",0.01956521739130435
763,"fetal liver, stalled replication forks, pulmonary vascular, chromatin state",0.034782608695652174
763,"recent findings recent, cell multi omics, complex microbial, crispr cas based",0.0
763,"related morbidity, stage diagnosis, combination strategies, clinical intervention",0.5282608695652175
763,"role intercellular communication, testicular torsion, nanoparticle tracking analysis, mir 21 5p",0.0
763,"therapeutic strategies including, exosomes emerging, epigenetic modulation, solid cancers",0.07173913043478261
763,"transgene expression, metabolite production, study illustrates, precise genome",0.041304347826086954
763,"web science core, mean sd age, research hotspots, 28 day mortality",0.0
764,"bla ctx, spectrum lactamase esbl, sequence types sts, coli isolates",0.0
764,"details use execution, myosin motors, nascent chain, origin life",0.391304347826087
764,"editorial emerging, author correction, g2 phase, model pd",0.0
764,"fetal liver, stalled replication forks, pulmonary vascular, chromatin state",0.06304347826086958
764,"recent findings recent, cell multi omics, complex microbial, crispr cas based",0.0
764,"related morbidity, stage diagnosis, combination strategies, clinical intervention",0.4869565217391304
764,"role intercellular communication, testicular torsion, nanoparticle tracking analysis, mir 21 5p",0.0
764,"therapeutic strategies including, exosomes emerging, epigenetic modulation, solid cancers",0.017391304347826087
764,"transgene expression, metabolite production, study illustrates, precise genome",0.04130434782608696
764,"web science core, mean sd age, research hotspots, 28 day mortality",0.0
765,"bla ctx, spectrum lactamase esbl, sequence types sts, coli isolates",0.0
765,"details use execution, myosin motors, nascent chain, origin life",0.2608695652173913
765,"editorial emerging, author correction, g2 phase, model pd",0.021739130434782608
765,"fetal liver, stalled replication forks, pulmonary vascular, chromatin state",0.09565217391304348
765,"recent findings recent, cell multi omics, complex microbial, crispr cas based",0.0
765,"related morbidity, stage diagnosis, combination strategies, clinical intervention",0.4782608695652174
765,"role intercellular communication, testicular torsion, nanoparticle tracking analysis, mir 21 5p",0.0
765,"therapeutic strategies including, exosomes emerging, epigenetic modulation, solid cancers",0.05652173913043478
765,"transgene expression, metabolite production, study illustrates, precise genome",0.08695652173913043
765,"web science core, mean sd age, research hotspots, 28 day mortality",0.0
766,"bla ctx, spectrum lactamase esbl, sequence types sts, coli isolates",0.0
766,"details use execution, myosin motors, nascent chain, origin life",0.391304347826087
766,"editorial emerging, author correction, g2 phase, model pd",0.01956521739130435
766,"fetal liver, stalled replication forks, pulmonary vascular, chromatin state",0.043478260869565216
766,"recent findings recent, cell multi omics, complex microbial, crispr cas based",0.0
766,"related morbidity, stage diagnosis, combination strategies, clinical intervention",0.4869565217391304
766,"role intercellular communication, testicular torsion, nanoparticle tracking analysis, mir 21 5p",0.0
766,"therapeutic strategies including, exosomes emerging, epigenetic modulation, solid cancers",0.017391304347826087
766,"transgene expression, metabolite production, study illustrates, precise genome",0.04130434782608696
766,"web science core, mean sd age, research hotspots, 28 day mortality",0.0
767,"bla ctx, spectrum lactamase esbl, sequence types sts, coli isolates",0.0
767,"details use execution, myosin motors, nascent chain, origin life",0.30434782608695654
767,"editorial emerging, author correction, g2 phase, model pd",0.0
767,"fetal liver, stalled replication forks, pulmonary vascular, chromatin state",0.10869565217391304
767,"recent findings recent, cell multi omics, complex microbial, crispr cas based",0.0
767,"related morbidity, stage diagnosis, combination strategies, clinical intervention",0.44347826086956527
767,"role intercellular communication, testicular torsion, nanoparticle tracking analysis, mir 21 5p",0.0
767,"therapeutic strategies including, exosomes emerging, epigenetic modulation, solid cancers",0.06521739130434782
767,"transgene expression, metabolite production, study illustrates, precise genome",0.0782608695652174
767,"web science core, mean sd age, research hotspots, 28 day mortality",0.0
768,"bla ctx, spectrum lactamase esbl, sequence types sts, coli isolates",0.0
768,"details use execution, myosin motors, nascent chain, origin life",0.2608695652173913
768,"editorial emerging, author correction, g2 phase, model pd",0.0
768,"fetal liver, stalled replication forks, pulmonary vascular, chromatin state",0.06739130434782609
768,"recent findings recent, cell multi omics, complex microbial, crispr cas based",0.0
768,"related morbidity, stage diagnosis, combination strategies, clinical intervention",0.5608695652173913
768,"role intercellular communication, testicular torsion, nanoparticle tracking analysis, mir 21 5p",0.0
768,"therapeutic strategies including, exosomes emerging, epigenetic modulation, solid cancers",0.06304347826086958
768,"transgene expression, metabolite production, study illustrates, precise genome",0.047826086956521734
768,"web science core, mean sd age, research hotspots, 28 day mortality",0.0
769,"bla ctx, spectrum lactamase esbl, sequence types sts, coli isolates",0.0
769,"details use execution, myosin motors, nascent chain, origin life",0.34782608695652173
769,"editorial emerging, author correction, g2 phase, model pd",0.002173913043478261
769,"fetal liver, stalled replication forks, pulmonary vascular, chromatin state",0.08260869565217391
769,"recent findings recent, cell multi omics, complex microbial, crispr cas based",0.0
769,"related morbidity, stage diagnosis, combination strategies, clinical intervention",0.4717391304347826
769,"role intercellular communication, testicular torsion, nanoparticle tracking analysis, mir 21 5p",0.0
769,"therapeutic strategies including, exosomes emerging, epigenetic modulation, solid cancers",0.017391304347826087
769,"transgene expression, metabolite production, study illustrates, precise genome",0.07826086956521738
769,"web science core, mean sd age, research hotspots, 28 day mortality",0.0
770,"bla ctx, spectrum lactamase esbl, sequence types sts, coli isolates",0.0
770,"details use execution, myosin motors, nascent chain, origin life",0.391304347826087
770,"editorial emerging, author correction, g2 phase, model pd",0.01956521739130435
770,"fetal liver, stalled replication forks, pulmonary vascular, chromatin state",0.07391304347826086
770,"recent findings recent, cell multi omics, complex microbial, crispr cas based",0.0
770,"related morbidity, stage diagnosis, combination strategies, clinical intervention",0.42173913043478256
770,"role intercellular communication, testicular torsion, nanoparticle tracking analysis, mir 21 5p",0.0
770,"therapeutic strategies including, exosomes emerging, epigenetic modulation, solid cancers",0.03260869565217391
770,"transgene expression, metabolite production, study illustrates, precise genome",0.06086956521739131
770,"web science core, mean sd age, research hotspots, 28 day mortality",0.0
771,"bla ctx, spectrum lactamase esbl, sequence types sts, coli isolates",0.0
771,"details use execution, myosin motors, nascent chain, origin life",0.4782608695652174
771,"editorial emerging, author correction, g2 phase, model pd",0.0
771,"fetal liver, stalled replication forks, pulmonary vascular, chromatin state",0.03260869565217391
771,"recent findings recent, cell multi omics, complex microbial, crispr cas based",0.0
771,"related morbidity, stage diagnosis, combination strategies, clinical intervention",0.42608695652173906
771,"role intercellular communication, testicular torsion, nanoparticle tracking analysis, mir 21 5p",0.0
771,"therapeutic strategies including, exosomes emerging, epigenetic modulation, solid cancers",0.026086956521739136
771,"transgene expression, metabolite production, study illustrates, precise genome",0.03695652173913044
771,"web science core, mean sd age, research hotspots, 28 day mortality",0.0
772,"bla ctx, spectrum lactamase esbl, sequence types sts, coli isolates",0.0
772,"details use execution, myosin motors, nascent chain, origin life",0.30434782608695654
772,"editorial emerging, author correction, g2 phase, model pd",0.0
772,"fetal liver, stalled replication forks, pulmonary vascular, chromatin state",0.058695652173913045
772,"recent findings recent, cell multi omics, complex microbial, crispr cas based",0.0
772,"related morbidity, stage diagnosis, combination strategies, clinical intervention",0.5347826086956521
772,"role intercellular communication, testicular torsion, nanoparticle tracking analysis, mir 21 5p",0.0
772,"therapeutic strategies including, exosomes emerging, epigenetic modulation, solid cancers",0.07608695652173914
772,"transgene expression, metabolite production, study illustrates, precise genome",0.02608695652173913
772,"web science core, mean sd age, research hotspots, 28 day mortality",0.0
773,"bla ctx, spectrum lactamase esbl, sequence types sts, coli isolates",0.0
773,"details use execution, myosin motors, nascent chain, origin life",0.391304347826087
773,"editorial emerging, author correction, g2 phase, model pd",0.01956521739130435
773,"fetal liver, stalled replication forks, pulmonary vascular, chromatin state",0.058695652173913045
773,"recent findings recent, cell multi omics, complex microbial, crispr cas based",0.0
773,"related morbidity, stage diagnosis, combination strategies, clinical intervention",0.43478260869565216
773,"role intercellular communication, testicular torsion, nanoparticle tracking analysis, mir 21 5p",0.0
773,"therapeutic strategies including, exosomes emerging, epigenetic modulation, solid cancers",0.049999999999999996
773,"transgene expression, metabolite production, study illustrates, precise genome",0.04565217391304348
773,"web science core, mean sd age, research hotspots, 28 day mortality",0.0
774,"bla ctx, spectrum lactamase esbl, sequence types sts, coli isolates",0.0
774,"details use execution, myosin motors, nascent chain, origin life",0.391304347826087
774,"editorial emerging, author correction, g2 phase, model pd",0.002173913043478261
774,"fetal liver, stalled replication forks, pulmonary vascular, chromatin state",0.06521739130434782
774,"recent findings recent, cell multi omics, complex microbial, crispr cas based",0.0
774,"related morbidity, stage diagnosis, combination strategies, clinical intervention",0.43478260869565216
774,"role intercellular communication, testicular torsion, nanoparticle tracking analysis, mir 21 5p",0.0
774,"therapeutic strategies including, exosomes emerging, epigenetic modulation, solid cancers",0.07608695652173914
774,"transgene expression, metabolite production, study illustrates, precise genome",0.030434782608695653
774,"web science core, mean sd age, research hotspots, 28 day mortality",0.0
775,"bla ctx, spectrum lactamase esbl, sequence types sts, coli isolates",0.0
775,"details use execution, myosin motors, nascent chain, origin life",0.30434782608695654
775,"editorial emerging, author correction, g2 phase, model pd",0.01956521739130435
775,"fetal liver, stalled replication forks, pulmonary vascular, chromatin state",0.043478260869565216
775,"recent findings recent, cell multi omics, complex microbial, crispr cas based",0.0
775,"related morbidity, stage diagnosis, combination strategies, clinical intervention",0.5391304347826086
775,"role intercellular communication, testicular torsion, nanoparticle tracking analysis, mir 21 5p",0.0
775,"therapeutic strategies including, exosomes emerging, epigenetic modulation, solid cancers",0.05217391304347826
775,"transgene expression, metabolite production, study illustrates, precise genome",0.04130434782608696
775,"web science core, mean sd age, research hotspots, 28 day mortality",0.0
776,"bla ctx, spectrum lactamase esbl, sequence types sts, coli isolates",0.0
776,"details use execution, myosin motors, nascent chain, origin life",0.391304347826087
776,"editorial emerging, author correction, g2 phase, model pd",0.01956521739130435
776,"fetal liver, stalled replication forks, pulmonary vascular, chromatin state",0.06304347826086958
776,"recent findings recent, cell multi omics, complex microbial, crispr cas based",0.0
776,"related morbidity, stage diagnosis, combination strategies, clinical intervention",0.4108695652173914
776,"role intercellular communication, testicular torsion, nanoparticle tracking analysis, mir 21 5p",0.0
776,"therapeutic strategies including, exosomes emerging, epigenetic modulation, solid cancers",0.04565217391304348
776,"transgene expression, metabolite production, study illustrates, precise genome",0.06956521739130435
776,"web science core, mean sd age, research hotspots, 28 day mortality",0.0
777,"bla ctx, spectrum lactamase esbl, sequence types sts, coli isolates",0.0
777,"details use execution, myosin motors, nascent chain, origin life",0.2608695652173913
777,"editorial emerging, author correction, g2 phase, model pd",0.0
777,"fetal liver, stalled replication forks, pulmonary vascular, chromatin state",0.0608695652173913
777,"recent findings recent, cell multi omics, complex microbial, crispr cas based",0.0
777,"related morbidity, stage diagnosis, combination strategies, clinical intervention",0.6108695652173912
777,"role intercellular communication, testicular torsion, nanoparticle tracking analysis, mir 21 5p",0.0
777,"therapeutic strategies including, exosomes emerging, epigenetic modulation, solid cancers",0.04130434782608696
777,"transgene expression, metabolite production, study illustrates, precise genome",0.026086956521739136
777,"web science core, mean sd age, research hotspots, 28 day mortality",0.0
778,"bla ctx, spectrum lactamase esbl, sequence types sts, coli isolates",0.0
778,"details use execution, myosin motors, nascent chain, origin life",0.17391304347826086
778,"editorial emerging, author correction, g2 phase, model pd",0.01956521739130435
778,"fetal liver, stalled replication forks, pulmonary vascular, chromatin state",0.09130434782608694
778,"recent findings recent, cell multi omics, complex microbial, crispr cas based",0.0
778,"related morbidity, stage diagnosis, combination strategies, clinical intervention",0.5586956521739129
778,"role intercellular communication, testicular torsion, nanoparticle tracking analysis, mir 21 5p",0.0
778,"therapeutic strategies including, exosomes emerging, epigenetic modulation, solid cancers",0.07608695652173914
778,"transgene expression, metabolite production, study illustrates, precise genome",0.08043478260869566
778,"web science core, mean sd age, research hotspots, 28 day mortality",0.0
779,"bla ctx, spectrum lactamase esbl, sequence types sts, coli isolates",0.0
779,"details use execution, myosin motors, nascent chain, origin life",0.34782608695652173
779,"editorial emerging, author correction, g2 phase, model pd",0.0
779,"fetal liver, stalled replication forks, pulmonary vascular, chromatin state",0.06956521739130435
779,"recent findings recent, cell multi omics, complex microbial, crispr cas based",0.0
779,"related morbidity, stage diagnosis, combination strategies, clinical intervention",0.4847826086956522
779,"role intercellular communication, testicular torsion, nanoparticle tracking analysis, mir 21 5p",0.0
779,"therapeutic strategies including, exosomes emerging, epigenetic modulation, solid cancers",0.049999999999999996
779,"transgene expression, metabolite production, study illustrates, precise genome",0.04782608695652174
779,"web science core, mean sd age, research hotspots, 28 day mortality",0.0
780,"bla ctx, spectrum lactamase esbl, sequence types sts, coli isolates",0.0
780,"details use execution, myosin motors, nascent chain, origin life",0.391304347826087
780,"editorial emerging, author correction, g2 phase, model pd",0.0
780,"fetal liver, stalled replication forks, pulmonary vascular, chromatin state",0.06956521739130435
780,"recent findings recent, cell multi omics, complex microbial, crispr cas based",0.0
780,"related morbidity, stage diagnosis, combination strategies, clinical intervention",0.4739130434782609
780,"role intercellular communication, testicular torsion, nanoparticle tracking analysis, mir 21 5p",0.0
780,"therapeutic strategies including, exosomes emerging, epigenetic modulation, solid cancers",0.013043478260869568
780,"transgene expression, metabolite production, study illustrates, precise genome",0.05217391304347826
780,"web science core, mean sd age, research hotspots, 28 day mortality",0.0
781,"bla ctx, spectrum lactamase esbl, sequence types sts, coli isolates",0.0
781,"details use execution, myosin motors, nascent chain, origin life",0.30434782608695654
781,"editorial emerging, author correction, g2 phase, model pd",0.01956521739130435
781,"fetal liver, stalled replication forks, pulmonary vascular, chromatin state",0.09565217391304348
781,"recent findings recent, cell multi omics, complex microbial, crispr cas based",0.0
781,"related morbidity, stage diagnosis, combination strategies, clinical intervention",0.4869565217391304
781,"role intercellular communication, testicular torsion, nanoparticle tracking analysis, mir 21 5p",0.0
781,"therapeutic strategies including, exosomes emerging, epigenetic modulation, solid cancers",0.013043478260869565
781,"transgene expression, metabolite production, study illustrates, precise genome",0.08043478260869566
781,"web science core, mean sd age, research hotspots, 28 day mortality",0.0
782,"bla ctx, spectrum lactamase esbl, sequence types sts, coli isolates",0.0
782,"details use execution, myosin motors, nascent chain, origin life",0.43478260869565216
782,"editorial emerging, author correction, g2 phase, model pd",0.002173913043478261
782,"fetal liver, stalled replication forks, pulmonary vascular, chromatin state",0.05
782,"recent findings recent, cell multi omics, complex microbial, crispr cas based",0.0
782,"related morbidity, stage diagnosis, combination strategies, clinical intervention",0.40869565217391296
782,"role intercellular communication, testicular torsion, nanoparticle tracking analysis, mir 21 5p",0.0
782,"therapeutic strategies including, exosomes emerging, epigenetic modulation, solid cancers",0.06521739130434784
782,"transgene expression, metabolite production, study illustrates, precise genome",0.0391304347826087
782,"web science core, mean sd age, research hotspots, 28 day mortality",0.0
783,"bla ctx, spectrum lactamase esbl, sequence types sts, coli isolates",0.0
783,"details use execution, myosin motors, nascent chain, origin life",0.17391304347826086
783,"editorial emerging, author correction, g2 phase, model pd",0.021739130434782608
783,"fetal liver, stalled replication forks, pulmonary vascular, chromatin state",0.03478260869565218
783,"recent findings recent, cell multi omics, complex microbial, crispr cas based",0.0
783,"related morbidity, stage diagnosis, combination strategies, clinical intervention",0.6413043478260869
783,"role intercellular communication, testicular torsion, nanoparticle tracking analysis, mir 21 5p",0.0
783,"therapeutic strategies including, exosomes emerging, epigenetic modulation, solid cancers",0.06304347826086958
783,"transgene expression, metabolite production, study illustrates, precise genome",0.06521739130434784
783,"web science core, mean sd age, research hotspots, 28 day mortality",0.0
784,"bla ctx, spectrum lactamase esbl, sequence types sts, coli isolates",0.0
784,"details use execution, myosin motors, nascent chain, origin life",0.391304347826087
784,"editorial emerging, author correction, g2 phase, model pd",0.0
784,"fetal liver, stalled replication forks, pulmonary vascular, chromatin state",0.043478260869565216
784,"recent findings recent, cell multi omics, complex microbial, crispr cas based",0.0
784,"related morbidity, stage diagnosis, combination strategies, clinical intervention",0.47608695652173916
784,"role intercellular communication, testicular torsion, nanoparticle tracking analysis, mir 21 5p",0.0
784,"therapeutic strategies including, exosomes emerging, epigenetic modulation, solid cancers",0.04565217391304347
784,"transgene expression, metabolite production, study illustrates, precise genome",0.043478260869565216
784,"web science core, mean sd age, research hotspots, 28 day mortality",0.0
785,"bla ctx, spectrum lactamase esbl, sequence types sts, coli isolates",0.0
785,"details use execution, myosin motors, nascent chain, origin life",0.30434782608695654
785,"editorial emerging, author correction, g2 phase, model pd",0.01956521739130435
785,"fetal liver, stalled replication forks, pulmonary vascular, chromatin state",0.054347826086956534
785,"recent findings recent, cell multi omics, complex microbial, crispr cas based",0.0
785,"related morbidity, stage diagnosis, combination strategies, clinical intervention",0.4739130434782609
785,"role intercellular communication, testicular torsion, nanoparticle tracking analysis, mir 21 5p",0.0
785,"therapeutic strategies including, exosomes emerging, epigenetic modulation, solid cancers",0.08043478260869566
785,"transgene expression, metabolite production, study illustrates, precise genome",0.06739130434782609
785,"web science core, mean sd age, research hotspots, 28 day mortality",0.0
786,"bla ctx, spectrum lactamase esbl, sequence types sts, coli isolates",0.0
786,"details use execution, myosin motors, nascent chain, origin life",0.34782608695652173
786,"editorial emerging, author correction, g2 phase, model pd",0.0
786,"fetal liver, stalled replication forks, pulmonary vascular, chromatin state",0.041304347826086954
786,"recent findings recent, cell multi omics, complex microbial, crispr cas based",0.0
786,"related morbidity, stage diagnosis, combination strategies, clinical intervention",0.5
786,"role intercellular communication, testicular torsion, nanoparticle tracking analysis, mir 21 5p",0.0
786,"therapeutic strategies including, exosomes emerging, epigenetic modulation, solid cancers",0.0782608695652174
786,"transgene expression, metabolite production, study illustrates, precise genome",0.03260869565217392
786,"web science core, mean sd age, research hotspots, 28 day mortality",0.0
787,"bla ctx, spectrum lactamase esbl, sequence types sts, coli isolates",0.0
787,"details use execution, myosin motors, nascent chain, origin life",0.43478260869565216
787,"editorial emerging, author correction, g2 phase, model pd",0.01956521739130435
787,"fetal liver, stalled replication forks, pulmonary vascular, chromatin state",0.021739130434782608
787,"recent findings recent, cell multi omics, complex microbial, crispr cas based",0.0
787,"related morbidity, stage diagnosis, combination strategies, clinical intervention",0.4652173913043478
787,"role intercellular communication, testicular torsion, nanoparticle tracking analysis, mir 21 5p",0.0
787,"therapeutic strategies including, exosomes emerging, epigenetic modulation, solid cancers",0.03043478260869565
787,"transgene expression, metabolite production, study illustrates, precise genome",0.02826086956521739
787,"web science core, mean sd age, research hotspots, 28 day mortality",0.0
788,"bla ctx, spectrum lactamase esbl, sequence types sts, coli isolates",0.0
788,"details use execution, myosin motors, nascent chain, origin life",0.391304347826087
788,"editorial emerging, author correction, g2 phase, model pd",0.0
788,"fetal liver, stalled replication forks, pulmonary vascular, chromatin state",0.0608695652173913
788,"recent findings recent, cell multi omics, complex microbial, crispr cas based",0.0
788,"related morbidity, stage diagnosis, combination strategies, clinical intervention",0.46304347826086956
788,"role intercellular communication, testicular torsion, nanoparticle tracking analysis, mir 21 5p",0.0
788,"therapeutic strategies including, exosomes emerging, epigenetic modulation, solid cancers",0.05869565217391304
788,"transgene expression, metabolite production, study illustrates, precise genome",0.026086956521739136
788,"web science core, mean sd age, research hotspots, 28 day mortality",0.0
789,"bla ctx, spectrum lactamase esbl, sequence types sts, coli isolates",0.0
789,"details use execution, myosin motors, nascent chain, origin life",0.21739130434782608
789,"editorial emerging, author correction, g2 phase, model pd",0.0
789,"fetal liver, stalled replication forks, pulmonary vascular, chromatin state",0.08043478260869566
789,"recent findings recent, cell multi omics, complex microbial, crispr cas based",0.0
789,"related morbidity, stage diagnosis, combination strategies, clinical intervention",0.5826086956521738
789,"role intercellular communication, testicular torsion, nanoparticle tracking analysis, mir 21 5p",0.0
789,"therapeutic strategies including, exosomes emerging, epigenetic modulation, solid cancers",0.049999999999999996
789,"transgene expression, metabolite production, study illustrates, precise genome",0.06956521739130435
789,"web science core, mean sd age, research hotspots, 28 day mortality",0.0
790,"bla ctx, spectrum lactamase esbl, sequence types sts, coli isolates",0.0
790,"details use execution, myosin motors, nascent chain, origin life",0.391304347826087
790,"editorial emerging, author correction, g2 phase, model pd",0.002173913043478261
790,"fetal liver, stalled replication forks, pulmonary vascular, chromatin state",0.05217391304347827
790,"recent findings recent, cell multi omics, complex microbial, crispr cas based",0.0
790,"related morbidity, stage diagnosis, combination strategies, clinical intervention",0.4434782608695652
790,"role intercellular communication, testicular torsion, nanoparticle tracking analysis, mir 21 5p",0.0
790,"therapeutic strategies including, exosomes emerging, epigenetic modulation, solid cancers",0.05652173913043478
790,"transgene expression, metabolite production, study illustrates, precise genome",0.05434782608695652
790,"web science core, mean sd age, research hotspots, 28 day mortality",0.0
791,"bla ctx, spectrum lactamase esbl, sequence types sts, coli isolates",0.0
791,"details use execution, myosin motors, nascent chain, origin life",0.30434782608695654
791,"editorial emerging, author correction, g2 phase, model pd",0.0
791,"fetal liver, stalled replication forks, pulmonary vascular, chromatin state",0.10652173913043479
791,"recent findings recent, cell multi omics, complex microbial, crispr cas based",0.0
791,"related morbidity, stage diagnosis, combination strategies, clinical intervention",0.47608695652173905
791,"role intercellular communication, testicular torsion, nanoparticle tracking analysis, mir 21 5p",0.0
791,"therapeutic strategies including, exosomes emerging, epigenetic modulation, solid cancers",0.05217391304347827
791,"transgene expression, metabolite production, study illustrates, precise genome",0.06086956521739132
791,"web science core, mean sd age, research hotspots, 28 day mortality",0.0
792,"bla ctx, spectrum lactamase esbl, sequence types sts, coli isolates",0.0
792,"details use execution, myosin motors, nascent chain, origin life",0.2608695652173913
792,"editorial emerging, author correction, g2 phase, model pd",0.002173913043478261
792,"fetal liver, stalled replication forks, pulmonary vascular, chromatin state",0.0608695652173913
792,"recent findings recent, cell multi omics, complex microbial, crispr cas based",0.0
792,"related morbidity, stage diagnosis, combination strategies, clinical intervention",0.5608695652173913
792,"role intercellular communication, testicular torsion, nanoparticle tracking analysis, mir 21 5p",0.0
792,"therapeutic strategies including, exosomes emerging, epigenetic modulation, solid cancers",0.07391304347826087
792,"transgene expression, metabolite production, study illustrates, precise genome",0.04130434782608696
792,"web science core, mean sd age, research hotspots, 28 day mortality",0.0
793,"bla ctx, spectrum lactamase esbl, sequence types sts, coli isolates",0.0
793,"details use execution, myosin motors, nascent chain, origin life",0.30434782608695654
793,"editorial emerging, author correction, g2 phase, model pd",0.021739130434782608
793,"fetal liver, stalled replication forks, pulmonary vascular, chromatin state",0.03695652173913044
793,"recent findings recent, cell multi omics, complex microbial, crispr cas based",0.0
793,"related morbidity, stage diagnosis, combination strategies, clinical intervention",0.5260869565217391
793,"role intercellular communication, testicular torsion, nanoparticle tracking analysis, mir 21 5p",0.0
793,"therapeutic strategies including, exosomes emerging, epigenetic modulation, solid cancers",0.0608695652173913
793,"transgene expression, metabolite production, study illustrates, precise genome",0.05
793,"web science core, mean sd age, research hotspots, 28 day mortality",0.0
794,"bla ctx, spectrum lactamase esbl, sequence types sts, coli isolates",0.0
794,"details use execution, myosin motors, nascent chain, origin life",0.391304347826087
794,"editorial emerging, author correction, g2 phase, model pd",0.01956521739130435
794,"fetal liver, stalled replication forks, pulmonary vascular, chromatin state",0.05217391304347827
794,"recent findings recent, cell multi omics, complex microbial, crispr cas based",0.0
794,"related morbidity, stage diagnosis, combination strategies, clinical intervention",0.4413043478260871
794,"role intercellular communication, testicular torsion, nanoparticle tracking analysis, mir 21 5p",0.0
794,"therapeutic strategies including, exosomes emerging, epigenetic modulation, solid cancers",0.04565217391304348
794,"transgene expression, metabolite production, study illustrates, precise genome",0.05
794,"web science core, mean sd age, research hotspots, 28 day mortality",0.0
795,"bla ctx, spectrum lactamase esbl, sequence types sts, coli isolates",0.0
795,"details use execution, myosin motors, nascent chain, origin life",0.2608695652173913
795,"editorial emerging, author correction, g2 phase, model pd",0.0
795,"fetal liver, stalled replication forks, pulmonary vascular, chromatin state",0.08260869565217392
795,"recent findings recent, cell multi omics, complex microbial, crispr cas based",0.0
795,"related morbidity, stage diagnosis, combination strategies, clinical intervention",0.5304347826086957
795,"role intercellular communication, testicular torsion, nanoparticle tracking analysis, mir 21 5p",0.0
795,"therapeutic strategies including, exosomes emerging, epigenetic modulation, solid cancers",0.10434782608695652
795,"transgene expression, metabolite production, study illustrates, precise genome",0.021739130434782605
795,"web science core, mean sd age, research hotspots, 28 day mortality",0.0
796,"bla ctx, spectrum lactamase esbl, sequence types sts, coli isolates",0.0
796,"details use execution, myosin motors, nascent chain, origin life",0.43478260869565216
796,"editorial emerging, author correction, g2 phase, model pd",0.021739130434782608
796,"fetal liver, stalled replication forks, pulmonary vascular, chromatin state",0.05652173913043478
796,"recent findings recent, cell multi omics, complex microbial, crispr cas based",0.0
796,"related morbidity, stage diagnosis, combination strategies, clinical intervention",0.3739130434782609
796,"role intercellular communication, testicular torsion, nanoparticle tracking analysis, mir 21 5p",0.0
796,"therapeutic strategies including, exosomes emerging, epigenetic modulation, solid cancers",0.04565217391304348
796,"transgene expression, metabolite production, study illustrates, precise genome",0.06739130434782609
796,"web science core, mean sd age, research hotspots, 28 day mortality",0.0
797,"bla ctx, spectrum lactamase esbl, sequence types sts, coli isolates",0.0
797,"details use execution, myosin motors, nascent chain, origin life",0.21739130434782608
797,"editorial emerging, author correction, g2 phase, model pd",0.01956521739130435
797,"fetal liver, stalled replication forks, pulmonary vascular, chromatin state",0.09565217391304348
797,"recent findings recent, cell multi omics, complex microbial, crispr cas based",0.0
797,"related morbidity, stage diagnosis, combination strategies, clinical intervention",0.558695652173913
797,"role intercellular communication, testicular torsion, nanoparticle tracking analysis, mir 21 5p",0.0
797,"therapeutic strategies including, exosomes emerging, epigenetic modulation, solid cancers",0.05869565217391304
797,"transgene expression, metabolite production, study illustrates, precise genome",0.05
797,"web science core, mean sd age, research hotspots, 28 day mortality",0.0
798,"bla ctx, spectrum lactamase esbl, sequence types sts, coli isolates",0.0
798,"details use execution, myosin motors, nascent chain, origin life",0.391304347826087
798,"editorial emerging, author correction, g2 phase, model pd",0.002173913043478261
798,"fetal liver, stalled replication forks, pulmonary vascular, chromatin state",0.08695652173913043
798,"recent findings recent, cell multi omics, complex microbial, crispr cas based",0.0
798,"related morbidity, stage diagnosis, combination strategies, clinical intervention",0.43043478260869567
798,"role intercellular communication, testicular torsion, nanoparticle tracking analysis, mir 21 5p",0.0
798,"therapeutic strategies including, exosomes emerging, epigenetic modulation, solid cancers",0.01956521739130435
798,"transgene expression, metabolite production, study illustrates, precise genome",0.06956521739130438
798,"web science core, mean sd age, research hotspots, 28 day mortality",0.0
799,"bla ctx, spectrum lactamase esbl, sequence types sts, coli isolates",0.0
799,"details use execution, myosin motors, nascent chain, origin life",0.21739130434782608
799,"editorial emerging, author correction, g2 phase, model pd",0.0
799,"fetal liver, stalled replication forks, pulmonary vascular, chromatin state",0.1217391304347826
799,"recent findings recent, cell multi omics, complex microbial, crispr cas based",0.0
799,"related morbidity, stage diagnosis, combination strategies, clinical intervention",0.5304347826086957
799,"role intercellular communication, testicular torsion, nanoparticle tracking analysis, mir 21 5p",0.0
799,"therapeutic strategies including, exosomes emerging, epigenetic modulation, solid cancers",0.034782608695652174
799,"transgene expression, metabolite production, study illustrates, precise genome",0.09565217391304348
799,"web science core, mean sd age, research hotspots, 28 day mortality",0.0
800,"bla ctx, spectrum lactamase esbl, sequence types sts, coli isolates",0.0
800,"details use execution, myosin motors, nascent chain, origin life",0.30434782608695654
800,"editorial emerging, author correction, g2 phase, model pd",0.0
800,"fetal liver, stalled replication forks, pulmonary vascular, chromatin state",0.09347826086956522
800,"recent findings recent, cell multi omics, complex microbial, crispr cas based",0.0
800,"related morbidity, stage diagnosis, combination strategies, clinical intervention",0.4956521739130434
800,"role intercellular communication, testicular torsion, nanoparticle tracking analysis, mir 21 5p",0.0
800,"therapeutic strategies including, exosomes emerging, epigenetic modulation, solid cancers",0.05217391304347827
800,"transgene expression, metabolite production, study illustrates, precise genome",0.05434782608695652
800,"web science core, mean sd age, research hotspots, 28 day mortality",0.0
801,"bla ctx, spectrum lactamase esbl, sequence types sts, coli isolates",0.0
801,"details use execution, myosin motors, nascent chain, origin life",0.34782608695652173
801,"editorial emerging, author correction, g2 phase, model pd",0.0
801,"fetal liver, stalled replication forks, pulmonary vascular, chromatin state",0.06956521739130435
801,"recent findings recent, cell multi omics, complex microbial, crispr cas based",0.0
801,"related morbidity, stage diagnosis, combination strategies, clinical intervention",0.4543478260869565
801,"role intercellular communication, testicular torsion, nanoparticle tracking analysis, mir 21 5p",0.0
801,"therapeutic strategies including, exosomes emerging, epigenetic modulation, solid cancers",0.08478260869565218
801,"transgene expression, metabolite production, study illustrates, precise genome",0.043478260869565216
801,"web science core, mean sd age, research hotspots, 28 day mortality",0.0
802,"bla ctx, spectrum lactamase esbl, sequence types sts, coli isolates",0.0
802,"details use execution, myosin motors, nascent chain, origin life",0.2608695652173913
802,"editorial emerging, author correction, g2 phase, model pd",0.002173913043478261
802,"fetal liver, stalled replication forks, pulmonary vascular, chromatin state",0.06956521739130435
802,"recent findings recent, cell multi omics, complex microbial, crispr cas based",0.0
802,"related morbidity, stage diagnosis, combination strategies, clinical intervention",0.5543478260869564
802,"role intercellular communication, testicular torsion, nanoparticle tracking analysis, mir 21 5p",0.0
802,"therapeutic strategies including, exosomes emerging, epigenetic modulation, solid cancers",0.0391304347826087
802,"transgene expression, metabolite production, study illustrates, precise genome",0.07391304347826087
802,"web science core, mean sd age, research hotspots, 28 day mortality",0.0
803,"bla ctx, spectrum lactamase esbl, sequence types sts, coli isolates",0.0
803,"details use execution, myosin motors, nascent chain, origin life",0.30434782608695654
803,"editorial emerging, author correction, g2 phase, model pd",0.0
803,"fetal liver, stalled replication forks, pulmonary vascular, chromatin state",0.047826086956521754
803,"recent findings recent, cell multi omics, complex microbial, crispr cas based",0.0
803,"related morbidity, stage diagnosis, combination strategies, clinical intervention",0.5434782608695653
803,"role intercellular communication, testicular torsion, nanoparticle tracking analysis, mir 21 5p",0.0
803,"therapeutic strategies including, exosomes emerging, epigenetic modulation, solid cancers",0.06304347826086956
803,"transgene expression, metabolite production, study illustrates, precise genome",0.04130434782608696
803,"web science core, mean sd age, research hotspots, 28 day mortality",0.0
804,"bla ctx, spectrum lactamase esbl, sequence types sts, coli isolates",0.0
804,"details use execution, myosin motors, nascent chain, origin life",0.391304347826087
804,"editorial emerging, author correction, g2 phase, model pd",0.021739130434782608
804,"fetal liver, stalled replication forks, pulmonary vascular, chromatin state",0.10434782608695654
804,"recent findings recent, cell multi omics, complex microbial, crispr cas based",0.0
804,"related morbidity, stage diagnosis, combination strategies, clinical intervention",0.3369565217391305
804,"role intercellular communication, testicular torsion, nanoparticle tracking analysis, mir 21 5p",0.0
804,"therapeutic strategies including, exosomes emerging, epigenetic modulation, solid cancers",0.054347826086956534
804,"transgene expression, metabolite production, study illustrates, precise genome",0.09130434782608694
804,"web science core, mean sd age, research hotspots, 28 day mortality",0.0
805,"bla ctx, spectrum lactamase esbl, sequence types sts, coli isolates",0.0
805,"details use execution, myosin motors, nascent chain, origin life",0.34782608695652173
805,"editorial emerging, author correction, g2 phase, model pd",0.0
805,"fetal liver, stalled replication forks, pulmonary vascular, chromatin state",0.06956521739130435
805,"recent findings recent, cell multi omics, complex microbial, crispr cas based",0.0
805,"related morbidity, stage diagnosis, combination strategies, clinical intervention",0.5000000000000001
805,"role intercellular communication, testicular torsion, nanoparticle tracking analysis, mir 21 5p",0.0
805,"therapeutic strategies including, exosomes emerging, epigenetic modulation, solid cancers",0.03695652173913044
805,"transgene expression, metabolite production, study illustrates, precise genome",0.04565217391304349
805,"web science core, mean sd age, research hotspots, 28 day mortality",0.0
806,"bla ctx, spectrum lactamase esbl, sequence types sts, coli isolates",0.0
806,"details use execution, myosin motors, nascent chain, origin life",0.21739130434782608
806,"editorial emerging, author correction, g2 phase, model pd",0.01956521739130435
806,"fetal liver, stalled replication forks, pulmonary vascular, chromatin state",0.09565217391304347
806,"recent findings recent, cell multi omics, complex microbial, crispr cas based",0.0
806,"related morbidity, stage diagnosis, combination strategies, clinical intervention",0.5304347826086957
806,"role intercellular communication, testicular torsion, nanoparticle tracking analysis, mir 21 5p",0.0
806,"therapeutic strategies including, exosomes emerging, epigenetic modulation, solid cancers",0.043478260869565216
806,"transgene expression, metabolite production, study illustrates, precise genome",0.09347826086956522
806,"web science core, mean sd age, research hotspots, 28 day mortality",0.0
807,"bla ctx, spectrum lactamase esbl, sequence types sts, coli isolates",0.0
807,"details use execution, myosin motors, nascent chain, origin life",0.2608695652173913
807,"editorial emerging, author correction, g2 phase, model pd",0.01956521739130435
807,"fetal liver, stalled replication forks, pulmonary vascular, chromatin state",0.11304347826086959
807,"recent findings recent, cell multi omics, complex microbial, crispr cas based",0.0
807,"related morbidity, stage diagnosis, combination strategies, clinical intervention",0.4847826086956522
807,"role intercellular communication, testicular torsion, nanoparticle tracking analysis, mir 21 5p",0.0
807,"therapeutic strategies including, exosomes emerging, epigenetic modulation, solid cancers",0.021739130434782608
807,"transgene expression, metabolite production, study illustrates, precise genome",0.09999999999999999
807,"web science core, mean sd age, research hotspots, 28 day mortality",0.0
808,"bla ctx, spectrum lactamase esbl, sequence types sts, coli isolates",0.0
808,"details use execution, myosin motors, nascent chain, origin life",0.30434782608695654
808,"editorial emerging, author correction, g2 phase, model pd",0.0
808,"fetal liver, stalled replication forks, pulmonary vascular, chromatin state",0.09130434782608694
808,"recent findings recent, cell multi omics, complex microbial, crispr cas based",0.0
808,"related morbidity, stage diagnosis, combination strategies, clinical intervention",0.5108695652173914
808,"role intercellular communication, testicular torsion, nanoparticle tracking analysis, mir 21 5p",0.0
808,"therapeutic strategies including, exosomes emerging, epigenetic modulation, solid cancers",0.0391304347826087
808,"transgene expression, metabolite production, study illustrates, precise genome",0.054347826086956534
808,"web science core, mean sd age, research hotspots, 28 day mortality",0.0
809,"bla ctx, spectrum lactamase esbl, sequence types sts, coli isolates",0.0
809,"details use execution, myosin motors, nascent chain, origin life",0.30434782608695654
809,"editorial emerging, author correction, g2 phase, model pd",0.021739130434782608
809,"fetal liver, stalled replication forks, pulmonary vascular, chromatin state",0.04130434782608696
809,"recent findings recent, cell multi omics, complex microbial, crispr cas based",0.0
809,"related morbidity, stage diagnosis, combination strategies, clinical intervention",0.5456521739130434
809,"role intercellular communication, testicular torsion, nanoparticle tracking analysis, mir 21 5p",0.0
809,"therapeutic strategies including, exosomes emerging, epigenetic modulation, solid cancers",0.03695652173913044
809,"transgene expression, metabolite production, study illustrates, precise genome",0.049999999999999996
809,"web science core, mean sd age, research hotspots, 28 day mortality",0.0
810,"bla ctx, spectrum lactamase esbl, sequence types sts, coli isolates",0.0
810,"details use execution, myosin motors, nascent chain, origin life",0.2608695652173913
810,"editorial emerging, author correction, g2 phase, model pd",0.002173913043478261
810,"fetal liver, stalled replication forks, pulmonary vascular, chromatin state",0.04130434782608696
810,"recent findings recent, cell multi omics, complex microbial, crispr cas based",0.0
810,"related morbidity, stage diagnosis, combination strategies, clinical intervention",0.6021739130434783
810,"role intercellular communication, testicular torsion, nanoparticle tracking analysis, mir 21 5p",0.0
810,"therapeutic strategies including, exosomes emerging, epigenetic modulation, solid cancers",0.05217391304347826
810,"transgene expression, metabolite production, study illustrates, precise genome",0.041304347826086954
810,"web science core, mean sd age, research hotspots, 28 day mortality",0.0
811,"bla ctx, spectrum lactamase esbl, sequence types sts, coli isolates",0.0
811,"details use execution, myosin motors, nascent chain, origin life",0.4782608695652174
811,"editorial emerging, author correction, g2 phase, model pd",0.0
811,"fetal liver, stalled replication forks, pulmonary vascular, chromatin state",0.0391304347826087
811,"recent findings recent, cell multi omics, complex microbial, crispr cas based",0.0
811,"related morbidity, stage diagnosis, combination strategies, clinical intervention",0.42608695652173917
811,"role intercellular communication, testicular torsion, nanoparticle tracking analysis, mir 21 5p",0.0
811,"therapeutic strategies including, exosomes emerging, epigenetic modulation, solid cancers",0.04565217391304348
811,"transgene expression, metabolite production, study illustrates, precise genome",0.010869565217391304
811,"web science core, mean sd age, research hotspots, 28 day mortality",0.0
812,"bla ctx, spectrum lactamase esbl, sequence types sts, coli isolates",0.0
812,"details use execution, myosin motors, nascent chain, origin life",0.30434782608695654
812,"editorial emerging, author correction, g2 phase, model pd",0.0
812,"fetal liver, stalled replication forks, pulmonary vascular, chromatin state",0.08478260869565217
812,"recent findings recent, cell multi omics, complex microbial, crispr cas based",0.0
812,"related morbidity, stage diagnosis, combination strategies, clinical intervention",0.46086956521739136
812,"role intercellular communication, testicular torsion, nanoparticle tracking analysis, mir 21 5p",0.0
812,"therapeutic strategies including, exosomes emerging, epigenetic modulation, solid cancers",0.10217391304347828
812,"transgene expression, metabolite production, study illustrates, precise genome",0.047826086956521734
812,"web science core, mean sd age, research hotspots, 28 day mortality",0.0
813,"bla ctx, spectrum lactamase esbl, sequence types sts, coli isolates",0.0
813,"details use execution, myosin motors, nascent chain, origin life",0.43478260869565216
813,"editorial emerging, author correction, g2 phase, model pd",0.0
813,"fetal liver, stalled replication forks, pulmonary vascular, chromatin state",0.07391304347826087
813,"recent findings recent, cell multi omics, complex microbial, crispr cas based",0.0
813,"related morbidity, stage diagnosis, combination strategies, clinical intervention",0.4521739130434782
813,"role intercellular communication, testicular torsion, nanoparticle tracking analysis, mir 21 5p",0.0
813,"therapeutic strategies including, exosomes emerging, epigenetic modulation, solid cancers",0.013043478260869565
813,"transgene expression, metabolite production, study illustrates, precise genome",0.026086956521739136
813,"web science core, mean sd age, research hotspots, 28 day mortality",0.0
814,"bla ctx, spectrum lactamase esbl, sequence types sts, coli isolates",0.0
814,"details use execution, myosin motors, nascent chain, origin life",0.17391304347826086
814,"editorial emerging, author correction, g2 phase, model pd",0.0
814,"fetal liver, stalled replication forks, pulmonary vascular, chromatin state",0.0891304347826087
814,"recent findings recent, cell multi omics, complex microbial, crispr cas based",0.0
814,"related morbidity, stage diagnosis, combination strategies, clinical intervention",0.6173913043478261
814,"role intercellular communication, testicular torsion, nanoparticle tracking analysis, mir 21 5p",0.0
814,"therapeutic strategies including, exosomes emerging, epigenetic modulation, solid cancers",0.04565217391304348
814,"transgene expression, metabolite production, study illustrates, precise genome",0.07391304347826087
814,"web science core, mean sd age, research hotspots, 28 day mortality",0.0
815,"bla ctx, spectrum lactamase esbl, sequence types sts, coli isolates",0.0
815,"details use execution, myosin motors, nascent chain, origin life",0.2608695652173913
815,"editorial emerging, author correction, g2 phase, model pd",0.0
815,"fetal liver, stalled replication forks, pulmonary vascular, chromatin state",0.0891304347826087
815,"recent findings recent, cell multi omics, complex microbial, crispr cas based",0.0
815,"related morbidity, stage diagnosis, combination strategies, clinical intervention",0.5152173913043477
815,"role intercellular communication, testicular torsion, nanoparticle tracking analysis, mir 21 5p",0.0
815,"therapeutic strategies including, exosomes emerging, epigenetic modulation, solid cancers",0.08260869565217391
815,"transgene expression, metabolite production, study illustrates, precise genome",0.05217391304347827
815,"web science core, mean sd age, research hotspots, 28 day mortality",0.0
816,"bla ctx, spectrum lactamase esbl, sequence types sts, coli isolates",0.0
816,"details use execution, myosin motors, nascent chain, origin life",0.2608695652173913
816,"editorial emerging, author correction, g2 phase, model pd",0.0
816,"fetal liver, stalled replication forks, pulmonary vascular, chromatin state",0.05434782608695652
816,"recent findings recent, cell multi omics, complex microbial, crispr cas based",0.0
816,"related morbidity, stage diagnosis, combination strategies, clinical intervention",0.5608695652173913
816,"role intercellular communication, testicular torsion, nanoparticle tracking analysis, mir 21 5p",0.0
816,"therapeutic strategies including, exosomes emerging, epigenetic modulation, solid cancers",0.08695652173913043
816,"transgene expression, metabolite production, study illustrates, precise genome",0.03695652173913044
816,"web science core, mean sd age, research hotspots, 28 day mortality",0.0
817,"bla ctx, spectrum lactamase esbl, sequence types sts, coli isolates",0.0
817,"details use execution, myosin motors, nascent chain, origin life",0.34782608695652173
817,"editorial emerging, author correction, g2 phase, model pd",0.002173913043478261
817,"fetal liver, stalled replication forks, pulmonary vascular, chromatin state",0.11086956521739132
817,"recent findings recent, cell multi omics, complex microbial, crispr cas based",0.0
817,"related morbidity, stage diagnosis, combination strategies, clinical intervention",0.41956521739130437
817,"role intercellular communication, testicular torsion, nanoparticle tracking analysis, mir 21 5p",0.0
817,"therapeutic strategies including, exosomes emerging, epigenetic modulation, solid cancers",0.017391304347826087
817,"transgene expression, metabolite production, study illustrates, precise genome",0.10217391304347827
817,"web science core, mean sd age, research hotspots, 28 day mortality",0.0
818,"bla ctx, spectrum lactamase esbl, sequence types sts, coli isolates",0.0
818,"details use execution, myosin motors, nascent chain, origin life",0.2608695652173913
818,"editorial emerging, author correction, g2 phase, model pd",0.0
818,"fetal liver, stalled replication forks, pulmonary vascular, chromatin state",0.030434782608695653
818,"recent findings recent, cell multi omics, complex microbial, crispr cas based",0.0
818,"related morbidity, stage diagnosis, combination strategies, clinical intervention",0.6173913043478261
818,"role intercellular communication, testicular torsion, nanoparticle tracking analysis, mir 21 5p",0.0
818,"therapeutic strategies including, exosomes emerging, epigenetic modulation, solid cancers",0.05217391304347827
818,"transgene expression, metabolite production, study illustrates, precise genome",0.0391304347826087
818,"web science core, mean sd age, research hotspots, 28 day mortality",0.0
819,"bla ctx, spectrum lactamase esbl, sequence types sts, coli isolates",0.0
819,"details use execution, myosin motors, nascent chain, origin life",0.2608695652173913
819,"editorial emerging, author correction, g2 phase, model pd",0.0
819,"fetal liver, stalled replication forks, pulmonary vascular, chromatin state",0.11956521739130435
819,"recent findings recent, cell multi omics, complex microbial, crispr cas based",0.0
819,"related morbidity, stage diagnosis, combination strategies, clinical intervention",0.48695652173913034
819,"role intercellular communication, testicular torsion, nanoparticle tracking analysis, mir 21 5p",0.0
819,"therapeutic strategies including, exosomes emerging, epigenetic modulation, solid cancers",0.04565217391304348
819,"transgene expression, metabolite production, study illustrates, precise genome",0.08695652173913043
819,"web science core, mean sd age, research hotspots, 28 day mortality",0.0
820,"bla ctx, spectrum lactamase esbl, sequence types sts, coli isolates",0.0
820,"details use execution, myosin motors, nascent chain, origin life",0.30434782608695654
820,"editorial emerging, author correction, g2 phase, model pd",0.0
820,"fetal liver, stalled replication forks, pulmonary vascular, chromatin state",0.1326086956521739
820,"recent findings recent, cell multi omics, complex microbial, crispr cas based",0.0
820,"related morbidity, stage diagnosis, combination strategies, clinical intervention",0.45869565217391306
820,"role intercellular communication, testicular torsion, nanoparticle tracking analysis, mir 21 5p",0.0
820,"therapeutic strategies including, exosomes emerging, epigenetic modulation, solid cancers",0.02391304347826087
820,"transgene expression, metabolite production, study illustrates, precise genome",0.08043478260869566
820,"web science core, mean sd age, research hotspots, 28 day mortality",0.0
821,"bla ctx, spectrum lactamase esbl, sequence types sts, coli isolates",0.0
821,"details use execution, myosin motors, nascent chain, origin life",0.34782608695652173
821,"editorial emerging, author correction, g2 phase, model pd",0.0
821,"fetal liver, stalled replication forks, pulmonary vascular, chromatin state",0.08478260869565217
821,"recent findings recent, cell multi omics, complex microbial, crispr cas based",0.0
821,"related morbidity, stage diagnosis, combination strategies, clinical intervention",0.4456521739130434
821,"role intercellular communication, testicular torsion, nanoparticle tracking analysis, mir 21 5p",0.0
821,"therapeutic strategies including, exosomes emerging, epigenetic modulation, solid cancers",0.05434782608695652
821,"transgene expression, metabolite production, study illustrates, precise genome",0.0673913043478261
821,"web science core, mean sd age, research hotspots, 28 day mortality",0.0
822,"bla ctx, spectrum lactamase esbl, sequence types sts, coli isolates",0.0
822,"details use execution, myosin motors, nascent chain, origin life",0.43478260869565216
822,"editorial emerging, author correction, g2 phase, model pd",0.002173913043478261
822,"fetal liver, stalled replication forks, pulmonary vascular, chromatin state",0.054347826086956534
822,"recent findings recent, cell multi omics, complex microbial, crispr cas based",0.0
822,"related morbidity, stage diagnosis, combination strategies, clinical intervention",0.42173913043478267
822,"role intercellular communication, testicular torsion, nanoparticle tracking analysis, mir 21 5p",0.0
822,"therapeutic strategies including, exosomes emerging, epigenetic modulation, solid cancers",0.0391304347826087
822,"transgene expression, metabolite production, study illustrates, precise genome",0.04782608695652174
822,"web science core, mean sd age, research hotspots, 28 day mortality",0.0
823,"bla ctx, spectrum lactamase esbl, sequence types sts, coli isolates",0.0
823,"details use execution, myosin motors, nascent chain, origin life",0.30434782608695654
823,"editorial emerging, author correction, g2 phase, model pd",0.021739130434782608
823,"fetal liver, stalled replication forks, pulmonary vascular, chromatin state",0.08260869565217392
823,"recent findings recent, cell multi omics, complex microbial, crispr cas based",0.0
823,"related morbidity, stage diagnosis, combination strategies, clinical intervention",0.4521739130434782
823,"role intercellular communication, testicular torsion, nanoparticle tracking analysis, mir 21 5p",0.0
823,"therapeutic strategies including, exosomes emerging, epigenetic modulation, solid cancers",0.08043478260869566
823,"transgene expression, metabolite production, study illustrates, precise genome",0.05869565217391306
823,"web science core, mean sd age, research hotspots, 28 day mortality",0.0
824,"bla ctx, spectrum lactamase esbl, sequence types sts, coli isolates",0.0
824,"details use execution, myosin motors, nascent chain, origin life",0.391304347826087
824,"editorial emerging, author correction, g2 phase, model pd",0.01956521739130435
824,"fetal liver, stalled replication forks, pulmonary vascular, chromatin state",0.030434782608695653
824,"recent findings recent, cell multi omics, complex microbial, crispr cas based",0.0
824,"related morbidity, stage diagnosis, combination strategies, clinical intervention",0.4630434782608695
824,"role intercellular communication, testicular torsion, nanoparticle tracking analysis, mir 21 5p",0.0
824,"therapeutic strategies including, exosomes emerging, epigenetic modulation, solid cancers",0.058695652173913045
824,"transgene expression, metabolite production, study illustrates, precise genome",0.03695652173913044
824,"web science core, mean sd age, research hotspots, 28 day mortality",0.0
825,"bla ctx, spectrum lactamase esbl, sequence types sts, coli isolates",0.0
825,"details use execution, myosin motors, nascent chain, origin life",0.43478260869565216
825,"editorial emerging, author correction, g2 phase, model pd",0.0
825,"fetal liver, stalled replication forks, pulmonary vascular, chromatin state",0.05
825,"recent findings recent, cell multi omics, complex microbial, crispr cas based",0.0
825,"related morbidity, stage diagnosis, combination strategies, clinical intervention",0.44565217391304346
825,"role intercellular communication, testicular torsion, nanoparticle tracking analysis, mir 21 5p",0.0
825,"therapeutic strategies including, exosomes emerging, epigenetic modulation, solid cancers",0.04130434782608696
825,"transgene expression, metabolite production, study illustrates, precise genome",0.028260869565217398
825,"web science core, mean sd age, research hotspots, 28 day mortality",0.0
826,"bla ctx, spectrum lactamase esbl, sequence types sts, coli isolates",0.0
826,"details use execution, myosin motors, nascent chain, origin life",0.21739130434782608
826,"editorial emerging, author correction, g2 phase, model pd",0.002173913043478261
826,"fetal liver, stalled replication forks, pulmonary vascular, chromatin state",0.08695652173913043
826,"recent findings recent, cell multi omics, complex microbial, crispr cas based",0.0
826,"related morbidity, stage diagnosis, combination strategies, clinical intervention",0.5478260869565217
826,"role intercellular communication, testicular torsion, nanoparticle tracking analysis, mir 21 5p",0.0
826,"therapeutic strategies including, exosomes emerging, epigenetic modulation, solid cancers",0.08695652173913043
826,"transgene expression, metabolite production, study illustrates, precise genome",0.058695652173913045
826,"web science core, mean sd age, research hotspots, 28 day mortality",0.0
827,"bla ctx, spectrum lactamase esbl, sequence types sts, coli isolates",0.0
827,"details use execution, myosin motors, nascent chain, origin life",0.34782608695652173
827,"editorial emerging, author correction, g2 phase, model pd",0.01956521739130435
827,"fetal liver, stalled replication forks, pulmonary vascular, chromatin state",0.041304347826086954
827,"recent findings recent, cell multi omics, complex microbial, crispr cas based",0.0
827,"related morbidity, stage diagnosis, combination strategies, clinical intervention",0.4565217391304347
827,"role intercellular communication, testicular torsion, nanoparticle tracking analysis, mir 21 5p",0.0
827,"therapeutic strategies including, exosomes emerging, epigenetic modulation, solid cancers",0.09565217391304348
827,"transgene expression, metabolite production, study illustrates, precise genome",0.0391304347826087
827,"web science core, mean sd age, research hotspots, 28 day mortality",0.0
828,"bla ctx, spectrum lactamase esbl, sequence types sts, coli isolates",0.0
828,"details use execution, myosin motors, nascent chain, origin life",0.34782608695652173
828,"editorial emerging, author correction, g2 phase, model pd",0.01956521739130435
828,"fetal liver, stalled replication forks, pulmonary vascular, chromatin state",0.05869565217391306
828,"recent findings recent, cell multi omics, complex microbial, crispr cas based",0.0
828,"related morbidity, stage diagnosis, combination strategies, clinical intervention",0.45869565217391306
828,"role intercellular communication, testicular torsion, nanoparticle tracking analysis, mir 21 5p",0.0
828,"therapeutic strategies including, exosomes emerging, epigenetic modulation, solid cancers",0.049999999999999996
828,"transgene expression, metabolite production, study illustrates, precise genome",0.06521739130434784
828,"web science core, mean sd age, research hotspots, 28 day mortality",0.0
829,"bla ctx, spectrum lactamase esbl, sequence types sts, coli isolates",0.0
829,"details use execution, myosin motors, nascent chain, origin life",0.2608695652173913
829,"editorial emerging, author correction, g2 phase, model pd",0.021739130434782608
829,"fetal liver, stalled replication forks, pulmonary vascular, chromatin state",0.05217391304347826
829,"recent findings recent, cell multi omics, complex microbial, crispr cas based",0.0
829,"related morbidity, stage diagnosis, combination strategies, clinical intervention",0.5108695652173912
829,"role intercellular communication, testicular torsion, nanoparticle tracking analysis, mir 21 5p",0.0
829,"therapeutic strategies including, exosomes emerging, epigenetic modulation, solid cancers",0.08913043478260871
829,"transgene expression, metabolite production, study illustrates, precise genome",0.06521739130434784
829,"web science core, mean sd age, research hotspots, 28 day mortality",0.0
830,"bla ctx, spectrum lactamase esbl, sequence types sts, coli isolates",0.0
830,"details use execution, myosin motors, nascent chain, origin life",0.30434782608695654
830,"editorial emerging, author correction, g2 phase, model pd",0.0
830,"fetal liver, stalled replication forks, pulmonary vascular, chromatin state",0.021739130434782608
830,"recent findings recent, cell multi omics, complex microbial, crispr cas based",0.0
830,"related morbidity, stage diagnosis, combination strategies, clinical intervention",0.576086956521739
830,"role intercellular communication, testicular torsion, nanoparticle tracking analysis, mir 21 5p",0.0
830,"therapeutic strategies including, exosomes emerging, epigenetic modulation, solid cancers",0.058695652173913045
830,"transgene expression, metabolite production, study illustrates, precise genome",0.0391304347826087
830,"web science core, mean sd age, research hotspots, 28 day mortality",0.0
831,"bla ctx, spectrum lactamase esbl, sequence types sts, coli isolates",0.0
831,"details use execution, myosin motors, nascent chain, origin life",0.391304347826087
831,"editorial emerging, author correction, g2 phase, model pd",0.0
831,"fetal liver, stalled replication forks, pulmonary vascular, chromatin state",0.08260869565217392
831,"recent findings recent, cell multi omics, complex microbial, crispr cas based",0.0
831,"related morbidity, stage diagnosis, combination strategies, clinical intervention",0.4043478260869566
831,"role intercellular communication, testicular torsion, nanoparticle tracking analysis, mir 21 5p",0.0
831,"therapeutic strategies including, exosomes emerging, epigenetic modulation, solid cancers",0.04565217391304348
831,"transgene expression, metabolite production, study illustrates, precise genome",0.07608695652173914
831,"web science core, mean sd age, research hotspots, 28 day mortality",0.0
832,"bla ctx, spectrum lactamase esbl, sequence types sts, coli isolates",0.0
832,"details use execution, myosin motors, nascent chain, origin life",0.34782608695652173
832,"editorial emerging, author correction, g2 phase, model pd",0.0
832,"fetal liver, stalled replication forks, pulmonary vascular, chromatin state",0.08478260869565218
832,"recent findings recent, cell multi omics, complex microbial, crispr cas based",0.0
832,"related morbidity, stage diagnosis, combination strategies, clinical intervention",0.43913043478260866
832,"role intercellular communication, testicular torsion, nanoparticle tracking analysis, mir 21 5p",0.0
832,"therapeutic strategies including, exosomes emerging, epigenetic modulation, solid cancers",0.05434782608695652
832,"transgene expression, metabolite production, study illustrates, precise genome",0.07391304347826087
832,"web science core, mean sd age, research hotspots, 28 day mortality",0.0
833,"bla ctx, spectrum lactamase esbl, sequence types sts, coli isolates",0.0
833,"details use execution, myosin motors, nascent chain, origin life",0.2608695652173913
833,"editorial emerging, author correction, g2 phase, model pd",0.0
833,"fetal liver, stalled replication forks, pulmonary vascular, chromatin state",0.08913043478260871
833,"recent findings recent, cell multi omics, complex microbial, crispr cas based",0.0
833,"related morbidity, stage diagnosis, combination strategies, clinical intervention",0.5413043478260869
833,"role intercellular communication, testicular torsion, nanoparticle tracking analysis, mir 21 5p",0.0
833,"therapeutic strategies including, exosomes emerging, epigenetic modulation, solid cancers",0.06521739130434782
833,"transgene expression, metabolite production, study illustrates, precise genome",0.04347826086956523
833,"web science core, mean sd age, research hotspots, 28 day mortality",0.0
834,"bla ctx, spectrum lactamase esbl, sequence types sts, coli isolates",0.0
834,"details use execution, myosin motors, nascent chain, origin life",0.34782608695652173
834,"editorial emerging, author correction, g2 phase, model pd",0.01956521739130435
834,"fetal liver, stalled replication forks, pulmonary vascular, chromatin state",0.02608695652173913
834,"recent findings recent, cell multi omics, complex microbial, crispr cas based",0.0
834,"related morbidity, stage diagnosis, combination strategies, clinical intervention",0.523913043478261
834,"role intercellular communication, testicular torsion, nanoparticle tracking analysis, mir 21 5p",0.0
834,"therapeutic strategies including, exosomes emerging, epigenetic modulation, solid cancers",0.05217391304347827
834,"transgene expression, metabolite production, study illustrates, precise genome",0.030434782608695653
834,"web science core, mean sd age, research hotspots, 28 day mortality",0.0
835,"bla ctx, spectrum lactamase esbl, sequence types sts, coli isolates",0.0
835,"details use execution, myosin motors, nascent chain, origin life",0.391304347826087
835,"editorial emerging, author correction, g2 phase, model pd",0.0
835,"fetal liver, stalled replication forks, pulmonary vascular, chromatin state",0.07173913043478261
835,"recent findings recent, cell multi omics, complex microbial, crispr cas based",0.0
835,"related morbidity, stage diagnosis, combination strategies, clinical intervention",0.4760869565217391
835,"role intercellular communication, testicular torsion, nanoparticle tracking analysis, mir 21 5p",0.0
835,"therapeutic strategies including, exosomes emerging, epigenetic modulation, solid cancers",0.02608695652173913
835,"transgene expression, metabolite production, study illustrates, precise genome",0.034782608695652174
835,"web science core, mean sd age, research hotspots, 28 day mortality",0.0
836,"bla ctx, spectrum lactamase esbl, sequence types sts, coli isolates",0.0
836,"details use execution, myosin motors, nascent chain, origin life",0.21739130434782608
836,"editorial emerging, author correction, g2 phase, model pd",0.01956521739130435
836,"fetal liver, stalled replication forks, pulmonary vascular, chromatin state",0.0891304347826087
836,"recent findings recent, cell multi omics, complex microbial, crispr cas based",0.0
836,"related morbidity, stage diagnosis, combination strategies, clinical intervention",0.5152173913043477
836,"role intercellular communication, testicular torsion, nanoparticle tracking analysis, mir 21 5p",0.0
836,"therapeutic strategies including, exosomes emerging, epigenetic modulation, solid cancers",0.0891304347826087
836,"transgene expression, metabolite production, study illustrates, precise genome",0.06956521739130435
836,"web science core, mean sd age, research hotspots, 28 day mortality",0.0
837,"bla ctx, spectrum lactamase esbl, sequence types sts, coli isolates",0.0
837,"details use execution, myosin motors, nascent chain, origin life",0.43478260869565216
837,"editorial emerging, author correction, g2 phase, model pd",0.0
837,"fetal liver, stalled replication forks, pulmonary vascular, chromatin state",0.043478260869565216
837,"recent findings recent, cell multi omics, complex microbial, crispr cas based",0.0
837,"related morbidity, stage diagnosis, combination strategies, clinical intervention",0.4413043478260869
837,"role intercellular communication, testicular torsion, nanoparticle tracking analysis, mir 21 5p",0.0
837,"therapeutic strategies including, exosomes emerging, epigenetic modulation, solid cancers",0.06739130434782609
837,"transgene expression, metabolite production, study illustrates, precise genome",0.013043478260869565
837,"web science core, mean sd age, research hotspots, 28 day mortality",0.0
838,"bla ctx, spectrum lactamase esbl, sequence types sts, coli isolates",0.0
838,"details use execution, myosin motors, nascent chain, origin life",0.34782608695652173
838,"editorial emerging, author correction, g2 phase, model pd",0.0
838,"fetal liver, stalled replication forks, pulmonary vascular, chromatin state",0.034782608695652174
838,"recent findings recent, cell multi omics, complex microbial, crispr cas based",0.0
838,"related morbidity, stage diagnosis, combination strategies, clinical intervention",0.5130434782608695
838,"role intercellular communication, testicular torsion, nanoparticle tracking analysis, mir 21 5p",0.0
838,"therapeutic strategies including, exosomes emerging, epigenetic modulation, solid cancers",0.05869565217391304
838,"transgene expression, metabolite production, study illustrates, precise genome",0.04565217391304348
838,"web science core, mean sd age, research hotspots, 28 day mortality",0.0
839,"bla ctx, spectrum lactamase esbl, sequence types sts, coli isolates",0.0
839,"details use execution, myosin motors, nascent chain, origin life",0.4782608695652174
839,"editorial emerging, author correction, g2 phase, model pd",0.002173913043478261
839,"fetal liver, stalled replication forks, pulmonary vascular, chromatin state",0.06304347826086958
839,"recent findings recent, cell multi omics, complex microbial, crispr cas based",0.0
839,"related morbidity, stage diagnosis, combination strategies, clinical intervention",0.3804347826086957
839,"role intercellular communication, testicular torsion, nanoparticle tracking analysis, mir 21 5p",0.0
839,"therapeutic strategies including, exosomes emerging, epigenetic modulation, solid cancers",0.03695652173913044
839,"transgene expression, metabolite production, study illustrates, precise genome",0.0391304347826087
839,"web science core, mean sd age, research hotspots, 28 day mortality",0.0
840,"bla ctx, spectrum lactamase esbl, sequence types sts, coli isolates",0.0
840,"details use execution, myosin motors, nascent chain, origin life",0.30434782608695654
840,"editorial emerging, author correction, g2 phase, model pd",0.01956521739130435
840,"fetal liver, stalled replication forks, pulmonary vascular, chromatin state",0.06086956521739131
840,"recent findings recent, cell multi omics, complex microbial, crispr cas based",0.0
840,"related morbidity, stage diagnosis, combination strategies, clinical intervention",0.5130434782608697
840,"role intercellular communication, testicular torsion, nanoparticle tracking analysis, mir 21 5p",0.0
840,"therapeutic strategies including, exosomes emerging, epigenetic modulation, solid cancers",0.0391304347826087
840,"transgene expression, metabolite production, study illustrates, precise genome",0.06304347826086956
840,"web science core, mean sd age, research hotspots, 28 day mortality",0.0
841,"bla ctx, spectrum lactamase esbl, sequence types sts, coli isolates",0.0
841,"details use execution, myosin motors, nascent chain, origin life",0.21739130434782608
841,"editorial emerging, author correction, g2 phase, model pd",0.0
841,"fetal liver, stalled replication forks, pulmonary vascular, chromatin state",0.034782608695652174
841,"recent findings recent, cell multi omics, complex microbial, crispr cas based",0.0
841,"related morbidity, stage diagnosis, combination strategies, clinical intervention",0.6086956521739131
841,"role intercellular communication, testicular torsion, nanoparticle tracking analysis, mir 21 5p",0.0
841,"therapeutic strategies including, exosomes emerging, epigenetic modulation, solid cancers",0.09347826086956522
841,"transgene expression, metabolite production, study illustrates, precise genome",0.04565217391304348
841,"web science core, mean sd age, research hotspots, 28 day mortality",0.0
842,"bla ctx, spectrum lactamase esbl, sequence types sts, coli isolates",0.0
842,"details use execution, myosin motors, nascent chain, origin life",0.2608695652173913
842,"editorial emerging, author correction, g2 phase, model pd",0.002173913043478261
842,"fetal liver, stalled replication forks, pulmonary vascular, chromatin state",0.03695652173913044
842,"recent findings recent, cell multi omics, complex microbial, crispr cas based",0.0
842,"related morbidity, stage diagnosis, combination strategies, clinical intervention",0.6195652173913043
842,"role intercellular communication, testicular torsion, nanoparticle tracking analysis, mir 21 5p",0.0
842,"therapeutic strategies including, exosomes emerging, epigenetic modulation, solid cancers",0.05434782608695652
842,"transgene expression, metabolite production, study illustrates, precise genome",0.02608695652173913
842,"web science core, mean sd age, research hotspots, 28 day mortality",0.0
843,"bla ctx, spectrum lactamase esbl, sequence types sts, coli isolates",0.0
843,"details use execution, myosin motors, nascent chain, origin life",0.30434782608695654
843,"editorial emerging, author correction, g2 phase, model pd",0.021739130434782608
843,"fetal liver, stalled replication forks, pulmonary vascular, chromatin state",0.05217391304347827
843,"recent findings recent, cell multi omics, complex microbial, crispr cas based",0.0
843,"related morbidity, stage diagnosis, combination strategies, clinical intervention",0.5195652173913043
843,"role intercellular communication, testicular torsion, nanoparticle tracking analysis, mir 21 5p",0.0
843,"therapeutic strategies including, exosomes emerging, epigenetic modulation, solid cancers",0.05217391304347826
843,"transgene expression, metabolite production, study illustrates, precise genome",0.05
843,"web science core, mean sd age, research hotspots, 28 day mortality",0.0
844,"bla ctx, spectrum lactamase esbl, sequence types sts, coli isolates",0.0
844,"details use execution, myosin motors, nascent chain, origin life",0.43478260869565216
844,"editorial emerging, author correction, g2 phase, model pd",0.0
844,"fetal liver, stalled replication forks, pulmonary vascular, chromatin state",0.06304347826086958
844,"recent findings recent, cell multi omics, complex microbial, crispr cas based",0.0
844,"related morbidity, stage diagnosis, combination strategies, clinical intervention",0.4304347826086956
844,"role intercellular communication, testicular torsion, nanoparticle tracking analysis, mir 21 5p",0.0
844,"therapeutic strategies including, exosomes emerging, epigenetic modulation, solid cancers",0.017391304347826087
844,"transgene expression, metabolite production, study illustrates, precise genome",0.05434782608695652
844,"web science core, mean sd age, research hotspots, 28 day mortality",0.0
845,"bla ctx, spectrum lactamase esbl, sequence types sts, coli isolates",0.0
845,"details use execution, myosin motors, nascent chain, origin life",0.30434782608695654
845,"editorial emerging, author correction, g2 phase, model pd",0.0
845,"fetal liver, stalled replication forks, pulmonary vascular, chromatin state",0.09347826086956523
845,"recent findings recent, cell multi omics, complex microbial, crispr cas based",0.0
845,"related morbidity, stage diagnosis, combination strategies, clinical intervention",0.45652173913043476
845,"role intercellular communication, testicular torsion, nanoparticle tracking analysis, mir 21 5p",0.0
845,"therapeutic strategies including, exosomes emerging, epigenetic modulation, solid cancers",0.08043478260869565
845,"transgene expression, metabolite production, study illustrates, precise genome",0.06521739130434782
845,"web science core, mean sd age, research hotspots, 28 day mortality",0.0
846,"bla ctx, spectrum lactamase esbl, sequence types sts, coli isolates",0.0
846,"details use execution, myosin motors, nascent chain, origin life",0.43478260869565216
846,"editorial emerging, author correction, g2 phase, model pd",0.0
846,"fetal liver, stalled replication forks, pulmonary vascular, chromatin state",0.09347826086956522
846,"recent findings recent, cell multi omics, complex microbial, crispr cas based",0.0
846,"related morbidity, stage diagnosis, combination strategies, clinical intervention",0.33695652173913043
846,"role intercellular communication, testicular torsion, nanoparticle tracking analysis, mir 21 5p",0.0
846,"therapeutic strategies including, exosomes emerging, epigenetic modulation, solid cancers",0.0782608695652174
846,"transgene expression, metabolite production, study illustrates, precise genome",0.056521739130434796
846,"web science core, mean sd age, research hotspots, 28 day mortality",0.0
847,"bla ctx, spectrum lactamase esbl, sequence types sts, coli isolates",0.0
847,"details use execution, myosin motors, nascent chain, origin life",0.30434782608695654
847,"editorial emerging, author correction, g2 phase, model pd",0.0
847,"fetal liver, stalled replication forks, pulmonary vascular, chromatin state",0.034782608695652174
847,"recent findings recent, cell multi omics, complex microbial, crispr cas based",0.0
847,"related morbidity, stage diagnosis, combination strategies, clinical intervention",0.584782608695652
847,"role intercellular communication, testicular torsion, nanoparticle tracking analysis, mir 21 5p",0.0
847,"therapeutic strategies including, exosomes emerging, epigenetic modulation, solid cancers",0.04130434782608696
847,"transgene expression, metabolite production, study illustrates, precise genome",0.03478260869565218
847,"web science core, mean sd age, research hotspots, 28 day mortality",0.0
848,"bla ctx, spectrum lactamase esbl, sequence types sts, coli isolates",0.0
848,"details use execution, myosin motors, nascent chain, origin life",0.34782608695652173
848,"editorial emerging, author correction, g2 phase, model pd",0.0
848,"fetal liver, stalled replication forks, pulmonary vascular, chromatin state",0.10652173913043476
848,"recent findings recent, cell multi omics, complex microbial, crispr cas based",0.0
848,"related morbidity, stage diagnosis, combination strategies, clinical intervention",0.4369565217391304
848,"role intercellular communication, testicular torsion, nanoparticle tracking analysis, mir 21 5p",0.0
848,"therapeutic strategies including, exosomes emerging, epigenetic modulation, solid cancers",0.03043478260869565
848,"transgene expression, metabolite production, study illustrates, precise genome",0.0782608695652174
848,"web science core, mean sd age, research hotspots, 28 day mortality",0.0
849,"bla ctx, spectrum lactamase esbl, sequence types sts, coli isolates",0.0
849,"details use execution, myosin motors, nascent chain, origin life",0.391304347826087
849,"editorial emerging, author correction, g2 phase, model pd",0.01956521739130435
849,"fetal liver, stalled replication forks, pulmonary vascular, chromatin state",0.05217391304347827
849,"recent findings recent, cell multi omics, complex microbial, crispr cas based",0.0
849,"related morbidity, stage diagnosis, combination strategies, clinical intervention",0.3869565217391305
849,"role intercellular communication, testicular torsion, nanoparticle tracking analysis, mir 21 5p",0.0
849,"therapeutic strategies including, exosomes emerging, epigenetic modulation, solid cancers",0.09999999999999999
849,"transgene expression, metabolite production, study illustrates, precise genome",0.049999999999999996
849,"web science core, mean sd age, research hotspots, 28 day mortality",0.0
850,"bla ctx, spectrum lactamase esbl, sequence types sts, coli isolates",0.0
850,"details use execution, myosin motors, nascent chain, origin life",0.30434782608695654
850,"editorial emerging, author correction, g2 phase, model pd",0.01956521739130435
850,"fetal liver, stalled replication forks, pulmonary vascular, chromatin state",0.09565217391304348
850,"recent findings recent, cell multi omics, complex microbial, crispr cas based",0.0
850,"related morbidity, stage diagnosis, combination strategies, clinical intervention",0.4717391304347826
850,"role intercellular communication, testicular torsion, nanoparticle tracking analysis, mir 21 5p",0.0
850,"therapeutic strategies including, exosomes emerging, epigenetic modulation, solid cancers",0.02391304347826087
850,"transgene expression, metabolite production, study illustrates, precise genome",0.08478260869565217
850,"web science core, mean sd age, research hotspots, 28 day mortality",0.0
851,"bla ctx, spectrum lactamase esbl, sequence types sts, coli isolates",0.0
851,"details use execution, myosin motors, nascent chain, origin life",0.2608695652173913
851,"editorial emerging, author correction, g2 phase, model pd",0.021739130434782608
851,"fetal liver, stalled replication forks, pulmonary vascular, chromatin state",0.08043478260869566
851,"recent findings recent, cell multi omics, complex microbial, crispr cas based",0.0
851,"related morbidity, stage diagnosis, combination strategies, clinical intervention",0.5130434782608695
851,"role intercellular communication, testicular torsion, nanoparticle tracking analysis, mir 21 5p",0.0
851,"therapeutic strategies including, exosomes emerging, epigenetic modulation, solid cancers",0.041304347826086954
851,"transgene expression, metabolite production, study illustrates, precise genome",0.08260869565217392
851,"web science core, mean sd age, research hotspots, 28 day mortality",0.0
852,"bla ctx, spectrum lactamase esbl, sequence types sts, coli isolates",0.0
852,"details use execution, myosin motors, nascent chain, origin life",0.43478260869565216
852,"editorial emerging, author correction, g2 phase, model pd",0.021739130434782608
852,"fetal liver, stalled replication forks, pulmonary vascular, chromatin state",0.04782608695652174
852,"recent findings recent, cell multi omics, complex microbial, crispr cas based",0.0
852,"related morbidity, stage diagnosis, combination strategies, clinical intervention",0.38913043478260867
852,"role intercellular communication, testicular torsion, nanoparticle tracking analysis, mir 21 5p",0.0
852,"therapeutic strategies including, exosomes emerging, epigenetic modulation, solid cancers",0.03260869565217391
852,"transgene expression, metabolite production, study illustrates, precise genome",0.07391304347826087
852,"web science core, mean sd age, research hotspots, 28 day mortality",0.0
853,"bla ctx, spectrum lactamase esbl, sequence types sts, coli isolates",0.0
853,"details use execution, myosin motors, nascent chain, origin life",0.30434782608695654
853,"editorial emerging, author correction, g2 phase, model pd",0.01956521739130435
853,"fetal liver, stalled replication forks, pulmonary vascular, chromatin state",0.030434782608695653
853,"recent findings recent, cell multi omics, complex microbial, crispr cas based",0.0
853,"related morbidity, stage diagnosis, combination strategies, clinical intervention",0.558695652173913
853,"role intercellular communication, testicular torsion, nanoparticle tracking analysis, mir 21 5p",0.0
853,"therapeutic strategies including, exosomes emerging, epigenetic modulation, solid cancers",0.034782608695652174
853,"transgene expression, metabolite production, study illustrates, precise genome",0.05217391304347827
853,"web science core, mean sd age, research hotspots, 28 day mortality",0.0
854,"bla ctx, spectrum lactamase esbl, sequence types sts, coli isolates",0.0
854,"details use execution, myosin motors, nascent chain, origin life",0.30434782608695654
854,"editorial emerging, author correction, g2 phase, model pd",0.01956521739130435
854,"fetal liver, stalled replication forks, pulmonary vascular, chromatin state",0.0673913043478261
854,"recent findings recent, cell multi omics, complex microbial, crispr cas based",0.0
854,"related morbidity, stage diagnosis, combination strategies, clinical intervention",0.4847826086956521
854,"role intercellular communication, testicular torsion, nanoparticle tracking analysis, mir 21 5p",0.0
854,"therapeutic strategies including, exosomes emerging, epigenetic modulation, solid cancers",0.05652173913043478
854,"transgene expression, metabolite production, study illustrates, precise genome",0.06739130434782609
854,"web science core, mean sd age, research hotspots, 28 day mortality",0.0
855,"bla ctx, spectrum lactamase esbl, sequence types sts, coli isolates",0.0
855,"details use execution, myosin motors, nascent chain, origin life",0.43478260869565216
855,"editorial emerging, author correction, g2 phase, model pd",0.01956521739130435
855,"fetal liver, stalled replication forks, pulmonary vascular, chromatin state",0.06304347826086958
855,"recent findings recent, cell multi omics, complex microbial, crispr cas based",0.0
855,"related morbidity, stage diagnosis, combination strategies, clinical intervention",0.38913043478260867
855,"role intercellular communication, testicular torsion, nanoparticle tracking analysis, mir 21 5p",0.0
855,"therapeutic strategies including, exosomes emerging, epigenetic modulation, solid cancers",0.03695652173913044
855,"transgene expression, metabolite production, study illustrates, precise genome",0.05652173913043478
855,"web science core, mean sd age, research hotspots, 28 day mortality",0.0
856,"bla ctx, spectrum lactamase esbl, sequence types sts, coli isolates",0.0
856,"details use execution, myosin motors, nascent chain, origin life",0.43478260869565216
856,"editorial emerging, author correction, g2 phase, model pd",0.0
856,"fetal liver, stalled replication forks, pulmonary vascular, chromatin state",0.10869565217391304
856,"recent findings recent, cell multi omics, complex microbial, crispr cas based",0.0
856,"related morbidity, stage diagnosis, combination strategies, clinical intervention",0.3869565217391305
856,"role intercellular communication, testicular torsion, nanoparticle tracking analysis, mir 21 5p",0.0
856,"therapeutic strategies including, exosomes emerging, epigenetic modulation, solid cancers",0.004347826086956522
856,"transgene expression, metabolite production, study illustrates, precise genome",0.06521739130434784
856,"web science core, mean sd age, research hotspots, 28 day mortality",0.0
857,"bla ctx, spectrum lactamase esbl, sequence types sts, coli isolates",0.0
857,"details use execution, myosin motors, nascent chain, origin life",0.21739130434782608
857,"editorial emerging, author correction, g2 phase, model pd",0.0
857,"fetal liver, stalled replication forks, pulmonary vascular, chromatin state",0.07391304347826087
857,"recent findings recent, cell multi omics, complex microbial, crispr cas based",0.0
857,"related morbidity, stage diagnosis, combination strategies, clinical intervention",0.6369565217391304
857,"role intercellular communication, testicular torsion, nanoparticle tracking analysis, mir 21 5p",0.0
857,"therapeutic strategies including, exosomes emerging, epigenetic modulation, solid cancers",0.03260869565217391
857,"transgene expression, metabolite production, study illustrates, precise genome",0.0391304347826087
857,"web science core, mean sd age, research hotspots, 28 day mortality",0.0
858,"bla ctx, spectrum lactamase esbl, sequence types sts, coli isolates",0.0
858,"details use execution, myosin motors, nascent chain, origin life",0.391304347826087
858,"editorial emerging, author correction, g2 phase, model pd",0.0
858,"fetal liver, stalled replication forks, pulmonary vascular, chromatin state",0.08043478260869566
858,"recent findings recent, cell multi omics, complex microbial, crispr cas based",0.0
858,"related morbidity, stage diagnosis, combination strategies, clinical intervention",0.3804347826086957
858,"role intercellular communication, testicular torsion, nanoparticle tracking analysis, mir 21 5p",0.0
858,"therapeutic strategies including, exosomes emerging, epigenetic modulation, solid cancers",0.06739130434782609
858,"transgene expression, metabolite production, study illustrates, precise genome",0.08043478260869566
858,"web science core, mean sd age, research hotspots, 28 day mortality",0.0
859,"bla ctx, spectrum lactamase esbl, sequence types sts, coli isolates",0.0
859,"details use execution, myosin motors, nascent chain, origin life",0.2608695652173913
859,"editorial emerging, author correction, g2 phase, model pd",0.0
859,"fetal liver, stalled replication forks, pulmonary vascular, chromatin state",0.07608695652173914
859,"recent findings recent, cell multi omics, complex microbial, crispr cas based",0.0
859,"related morbidity, stage diagnosis, combination strategies, clinical intervention",0.5652173913043478
859,"role intercellular communication, testicular torsion, nanoparticle tracking analysis, mir 21 5p",0.0
859,"therapeutic strategies including, exosomes emerging, epigenetic modulation, solid cancers",0.05652173913043478
859,"transgene expression, metabolite production, study illustrates, precise genome",0.04130434782608696
859,"web science core, mean sd age, research hotspots, 28 day mortality",0.0
860,"bla ctx, spectrum lactamase esbl, sequence types sts, coli isolates",0.0
860,"details use execution, myosin motors, nascent chain, origin life",0.34782608695652173
860,"editorial emerging, author correction, g2 phase, model pd",0.0
860,"fetal liver, stalled replication forks, pulmonary vascular, chromatin state",0.03260869565217392
860,"recent findings recent, cell multi omics, complex microbial, crispr cas based",0.0
860,"related morbidity, stage diagnosis, combination strategies, clinical intervention",0.5043478260869565
860,"role intercellular communication, testicular torsion, nanoparticle tracking analysis, mir 21 5p",0.0
860,"therapeutic strategies including, exosomes emerging, epigenetic modulation, solid cancers",0.0782608695652174
860,"transgene expression, metabolite production, study illustrates, precise genome",0.03695652173913044
860,"web science core, mean sd age, research hotspots, 28 day mortality",0.0
861,"bla ctx, spectrum lactamase esbl, sequence types sts, coli isolates",0.0
861,"details use execution, myosin motors, nascent chain, origin life",0.21739130434782608
861,"editorial emerging, author correction, g2 phase, model pd",0.0
861,"fetal liver, stalled replication forks, pulmonary vascular, chromatin state",0.06086956521739132
861,"recent findings recent, cell multi omics, complex microbial, crispr cas based",0.0
861,"related morbidity, stage diagnosis, combination strategies, clinical intervention",0.6239130434782609
861,"role intercellular communication, testicular torsion, nanoparticle tracking analysis, mir 21 5p",0.0
861,"therapeutic strategies including, exosomes emerging, epigenetic modulation, solid cancers",0.02826086956521739
861,"transgene expression, metabolite production, study illustrates, precise genome",0.06956521739130436
861,"web science core, mean sd age, research hotspots, 28 day mortality",0.0
862,"bla ctx, spectrum lactamase esbl, sequence types sts, coli isolates",0.0
862,"details use execution, myosin motors, nascent chain, origin life",0.34782608695652173
862,"editorial emerging, author correction, g2 phase, model pd",0.002173913043478261
862,"fetal liver, stalled replication forks, pulmonary vascular, chromatin state",0.049999999999999996
862,"recent findings recent, cell multi omics, complex microbial, crispr cas based",0.0
862,"related morbidity, stage diagnosis, combination strategies, clinical intervention",0.5108695652173914
862,"role intercellular communication, testicular torsion, nanoparticle tracking analysis, mir 21 5p",0.0
862,"therapeutic strategies including, exosomes emerging, epigenetic modulation, solid cancers",0.058695652173913045
862,"transgene expression, metabolite production, study illustrates, precise genome",0.030434782608695653
862,"web science core, mean sd age, research hotspots, 28 day mortality",0.0
863,"bla ctx, spectrum lactamase esbl, sequence types sts, coli isolates",0.0
863,"details use execution, myosin motors, nascent chain, origin life",0.43478260869565216
863,"editorial emerging, author correction, g2 phase, model pd",0.0
863,"fetal liver, stalled replication forks, pulmonary vascular, chromatin state",0.08695652173913043
863,"recent findings recent, cell multi omics, complex microbial, crispr cas based",0.0
863,"related morbidity, stage diagnosis, combination strategies, clinical intervention",0.3565217391304348
863,"role intercellular communication, testicular torsion, nanoparticle tracking analysis, mir 21 5p",0.0
863,"therapeutic strategies including, exosomes emerging, epigenetic modulation, solid cancers",0.04565217391304348
863,"transgene expression, metabolite production, study illustrates, precise genome",0.07608695652173915
863,"web science core, mean sd age, research hotspots, 28 day mortality",0.0
864,"bla ctx, spectrum lactamase esbl, sequence types sts, coli isolates",0.0
864,"details use execution, myosin motors, nascent chain, origin life",0.30434782608695654
864,"editorial emerging, author correction, g2 phase, model pd",0.0
864,"fetal liver, stalled replication forks, pulmonary vascular, chromatin state",0.05434782608695652
864,"recent findings recent, cell multi omics, complex microbial, crispr cas based",0.0
864,"related morbidity, stage diagnosis, combination strategies, clinical intervention",0.5065217391304346
864,"role intercellular communication, testicular torsion, nanoparticle tracking analysis, mir 21 5p",0.0
864,"therapeutic strategies including, exosomes emerging, epigenetic modulation, solid cancers",0.07608695652173914
864,"transgene expression, metabolite production, study illustrates, precise genome",0.05869565217391306
864,"web science core, mean sd age, research hotspots, 28 day mortality",0.0
865,"bla ctx, spectrum lactamase esbl, sequence types sts, coli isolates",0.0
865,"details use execution, myosin motors, nascent chain, origin life",0.2608695652173913
865,"editorial emerging, author correction, g2 phase, model pd",0.0
865,"fetal liver, stalled replication forks, pulmonary vascular, chromatin state",0.08478260869565218
865,"recent findings recent, cell multi omics, complex microbial, crispr cas based",0.0
865,"related morbidity, stage diagnosis, combination strategies, clinical intervention",0.5826086956521739
865,"role intercellular communication, testicular torsion, nanoparticle tracking analysis, mir 21 5p",0.0
865,"therapeutic strategies including, exosomes emerging, epigenetic modulation, solid cancers",0.002173913043478261
865,"transgene expression, metabolite production, study illustrates, precise genome",0.06956521739130436
865,"web science core, mean sd age, research hotspots, 28 day mortality",0.0
866,"bla ctx, spectrum lactamase esbl, sequence types sts, coli isolates",0.0
866,"details use execution, myosin motors, nascent chain, origin life",0.34782608695652173
866,"editorial emerging, author correction, g2 phase, model pd",0.01956521739130435
866,"fetal liver, stalled replication forks, pulmonary vascular, chromatin state",0.1217391304347826
866,"recent findings recent, cell multi omics, complex microbial, crispr cas based",0.0
866,"related morbidity, stage diagnosis, combination strategies, clinical intervention",0.38913043478260867
866,"role intercellular communication, testicular torsion, nanoparticle tracking analysis, mir 21 5p",0.0
866,"therapeutic strategies including, exosomes emerging, epigenetic modulation, solid cancers",0.034782608695652174
866,"transgene expression, metabolite production, study illustrates, precise genome",0.08695652173913043
866,"web science core, mean sd age, research hotspots, 28 day mortality",0.0
867,"bla ctx, spectrum lactamase esbl, sequence types sts, coli isolates",0.0
867,"details use execution, myosin motors, nascent chain, origin life",0.21739130434782608
867,"editorial emerging, author correction, g2 phase, model pd",0.002173913043478261
867,"fetal liver, stalled replication forks, pulmonary vascular, chromatin state",0.11739130434782609
867,"recent findings recent, cell multi omics, complex microbial, crispr cas based",0.0
867,"related morbidity, stage diagnosis, combination strategies, clinical intervention",0.5521739130434782
867,"role intercellular communication, testicular torsion, nanoparticle tracking analysis, mir 21 5p",0.0
867,"therapeutic strategies including, exosomes emerging, epigenetic modulation, solid cancers",0.034782608695652174
867,"transgene expression, metabolite production, study illustrates, precise genome",0.07608695652173914
867,"web science core, mean sd age, research hotspots, 28 day mortality",0.0
868,"bla ctx, spectrum lactamase esbl, sequence types sts, coli isolates",0.0
868,"details use execution, myosin motors, nascent chain, origin life",0.391304347826087
868,"editorial emerging, author correction, g2 phase, model pd",0.002173913043478261
868,"fetal liver, stalled replication forks, pulmonary vascular, chromatin state",0.04565217391304348
868,"recent findings recent, cell multi omics, complex microbial, crispr cas based",0.0
868,"related morbidity, stage diagnosis, combination strategies, clinical intervention",0.4760869565217391
868,"role intercellular communication, testicular torsion, nanoparticle tracking analysis, mir 21 5p",0.0
868,"therapeutic strategies including, exosomes emerging, epigenetic modulation, solid cancers",0.04565217391304348
868,"transgene expression, metabolite production, study illustrates, precise genome",0.0391304347826087
868,"web science core, mean sd age, research hotspots, 28 day mortality",0.0
869,"bla ctx, spectrum lactamase esbl, sequence types sts, coli isolates",0.0
869,"details use execution, myosin motors, nascent chain, origin life",0.2608695652173913
869,"editorial emerging, author correction, g2 phase, model pd",0.0
869,"fetal liver, stalled replication forks, pulmonary vascular, chromatin state",0.09130434782608696
869,"recent findings recent, cell multi omics, complex microbial, crispr cas based",0.0
869,"related morbidity, stage diagnosis, combination strategies, clinical intervention",0.5108695652173914
869,"role intercellular communication, testicular torsion, nanoparticle tracking analysis, mir 21 5p",0.0
869,"therapeutic strategies including, exosomes emerging, epigenetic modulation, solid cancers",0.08043478260869566
869,"transgene expression, metabolite production, study illustrates, precise genome",0.05652173913043478
869,"web science core, mean sd age, research hotspots, 28 day mortality",0.0
870,"bla ctx, spectrum lactamase esbl, sequence types sts, coli isolates",0.0
870,"details use execution, myosin motors, nascent chain, origin life",0.21739130434782608
870,"editorial emerging, author correction, g2 phase, model pd",0.002173913043478261
870,"fetal liver, stalled replication forks, pulmonary vascular, chromatin state",0.07608695652173914
870,"recent findings recent, cell multi omics, complex microbial, crispr cas based",0.0
870,"related morbidity, stage diagnosis, combination strategies, clinical intervention",0.5608695652173912
870,"role intercellular communication, testicular torsion, nanoparticle tracking analysis, mir 21 5p",0.0
870,"therapeutic strategies including, exosomes emerging, epigenetic modulation, solid cancers",0.08043478260869566
870,"transgene expression, metabolite production, study illustrates, precise genome",0.06304347826086956
870,"web science core, mean sd age, research hotspots, 28 day mortality",0.0
871,"bla ctx, spectrum lactamase esbl, sequence types sts, coli isolates",0.0
871,"details use execution, myosin motors, nascent chain, origin life",0.2608695652173913
871,"editorial emerging, author correction, g2 phase, model pd",0.002173913043478261
871,"fetal liver, stalled replication forks, pulmonary vascular, chromatin state",0.10434782608695654
871,"recent findings recent, cell multi omics, complex microbial, crispr cas based",0.0
871,"related morbidity, stage diagnosis, combination strategies, clinical intervention",0.47608695652173905
871,"role intercellular communication, testicular torsion, nanoparticle tracking analysis, mir 21 5p",0.0
871,"therapeutic strategies including, exosomes emerging, epigenetic modulation, solid cancers",0.06739130434782609
871,"transgene expression, metabolite production, study illustrates, precise genome",0.08913043478260871
871,"web science core, mean sd age, research hotspots, 28 day mortality",0.0
872,"bla ctx, spectrum lactamase esbl, sequence types sts, coli isolates",0.0
872,"details use execution, myosin motors, nascent chain, origin life",0.34782608695652173
872,"editorial emerging, author correction, g2 phase, model pd",0.021739130434782608
872,"fetal liver, stalled replication forks, pulmonary vascular, chromatin state",0.0782608695652174
872,"recent findings recent, cell multi omics, complex microbial, crispr cas based",0.0
872,"related morbidity, stage diagnosis, combination strategies, clinical intervention",0.4282608695652175
872,"role intercellular communication, testicular torsion, nanoparticle tracking analysis, mir 21 5p",0.0
872,"therapeutic strategies including, exosomes emerging, epigenetic modulation, solid cancers",0.043478260869565216
872,"transgene expression, metabolite production, study illustrates, precise genome",0.08043478260869566
872,"web science core, mean sd age, research hotspots, 28 day mortality",0.0
873,"bla ctx, spectrum lactamase esbl, sequence types sts, coli isolates",0.0
873,"details use execution, myosin motors, nascent chain, origin life",0.391304347826087
873,"editorial emerging, author correction, g2 phase, model pd",0.0
873,"fetal liver, stalled replication forks, pulmonary vascular, chromatin state",0.09130434782608696
873,"recent findings recent, cell multi omics, complex microbial, crispr cas based",0.0
873,"related morbidity, stage diagnosis, combination strategies, clinical intervention",0.41086956521739126
873,"role intercellular communication, testicular torsion, nanoparticle tracking analysis, mir 21 5p",0.0
873,"therapeutic strategies including, exosomes emerging, epigenetic modulation, solid cancers",0.030434782608695653
873,"transgene expression, metabolite production, study illustrates, precise genome",0.07608695652173914
873,"web science core, mean sd age, research hotspots, 28 day mortality",0.0
874,"bla ctx, spectrum lactamase esbl, sequence types sts, coli isolates",0.0
874,"details use execution, myosin motors, nascent chain, origin life",0.2608695652173913
874,"editorial emerging, author correction, g2 phase, model pd",0.0
874,"fetal liver, stalled replication forks, pulmonary vascular, chromatin state",0.0782608695652174
874,"recent findings recent, cell multi omics, complex microbial, crispr cas based",0.0
874,"related morbidity, stage diagnosis, combination strategies, clinical intervention",0.5434782608695652
874,"role intercellular communication, testicular torsion, nanoparticle tracking analysis, mir 21 5p",0.0
874,"therapeutic strategies including, exosomes emerging, epigenetic modulation, solid cancers",0.04565217391304348
874,"transgene expression, metabolite production, study illustrates, precise genome",0.07173913043478261
874,"web science core, mean sd age, research hotspots, 28 day mortality",0.0
875,"bla ctx, spectrum lactamase esbl, sequence types sts, coli isolates",0.0
875,"details use execution, myosin motors, nascent chain, origin life",0.2608695652173913
875,"editorial emerging, author correction, g2 phase, model pd",0.002173913043478261
875,"fetal liver, stalled replication forks, pulmonary vascular, chromatin state",0.18695652173913044
875,"recent findings recent, cell multi omics, complex microbial, crispr cas based",0.0
875,"related morbidity, stage diagnosis, combination strategies, clinical intervention",0.4239130434782609
875,"role intercellular communication, testicular torsion, nanoparticle tracking analysis, mir 21 5p",0.0
875,"therapeutic strategies including, exosomes emerging, epigenetic modulation, solid cancers",0.004347826086956522
875,"transgene expression, metabolite production, study illustrates, precise genome",0.12173913043478261
875,"web science core, mean sd age, research hotspots, 28 day mortality",0.0
876,"bla ctx, spectrum lactamase esbl, sequence types sts, coli isolates",0.0
876,"details use execution, myosin motors, nascent chain, origin life",0.2608695652173913
876,"editorial emerging, author correction, g2 phase, model pd",0.01956521739130435
876,"fetal liver, stalled replication forks, pulmonary vascular, chromatin state",0.11739130434782608
876,"recent findings recent, cell multi omics, complex microbial, crispr cas based",0.0
876,"related morbidity, stage diagnosis, combination strategies, clinical intervention",0.47608695652173927
876,"role intercellular communication, testicular torsion, nanoparticle tracking analysis, mir 21 5p",0.0
876,"therapeutic strategies including, exosomes emerging, epigenetic modulation, solid cancers",0.043478260869565216
876,"transgene expression, metabolite production, study illustrates, precise genome",0.08260869565217392
876,"web science core, mean sd age, research hotspots, 28 day mortality",0.0
877,"bla ctx, spectrum lactamase esbl, sequence types sts, coli isolates",0.0
877,"details use execution, myosin motors, nascent chain, origin life",0.30434782608695654
877,"editorial emerging, author correction, g2 phase, model pd",0.0
877,"fetal liver, stalled replication forks, pulmonary vascular, chromatin state",0.04565217391304348
877,"recent findings recent, cell multi omics, complex microbial, crispr cas based",0.0
877,"related morbidity, stage diagnosis, combination strategies, clinical intervention",0.5173913043478261
877,"role intercellular communication, testicular torsion, nanoparticle tracking analysis, mir 21 5p",0.0
877,"therapeutic strategies including, exosomes emerging, epigenetic modulation, solid cancers",0.09565217391304348
877,"transgene expression, metabolite production, study illustrates, precise genome",0.036956521739130443
877,"web science core, mean sd age, research hotspots, 28 day mortality",0.0
878,"bla ctx, spectrum lactamase esbl, sequence types sts, coli isolates",0.0
878,"details use execution, myosin motors, nascent chain, origin life",0.34782608695652173
878,"editorial emerging, author correction, g2 phase, model pd",0.0
878,"fetal liver, stalled replication forks, pulmonary vascular, chromatin state",0.08478260869565218
878,"recent findings recent, cell multi omics, complex microbial, crispr cas based",0.0
878,"related morbidity, stage diagnosis, combination strategies, clinical intervention",0.49999999999999994
878,"role intercellular communication, testicular torsion, nanoparticle tracking analysis, mir 21 5p",0.0
878,"therapeutic strategies including, exosomes emerging, epigenetic modulation, solid cancers",0.017391304347826087
878,"transgene expression, metabolite production, study illustrates, precise genome",0.05
878,"web science core, mean sd age, research hotspots, 28 day mortality",0.0
879,"bla ctx, spectrum lactamase esbl, sequence types sts, coli isolates",0.0
879,"details use execution, myosin motors, nascent chain, origin life",0.30434782608695654
879,"editorial emerging, author correction, g2 phase, model pd",0.002173913043478261
879,"fetal liver, stalled replication forks, pulmonary vascular, chromatin state",0.03695652173913044
879,"recent findings recent, cell multi omics, complex microbial, crispr cas based",0.0
879,"related morbidity, stage diagnosis, combination strategies, clinical intervention",0.5739130434782609
879,"role intercellular communication, testicular torsion, nanoparticle tracking analysis, mir 21 5p",0.0
879,"therapeutic strategies including, exosomes emerging, epigenetic modulation, solid cancers",0.03695652173913044
879,"transgene expression, metabolite production, study illustrates, precise genome",0.04565217391304348
879,"web science core, mean sd age, research hotspots, 28 day mortality",0.0
880,"bla ctx, spectrum lactamase esbl, sequence types sts, coli isolates",0.0
880,"details use execution, myosin motors, nascent chain, origin life",0.34782608695652173
880,"editorial emerging, author correction, g2 phase, model pd",0.01956521739130435
880,"fetal liver, stalled replication forks, pulmonary vascular, chromatin state",0.0391304347826087
880,"recent findings recent, cell multi omics, complex microbial, crispr cas based",0.0
880,"related morbidity, stage diagnosis, combination strategies, clinical intervention",0.4673913043478261
880,"role intercellular communication, testicular torsion, nanoparticle tracking analysis, mir 21 5p",0.0
880,"therapeutic strategies including, exosomes emerging, epigenetic modulation, solid cancers",0.08260869565217391
880,"transgene expression, metabolite production, study illustrates, precise genome",0.043478260869565216
880,"web science core, mean sd age, research hotspots, 28 day mortality",0.0
881,"bla ctx, spectrum lactamase esbl, sequence types sts, coli isolates",0.0
881,"details use execution, myosin motors, nascent chain, origin life",0.34782608695652173
881,"editorial emerging, author correction, g2 phase, model pd",0.0
881,"fetal liver, stalled replication forks, pulmonary vascular, chromatin state",0.05217391304347827
881,"recent findings recent, cell multi omics, complex microbial, crispr cas based",0.0
881,"related morbidity, stage diagnosis, combination strategies, clinical intervention",0.4956521739130435
881,"role intercellular communication, testicular torsion, nanoparticle tracking analysis, mir 21 5p",0.0
881,"therapeutic strategies including, exosomes emerging, epigenetic modulation, solid cancers",0.05434782608695652
881,"transgene expression, metabolite production, study illustrates, precise genome",0.05
881,"web science core, mean sd age, research hotspots, 28 day mortality",0.0
882,"bla ctx, spectrum lactamase esbl, sequence types sts, coli isolates",0.0
882,"details use execution, myosin motors, nascent chain, origin life",0.2608695652173913
882,"editorial emerging, author correction, g2 phase, model pd",0.021739130434782608
882,"fetal liver, stalled replication forks, pulmonary vascular, chromatin state",0.09782608695652174
882,"recent findings recent, cell multi omics, complex microbial, crispr cas based",0.0
882,"related morbidity, stage diagnosis, combination strategies, clinical intervention",0.4739130434782608
882,"role intercellular communication, testicular torsion, nanoparticle tracking analysis, mir 21 5p",0.0
882,"therapeutic strategies including, exosomes emerging, epigenetic modulation, solid cancers",0.05652173913043478
882,"transgene expression, metabolite production, study illustrates, precise genome",0.0891304347826087
882,"web science core, mean sd age, research hotspots, 28 day mortality",0.0
883,"bla ctx, spectrum lactamase esbl, sequence types sts, coli isolates",0.0
883,"details use execution, myosin motors, nascent chain, origin life",0.2608695652173913
883,"editorial emerging, author correction, g2 phase, model pd",0.0
883,"fetal liver, stalled replication forks, pulmonary vascular, chromatin state",0.09999999999999999
883,"recent findings recent, cell multi omics, complex microbial, crispr cas based",0.0
883,"related morbidity, stage diagnosis, combination strategies, clinical intervention",0.5521739130434783
883,"role intercellular communication, testicular torsion, nanoparticle tracking analysis, mir 21 5p",0.0
883,"therapeutic strategies including, exosomes emerging, epigenetic modulation, solid cancers",0.0391304347826087
883,"transgene expression, metabolite production, study illustrates, precise genome",0.04782608695652174
883,"web science core, mean sd age, research hotspots, 28 day mortality",0.0
884,"bla ctx, spectrum lactamase esbl, sequence types sts, coli isolates",0.0
884,"details use execution, myosin motors, nascent chain, origin life",0.5217391304347826
884,"editorial emerging, author correction, g2 phase, model pd",0.0
884,"fetal liver, stalled replication forks, pulmonary vascular, chromatin state",0.049999999999999996
884,"recent findings recent, cell multi omics, complex microbial, crispr cas based",0.0
884,"related morbidity, stage diagnosis, combination strategies, clinical intervention",0.3065217391304348
884,"role intercellular communication, testicular torsion, nanoparticle tracking analysis, mir 21 5p",0.0
884,"therapeutic strategies including, exosomes emerging, epigenetic modulation, solid cancers",0.09130434782608696
884,"transgene expression, metabolite production, study illustrates, precise genome",0.03043478260869566
884,"web science core, mean sd age, research hotspots, 28 day mortality",0.0
885,"bla ctx, spectrum lactamase esbl, sequence types sts, coli isolates",0.0
885,"details use execution, myosin motors, nascent chain, origin life",0.34782608695652173
885,"editorial emerging, author correction, g2 phase, model pd",0.002173913043478261
885,"fetal liver, stalled replication forks, pulmonary vascular, chromatin state",0.05
885,"recent findings recent, cell multi omics, complex microbial, crispr cas based",0.0
885,"related morbidity, stage diagnosis, combination strategies, clinical intervention",0.5108695652173912
885,"role intercellular communication, testicular torsion, nanoparticle tracking analysis, mir 21 5p",0.0
885,"therapeutic strategies including, exosomes emerging, epigenetic modulation, solid cancers",0.034782608695652174
885,"transgene expression, metabolite production, study illustrates, precise genome",0.054347826086956534
885,"web science core, mean sd age, research hotspots, 28 day mortality",0.0
886,"bla ctx, spectrum lactamase esbl, sequence types sts, coli isolates",0.0
886,"details use execution, myosin motors, nascent chain, origin life",0.391304347826087
886,"editorial emerging, author correction, g2 phase, model pd",0.0
886,"fetal liver, stalled replication forks, pulmonary vascular, chromatin state",0.058695652173913045
886,"recent findings recent, cell multi omics, complex microbial, crispr cas based",0.0
886,"related morbidity, stage diagnosis, combination strategies, clinical intervention",0.4478260869565217
886,"role intercellular communication, testicular torsion, nanoparticle tracking analysis, mir 21 5p",0.0
886,"therapeutic strategies including, exosomes emerging, epigenetic modulation, solid cancers",0.06956521739130435
886,"transgene expression, metabolite production, study illustrates, precise genome",0.03260869565217391
886,"web science core, mean sd age, research hotspots, 28 day mortality",0.0
887,"bla ctx, spectrum lactamase esbl, sequence types sts, coli isolates",0.0
887,"details use execution, myosin motors, nascent chain, origin life",0.391304347826087
887,"editorial emerging, author correction, g2 phase, model pd",0.01956521739130435
887,"fetal liver, stalled replication forks, pulmonary vascular, chromatin state",0.03695652173913044
887,"recent findings recent, cell multi omics, complex microbial, crispr cas based",0.0
887,"related morbidity, stage diagnosis, combination strategies, clinical intervention",0.4956521739130434
887,"role intercellular communication, testicular torsion, nanoparticle tracking analysis, mir 21 5p",0.0
887,"therapeutic strategies including, exosomes emerging, epigenetic modulation, solid cancers",0.0
887,"transgene expression, metabolite production, study illustrates, precise genome",0.05652173913043478
887,"web science core, mean sd age, research hotspots, 28 day mortality",0.0
888,"bla ctx, spectrum lactamase esbl, sequence types sts, coli isolates",0.0
888,"details use execution, myosin motors, nascent chain, origin life",0.43478260869565216
888,"editorial emerging, author correction, g2 phase, model pd",0.01956521739130435
888,"fetal liver, stalled replication forks, pulmonary vascular, chromatin state",0.017391304347826087
888,"recent findings recent, cell multi omics, complex microbial, crispr cas based",0.0
888,"related morbidity, stage diagnosis, combination strategies, clinical intervention",0.4739130434782609
888,"role intercellular communication, testicular torsion, nanoparticle tracking analysis, mir 21 5p",0.0
888,"therapeutic strategies including, exosomes emerging, epigenetic modulation, solid cancers",0.021739130434782608
888,"transgene expression, metabolite production, study illustrates, precise genome",0.03260869565217391
888,"web science core, mean sd age, research hotspots, 28 day mortality",0.0
889,"bla ctx, spectrum lactamase esbl, sequence types sts, coli isolates",0.0
889,"details use execution, myosin motors, nascent chain, origin life",0.2608695652173913
889,"editorial emerging, author correction, g2 phase, model pd",0.002173913043478261
889,"fetal liver, stalled replication forks, pulmonary vascular, chromatin state",0.06956521739130435
889,"recent findings recent, cell multi omics, complex microbial, crispr cas based",0.0
889,"related morbidity, stage diagnosis, combination strategies, clinical intervention",0.6065217391304347
889,"role intercellular communication, testicular torsion, nanoparticle tracking analysis, mir 21 5p",0.0
889,"therapeutic strategies including, exosomes emerging, epigenetic modulation, solid cancers",0.015217391304347825
889,"transgene expression, metabolite production, study illustrates, precise genome",0.04565217391304348
889,"web science core, mean sd age, research hotspots, 28 day mortality",0.0
890,"bla ctx, spectrum lactamase esbl, sequence types sts, coli isolates",0.0
890,"details use execution, myosin motors, nascent chain, origin life",0.30434782608695654
890,"editorial emerging, author correction, g2 phase, model pd",0.0
890,"fetal liver, stalled replication forks, pulmonary vascular, chromatin state",0.08695652173913043
890,"recent findings recent, cell multi omics, complex microbial, crispr cas based",0.0
890,"related morbidity, stage diagnosis, combination strategies, clinical intervention",0.4978260869565217
890,"role intercellular communication, testicular torsion, nanoparticle tracking analysis, mir 21 5p",0.0
890,"therapeutic strategies including, exosomes emerging, epigenetic modulation, solid cancers",0.04565217391304348
890,"transgene expression, metabolite production, study illustrates, precise genome",0.06521739130434784
890,"web science core, mean sd age, research hotspots, 28 day mortality",0.0
891,"bla ctx, spectrum lactamase esbl, sequence types sts, coli isolates",0.0
891,"details use execution, myosin motors, nascent chain, origin life",0.30434782608695654
891,"editorial emerging, author correction, g2 phase, model pd",0.021739130434782608
891,"fetal liver, stalled replication forks, pulmonary vascular, chromatin state",0.04565217391304348
891,"recent findings recent, cell multi omics, complex microbial, crispr cas based",0.0
891,"related morbidity, stage diagnosis, combination strategies, clinical intervention",0.4978260869565218
891,"role intercellular communication, testicular torsion, nanoparticle tracking analysis, mir 21 5p",0.0
891,"therapeutic strategies including, exosomes emerging, epigenetic modulation, solid cancers",0.08043478260869566
891,"transgene expression, metabolite production, study illustrates, precise genome",0.05
891,"web science core, mean sd age, research hotspots, 28 day mortality",0.0
892,"bla ctx, spectrum lactamase esbl, sequence types sts, coli isolates",0.0
892,"details use execution, myosin motors, nascent chain, origin life",0.391304347826087
892,"editorial emerging, author correction, g2 phase, model pd",0.021739130434782608
892,"fetal liver, stalled replication forks, pulmonary vascular, chromatin state",0.03695652173913044
892,"recent findings recent, cell multi omics, complex microbial, crispr cas based",0.0
892,"related morbidity, stage diagnosis, combination strategies, clinical intervention",0.4304347826086956
892,"role intercellular communication, testicular torsion, nanoparticle tracking analysis, mir 21 5p",0.0
892,"therapeutic strategies including, exosomes emerging, epigenetic modulation, solid cancers",0.06521739130434782
892,"transgene expression, metabolite production, study illustrates, precise genome",0.05434782608695652
892,"web science core, mean sd age, research hotspots, 28 day mortality",0.0
893,"bla ctx, spectrum lactamase esbl, sequence types sts, coli isolates",0.0
893,"details use execution, myosin motors, nascent chain, origin life",0.30434782608695654
893,"editorial emerging, author correction, g2 phase, model pd",0.002173913043478261
893,"fetal liver, stalled replication forks, pulmonary vascular, chromatin state",0.09782608695652176
893,"recent findings recent, cell multi omics, complex microbial, crispr cas based",0.0
893,"related morbidity, stage diagnosis, combination strategies, clinical intervention",0.5152173913043478
893,"role intercellular communication, testicular torsion, nanoparticle tracking analysis, mir 21 5p",0.0
893,"therapeutic strategies including, exosomes emerging, epigenetic modulation, solid cancers",0.008695652173913044
893,"transgene expression, metabolite production, study illustrates, precise genome",0.07173913043478261
893,"web science core, mean sd age, research hotspots, 28 day mortality",0.0
894,"bla ctx, spectrum lactamase esbl, sequence types sts, coli isolates",0.0
894,"details use execution, myosin motors, nascent chain, origin life",0.43478260869565216
894,"editorial emerging, author correction, g2 phase, model pd",0.002173913043478261
894,"fetal liver, stalled replication forks, pulmonary vascular, chromatin state",0.06521739130434782
894,"recent findings recent, cell multi omics, complex microbial, crispr cas based",0.0
894,"related morbidity, stage diagnosis, combination strategies, clinical intervention",0.39565217391304347
894,"role intercellular communication, testicular torsion, nanoparticle tracking analysis, mir 21 5p",0.0
894,"therapeutic strategies including, exosomes emerging, epigenetic modulation, solid cancers",0.05217391304347826
894,"transgene expression, metabolite production, study illustrates, precise genome",0.05
894,"web science core, mean sd age, research hotspots, 28 day mortality",0.0
895,"bla ctx, spectrum lactamase esbl, sequence types sts, coli isolates",0.0
895,"details use execution, myosin motors, nascent chain, origin life",0.391304347826087
895,"editorial emerging, author correction, g2 phase, model pd",0.002173913043478261
895,"fetal liver, stalled replication forks, pulmonary vascular, chromatin state",0.03043478260869565
895,"recent findings recent, cell multi omics, complex microbial, crispr cas based",0.0
895,"related morbidity, stage diagnosis, combination strategies, clinical intervention",0.49565217391304356
895,"role intercellular communication, testicular torsion, nanoparticle tracking analysis, mir 21 5p",0.0
895,"therapeutic strategies including, exosomes emerging, epigenetic modulation, solid cancers",0.06304347826086958
895,"transgene expression, metabolite production, study illustrates, precise genome",0.017391304347826087
895,"web science core, mean sd age, research hotspots, 28 day mortality",0.0
896,"bla ctx, spectrum lactamase esbl, sequence types sts, coli isolates",0.0
896,"details use execution, myosin motors, nascent chain, origin life",0.21739130434782608
896,"editorial emerging, author correction, g2 phase, model pd",0.01956521739130435
896,"fetal liver, stalled replication forks, pulmonary vascular, chromatin state",0.09565217391304347
896,"recent findings recent, cell multi omics, complex microbial, crispr cas based",0.0
896,"related morbidity, stage diagnosis, combination strategies, clinical intervention",0.55
896,"role intercellular communication, testicular torsion, nanoparticle tracking analysis, mir 21 5p",0.0
896,"therapeutic strategies including, exosomes emerging, epigenetic modulation, solid cancers",0.049999999999999996
896,"transgene expression, metabolite production, study illustrates, precise genome",0.0673913043478261
896,"web science core, mean sd age, research hotspots, 28 day mortality",0.0
897,"bla ctx, spectrum lactamase esbl, sequence types sts, coli isolates",0.0
897,"details use execution, myosin motors, nascent chain, origin life",0.4782608695652174
897,"editorial emerging, author correction, g2 phase, model pd",0.0
897,"fetal liver, stalled replication forks, pulmonary vascular, chromatin state",0.0673913043478261
897,"recent findings recent, cell multi omics, complex microbial, crispr cas based",0.0
897,"related morbidity, stage diagnosis, combination strategies, clinical intervention",0.40217391304347827
897,"role intercellular communication, testicular torsion, nanoparticle tracking analysis, mir 21 5p",0.0
897,"therapeutic strategies including, exosomes emerging, epigenetic modulation, solid cancers",0.002173913043478261
897,"transgene expression, metabolite production, study illustrates, precise genome",0.049999999999999996
897,"web science core, mean sd age, research hotspots, 28 day mortality",0.0
898,"bla ctx, spectrum lactamase esbl, sequence types sts, coli isolates",0.0
898,"details use execution, myosin motors, nascent chain, origin life",0.4782608695652174
898,"editorial emerging, author correction, g2 phase, model pd",0.002173913043478261
898,"fetal liver, stalled replication forks, pulmonary vascular, chromatin state",0.04565217391304348
898,"recent findings recent, cell multi omics, complex microbial, crispr cas based",0.0
898,"related morbidity, stage diagnosis, combination strategies, clinical intervention",0.3760869565217391
898,"role intercellular communication, testicular torsion, nanoparticle tracking analysis, mir 21 5p",0.0
898,"therapeutic strategies including, exosomes emerging, epigenetic modulation, solid cancers",0.04782608695652174
898,"transgene expression, metabolite production, study illustrates, precise genome",0.049999999999999996
898,"web science core, mean sd age, research hotspots, 28 day mortality",0.0
899,"bla ctx, spectrum lactamase esbl, sequence types sts, coli isolates",0.0
899,"details use execution, myosin motors, nascent chain, origin life",0.391304347826087
899,"editorial emerging, author correction, g2 phase, model pd",0.01956521739130435
899,"fetal liver, stalled replication forks, pulmonary vascular, chromatin state",0.03695652173913044
899,"recent findings recent, cell multi omics, complex microbial, crispr cas based",0.0
899,"related morbidity, stage diagnosis, combination strategies, clinical intervention",0.42391304347826086
899,"role intercellular communication, testicular torsion, nanoparticle tracking analysis, mir 21 5p",0.0
899,"therapeutic strategies including, exosomes emerging, epigenetic modulation, solid cancers",0.0891304347826087
899,"transgene expression, metabolite production, study illustrates, precise genome",0.0391304347826087
899,"web science core, mean sd age, research hotspots, 28 day mortality",0.0
900,"bla ctx, spectrum lactamase esbl, sequence types sts, coli isolates",0.0
900,"details use execution, myosin motors, nascent chain, origin life",0.13043478260869565
900,"editorial emerging, author correction, g2 phase, model pd",0.01956521739130435
900,"fetal liver, stalled replication forks, pulmonary vascular, chromatin state",0.09130434782608694
900,"recent findings recent, cell multi omics, complex microbial, crispr cas based",0.0
900,"related morbidity, stage diagnosis, combination strategies, clinical intervention",0.6130434782608694
900,"role intercellular communication, testicular torsion, nanoparticle tracking analysis, mir 21 5p",0.0
900,"therapeutic strategies including, exosomes emerging, epigenetic modulation, solid cancers",0.08478260869565218
900,"transgene expression, metabolite production, study illustrates, precise genome",0.0608695652173913
900,"web science core, mean sd age, research hotspots, 28 day mortality",0.0
901,"bla ctx, spectrum lactamase esbl, sequence types sts, coli isolates",0.0
901,"details use execution, myosin motors, nascent chain, origin life",0.13043478260869565
901,"editorial emerging, author correction, g2 phase, model pd",0.002173913043478261
901,"fetal liver, stalled replication forks, pulmonary vascular, chromatin state",0.12608695652173912
901,"recent findings recent, cell multi omics, complex microbial, crispr cas based",0.0
901,"related morbidity, stage diagnosis, combination strategies, clinical intervention",0.5934782608695652
901,"role intercellular communication, testicular torsion, nanoparticle tracking analysis, mir 21 5p",0.0
901,"therapeutic strategies including, exosomes emerging, epigenetic modulation, solid cancers",0.058695652173913045
901,"transgene expression, metabolite production, study illustrates, precise genome",0.08913043478260871
901,"web science core, mean sd age, research hotspots, 28 day mortality",0.0
902,"bla ctx, spectrum lactamase esbl, sequence types sts, coli isolates",0.0
902,"details use execution, myosin motors, nascent chain, origin life",0.391304347826087
902,"editorial emerging, author correction, g2 phase, model pd",0.002173913043478261
902,"fetal liver, stalled replication forks, pulmonary vascular, chromatin state",0.034782608695652174
902,"recent findings recent, cell multi omics, complex microbial, crispr cas based",0.0
902,"related morbidity, stage diagnosis, combination strategies, clinical intervention",0.49782608695652164
902,"role intercellular communication, testicular torsion, nanoparticle tracking analysis, mir 21 5p",0.0
902,"therapeutic strategies including, exosomes emerging, epigenetic modulation, solid cancers",0.058695652173913045
902,"transgene expression, metabolite production, study illustrates, precise genome",0.015217391304347825
902,"web science core, mean sd age, research hotspots, 28 day mortality",0.0
903,"bla ctx, spectrum lactamase esbl, sequence types sts, coli isolates",0.0
903,"details use execution, myosin motors, nascent chain, origin life",0.08695652173913043
903,"editorial emerging, author correction, g2 phase, model pd",0.0
903,"fetal liver, stalled replication forks, pulmonary vascular, chromatin state",0.054347826086956534
903,"recent findings recent, cell multi omics, complex microbial, crispr cas based",0.0
903,"related morbidity, stage diagnosis, combination strategies, clinical intervention",0.7130434782608696
903,"role intercellular communication, testicular torsion, nanoparticle tracking analysis, mir 21 5p",0.0
903,"therapeutic strategies including, exosomes emerging, epigenetic modulation, solid cancers",0.0891304347826087
903,"transgene expression, metabolite production, study illustrates, precise genome",0.056521739130434775
903,"web science core, mean sd age, research hotspots, 28 day mortality",0.0
904,"bla ctx, spectrum lactamase esbl, sequence types sts, coli isolates",0.0
904,"details use execution, myosin motors, nascent chain, origin life",0.43478260869565216
904,"editorial emerging, author correction, g2 phase, model pd",0.021739130434782608
904,"fetal liver, stalled replication forks, pulmonary vascular, chromatin state",0.043478260869565216
904,"recent findings recent, cell multi omics, complex microbial, crispr cas based",0.0
904,"related morbidity, stage diagnosis, combination strategies, clinical intervention",0.42826086956521736
904,"role intercellular communication, testicular torsion, nanoparticle tracking analysis, mir 21 5p",0.0
904,"therapeutic strategies including, exosomes emerging, epigenetic modulation, solid cancers",0.017391304347826087
904,"transgene expression, metabolite production, study illustrates, precise genome",0.05434782608695652
904,"web science core, mean sd age, research hotspots, 28 day mortality",0.0
905,"bla ctx, spectrum lactamase esbl, sequence types sts, coli isolates",0.0
905,"details use execution, myosin motors, nascent chain, origin life",0.4782608695652174
905,"editorial emerging, author correction, g2 phase, model pd",0.0
905,"fetal liver, stalled replication forks, pulmonary vascular, chromatin state",0.09565217391304348
905,"recent findings recent, cell multi omics, complex microbial, crispr cas based",0.0
905,"related morbidity, stage diagnosis, combination strategies, clinical intervention",0.29565217391304344
905,"role intercellular communication, testicular torsion, nanoparticle tracking analysis, mir 21 5p",0.0
905,"therapeutic strategies including, exosomes emerging, epigenetic modulation, solid cancers",0.04565217391304348
905,"transgene expression, metabolite production, study illustrates, precise genome",0.08478260869565218
905,"web science core, mean sd age, research hotspots, 28 day mortality",0.0
906,"bla ctx, spectrum lactamase esbl, sequence types sts, coli isolates",0.0
906,"details use execution, myosin motors, nascent chain, origin life",0.2608695652173913
906,"editorial emerging, author correction, g2 phase, model pd",0.01956521739130435
906,"fetal liver, stalled replication forks, pulmonary vascular, chromatin state",0.049999999999999996
906,"recent findings recent, cell multi omics, complex microbial, crispr cas based",0.0
906,"related morbidity, stage diagnosis, combination strategies, clinical intervention",0.5521739130434782
906,"role intercellular communication, testicular torsion, nanoparticle tracking analysis, mir 21 5p",0.0
906,"therapeutic strategies including, exosomes emerging, epigenetic modulation, solid cancers",0.07391304347826087
906,"transgene expression, metabolite production, study illustrates, precise genome",0.043478260869565216
906,"web science core, mean sd age, research hotspots, 28 day mortality",0.0
907,"bla ctx, spectrum lactamase esbl, sequence types sts, coli isolates",0.0
907,"details use execution, myosin motors, nascent chain, origin life",0.21739130434782608
907,"editorial emerging, author correction, g2 phase, model pd",0.0
907,"fetal liver, stalled replication forks, pulmonary vascular, chromatin state",0.0391304347826087
907,"recent findings recent, cell multi omics, complex microbial, crispr cas based",0.0
907,"related morbidity, stage diagnosis, combination strategies, clinical intervention",0.6413043478260869
907,"role intercellular communication, testicular torsion, nanoparticle tracking analysis, mir 21 5p",0.0
907,"therapeutic strategies including, exosomes emerging, epigenetic modulation, solid cancers",0.06521739130434784
907,"transgene expression, metabolite production, study illustrates, precise genome",0.03695652173913044
907,"web science core, mean sd age, research hotspots, 28 day mortality",0.0
908,"bla ctx, spectrum lactamase esbl, sequence types sts, coli isolates",0.0
908,"details use execution, myosin motors, nascent chain, origin life",0.43478260869565216
908,"editorial emerging, author correction, g2 phase, model pd",0.002173913043478261
908,"fetal liver, stalled replication forks, pulmonary vascular, chromatin state",0.06086956521739131
908,"recent findings recent, cell multi omics, complex microbial, crispr cas based",0.0
908,"related morbidity, stage diagnosis, combination strategies, clinical intervention",0.4108695652173914
908,"role intercellular communication, testicular torsion, nanoparticle tracking analysis, mir 21 5p",0.0
908,"therapeutic strategies including, exosomes emerging, epigenetic modulation, solid cancers",0.0391304347826087
908,"transgene expression, metabolite production, study illustrates, precise genome",0.05217391304347827
908,"web science core, mean sd age, research hotspots, 28 day mortality",0.0
909,"bla ctx, spectrum lactamase esbl, sequence types sts, coli isolates",0.0
909,"details use execution, myosin motors, nascent chain, origin life",0.391304347826087
909,"editorial emerging, author correction, g2 phase, model pd",0.021739130434782608
909,"fetal liver, stalled replication forks, pulmonary vascular, chromatin state",0.09565217391304351
909,"recent findings recent, cell multi omics, complex microbial, crispr cas based",0.0
909,"related morbidity, stage diagnosis, combination strategies, clinical intervention",0.35
909,"role intercellular communication, testicular torsion, nanoparticle tracking analysis, mir 21 5p",0.0
909,"therapeutic strategies including, exosomes emerging, epigenetic modulation, solid cancers",0.05
909,"transgene expression, metabolite production, study illustrates, precise genome",0.09130434782608694
909,"web science core, mean sd age, research hotspots, 28 day mortality",0.0
910,"bla ctx, spectrum lactamase esbl, sequence types sts, coli isolates",0.0
910,"details use execution, myosin motors, nascent chain, origin life",0.2608695652173913
910,"editorial emerging, author correction, g2 phase, model pd",0.0
910,"fetal liver, stalled replication forks, pulmonary vascular, chromatin state",0.11739130434782609
910,"recent findings recent, cell multi omics, complex microbial, crispr cas based",0.0
910,"related morbidity, stage diagnosis, combination strategies, clinical intervention",0.4804347826086956
910,"role intercellular communication, testicular torsion, nanoparticle tracking analysis, mir 21 5p",0.0
910,"therapeutic strategies including, exosomes emerging, epigenetic modulation, solid cancers",0.06739130434782609
910,"transgene expression, metabolite production, study illustrates, precise genome",0.07391304347826087
910,"web science core, mean sd age, research hotspots, 28 day mortality",0.0
911,"bla ctx, spectrum lactamase esbl, sequence types sts, coli isolates",0.0
911,"details use execution, myosin motors, nascent chain, origin life",0.30434782608695654
911,"editorial emerging, author correction, g2 phase, model pd",0.002173913043478261
911,"fetal liver, stalled replication forks, pulmonary vascular, chromatin state",0.058695652173913045
911,"recent findings recent, cell multi omics, complex microbial, crispr cas based",0.0
911,"related morbidity, stage diagnosis, combination strategies, clinical intervention",0.5282608695652173
911,"role intercellular communication, testicular torsion, nanoparticle tracking analysis, mir 21 5p",0.0
911,"therapeutic strategies including, exosomes emerging, epigenetic modulation, solid cancers",0.07391304347826087
911,"transgene expression, metabolite production, study illustrates, precise genome",0.03260869565217391
911,"web science core, mean sd age, research hotspots, 28 day mortality",0.0
912,"bla ctx, spectrum lactamase esbl, sequence types sts, coli isolates",0.0
912,"details use execution, myosin motors, nascent chain, origin life",0.30434782608695654
912,"editorial emerging, author correction, g2 phase, model pd",0.0
912,"fetal liver, stalled replication forks, pulmonary vascular, chromatin state",0.0608695652173913
912,"recent findings recent, cell multi omics, complex microbial, crispr cas based",0.0
912,"related morbidity, stage diagnosis, combination strategies, clinical intervention",0.541304347826087
912,"role intercellular communication, testicular torsion, nanoparticle tracking analysis, mir 21 5p",0.0
912,"therapeutic strategies including, exosomes emerging, epigenetic modulation, solid cancers",0.04782608695652174
912,"transgene expression, metabolite production, study illustrates, precise genome",0.04565217391304348
912,"web science core, mean sd age, research hotspots, 28 day mortality",0.0
913,"bla ctx, spectrum lactamase esbl, sequence types sts, coli isolates",0.0
913,"details use execution, myosin motors, nascent chain, origin life",0.34782608695652173
913,"editorial emerging, author correction, g2 phase, model pd",0.0
913,"fetal liver, stalled replication forks, pulmonary vascular, chromatin state",0.07608695652173914
913,"recent findings recent, cell multi omics, complex microbial, crispr cas based",0.0
913,"related morbidity, stage diagnosis, combination strategies, clinical intervention",0.4760869565217391
913,"role intercellular communication, testicular torsion, nanoparticle tracking analysis, mir 21 5p",0.0
913,"therapeutic strategies including, exosomes emerging, epigenetic modulation, solid cancers",0.03043478260869565
913,"transgene expression, metabolite production, study illustrates, precise genome",0.06956521739130435
913,"web science core, mean sd age, research hotspots, 28 day mortality",0.0
914,"bla ctx, spectrum lactamase esbl, sequence types sts, coli isolates",0.0
914,"details use execution, myosin motors, nascent chain, origin life",0.34782608695652173
914,"editorial emerging, author correction, g2 phase, model pd",0.021739130434782608
914,"fetal liver, stalled replication forks, pulmonary vascular, chromatin state",0.11304347826086956
914,"recent findings recent, cell multi omics, complex microbial, crispr cas based",0.0
914,"related morbidity, stage diagnosis, combination strategies, clinical intervention",0.36521739130434777
914,"role intercellular communication, testicular torsion, nanoparticle tracking analysis, mir 21 5p",0.0
914,"therapeutic strategies including, exosomes emerging, epigenetic modulation, solid cancers",0.04565217391304348
914,"transgene expression, metabolite production, study illustrates, precise genome",0.10652173913043476
914,"web science core, mean sd age, research hotspots, 28 day mortality",0.0
915,"bla ctx, spectrum lactamase esbl, sequence types sts, coli isolates",0.0
915,"details use execution, myosin motors, nascent chain, origin life",0.34782608695652173
915,"editorial emerging, author correction, g2 phase, model pd",0.01956521739130435
915,"fetal liver, stalled replication forks, pulmonary vascular, chromatin state",0.04130434782608696
915,"recent findings recent, cell multi omics, complex microbial, crispr cas based",0.0
915,"related morbidity, stage diagnosis, combination strategies, clinical intervention",0.5043478260869565
915,"role intercellular communication, testicular torsion, nanoparticle tracking analysis, mir 21 5p",0.0
915,"therapeutic strategies including, exosomes emerging, epigenetic modulation, solid cancers",0.05217391304347826
915,"transgene expression, metabolite production, study illustrates, precise genome",0.034782608695652174
915,"web science core, mean sd age, research hotspots, 28 day mortality",0.0
916,"bla ctx, spectrum lactamase esbl, sequence types sts, coli isolates",0.0
916,"details use execution, myosin motors, nascent chain, origin life",0.391304347826087
916,"editorial emerging, author correction, g2 phase, model pd",0.0
916,"fetal liver, stalled replication forks, pulmonary vascular, chromatin state",0.09565217391304348
916,"recent findings recent, cell multi omics, complex microbial, crispr cas based",0.0
916,"related morbidity, stage diagnosis, combination strategies, clinical intervention",0.3695652173913043
916,"role intercellular communication, testicular torsion, nanoparticle tracking analysis, mir 21 5p",0.0
916,"therapeutic strategies including, exosomes emerging, epigenetic modulation, solid cancers",0.06304347826086956
916,"transgene expression, metabolite production, study illustrates, precise genome",0.08043478260869565
916,"web science core, mean sd age, research hotspots, 28 day mortality",0.0
917,"bla ctx, spectrum lactamase esbl, sequence types sts, coli isolates",0.0
917,"details use execution, myosin motors, nascent chain, origin life",0.30434782608695654
917,"editorial emerging, author correction, g2 phase, model pd",0.01956521739130435
917,"fetal liver, stalled replication forks, pulmonary vascular, chromatin state",0.05434782608695652
917,"recent findings recent, cell multi omics, complex microbial, crispr cas based",0.0
917,"related morbidity, stage diagnosis, combination strategies, clinical intervention",0.4956521739130434
917,"role intercellular communication, testicular torsion, nanoparticle tracking analysis, mir 21 5p",0.0
917,"therapeutic strategies including, exosomes emerging, epigenetic modulation, solid cancers",0.06304347826086958
917,"transgene expression, metabolite production, study illustrates, precise genome",0.06304347826086958
917,"web science core, mean sd age, research hotspots, 28 day mortality",0.0
918,"bla ctx, spectrum lactamase esbl, sequence types sts, coli isolates",0.0
918,"details use execution, myosin motors, nascent chain, origin life",0.30434782608695654
918,"editorial emerging, author correction, g2 phase, model pd",0.0
918,"fetal liver, stalled replication forks, pulmonary vascular, chromatin state",0.09565217391304348
918,"recent findings recent, cell multi omics, complex microbial, crispr cas based",0.0
918,"related morbidity, stage diagnosis, combination strategies, clinical intervention",0.5043478260869565
918,"role intercellular communication, testicular torsion, nanoparticle tracking analysis, mir 21 5p",0.0
918,"therapeutic strategies including, exosomes emerging, epigenetic modulation, solid cancers",0.043478260869565216
918,"transgene expression, metabolite production, study illustrates, precise genome",0.05217391304347827
918,"web science core, mean sd age, research hotspots, 28 day mortality",0.0
919,"bla ctx, spectrum lactamase esbl, sequence types sts, coli isolates",0.0
919,"details use execution, myosin motors, nascent chain, origin life",0.5217391304347826
919,"editorial emerging, author correction, g2 phase, model pd",0.002173913043478261
919,"fetal liver, stalled replication forks, pulmonary vascular, chromatin state",0.03043478260869565
919,"recent findings recent, cell multi omics, complex microbial, crispr cas based",0.0
919,"related morbidity, stage diagnosis, combination strategies, clinical intervention",0.40434782608695646
919,"role intercellular communication, testicular torsion, nanoparticle tracking analysis, mir 21 5p",0.0
919,"therapeutic strategies including, exosomes emerging, epigenetic modulation, solid cancers",0.004347826086956522
919,"transgene expression, metabolite production, study illustrates, precise genome",0.03695652173913044
919,"web science core, mean sd age, research hotspots, 28 day mortality",0.0
920,"bla ctx, spectrum lactamase esbl, sequence types sts, coli isolates",0.0
920,"details use execution, myosin motors, nascent chain, origin life",0.34782608695652173
920,"editorial emerging, author correction, g2 phase, model pd",0.01956521739130435
920,"fetal liver, stalled replication forks, pulmonary vascular, chromatin state",0.07826086956521738
920,"recent findings recent, cell multi omics, complex microbial, crispr cas based",0.0
920,"related morbidity, stage diagnosis, combination strategies, clinical intervention",0.38478260869565206
920,"role intercellular communication, testicular torsion, nanoparticle tracking analysis, mir 21 5p",0.0
920,"therapeutic strategies including, exosomes emerging, epigenetic modulation, solid cancers",0.10869565217391304
920,"transgene expression, metabolite production, study illustrates, precise genome",0.0608695652173913
920,"web science core, mean sd age, research hotspots, 28 day mortality",0.0
921,"bla ctx, spectrum lactamase esbl, sequence types sts, coli isolates",0.0
921,"details use execution, myosin motors, nascent chain, origin life",0.391304347826087
921,"editorial emerging, author correction, g2 phase, model pd",0.0
921,"fetal liver, stalled replication forks, pulmonary vascular, chromatin state",0.05434782608695652
921,"recent findings recent, cell multi omics, complex microbial, crispr cas based",0.0
921,"related morbidity, stage diagnosis, combination strategies, clinical intervention",0.43260869565217397
921,"role intercellular communication, testicular torsion, nanoparticle tracking analysis, mir 21 5p",0.0
921,"therapeutic strategies including, exosomes emerging, epigenetic modulation, solid cancers",0.06739130434782609
921,"transgene expression, metabolite production, study illustrates, precise genome",0.054347826086956534
921,"web science core, mean sd age, research hotspots, 28 day mortality",0.0
922,"bla ctx, spectrum lactamase esbl, sequence types sts, coli isolates",0.0
922,"details use execution, myosin motors, nascent chain, origin life",0.30434782608695654
922,"editorial emerging, author correction, g2 phase, model pd",0.01956521739130435
922,"fetal liver, stalled replication forks, pulmonary vascular, chromatin state",0.04130434782608696
922,"recent findings recent, cell multi omics, complex microbial, crispr cas based",0.0
922,"related morbidity, stage diagnosis, combination strategies, clinical intervention",0.5217391304347826
922,"role intercellular communication, testicular torsion, nanoparticle tracking analysis, mir 21 5p",0.0
922,"therapeutic strategies including, exosomes emerging, epigenetic modulation, solid cancers",0.049999999999999996
922,"transgene expression, metabolite production, study illustrates, precise genome",0.06304347826086958
922,"web science core, mean sd age, research hotspots, 28 day mortality",0.0
923,"bla ctx, spectrum lactamase esbl, sequence types sts, coli isolates",0.0
923,"details use execution, myosin motors, nascent chain, origin life",0.2608695652173913
923,"editorial emerging, author correction, g2 phase, model pd",0.021739130434782608
923,"fetal liver, stalled replication forks, pulmonary vascular, chromatin state",0.0391304347826087
923,"recent findings recent, cell multi omics, complex microbial, crispr cas based",0.0
923,"related morbidity, stage diagnosis, combination strategies, clinical intervention",0.5826086956521739
923,"role intercellular communication, testicular torsion, nanoparticle tracking analysis, mir 21 5p",0.0
923,"therapeutic strategies including, exosomes emerging, epigenetic modulation, solid cancers",0.03695652173913044
923,"transgene expression, metabolite production, study illustrates, precise genome",0.058695652173913045
923,"web science core, mean sd age, research hotspots, 28 day mortality",0.0
924,"bla ctx, spectrum lactamase esbl, sequence types sts, coli isolates",0.0
924,"details use execution, myosin motors, nascent chain, origin life",0.2608695652173913
924,"editorial emerging, author correction, g2 phase, model pd",0.002173913043478261
924,"fetal liver, stalled replication forks, pulmonary vascular, chromatin state",0.03260869565217391
924,"recent findings recent, cell multi omics, complex microbial, crispr cas based",0.0
924,"related morbidity, stage diagnosis, combination strategies, clinical intervention",0.5826086956521739
924,"role intercellular communication, testicular torsion, nanoparticle tracking analysis, mir 21 5p",0.0
924,"therapeutic strategies including, exosomes emerging, epigenetic modulation, solid cancers",0.08260869565217391
924,"transgene expression, metabolite production, study illustrates, precise genome",0.0391304347826087
924,"web science core, mean sd age, research hotspots, 28 day mortality",0.0
925,"bla ctx, spectrum lactamase esbl, sequence types sts, coli isolates",0.0
925,"details use execution, myosin motors, nascent chain, origin life",0.5652173913043478
925,"editorial emerging, author correction, g2 phase, model pd",0.002173913043478261
925,"fetal liver, stalled replication forks, pulmonary vascular, chromatin state",0.04782608695652174
925,"recent findings recent, cell multi omics, complex microbial, crispr cas based",0.0
925,"related morbidity, stage diagnosis, combination strategies, clinical intervention",0.31086956521739123
925,"role intercellular communication, testicular torsion, nanoparticle tracking analysis, mir 21 5p",0.0
925,"therapeutic strategies including, exosomes emerging, epigenetic modulation, solid cancers",0.02391304347826087
925,"transgene expression, metabolite production, study illustrates, precise genome",0.049999999999999996
925,"web science core, mean sd age, research hotspots, 28 day mortality",0.0
926,"bla ctx, spectrum lactamase esbl, sequence types sts, coli isolates",0.0
926,"details use execution, myosin motors, nascent chain, origin life",0.391304347826087
926,"editorial emerging, author correction, g2 phase, model pd",0.002173913043478261
926,"fetal liver, stalled replication forks, pulmonary vascular, chromatin state",0.0391304347826087
926,"recent findings recent, cell multi omics, complex microbial, crispr cas based",0.0
926,"related morbidity, stage diagnosis, combination strategies, clinical intervention",0.5065217391304347
926,"role intercellular communication, testicular torsion, nanoparticle tracking analysis, mir 21 5p",0.0
926,"therapeutic strategies including, exosomes emerging, epigenetic modulation, solid cancers",0.028260869565217398
926,"transgene expression, metabolite production, study illustrates, precise genome",0.03260869565217391
926,"web science core, mean sd age, research hotspots, 28 day mortality",0.0
927,"bla ctx, spectrum lactamase esbl, sequence types sts, coli isolates",0.0
927,"details use execution, myosin motors, nascent chain, origin life",0.4782608695652174
927,"editorial emerging, author correction, g2 phase, model pd",0.0
927,"fetal liver, stalled replication forks, pulmonary vascular, chromatin state",0.09347826086956523
927,"recent findings recent, cell multi omics, complex microbial, crispr cas based",0.0
927,"related morbidity, stage diagnosis, combination strategies, clinical intervention",0.358695652173913
927,"role intercellular communication, testicular torsion, nanoparticle tracking analysis, mir 21 5p",0.0
927,"therapeutic strategies including, exosomes emerging, epigenetic modulation, solid cancers",0.02391304347826087
927,"transgene expression, metabolite production, study illustrates, precise genome",0.04565217391304348
927,"web science core, mean sd age, research hotspots, 28 day mortality",0.0
928,"bla ctx, spectrum lactamase esbl, sequence types sts, coli isolates",0.0
928,"details use execution, myosin motors, nascent chain, origin life",0.34782608695652173
928,"editorial emerging, author correction, g2 phase, model pd",0.002173913043478261
928,"fetal liver, stalled replication forks, pulmonary vascular, chromatin state",0.02608695652173913
928,"recent findings recent, cell multi omics, complex microbial, crispr cas based",0.0
928,"related morbidity, stage diagnosis, combination strategies, clinical intervention",0.5565217391304347
928,"role intercellular communication, testicular torsion, nanoparticle tracking analysis, mir 21 5p",0.0
928,"therapeutic strategies including, exosomes emerging, epigenetic modulation, solid cancers",0.02826086956521739
928,"transgene expression, metabolite production, study illustrates, precise genome",0.0391304347826087
928,"web science core, mean sd age, research hotspots, 28 day mortality",0.0
929,"bla ctx, spectrum lactamase esbl, sequence types sts, coli isolates",0.0
929,"details use execution, myosin motors, nascent chain, origin life",0.391304347826087
929,"editorial emerging, author correction, g2 phase, model pd",0.021739130434782608
929,"fetal liver, stalled replication forks, pulmonary vascular, chromatin state",0.02391304347826087
929,"recent findings recent, cell multi omics, complex microbial, crispr cas based",0.0
929,"related morbidity, stage diagnosis, combination strategies, clinical intervention",0.4934782608695652
929,"role intercellular communication, testicular torsion, nanoparticle tracking analysis, mir 21 5p",0.0
929,"therapeutic strategies including, exosomes emerging, epigenetic modulation, solid cancers",0.0391304347826087
929,"transgene expression, metabolite production, study illustrates, precise genome",0.03043478260869565
929,"web science core, mean sd age, research hotspots, 28 day mortality",0.0
930,"bla ctx, spectrum lactamase esbl, sequence types sts, coli isolates",0.0
930,"details use execution, myosin motors, nascent chain, origin life",0.34782608695652173
930,"editorial emerging, author correction, g2 phase, model pd",0.0
930,"fetal liver, stalled replication forks, pulmonary vascular, chromatin state",0.09347826086956522
930,"recent findings recent, cell multi omics, complex microbial, crispr cas based",0.0
930,"related morbidity, stage diagnosis, combination strategies, clinical intervention",0.43260869565217386
930,"role intercellular communication, testicular torsion, nanoparticle tracking analysis, mir 21 5p",0.0
930,"therapeutic strategies including, exosomes emerging, epigenetic modulation, solid cancers",0.05434782608695652
930,"transgene expression, metabolite production, study illustrates, precise genome",0.07173913043478261
930,"web science core, mean sd age, research hotspots, 28 day mortality",0.0
931,"bla ctx, spectrum lactamase esbl, sequence types sts, coli isolates",0.0
931,"details use execution, myosin motors, nascent chain, origin life",0.2608695652173913
931,"editorial emerging, author correction, g2 phase, model pd",0.01956521739130435
931,"fetal liver, stalled replication forks, pulmonary vascular, chromatin state",0.05
931,"recent findings recent, cell multi omics, complex microbial, crispr cas based",0.0
931,"related morbidity, stage diagnosis, combination strategies, clinical intervention",0.567391304347826
931,"role intercellular communication, testicular torsion, nanoparticle tracking analysis, mir 21 5p",0.0
931,"therapeutic strategies including, exosomes emerging, epigenetic modulation, solid cancers",0.02826086956521739
931,"transgene expression, metabolite production, study illustrates, precise genome",0.07391304347826087
931,"web science core, mean sd age, research hotspots, 28 day mortality",0.0
932,"bla ctx, spectrum lactamase esbl, sequence types sts, coli isolates",0.0
932,"details use execution, myosin motors, nascent chain, origin life",0.43478260869565216
932,"editorial emerging, author correction, g2 phase, model pd",0.0
932,"fetal liver, stalled replication forks, pulmonary vascular, chromatin state",0.0391304347826087
932,"recent findings recent, cell multi omics, complex microbial, crispr cas based",0.0
932,"related morbidity, stage diagnosis, combination strategies, clinical intervention",0.4804347826086957
932,"role intercellular communication, testicular torsion, nanoparticle tracking analysis, mir 21 5p",0.0
932,"therapeutic strategies including, exosomes emerging, epigenetic modulation, solid cancers",0.015217391304347827
932,"transgene expression, metabolite production, study illustrates, precise genome",0.03043478260869565
932,"web science core, mean sd age, research hotspots, 28 day mortality",0.0
933,"bla ctx, spectrum lactamase esbl, sequence types sts, coli isolates",0.0
933,"details use execution, myosin motors, nascent chain, origin life",0.21739130434782608
933,"editorial emerging, author correction, g2 phase, model pd",0.0
933,"fetal liver, stalled replication forks, pulmonary vascular, chromatin state",0.11086956521739132
933,"recent findings recent, cell multi omics, complex microbial, crispr cas based",0.0
933,"related morbidity, stage diagnosis, combination strategies, clinical intervention",0.5108695652173914
933,"role intercellular communication, testicular torsion, nanoparticle tracking analysis, mir 21 5p",0.0
933,"therapeutic strategies including, exosomes emerging, epigenetic modulation, solid cancers",0.09130434782608696
933,"transgene expression, metabolite production, study illustrates, precise genome",0.06956521739130436
933,"web science core, mean sd age, research hotspots, 28 day mortality",0.0
934,"bla ctx, spectrum lactamase esbl, sequence types sts, coli isolates",0.0
934,"details use execution, myosin motors, nascent chain, origin life",0.2608695652173913
934,"editorial emerging, author correction, g2 phase, model pd",0.0
934,"fetal liver, stalled replication forks, pulmonary vascular, chromatin state",0.0782608695652174
934,"recent findings recent, cell multi omics, complex microbial, crispr cas based",0.0
934,"related morbidity, stage diagnosis, combination strategies, clinical intervention",0.5478260869565217
934,"role intercellular communication, testicular torsion, nanoparticle tracking analysis, mir 21 5p",0.0
934,"therapeutic strategies including, exosomes emerging, epigenetic modulation, solid cancers",0.05
934,"transgene expression, metabolite production, study illustrates, precise genome",0.06304347826086958
934,"web science core, mean sd age, research hotspots, 28 day mortality",0.0
935,"bla ctx, spectrum lactamase esbl, sequence types sts, coli isolates",0.0
935,"details use execution, myosin motors, nascent chain, origin life",0.34782608695652173
935,"editorial emerging, author correction, g2 phase, model pd",0.01956521739130435
935,"fetal liver, stalled replication forks, pulmonary vascular, chromatin state",0.0391304347826087
935,"recent findings recent, cell multi omics, complex microbial, crispr cas based",0.0
935,"related morbidity, stage diagnosis, combination strategies, clinical intervention",0.5152173913043477
935,"role intercellular communication, testicular torsion, nanoparticle tracking analysis, mir 21 5p",0.0
935,"therapeutic strategies including, exosomes emerging, epigenetic modulation, solid cancers",0.034782608695652174
935,"transgene expression, metabolite production, study illustrates, precise genome",0.043478260869565216
935,"web science core, mean sd age, research hotspots, 28 day mortality",0.0
936,"bla ctx, spectrum lactamase esbl, sequence types sts, coli isolates",0.0
936,"details use execution, myosin motors, nascent chain, origin life",0.34782608695652173
936,"editorial emerging, author correction, g2 phase, model pd",0.0
936,"fetal liver, stalled replication forks, pulmonary vascular, chromatin state",0.026086956521739136
936,"recent findings recent, cell multi omics, complex microbial, crispr cas based",0.0
936,"related morbidity, stage diagnosis, combination strategies, clinical intervention",0.5565217391304348
936,"role intercellular communication, testicular torsion, nanoparticle tracking analysis, mir 21 5p",0.0
936,"therapeutic strategies including, exosomes emerging, epigenetic modulation, solid cancers",0.049999999999999996
936,"transgene expression, metabolite production, study illustrates, precise genome",0.01956521739130435
936,"web science core, mean sd age, research hotspots, 28 day mortality",0.0
937,"bla ctx, spectrum lactamase esbl, sequence types sts, coli isolates",0.0
937,"details use execution, myosin motors, nascent chain, origin life",0.30434782608695654
937,"editorial emerging, author correction, g2 phase, model pd",0.0
937,"fetal liver, stalled replication forks, pulmonary vascular, chromatin state",0.09565217391304348
937,"recent findings recent, cell multi omics, complex microbial, crispr cas based",0.0
937,"related morbidity, stage diagnosis, combination strategies, clinical intervention",0.5065217391304347
937,"role intercellular communication, testicular torsion, nanoparticle tracking analysis, mir 21 5p",0.0
937,"therapeutic strategies including, exosomes emerging, epigenetic modulation, solid cancers",0.008695652173913044
937,"transgene expression, metabolite production, study illustrates, precise genome",0.08478260869565217
937,"web science core, mean sd age, research hotspots, 28 day mortality",0.0
938,"bla ctx, spectrum lactamase esbl, sequence types sts, coli isolates",0.0
938,"details use execution, myosin motors, nascent chain, origin life",0.30434782608695654
938,"editorial emerging, author correction, g2 phase, model pd",0.021739130434782608
938,"fetal liver, stalled replication forks, pulmonary vascular, chromatin state",0.010869565217391304
938,"recent findings recent, cell multi omics, complex microbial, crispr cas based",0.0
938,"related morbidity, stage diagnosis, combination strategies, clinical intervention",0.5891304347826087
938,"role intercellular communication, testicular torsion, nanoparticle tracking analysis, mir 21 5p",0.0
938,"therapeutic strategies including, exosomes emerging, epigenetic modulation, solid cancers",0.0391304347826087
938,"transgene expression, metabolite production, study illustrates, precise genome",0.034782608695652174
938,"web science core, mean sd age, research hotspots, 28 day mortality",0.0
939,"bla ctx, spectrum lactamase esbl, sequence types sts, coli isolates",0.0
939,"details use execution, myosin motors, nascent chain, origin life",0.30434782608695654
939,"editorial emerging, author correction, g2 phase, model pd",0.0
939,"fetal liver, stalled replication forks, pulmonary vascular, chromatin state",0.0782608695652174
939,"recent findings recent, cell multi omics, complex microbial, crispr cas based",0.0
939,"related morbidity, stage diagnosis, combination strategies, clinical intervention",0.4739130434782608
939,"role intercellular communication, testicular torsion, nanoparticle tracking analysis, mir 21 5p",0.0
939,"therapeutic strategies including, exosomes emerging, epigenetic modulation, solid cancers",0.06956521739130435
939,"transgene expression, metabolite production, study illustrates, precise genome",0.07391304347826089
939,"web science core, mean sd age, research hotspots, 28 day mortality",0.0
940,"bla ctx, spectrum lactamase esbl, sequence types sts, coli isolates",0.0
940,"details use execution, myosin motors, nascent chain, origin life",0.391304347826087
940,"editorial emerging, author correction, g2 phase, model pd",0.0
940,"fetal liver, stalled replication forks, pulmonary vascular, chromatin state",0.05434782608695652
940,"recent findings recent, cell multi omics, complex microbial, crispr cas based",0.0
940,"related morbidity, stage diagnosis, combination strategies, clinical intervention",0.5043478260869564
940,"role intercellular communication, testicular torsion, nanoparticle tracking analysis, mir 21 5p",0.0
940,"therapeutic strategies including, exosomes emerging, epigenetic modulation, solid cancers",0.008695652173913044
940,"transgene expression, metabolite production, study illustrates, precise genome",0.04130434782608696
940,"web science core, mean sd age, research hotspots, 28 day mortality",0.0
941,"bla ctx, spectrum lactamase esbl, sequence types sts, coli isolates",0.0
941,"details use execution, myosin motors, nascent chain, origin life",0.21739130434782608
941,"editorial emerging, author correction, g2 phase, model pd",0.01956521739130435
941,"fetal liver, stalled replication forks, pulmonary vascular, chromatin state",0.0391304347826087
941,"recent findings recent, cell multi omics, complex microbial, crispr cas based",0.0
941,"related morbidity, stage diagnosis, combination strategies, clinical intervention",0.6021739130434781
941,"role intercellular communication, testicular torsion, nanoparticle tracking analysis, mir 21 5p",0.0
941,"therapeutic strategies including, exosomes emerging, epigenetic modulation, solid cancers",0.07173913043478261
941,"transgene expression, metabolite production, study illustrates, precise genome",0.05
941,"web science core, mean sd age, research hotspots, 28 day mortality",0.0
942,"bla ctx, spectrum lactamase esbl, sequence types sts, coli isolates",0.0
942,"details use execution, myosin motors, nascent chain, origin life",0.30434782608695654
942,"editorial emerging, author correction, g2 phase, model pd",0.01956521739130435
942,"fetal liver, stalled replication forks, pulmonary vascular, chromatin state",0.09565217391304348
942,"recent findings recent, cell multi omics, complex microbial, crispr cas based",0.0
942,"related morbidity, stage diagnosis, combination strategies, clinical intervention",0.47608695652173916
942,"role intercellular communication, testicular torsion, nanoparticle tracking analysis, mir 21 5p",0.0
942,"therapeutic strategies including, exosomes emerging, epigenetic modulation, solid cancers",0.05434782608695652
942,"transgene expression, metabolite production, study illustrates, precise genome",0.05
942,"web science core, mean sd age, research hotspots, 28 day mortality",0.0
943,"bla ctx, spectrum lactamase esbl, sequence types sts, coli isolates",0.0
943,"details use execution, myosin motors, nascent chain, origin life",0.34782608695652173
943,"editorial emerging, author correction, g2 phase, model pd",0.002173913043478261
943,"fetal liver, stalled replication forks, pulmonary vascular, chromatin state",0.1108695652173913
943,"recent findings recent, cell multi omics, complex microbial, crispr cas based",0.0
943,"related morbidity, stage diagnosis, combination strategies, clinical intervention",0.41956521739130437
943,"role intercellular communication, testicular torsion, nanoparticle tracking analysis, mir 21 5p",0.0
943,"therapeutic strategies including, exosomes emerging, epigenetic modulation, solid cancers",0.017391304347826087
943,"transgene expression, metabolite production, study illustrates, precise genome",0.10217391304347827
943,"web science core, mean sd age, research hotspots, 28 day mortality",0.0
944,"bla ctx, spectrum lactamase esbl, sequence types sts, coli isolates",0.0
944,"details use execution, myosin motors, nascent chain, origin life",0.4782608695652174
944,"editorial emerging, author correction, g2 phase, model pd",0.0
944,"fetal liver, stalled replication forks, pulmonary vascular, chromatin state",0.03695652173913044
944,"recent findings recent, cell multi omics, complex microbial, crispr cas based",0.0
944,"related morbidity, stage diagnosis, combination strategies, clinical intervention",0.41956521739130437
944,"role intercellular communication, testicular torsion, nanoparticle tracking analysis, mir 21 5p",0.0
944,"therapeutic strategies including, exosomes emerging, epigenetic modulation, solid cancers",0.03043478260869565
944,"transgene expression, metabolite production, study illustrates, precise genome",0.034782608695652174
944,"web science core, mean sd age, research hotspots, 28 day mortality",0.0
945,"bla ctx, spectrum lactamase esbl, sequence types sts, coli isolates",0.0
945,"details use execution, myosin motors, nascent chain, origin life",0.30434782608695654
945,"editorial emerging, author correction, g2 phase, model pd",0.002173913043478261
945,"fetal liver, stalled replication forks, pulmonary vascular, chromatin state",0.0608695652173913
945,"recent findings recent, cell multi omics, complex microbial, crispr cas based",0.0
945,"related morbidity, stage diagnosis, combination strategies, clinical intervention",0.541304347826087
945,"role intercellular communication, testicular torsion, nanoparticle tracking analysis, mir 21 5p",0.0
945,"therapeutic strategies including, exosomes emerging, epigenetic modulation, solid cancers",0.02826086956521739
945,"transgene expression, metabolite production, study illustrates, precise genome",0.06304347826086958
945,"web science core, mean sd age, research hotspots, 28 day mortality",0.0
946,"bla ctx, spectrum lactamase esbl, sequence types sts, coli isolates",0.0
946,"details use execution, myosin motors, nascent chain, origin life",0.34782608695652173
946,"editorial emerging, author correction, g2 phase, model pd",0.01956521739130435
946,"fetal liver, stalled replication forks, pulmonary vascular, chromatin state",0.09565217391304348
946,"recent findings recent, cell multi omics, complex microbial, crispr cas based",0.0
946,"related morbidity, stage diagnosis, combination strategies, clinical intervention",0.4369565217391304
946,"role intercellular communication, testicular torsion, nanoparticle tracking analysis, mir 21 5p",0.0
946,"therapeutic strategies including, exosomes emerging, epigenetic modulation, solid cancers",0.026086956521739136
946,"transgene expression, metabolite production, study illustrates, precise genome",0.07391304347826087
946,"web science core, mean sd age, research hotspots, 28 day mortality",0.0
947,"bla ctx, spectrum lactamase esbl, sequence types sts, coli isolates",0.0
947,"details use execution, myosin motors, nascent chain, origin life",0.34782608695652173
947,"editorial emerging, author correction, g2 phase, model pd",0.0
947,"fetal liver, stalled replication forks, pulmonary vascular, chromatin state",0.04782608695652174
947,"recent findings recent, cell multi omics, complex microbial, crispr cas based",0.0
947,"related morbidity, stage diagnosis, combination strategies, clinical intervention",0.4891304347826087
947,"role intercellular communication, testicular torsion, nanoparticle tracking analysis, mir 21 5p",0.0
947,"therapeutic strategies including, exosomes emerging, epigenetic modulation, solid cancers",0.08043478260869566
947,"transgene expression, metabolite production, study illustrates, precise genome",0.03478260869565218
947,"web science core, mean sd age, research hotspots, 28 day mortality",0.0
948,"bla ctx, spectrum lactamase esbl, sequence types sts, coli isolates",0.0
948,"details use execution, myosin motors, nascent chain, origin life",0.43478260869565216
948,"editorial emerging, author correction, g2 phase, model pd",0.002173913043478261
948,"fetal liver, stalled replication forks, pulmonary vascular, chromatin state",0.06521739130434782
948,"recent findings recent, cell multi omics, complex microbial, crispr cas based",0.0
948,"related morbidity, stage diagnosis, combination strategies, clinical intervention",0.37826086956521743
948,"role intercellular communication, testicular torsion, nanoparticle tracking analysis, mir 21 5p",0.0
948,"therapeutic strategies including, exosomes emerging, epigenetic modulation, solid cancers",0.06739130434782609
948,"transgene expression, metabolite production, study illustrates, precise genome",0.05217391304347826
948,"web science core, mean sd age, research hotspots, 28 day mortality",0.0
949,"bla ctx, spectrum lactamase esbl, sequence types sts, coli isolates",0.0
949,"details use execution, myosin motors, nascent chain, origin life",0.43478260869565216
949,"editorial emerging, author correction, g2 phase, model pd",0.002173913043478261
949,"fetal liver, stalled replication forks, pulmonary vascular, chromatin state",0.06086956521739131
949,"recent findings recent, cell multi omics, complex microbial, crispr cas based",0.0
949,"related morbidity, stage diagnosis, combination strategies, clinical intervention",0.40652173913043477
949,"role intercellular communication, testicular torsion, nanoparticle tracking analysis, mir 21 5p",0.0
949,"therapeutic strategies including, exosomes emerging, epigenetic modulation, solid cancers",0.05217391304347826
949,"transgene expression, metabolite production, study illustrates, precise genome",0.04347826086956521
949,"web science core, mean sd age, research hotspots, 28 day mortality",0.0
950,"bla ctx, spectrum lactamase esbl, sequence types sts, coli isolates",0.0
950,"details use execution, myosin motors, nascent chain, origin life",0.30434782608695654
950,"editorial emerging, author correction, g2 phase, model pd",0.01956521739130435
950,"fetal liver, stalled replication forks, pulmonary vascular, chromatin state",0.07391304347826087
950,"recent findings recent, cell multi omics, complex microbial, crispr cas based",0.0
950,"related morbidity, stage diagnosis, combination strategies, clinical intervention",0.49999999999999994
950,"role intercellular communication, testicular torsion, nanoparticle tracking analysis, mir 21 5p",0.0
950,"therapeutic strategies including, exosomes emerging, epigenetic modulation, solid cancers",0.010869565217391304
950,"transgene expression, metabolite production, study illustrates, precise genome",0.09130434782608694
950,"web science core, mean sd age, research hotspots, 28 day mortality",0.0
951,"bla ctx, spectrum lactamase esbl, sequence types sts, coli isolates",0.0
951,"details use execution, myosin motors, nascent chain, origin life",0.34782608695652173
951,"editorial emerging, author correction, g2 phase, model pd",0.0
951,"fetal liver, stalled replication forks, pulmonary vascular, chromatin state",0.06521739130434784
951,"recent findings recent, cell multi omics, complex microbial, crispr cas based",0.0
951,"related morbidity, stage diagnosis, combination strategies, clinical intervention",0.4739130434782608
951,"role intercellular communication, testicular torsion, nanoparticle tracking analysis, mir 21 5p",0.0
951,"therapeutic strategies including, exosomes emerging, epigenetic modulation, solid cancers",0.04782608695652174
951,"transgene expression, metabolite production, study illustrates, precise genome",0.06521739130434782
951,"web science core, mean sd age, research hotspots, 28 day mortality",0.0
952,"bla ctx, spectrum lactamase esbl, sequence types sts, coli isolates",0.0
952,"details use execution, myosin motors, nascent chain, origin life",0.21739130434782608
952,"editorial emerging, author correction, g2 phase, model pd",0.0
952,"fetal liver, stalled replication forks, pulmonary vascular, chromatin state",0.11304347826086956
952,"recent findings recent, cell multi omics, complex microbial, crispr cas based",0.0
952,"related morbidity, stage diagnosis, combination strategies, clinical intervention",0.5521739130434784
952,"role intercellular communication, testicular torsion, nanoparticle tracking analysis, mir 21 5p",0.0
952,"therapeutic strategies including, exosomes emerging, epigenetic modulation, solid cancers",0.03695652173913044
952,"transgene expression, metabolite production, study illustrates, precise genome",0.08043478260869565
952,"web science core, mean sd age, research hotspots, 28 day mortality",0.0
953,"bla ctx, spectrum lactamase esbl, sequence types sts, coli isolates",0.0
953,"details use execution, myosin motors, nascent chain, origin life",0.391304347826087
953,"editorial emerging, author correction, g2 phase, model pd",0.01956521739130435
953,"fetal liver, stalled replication forks, pulmonary vascular, chromatin state",0.06086956521739131
953,"recent findings recent, cell multi omics, complex microbial, crispr cas based",0.0
953,"related morbidity, stage diagnosis, combination strategies, clinical intervention",0.45
953,"role intercellular communication, testicular torsion, nanoparticle tracking analysis, mir 21 5p",0.0
953,"therapeutic strategies including, exosomes emerging, epigenetic modulation, solid cancers",0.02391304347826087
953,"transgene expression, metabolite production, study illustrates, precise genome",0.05434782608695652
953,"web science core, mean sd age, research hotspots, 28 day mortality",0.0
954,"bla ctx, spectrum lactamase esbl, sequence types sts, coli isolates",0.0
954,"details use execution, myosin motors, nascent chain, origin life",0.30434782608695654
954,"editorial emerging, author correction, g2 phase, model pd",0.01956521739130435
954,"fetal liver, stalled replication forks, pulmonary vascular, chromatin state",0.10869565217391304
954,"recent findings recent, cell multi omics, complex microbial, crispr cas based",0.0
954,"related morbidity, stage diagnosis, combination strategies, clinical intervention",0.4739130434782608
954,"role intercellular communication, testicular torsion, nanoparticle tracking analysis, mir 21 5p",0.0
954,"therapeutic strategies including, exosomes emerging, epigenetic modulation, solid cancers",0.01956521739130435
954,"transgene expression, metabolite production, study illustrates, precise genome",0.07391304347826087
954,"web science core, mean sd age, research hotspots, 28 day mortality",0.0
955,"bla ctx, spectrum lactamase esbl, sequence types sts, coli isolates",0.0
955,"details use execution, myosin motors, nascent chain, origin life",0.34782608695652173
955,"editorial emerging, author correction, g2 phase, model pd",0.0
955,"fetal liver, stalled replication forks, pulmonary vascular, chromatin state",0.043478260869565216
955,"recent findings recent, cell multi omics, complex microbial, crispr cas based",0.0
955,"related morbidity, stage diagnosis, combination strategies, clinical intervention",0.5152173913043478
955,"role intercellular communication, testicular torsion, nanoparticle tracking analysis, mir 21 5p",0.0
955,"therapeutic strategies including, exosomes emerging, epigenetic modulation, solid cancers",0.04565217391304348
955,"transgene expression, metabolite production, study illustrates, precise genome",0.04782608695652174
955,"web science core, mean sd age, research hotspots, 28 day mortality",0.0
956,"bla ctx, spectrum lactamase esbl, sequence types sts, coli isolates",0.0
956,"details use execution, myosin motors, nascent chain, origin life",0.2608695652173913
956,"editorial emerging, author correction, g2 phase, model pd",0.0
956,"fetal liver, stalled replication forks, pulmonary vascular, chromatin state",0.09782608695652174
956,"recent findings recent, cell multi omics, complex microbial, crispr cas based",0.0
956,"related morbidity, stage diagnosis, combination strategies, clinical intervention",0.5195652173913043
956,"role intercellular communication, testicular torsion, nanoparticle tracking analysis, mir 21 5p",0.0
956,"therapeutic strategies including, exosomes emerging, epigenetic modulation, solid cancers",0.05434782608695652
956,"transgene expression, metabolite production, study illustrates, precise genome",0.06739130434782609
956,"web science core, mean sd age, research hotspots, 28 day mortality",0.0
957,"bla ctx, spectrum lactamase esbl, sequence types sts, coli isolates",0.0
957,"details use execution, myosin motors, nascent chain, origin life",0.2608695652173913
957,"editorial emerging, author correction, g2 phase, model pd",0.0
957,"fetal liver, stalled replication forks, pulmonary vascular, chromatin state",0.05217391304347826
957,"recent findings recent, cell multi omics, complex microbial, crispr cas based",0.0
957,"related morbidity, stage diagnosis, combination strategies, clinical intervention",0.6086956521739131
957,"role intercellular communication, testicular torsion, nanoparticle tracking analysis, mir 21 5p",0.0
957,"therapeutic strategies including, exosomes emerging, epigenetic modulation, solid cancers",0.02826086956521739
957,"transgene expression, metabolite production, study illustrates, precise genome",0.05
957,"web science core, mean sd age, research hotspots, 28 day mortality",0.0
958,"bla ctx, spectrum lactamase esbl, sequence types sts, coli isolates",0.0
958,"details use execution, myosin motors, nascent chain, origin life",0.43478260869565216
958,"editorial emerging, author correction, g2 phase, model pd",0.01956521739130435
958,"fetal liver, stalled replication forks, pulmonary vascular, chromatin state",0.058695652173913045
958,"recent findings recent, cell multi omics, complex microbial, crispr cas based",0.0
958,"related morbidity, stage diagnosis, combination strategies, clinical intervention",0.358695652173913
958,"role intercellular communication, testicular torsion, nanoparticle tracking analysis, mir 21 5p",0.0
958,"therapeutic strategies including, exosomes emerging, epigenetic modulation, solid cancers",0.06086956521739131
958,"transgene expression, metabolite production, study illustrates, precise genome",0.06739130434782609
958,"web science core, mean sd age, research hotspots, 28 day mortality",0.0
959,"bla ctx, spectrum lactamase esbl, sequence types sts, coli isolates",0.0
959,"details use execution, myosin motors, nascent chain, origin life",0.34782608695652173
959,"editorial emerging, author correction, g2 phase, model pd",0.002173913043478261
959,"fetal liver, stalled replication forks, pulmonary vascular, chromatin state",0.04782608695652174
959,"recent findings recent, cell multi omics, complex microbial, crispr cas based",0.0
959,"related morbidity, stage diagnosis, combination strategies, clinical intervention",0.4934782608695652
959,"role intercellular communication, testicular torsion, nanoparticle tracking analysis, mir 21 5p",0.0
959,"therapeutic strategies including, exosomes emerging, epigenetic modulation, solid cancers",0.05434782608695652
959,"transgene expression, metabolite production, study illustrates, precise genome",0.05434782608695652
959,"web science core, mean sd age, research hotspots, 28 day mortality",0.0
960,"bla ctx, spectrum lactamase esbl, sequence types sts, coli isolates",0.0
960,"details use execution, myosin motors, nascent chain, origin life",0.43478260869565216
960,"editorial emerging, author correction, g2 phase, model pd",0.0
960,"fetal liver, stalled replication forks, pulmonary vascular, chromatin state",0.08695652173913046
960,"recent findings recent, cell multi omics, complex microbial, crispr cas based",0.0
960,"related morbidity, stage diagnosis, combination strategies, clinical intervention",0.42391304347826086
960,"role intercellular communication, testicular torsion, nanoparticle tracking analysis, mir 21 5p",0.0
960,"therapeutic strategies including, exosomes emerging, epigenetic modulation, solid cancers",0.006521739130434784
960,"transgene expression, metabolite production, study illustrates, precise genome",0.04782608695652174
960,"web science core, mean sd age, research hotspots, 28 day mortality",0.0
961,"bla ctx, spectrum lactamase esbl, sequence types sts, coli isolates",0.0
961,"details use execution, myosin motors, nascent chain, origin life",0.43478260869565216
961,"editorial emerging, author correction, g2 phase, model pd",0.021739130434782608
961,"fetal liver, stalled replication forks, pulmonary vascular, chromatin state",0.006521739130434784
961,"recent findings recent, cell multi omics, complex microbial, crispr cas based",0.0
961,"related morbidity, stage diagnosis, combination strategies, clinical intervention",0.44782608695652176
961,"role intercellular communication, testicular torsion, nanoparticle tracking analysis, mir 21 5p",0.0
961,"therapeutic strategies including, exosomes emerging, epigenetic modulation, solid cancers",0.056521739130434796
961,"transgene expression, metabolite production, study illustrates, precise genome",0.03260869565217391
961,"web science core, mean sd age, research hotspots, 28 day mortality",0.0
962,"bla ctx, spectrum lactamase esbl, sequence types sts, coli isolates",0.0
962,"details use execution, myosin motors, nascent chain, origin life",0.34782608695652173
962,"editorial emerging, author correction, g2 phase, model pd",0.0
962,"fetal liver, stalled replication forks, pulmonary vascular, chromatin state",0.09130434782608694
962,"recent findings recent, cell multi omics, complex microbial, crispr cas based",0.0
962,"related morbidity, stage diagnosis, combination strategies, clinical intervention",0.44347826086956527
962,"role intercellular communication, testicular torsion, nanoparticle tracking analysis, mir 21 5p",0.0
962,"therapeutic strategies including, exosomes emerging, epigenetic modulation, solid cancers",0.043478260869565216
962,"transgene expression, metabolite production, study illustrates, precise genome",0.07391304347826086
962,"web science core, mean sd age, research hotspots, 28 day mortality",0.0
963,"bla ctx, spectrum lactamase esbl, sequence types sts, coli isolates",0.0
963,"details use execution, myosin motors, nascent chain, origin life",0.2608695652173913
963,"editorial emerging, author correction, g2 phase, model pd",0.0
963,"fetal liver, stalled replication forks, pulmonary vascular, chromatin state",0.11521739130434783
963,"recent findings recent, cell multi omics, complex microbial, crispr cas based",0.0
963,"related morbidity, stage diagnosis, combination strategies, clinical intervention",0.4978260869565217
963,"role intercellular communication, testicular torsion, nanoparticle tracking analysis, mir 21 5p",0.0
963,"therapeutic strategies including, exosomes emerging, epigenetic modulation, solid cancers",0.05434782608695652
963,"transgene expression, metabolite production, study illustrates, precise genome",0.07173913043478261
963,"web science core, mean sd age, research hotspots, 28 day mortality",0.0
964,"bla ctx, spectrum lactamase esbl, sequence types sts, coli isolates",0.0
964,"details use execution, myosin motors, nascent chain, origin life",0.30434782608695654
964,"editorial emerging, author correction, g2 phase, model pd",0.01956521739130435
964,"fetal liver, stalled replication forks, pulmonary vascular, chromatin state",0.08695652173913043
964,"recent findings recent, cell multi omics, complex microbial, crispr cas based",0.0
964,"related morbidity, stage diagnosis, combination strategies, clinical intervention",0.458695652173913
964,"role intercellular communication, testicular torsion, nanoparticle tracking analysis, mir 21 5p",0.0
964,"therapeutic strategies including, exosomes emerging, epigenetic modulation, solid cancers",0.04782608695652174
964,"transgene expression, metabolite production, study illustrates, precise genome",0.08260869565217392
964,"web science core, mean sd age, research hotspots, 28 day mortality",0.0
965,"bla ctx, spectrum lactamase esbl, sequence types sts, coli isolates",0.0
965,"details use execution, myosin motors, nascent chain, origin life",0.34782608695652173
965,"editorial emerging, author correction, g2 phase, model pd",0.0
965,"fetal liver, stalled replication forks, pulmonary vascular, chromatin state",0.08478260869565218
965,"recent findings recent, cell multi omics, complex microbial, crispr cas based",0.0
965,"related morbidity, stage diagnosis, combination strategies, clinical intervention",0.4608695652173913
965,"role intercellular communication, testicular torsion, nanoparticle tracking analysis, mir 21 5p",0.0
965,"therapeutic strategies including, exosomes emerging, epigenetic modulation, solid cancers",0.047826086956521734
965,"transgene expression, metabolite production, study illustrates, precise genome",0.05869565217391306
965,"web science core, mean sd age, research hotspots, 28 day mortality",0.0
966,"bla ctx, spectrum lactamase esbl, sequence types sts, coli isolates",0.0
966,"details use execution, myosin motors, nascent chain, origin life",0.43478260869565216
966,"editorial emerging, author correction, g2 phase, model pd",0.0
966,"fetal liver, stalled replication forks, pulmonary vascular, chromatin state",0.0891304347826087
966,"recent findings recent, cell multi omics, complex microbial, crispr cas based",0.0
966,"related morbidity, stage diagnosis, combination strategies, clinical intervention",0.3565217391304348
966,"role intercellular communication, testicular torsion, nanoparticle tracking analysis, mir 21 5p",0.0
966,"therapeutic strategies including, exosomes emerging, epigenetic modulation, solid cancers",0.054347826086956534
966,"transgene expression, metabolite production, study illustrates, precise genome",0.06521739130434782
966,"web science core, mean sd age, research hotspots, 28 day mortality",0.0
967,"bla ctx, spectrum lactamase esbl, sequence types sts, coli isolates",0.0
967,"details use execution, myosin motors, nascent chain, origin life",0.30434782608695654
967,"editorial emerging, author correction, g2 phase, model pd",0.002173913043478261
967,"fetal liver, stalled replication forks, pulmonary vascular, chromatin state",0.0847826086956522
967,"recent findings recent, cell multi omics, complex microbial, crispr cas based",0.0
967,"related morbidity, stage diagnosis, combination strategies, clinical intervention",0.517391304347826
967,"role intercellular communication, testicular torsion, nanoparticle tracking analysis, mir 21 5p",0.0
967,"therapeutic strategies including, exosomes emerging, epigenetic modulation, solid cancers",0.030434782608695653
967,"transgene expression, metabolite production, study illustrates, precise genome",0.06086956521739132
967,"web science core, mean sd age, research hotspots, 28 day mortality",0.0
968,"bla ctx, spectrum lactamase esbl, sequence types sts, coli isolates",0.0
968,"details use execution, myosin motors, nascent chain, origin life",0.30434782608695654
968,"editorial emerging, author correction, g2 phase, model pd",0.01956521739130435
968,"fetal liver, stalled replication forks, pulmonary vascular, chromatin state",0.07608695652173912
968,"recent findings recent, cell multi omics, complex microbial, crispr cas based",0.0
968,"related morbidity, stage diagnosis, combination strategies, clinical intervention",0.4956521739130435
968,"role intercellular communication, testicular torsion, nanoparticle tracking analysis, mir 21 5p",0.0
968,"therapeutic strategies including, exosomes emerging, epigenetic modulation, solid cancers",0.04130434782608696
968,"transgene expression, metabolite production, study illustrates, precise genome",0.06304347826086956
968,"web science core, mean sd age, research hotspots, 28 day mortality",0.0
969,"bla ctx, spectrum lactamase esbl, sequence types sts, coli isolates",0.0
969,"details use execution, myosin motors, nascent chain, origin life",0.30434782608695654
969,"editorial emerging, author correction, g2 phase, model pd",0.01956521739130435
969,"fetal liver, stalled replication forks, pulmonary vascular, chromatin state",0.08260869565217391
969,"recent findings recent, cell multi omics, complex microbial, crispr cas based",0.0
969,"related morbidity, stage diagnosis, combination strategies, clinical intervention",0.42608695652173906
969,"role intercellular communication, testicular torsion, nanoparticle tracking analysis, mir 21 5p",0.0
969,"therapeutic strategies including, exosomes emerging, epigenetic modulation, solid cancers",0.10869565217391304
969,"transgene expression, metabolite production, study illustrates, precise genome",0.058695652173913045
969,"web science core, mean sd age, research hotspots, 28 day mortality",0.0
970,"bla ctx, spectrum lactamase esbl, sequence types sts, coli isolates",0.0
970,"details use execution, myosin motors, nascent chain, origin life",0.30434782608695654
970,"editorial emerging, author correction, g2 phase, model pd",0.0
970,"fetal liver, stalled replication forks, pulmonary vascular, chromatin state",0.11304347826086955
970,"recent findings recent, cell multi omics, complex microbial, crispr cas based",0.0
970,"related morbidity, stage diagnosis, combination strategies, clinical intervention",0.46304347826086956
970,"role intercellular communication, testicular torsion, nanoparticle tracking analysis, mir 21 5p",0.0
970,"therapeutic strategies including, exosomes emerging, epigenetic modulation, solid cancers",0.03695652173913044
970,"transgene expression, metabolite production, study illustrates, precise genome",0.08260869565217392
970,"web science core, mean sd age, research hotspots, 28 day mortality",0.0
971,"bla ctx, spectrum lactamase esbl, sequence types sts, coli isolates",0.0
971,"details use execution, myosin motors, nascent chain, origin life",0.2608695652173913
971,"editorial emerging, author correction, g2 phase, model pd",0.002173913043478261
971,"fetal liver, stalled replication forks, pulmonary vascular, chromatin state",0.03695652173913044
971,"recent findings recent, cell multi omics, complex microbial, crispr cas based",0.0
971,"related morbidity, stage diagnosis, combination strategies, clinical intervention",0.5978260869565216
971,"role intercellular communication, testicular torsion, nanoparticle tracking analysis, mir 21 5p",0.0
971,"therapeutic strategies including, exosomes emerging, epigenetic modulation, solid cancers",0.07173913043478261
971,"transgene expression, metabolite production, study illustrates, precise genome",0.030434782608695653
971,"web science core, mean sd age, research hotspots, 28 day mortality",0.0
972,"bla ctx, spectrum lactamase esbl, sequence types sts, coli isolates",0.0
972,"details use execution, myosin motors, nascent chain, origin life",0.30434782608695654
972,"editorial emerging, author correction, g2 phase, model pd",0.0
972,"fetal liver, stalled replication forks, pulmonary vascular, chromatin state",0.09999999999999999
972,"recent findings recent, cell multi omics, complex microbial, crispr cas based",0.0
972,"related morbidity, stage diagnosis, combination strategies, clinical intervention",0.4760869565217391
972,"role intercellular communication, testicular torsion, nanoparticle tracking analysis, mir 21 5p",0.0
972,"therapeutic strategies including, exosomes emerging, epigenetic modulation, solid cancers",0.03260869565217391
972,"transgene expression, metabolite production, study illustrates, precise genome",0.08695652173913043
972,"web science core, mean sd age, research hotspots, 28 day mortality",0.0
973,"bla ctx, spectrum lactamase esbl, sequence types sts, coli isolates",0.0
973,"details use execution, myosin motors, nascent chain, origin life",0.30434782608695654
973,"editorial emerging, author correction, g2 phase, model pd",0.002173913043478261
973,"fetal liver, stalled replication forks, pulmonary vascular, chromatin state",0.05434782608695652
973,"recent findings recent, cell multi omics, complex microbial, crispr cas based",0.0
973,"related morbidity, stage diagnosis, combination strategies, clinical intervention",0.541304347826087
973,"role intercellular communication, testicular torsion, nanoparticle tracking analysis, mir 21 5p",0.0
973,"therapeutic strategies including, exosomes emerging, epigenetic modulation, solid cancers",0.041304347826086954
973,"transgene expression, metabolite production, study illustrates, precise genome",0.056521739130434796
973,"web science core, mean sd age, research hotspots, 28 day mortality",0.0
974,"bla ctx, spectrum lactamase esbl, sequence types sts, coli isolates",0.0
974,"details use execution, myosin motors, nascent chain, origin life",0.30434782608695654
974,"editorial emerging, author correction, g2 phase, model pd",0.0
974,"fetal liver, stalled replication forks, pulmonary vascular, chromatin state",0.09782608695652174
974,"recent findings recent, cell multi omics, complex microbial, crispr cas based",0.0
974,"related morbidity, stage diagnosis, combination strategies, clinical intervention",0.5043478260869565
974,"role intercellular communication, testicular torsion, nanoparticle tracking analysis, mir 21 5p",0.0
974,"therapeutic strategies including, exosomes emerging, epigenetic modulation, solid cancers",0.04565217391304348
974,"transgene expression, metabolite production, study illustrates, precise genome",0.04782608695652174
974,"web science core, mean sd age, research hotspots, 28 day mortality",0.0
975,"bla ctx, spectrum lactamase esbl, sequence types sts, coli isolates",0.0
975,"details use execution, myosin motors, nascent chain, origin life",0.391304347826087
975,"editorial emerging, author correction, g2 phase, model pd",0.01956521739130435
975,"fetal liver, stalled replication forks, pulmonary vascular, chromatin state",0.015217391304347825
975,"recent findings recent, cell multi omics, complex microbial, crispr cas based",0.0
975,"related morbidity, stage diagnosis, combination strategies, clinical intervention",0.48695652173913045
975,"role intercellular communication, testicular torsion, nanoparticle tracking analysis, mir 21 5p",0.0
975,"therapeutic strategies including, exosomes emerging, epigenetic modulation, solid cancers",0.0673913043478261
975,"transgene expression, metabolite production, study illustrates, precise genome",0.019565217391304346
975,"web science core, mean sd age, research hotspots, 28 day mortality",0.0
976,"bla ctx, spectrum lactamase esbl, sequence types sts, coli isolates",0.0
976,"details use execution, myosin motors, nascent chain, origin life",0.4782608695652174
976,"editorial emerging, author correction, g2 phase, model pd",0.0
976,"fetal liver, stalled replication forks, pulmonary vascular, chromatin state",0.02391304347826087
976,"recent findings recent, cell multi omics, complex microbial, crispr cas based",0.0
976,"related morbidity, stage diagnosis, combination strategies, clinical intervention",0.4369565217391304
976,"role intercellular communication, testicular torsion, nanoparticle tracking analysis, mir 21 5p",0.0
976,"therapeutic strategies including, exosomes emerging, epigenetic modulation, solid cancers",0.041304347826086954
976,"transgene expression, metabolite production, study illustrates, precise genome",0.01956521739130435
976,"web science core, mean sd age, research hotspots, 28 day mortality",0.0
977,"bla ctx, spectrum lactamase esbl, sequence types sts, coli isolates",0.0
977,"details use execution, myosin motors, nascent chain, origin life",0.391304347826087
977,"editorial emerging, author correction, g2 phase, model pd",0.002173913043478261
977,"fetal liver, stalled replication forks, pulmonary vascular, chromatin state",0.034782608695652174
977,"recent findings recent, cell multi omics, complex microbial, crispr cas based",0.0
977,"related morbidity, stage diagnosis, combination strategies, clinical intervention",0.4869565217391304
977,"role intercellular communication, testicular torsion, nanoparticle tracking analysis, mir 21 5p",0.0
977,"therapeutic strategies including, exosomes emerging, epigenetic modulation, solid cancers",0.06521739130434782
977,"transgene expression, metabolite production, study illustrates, precise genome",0.01956521739130435
977,"web science core, mean sd age, research hotspots, 28 day mortality",0.0
978,"bla ctx, spectrum lactamase esbl, sequence types sts, coli isolates",0.0
978,"details use execution, myosin motors, nascent chain, origin life",0.4782608695652174
978,"editorial emerging, author correction, g2 phase, model pd",0.0
978,"fetal liver, stalled replication forks, pulmonary vascular, chromatin state",0.0608695652173913
978,"recent findings recent, cell multi omics, complex microbial, crispr cas based",0.0
978,"related morbidity, stage diagnosis, combination strategies, clinical intervention",0.35434782608695653
978,"role intercellular communication, testicular torsion, nanoparticle tracking analysis, mir 21 5p",0.0
978,"therapeutic strategies including, exosomes emerging, epigenetic modulation, solid cancers",0.06739130434782609
978,"transgene expression, metabolite production, study illustrates, precise genome",0.0391304347826087
978,"web science core, mean sd age, research hotspots, 28 day mortality",0.0
979,"bla ctx, spectrum lactamase esbl, sequence types sts, coli isolates",0.0
979,"details use execution, myosin motors, nascent chain, origin life",0.391304347826087
979,"editorial emerging, author correction, g2 phase, model pd",0.0
979,"fetal liver, stalled replication forks, pulmonary vascular, chromatin state",0.06304347826086958
979,"recent findings recent, cell multi omics, complex microbial, crispr cas based",0.0
979,"related morbidity, stage diagnosis, combination strategies, clinical intervention",0.45000000000000007
979,"role intercellular communication, testicular torsion, nanoparticle tracking analysis, mir 21 5p",0.0
979,"therapeutic strategies including, exosomes emerging, epigenetic modulation, solid cancers",0.05217391304347826
979,"transgene expression, metabolite production, study illustrates, precise genome",0.04347826086956523
979,"web science core, mean sd age, research hotspots, 28 day mortality",0.0
980,"bla ctx, spectrum lactamase esbl, sequence types sts, coli isolates",0.0
980,"details use execution, myosin motors, nascent chain, origin life",0.2608695652173913
980,"editorial emerging, author correction, g2 phase, model pd",0.002173913043478261
980,"fetal liver, stalled replication forks, pulmonary vascular, chromatin state",0.08695652173913043
980,"recent findings recent, cell multi omics, complex microbial, crispr cas based",0.0
980,"related morbidity, stage diagnosis, combination strategies, clinical intervention",0.5630434782608696
980,"role intercellular communication, testicular torsion, nanoparticle tracking analysis, mir 21 5p",0.0
980,"therapeutic strategies including, exosomes emerging, epigenetic modulation, solid cancers",0.02391304347826087
980,"transgene expression, metabolite production, study illustrates, precise genome",0.06304347826086958
980,"web science core, mean sd age, research hotspots, 28 day mortality",0.0
981,"bla ctx, spectrum lactamase esbl, sequence types sts, coli isolates",0.0
981,"details use execution, myosin motors, nascent chain, origin life",0.34782608695652173
981,"editorial emerging, author correction, g2 phase, model pd",0.01956521739130435
981,"fetal liver, stalled replication forks, pulmonary vascular, chromatin state",0.05652173913043478
981,"recent findings recent, cell multi omics, complex microbial, crispr cas based",0.0
981,"related morbidity, stage diagnosis, combination strategies, clinical intervention",0.4413043478260869
981,"role intercellular communication, testicular torsion, nanoparticle tracking analysis, mir 21 5p",0.0
981,"therapeutic strategies including, exosomes emerging, epigenetic modulation, solid cancers",0.06521739130434782
981,"transgene expression, metabolite production, study illustrates, precise genome",0.06956521739130435
981,"web science core, mean sd age, research hotspots, 28 day mortality",0.0
982,"bla ctx, spectrum lactamase esbl, sequence types sts, coli isolates",0.0
982,"details use execution, myosin motors, nascent chain, origin life",0.30434782608695654
982,"editorial emerging, author correction, g2 phase, model pd",0.002173913043478261
982,"fetal liver, stalled replication forks, pulmonary vascular, chromatin state",0.06956521739130436
982,"recent findings recent, cell multi omics, complex microbial, crispr cas based",0.0
982,"related morbidity, stage diagnosis, combination strategies, clinical intervention",0.5108695652173914
982,"role intercellular communication, testicular torsion, nanoparticle tracking analysis, mir 21 5p",0.0
982,"therapeutic strategies including, exosomes emerging, epigenetic modulation, solid cancers",0.058695652173913045
982,"transgene expression, metabolite production, study illustrates, precise genome",0.054347826086956534
982,"web science core, mean sd age, research hotspots, 28 day mortality",0.0
983,"bla ctx, spectrum lactamase esbl, sequence types sts, coli isolates",0.0
983,"details use execution, myosin motors, nascent chain, origin life",0.391304347826087
983,"editorial emerging, author correction, g2 phase, model pd",0.021739130434782608
983,"fetal liver, stalled replication forks, pulmonary vascular, chromatin state",0.1
983,"recent findings recent, cell multi omics, complex microbial, crispr cas based",0.0
983,"related morbidity, stage diagnosis, combination strategies, clinical intervention",0.38913043478260867
983,"role intercellular communication, testicular torsion, nanoparticle tracking analysis, mir 21 5p",0.0
983,"therapeutic strategies including, exosomes emerging, epigenetic modulation, solid cancers",0.010869565217391304
983,"transgene expression, metabolite production, study illustrates, precise genome",0.08695652173913046
983,"web science core, mean sd age, research hotspots, 28 day mortality",0.0
984,"bla ctx, spectrum lactamase esbl, sequence types sts, coli isolates",0.0
984,"details use execution, myosin motors, nascent chain, origin life",0.34782608695652173
984,"editorial emerging, author correction, g2 phase, model pd",0.0
984,"fetal liver, stalled replication forks, pulmonary vascular, chromatin state",0.04782608695652174
984,"recent findings recent, cell multi omics, complex microbial, crispr cas based",0.0
984,"related morbidity, stage diagnosis, combination strategies, clinical intervention",0.5543478260869564
984,"role intercellular communication, testicular torsion, nanoparticle tracking analysis, mir 21 5p",0.0
984,"therapeutic strategies including, exosomes emerging, epigenetic modulation, solid cancers",0.021739130434782608
984,"transgene expression, metabolite production, study illustrates, precise genome",0.02826086956521739
984,"web science core, mean sd age, research hotspots, 28 day mortality",0.0
985,"bla ctx, spectrum lactamase esbl, sequence types sts, coli isolates",0.0
985,"details use execution, myosin motors, nascent chain, origin life",0.43478260869565216
985,"editorial emerging, author correction, g2 phase, model pd",0.002173913043478261
985,"fetal liver, stalled replication forks, pulmonary vascular, chromatin state",0.02608695652173913
985,"recent findings recent, cell multi omics, complex microbial, crispr cas based",0.0
985,"related morbidity, stage diagnosis, combination strategies, clinical intervention",0.42826086956521736
985,"role intercellular communication, testicular torsion, nanoparticle tracking analysis, mir 21 5p",0.0
985,"therapeutic strategies including, exosomes emerging, epigenetic modulation, solid cancers",0.0782608695652174
985,"transgene expression, metabolite production, study illustrates, precise genome",0.03043478260869566
985,"web science core, mean sd age, research hotspots, 28 day mortality",0.0
986,"bla ctx, spectrum lactamase esbl, sequence types sts, coli isolates",0.0
986,"details use execution, myosin motors, nascent chain, origin life",0.21739130434782608
986,"editorial emerging, author correction, g2 phase, model pd",0.002173913043478261
986,"fetal liver, stalled replication forks, pulmonary vascular, chromatin state",0.04130434782608696
986,"recent findings recent, cell multi omics, complex microbial, crispr cas based",0.0
986,"related morbidity, stage diagnosis, combination strategies, clinical intervention",0.6565217391304347
986,"role intercellular communication, testicular torsion, nanoparticle tracking analysis, mir 21 5p",0.0
986,"therapeutic strategies including, exosomes emerging, epigenetic modulation, solid cancers",0.04782608695652174
986,"transgene expression, metabolite production, study illustrates, precise genome",0.034782608695652174
986,"web science core, mean sd age, research hotspots, 28 day mortality",0.0
987,"bla ctx, spectrum lactamase esbl, sequence types sts, coli isolates",0.0
987,"details use execution, myosin motors, nascent chain, origin life",0.21739130434782608
987,"editorial emerging, author correction, g2 phase, model pd",0.002173913043478261
987,"fetal liver, stalled replication forks, pulmonary vascular, chromatin state",0.04565217391304348
987,"recent findings recent, cell multi omics, complex microbial, crispr cas based",0.0
987,"related morbidity, stage diagnosis, combination strategies, clinical intervention",0.6043478260869566
987,"role intercellular communication, testicular torsion, nanoparticle tracking analysis, mir 21 5p",0.0
987,"therapeutic strategies including, exosomes emerging, epigenetic modulation, solid cancers",0.10217391304347827
987,"transgene expression, metabolite production, study illustrates, precise genome",0.028260869565217398
987,"web science core, mean sd age, research hotspots, 28 day mortality",0.0
988,"bla ctx, spectrum lactamase esbl, sequence types sts, coli isolates",0.0
988,"details use execution, myosin motors, nascent chain, origin life",0.2608695652173913
988,"editorial emerging, author correction, g2 phase, model pd",0.01956521739130435
988,"fetal liver, stalled replication forks, pulmonary vascular, chromatin state",0.06086956521739131
988,"recent findings recent, cell multi omics, complex microbial, crispr cas based",0.0
988,"related morbidity, stage diagnosis, combination strategies, clinical intervention",0.5173913043478261
988,"role intercellular communication, testicular torsion, nanoparticle tracking analysis, mir 21 5p",0.0
988,"therapeutic strategies including, exosomes emerging, epigenetic modulation, solid cancers",0.08695652173913043
988,"transgene expression, metabolite production, study illustrates, precise genome",0.05434782608695652
988,"web science core, mean sd age, research hotspots, 28 day mortality",0.0
989,"bla ctx, spectrum lactamase esbl, sequence types sts, coli isolates",0.0
989,"details use execution, myosin motors, nascent chain, origin life",0.2608695652173913
989,"editorial emerging, author correction, g2 phase, model pd",0.0
989,"fetal liver, stalled replication forks, pulmonary vascular, chromatin state",0.08260869565217391
989,"recent findings recent, cell multi omics, complex microbial, crispr cas based",0.0
989,"related morbidity, stage diagnosis, combination strategies, clinical intervention",0.5152173913043478
989,"role intercellular communication, testicular torsion, nanoparticle tracking analysis, mir 21 5p",0.0
989,"therapeutic strategies including, exosomes emerging, epigenetic modulation, solid cancers",0.08260869565217392
989,"transgene expression, metabolite production, study illustrates, precise genome",0.058695652173913045
989,"web science core, mean sd age, research hotspots, 28 day mortality",0.0
990,"bla ctx, spectrum lactamase esbl, sequence types sts, coli isolates",0.0
990,"details use execution, myosin motors, nascent chain, origin life",0.30434782608695654
990,"editorial emerging, author correction, g2 phase, model pd",0.002173913043478261
990,"fetal liver, stalled replication forks, pulmonary vascular, chromatin state",0.058695652173913045
990,"recent findings recent, cell multi omics, complex microbial, crispr cas based",0.0
990,"related morbidity, stage diagnosis, combination strategies, clinical intervention",0.5326086956521738
990,"role intercellular communication, testicular torsion, nanoparticle tracking analysis, mir 21 5p",0.0
990,"therapeutic strategies including, exosomes emerging, epigenetic modulation, solid cancers",0.04782608695652174
990,"transgene expression, metabolite production, study illustrates, precise genome",0.05434782608695652
990,"web science core, mean sd age, research hotspots, 28 day mortality",0.0
991,"bla ctx, spectrum lactamase esbl, sequence types sts, coli isolates",0.0
991,"details use execution, myosin motors, nascent chain, origin life",0.43478260869565216
991,"editorial emerging, author correction, g2 phase, model pd",0.002173913043478261
991,"fetal liver, stalled replication forks, pulmonary vascular, chromatin state",0.09130434782608696
991,"recent findings recent, cell multi omics, complex microbial, crispr cas based",0.0
991,"related morbidity, stage diagnosis, combination strategies, clinical intervention",0.36086956521739133
991,"role intercellular communication, testicular torsion, nanoparticle tracking analysis, mir 21 5p",0.0
991,"therapeutic strategies including, exosomes emerging, epigenetic modulation, solid cancers",0.05434782608695652
991,"transgene expression, metabolite production, study illustrates, precise genome",0.05652173913043478
991,"web science core, mean sd age, research hotspots, 28 day mortality",0.0
992,"bla ctx, spectrum lactamase esbl, sequence types sts, coli isolates",0.0
992,"details use execution, myosin motors, nascent chain, origin life",0.34782608695652173
992,"editorial emerging, author correction, g2 phase, model pd",0.01956521739130435
992,"fetal liver, stalled replication forks, pulmonary vascular, chromatin state",0.056521739130434775
992,"recent findings recent, cell multi omics, complex microbial, crispr cas based",0.0
992,"related morbidity, stage diagnosis, combination strategies, clinical intervention",0.4869565217391304
992,"role intercellular communication, testicular torsion, nanoparticle tracking analysis, mir 21 5p",0.0
992,"therapeutic strategies including, exosomes emerging, epigenetic modulation, solid cancers",0.05217391304347827
992,"transgene expression, metabolite production, study illustrates, precise genome",0.03695652173913044
992,"web science core, mean sd age, research hotspots, 28 day mortality",0.0
993,"bla ctx, spectrum lactamase esbl, sequence types sts, coli isolates",0.0
993,"details use execution, myosin motors, nascent chain, origin life",0.43478260869565216
993,"editorial emerging, author correction, g2 phase, model pd",0.0
993,"fetal liver, stalled replication forks, pulmonary vascular, chromatin state",0.06086956521739132
993,"recent findings recent, cell multi omics, complex microbial, crispr cas based",0.0
993,"related morbidity, stage diagnosis, combination strategies, clinical intervention",0.45217391304347826
993,"role intercellular communication, testicular torsion, nanoparticle tracking analysis, mir 21 5p",0.0
993,"therapeutic strategies including, exosomes emerging, epigenetic modulation, solid cancers",0.015217391304347825
993,"transgene expression, metabolite production, study illustrates, precise genome",0.03695652173913044
993,"web science core, mean sd age, research hotspots, 28 day mortality",0.0
994,"bla ctx, spectrum lactamase esbl, sequence types sts, coli isolates",0.0
994,"details use execution, myosin motors, nascent chain, origin life",0.34782608695652173
994,"editorial emerging, author correction, g2 phase, model pd",0.021739130434782608
994,"fetal liver, stalled replication forks, pulmonary vascular, chromatin state",0.09347826086956522
994,"recent findings recent, cell multi omics, complex microbial, crispr cas based",0.0
994,"related morbidity, stage diagnosis, combination strategies, clinical intervention",0.3673913043478261
994,"role intercellular communication, testicular torsion, nanoparticle tracking analysis, mir 21 5p",0.0
994,"therapeutic strategies including, exosomes emerging, epigenetic modulation, solid cancers",0.06739130434782609
994,"transgene expression, metabolite production, study illustrates, precise genome",0.10217391304347827
994,"web science core, mean sd age, research hotspots, 28 day mortality",0.0
995,"bla ctx, spectrum lactamase esbl, sequence types sts, coli isolates",0.0
995,"details use execution, myosin motors, nascent chain, origin life",0.34782608695652173
995,"editorial emerging, author correction, g2 phase, model pd",0.002173913043478261
995,"fetal liver, stalled replication forks, pulmonary vascular, chromatin state",0.03695652173913043
995,"recent findings recent, cell multi omics, complex microbial, crispr cas based",0.0
995,"related morbidity, stage diagnosis, combination strategies, clinical intervention",0.5478260869565217
995,"role intercellular communication, testicular torsion, nanoparticle tracking analysis, mir 21 5p",0.0
995,"therapeutic strategies including, exosomes emerging, epigenetic modulation, solid cancers",0.0391304347826087
995,"transgene expression, metabolite production, study illustrates, precise genome",0.026086956521739136
995,"web science core, mean sd age, research hotspots, 28 day mortality",0.0
996,"bla ctx, spectrum lactamase esbl, sequence types sts, coli isolates",0.0
996,"details use execution, myosin motors, nascent chain, origin life",0.34782608695652173
996,"editorial emerging, author correction, g2 phase, model pd",0.002173913043478261
996,"fetal liver, stalled replication forks, pulmonary vascular, chromatin state",0.09130434782608694
996,"recent findings recent, cell multi omics, complex microbial, crispr cas based",0.0
996,"related morbidity, stage diagnosis, combination strategies, clinical intervention",0.4413043478260869
996,"role intercellular communication, testicular torsion, nanoparticle tracking analysis, mir 21 5p",0.0
996,"therapeutic strategies including, exosomes emerging, epigenetic modulation, solid cancers",0.03913043478260869
996,"transgene expression, metabolite production, study illustrates, precise genome",0.0782608695652174
996,"web science core, mean sd age, research hotspots, 28 day mortality",0.0
997,"bla ctx, spectrum lactamase esbl, sequence types sts, coli isolates",0.0
997,"details use execution, myosin motors, nascent chain, origin life",0.34782608695652173
997,"editorial emerging, author correction, g2 phase, model pd",0.0
997,"fetal liver, stalled replication forks, pulmonary vascular, chromatin state",0.0673913043478261
997,"recent findings recent, cell multi omics, complex microbial, crispr cas based",0.0
997,"related morbidity, stage diagnosis, combination strategies, clinical intervention",0.4717391304347825
997,"role intercellular communication, testicular torsion, nanoparticle tracking analysis, mir 21 5p",0.0
997,"therapeutic strategies including, exosomes emerging, epigenetic modulation, solid cancers",0.043478260869565216
997,"transgene expression, metabolite production, study illustrates, precise genome",0.06956521739130435
997,"web science core, mean sd age, research hotspots, 28 day mortality",0.0
998,"bla ctx, spectrum lactamase esbl, sequence types sts, coli isolates",0.0
998,"details use execution, myosin motors, nascent chain, origin life",0.391304347826087
998,"editorial emerging, author correction, g2 phase, model pd",0.002173913043478261
998,"fetal liver, stalled replication forks, pulmonary vascular, chromatin state",0.07173913043478261
998,"recent findings recent, cell multi omics, complex microbial, crispr cas based",0.0
998,"related morbidity, stage diagnosis, combination strategies, clinical intervention",0.4413043478260869
998,"role intercellular communication, testicular torsion, nanoparticle tracking analysis, mir 21 5p",0.0
998,"therapeutic strategies including, exosomes emerging, epigenetic modulation, solid cancers",0.04782608695652174
998,"transgene expression, metabolite production, study illustrates, precise genome",0.04565217391304348
998,"web science core, mean sd age, research hotspots, 28 day mortality",0.0
999,"bla ctx, spectrum lactamase esbl, sequence types sts, coli isolates",0.0
999,"details use execution, myosin motors, nascent chain, origin life",0.391304347826087
999,"editorial emerging, author correction, g2 phase, model pd",0.01956521739130435
999,"fetal liver, stalled replication forks, pulmonary vascular, chromatin state",0.043478260869565216
999,"recent findings recent, cell multi omics, complex microbial, crispr cas based",0.0
999,"related morbidity, stage diagnosis, combination strategies, clinical intervention",0.4456521739130434
999,"role intercellular communication, testicular torsion, nanoparticle tracking analysis, mir 21 5p",0.0
999,"therapeutic strategies including, exosomes emerging, epigenetic modulation, solid cancers",0.043478260869565216
999,"transgene expression, metabolite production, study illustrates, precise genome",0.05652173913043478
999,"web science core, mean sd age, research hotspots, 28 day mortality",0.0
