sample_index,bertopic_label,ai_boot_weight
0,"bla ctx, spectrum lactamase esbl, sequence types sts, coli isolates",0.002173913043478261
0,"details use execution, myosin motors, nascent chain, origin life",0.3869565217391305
0,"editorial emerging, author correction, g2 phase, model pd",0.021739130434782608
0,"fetal liver, stalled replication forks, pulmonary vascular, chromatin state",0.0782608695652174
0,"recent findings recent, cell multi omics, complex microbial, crispr cas based",0.0
0,"related morbidity, stage diagnosis, combination strategies, clinical intervention",0.41086956521739126
0,"role intercellular communication, testicular torsion, nanoparticle tracking analysis, mir 21 5p",0.002173913043478261
0,"therapeutic strategies including, exosomes emerging, epigenetic modulation, solid cancers",0.021739130434782608
0,"transgene expression, metabolite production, study illustrates, precise genome",0.07608695652173914
0,"web science core, mean sd age, research hotspots, 28 day mortality",0.0
1,"bla ctx, spectrum lactamase esbl, sequence types sts, coli isolates",0.01956521739130435
1,"details use execution, myosin motors, nascent chain, origin life",0.3021739130434783
1,"editorial emerging, author correction, g2 phase, model pd",0.05434782608695652
1,"fetal liver, stalled replication forks, pulmonary vascular, chromatin state",0.1326086956521739
1,"recent findings recent, cell multi omics, complex microbial, crispr cas based",0.0
1,"related morbidity, stage diagnosis, combination strategies, clinical intervention",0.30434782608695654
1,"role intercellular communication, testicular torsion, nanoparticle tracking analysis, mir 21 5p",0.010869565217391304
1,"therapeutic strategies including, exosomes emerging, epigenetic modulation, solid cancers",0.06304347826086958
1,"transgene expression, metabolite production, study illustrates, precise genome",0.09782608695652174
1,"web science core, mean sd age, research hotspots, 28 day mortality",0.015217391304347825
2,"bla ctx, spectrum lactamase esbl, sequence types sts, coli isolates",0.006521739130434784
2,"details use execution, myosin motors, nascent chain, origin life",0.13478260869565217
2,"editorial emerging, author correction, g2 phase, model pd",0.05434782608695652
2,"fetal liver, stalled replication forks, pulmonary vascular, chromatin state",0.14565217391304347
2,"recent findings recent, cell multi omics, complex microbial, crispr cas based",0.0
2,"related morbidity, stage diagnosis, combination strategies, clinical intervention",0.42826086956521736
2,"role intercellular communication, testicular torsion, nanoparticle tracking analysis, mir 21 5p",0.03260869565217391
2,"therapeutic strategies including, exosomes emerging, epigenetic modulation, solid cancers",0.05652173913043478
2,"transgene expression, metabolite production, study illustrates, precise genome",0.14130434782608695
2,"web science core, mean sd age, research hotspots, 28 day mortality",0.0
3,"bla ctx, spectrum lactamase esbl, sequence types sts, coli isolates",0.013043478260869565
3,"details use execution, myosin motors, nascent chain, origin life",0.26956521739130435
3,"editorial emerging, author correction, g2 phase, model pd",0.002173913043478261
3,"fetal liver, stalled replication forks, pulmonary vascular, chromatin state",0.13260869565217392
3,"recent findings recent, cell multi omics, complex microbial, crispr cas based",0.0
3,"related morbidity, stage diagnosis, combination strategies, clinical intervention",0.38478260869565223
3,"role intercellular communication, testicular torsion, nanoparticle tracking analysis, mir 21 5p",0.006521739130434782
3,"therapeutic strategies including, exosomes emerging, epigenetic modulation, solid cancers",0.02391304347826087
3,"transgene expression, metabolite production, study illustrates, precise genome",0.15217391304347827
3,"web science core, mean sd age, research hotspots, 28 day mortality",0.015217391304347825
4,"bla ctx, spectrum lactamase esbl, sequence types sts, coli isolates",0.010869565217391304
4,"details use execution, myosin motors, nascent chain, origin life",0.39130434782608686
4,"editorial emerging, author correction, g2 phase, model pd",0.03260869565217391
4,"fetal liver, stalled replication forks, pulmonary vascular, chromatin state",0.09782608695652174
4,"recent findings recent, cell multi omics, complex microbial, crispr cas based",0.0
4,"related morbidity, stage diagnosis, combination strategies, clinical intervention",0.2891304347826087
4,"role intercellular communication, testicular torsion, nanoparticle tracking analysis, mir 21 5p",0.03260869565217391
4,"therapeutic strategies including, exosomes emerging, epigenetic modulation, solid cancers",0.07173913043478261
4,"transgene expression, metabolite production, study illustrates, precise genome",0.07391304347826087
4,"web science core, mean sd age, research hotspots, 28 day mortality",0.0
5,"bla ctx, spectrum lactamase esbl, sequence types sts, coli isolates",0.002173913043478261
5,"details use execution, myosin motors, nascent chain, origin life",0.08478260869565217
5,"editorial emerging, author correction, g2 phase, model pd",0.05434782608695652
5,"fetal liver, stalled replication forks, pulmonary vascular, chromatin state",0.09999999999999999
5,"recent findings recent, cell multi omics, complex microbial, crispr cas based",0.0
5,"related morbidity, stage diagnosis, combination strategies, clinical intervention",0.532608695652174
5,"role intercellular communication, testicular torsion, nanoparticle tracking analysis, mir 21 5p",0.0
5,"therapeutic strategies including, exosomes emerging, epigenetic modulation, solid cancers",0.04565217391304347
5,"transgene expression, metabolite production, study illustrates, precise genome",0.18043478260869567
5,"web science core, mean sd age, research hotspots, 28 day mortality",0.0
6,"bla ctx, spectrum lactamase esbl, sequence types sts, coli isolates",0.002173913043478261
6,"details use execution, myosin motors, nascent chain, origin life",0.2673913043478261
6,"editorial emerging, author correction, g2 phase, model pd",0.002173913043478261
6,"fetal liver, stalled replication forks, pulmonary vascular, chromatin state",0.04782608695652174
6,"recent findings recent, cell multi omics, complex microbial, crispr cas based",0.0
6,"related morbidity, stage diagnosis, combination strategies, clinical intervention",0.508695652173913
6,"role intercellular communication, testicular torsion, nanoparticle tracking analysis, mir 21 5p",0.034782608695652174
6,"therapeutic strategies including, exosomes emerging, epigenetic modulation, solid cancers",0.08913043478260871
6,"transgene expression, metabolite production, study illustrates, precise genome",0.04782608695652174
6,"web science core, mean sd age, research hotspots, 28 day mortality",0.0
7,"bla ctx, spectrum lactamase esbl, sequence types sts, coli isolates",0.02391304347826087
7,"details use execution, myosin motors, nascent chain, origin life",0.25652173913043474
7,"editorial emerging, author correction, g2 phase, model pd",0.0
7,"fetal liver, stalled replication forks, pulmonary vascular, chromatin state",0.15869565217391307
7,"recent findings recent, cell multi omics, complex microbial, crispr cas based",0.0
7,"related morbidity, stage diagnosis, combination strategies, clinical intervention",0.4347826086956521
7,"role intercellular communication, testicular torsion, nanoparticle tracking analysis, mir 21 5p",0.008695652173913044
7,"therapeutic strategies including, exosomes emerging, epigenetic modulation, solid cancers",0.03260869565217391
7,"transgene expression, metabolite production, study illustrates, precise genome",0.06956521739130436
7,"web science core, mean sd age, research hotspots, 28 day mortality",0.015217391304347825
8,"bla ctx, spectrum lactamase esbl, sequence types sts, coli isolates",0.004347826086956522
8,"details use execution, myosin motors, nascent chain, origin life",0.33913043478260874
8,"editorial emerging, author correction, g2 phase, model pd",0.03260869565217391
8,"fetal liver, stalled replication forks, pulmonary vascular, chromatin state",0.07608695652173914
8,"recent findings recent, cell multi omics, complex microbial, crispr cas based",0.0
8,"related morbidity, stage diagnosis, combination strategies, clinical intervention",0.41304347826086957
8,"role intercellular communication, testicular torsion, nanoparticle tracking analysis, mir 21 5p",0.004347826086956522
8,"therapeutic strategies including, exosomes emerging, epigenetic modulation, solid cancers",0.06304347826086955
8,"transgene expression, metabolite production, study illustrates, precise genome",0.06739130434782609
8,"web science core, mean sd age, research hotspots, 28 day mortality",0.0
9,"bla ctx, spectrum lactamase esbl, sequence types sts, coli isolates",0.006521739130434784
9,"details use execution, myosin motors, nascent chain, origin life",0.26304347826086955
9,"editorial emerging, author correction, g2 phase, model pd",0.0
9,"fetal liver, stalled replication forks, pulmonary vascular, chromatin state",0.08043478260869566
9,"recent findings recent, cell multi omics, complex microbial, crispr cas based",0.0
9,"related morbidity, stage diagnosis, combination strategies, clinical intervention",0.4717391304347826
9,"role intercellular communication, testicular torsion, nanoparticle tracking analysis, mir 21 5p",0.034782608695652174
9,"therapeutic strategies including, exosomes emerging, epigenetic modulation, solid cancers",0.03260869565217391
9,"transgene expression, metabolite production, study illustrates, precise genome",0.1108695652173913
9,"web science core, mean sd age, research hotspots, 28 day mortality",0.0
10,"bla ctx, spectrum lactamase esbl, sequence types sts, coli isolates",0.004347826086956522
10,"details use execution, myosin motors, nascent chain, origin life",0.2673913043478261
10,"editorial emerging, author correction, g2 phase, model pd",0.021739130434782608
10,"fetal liver, stalled replication forks, pulmonary vascular, chromatin state",0.07173913043478261
10,"recent findings recent, cell multi omics, complex microbial, crispr cas based",0.0
10,"related morbidity, stage diagnosis, combination strategies, clinical intervention",0.45217391304347826
10,"role intercellular communication, testicular torsion, nanoparticle tracking analysis, mir 21 5p",0.03260869565217391
10,"therapeutic strategies including, exosomes emerging, epigenetic modulation, solid cancers",0.04347826086956521
10,"transgene expression, metabolite production, study illustrates, precise genome",0.10652173913043479
10,"web science core, mean sd age, research hotspots, 28 day mortality",0.0
11,"bla ctx, spectrum lactamase esbl, sequence types sts, coli isolates",0.015217391304347825
11,"details use execution, myosin motors, nascent chain, origin life",0.34347826086956523
11,"editorial emerging, author correction, g2 phase, model pd",0.0
11,"fetal liver, stalled replication forks, pulmonary vascular, chromatin state",0.09565217391304348
11,"recent findings recent, cell multi omics, complex microbial, crispr cas based",0.0
11,"related morbidity, stage diagnosis, combination strategies, clinical intervention",0.38260869565217387
11,"role intercellular communication, testicular torsion, nanoparticle tracking analysis, mir 21 5p",0.03260869565217391
11,"therapeutic strategies including, exosomes emerging, epigenetic modulation, solid cancers",0.04130434782608696
11,"transgene expression, metabolite production, study illustrates, precise genome",0.0891304347826087
11,"web science core, mean sd age, research hotspots, 28 day mortality",0.0
12,"bla ctx, spectrum lactamase esbl, sequence types sts, coli isolates",0.015217391304347825
12,"details use execution, myosin motors, nascent chain, origin life",0.13695652173913042
12,"editorial emerging, author correction, g2 phase, model pd",0.021739130434782608
12,"fetal liver, stalled replication forks, pulmonary vascular, chromatin state",0.12608695652173912
12,"recent findings recent, cell multi omics, complex microbial, crispr cas based",0.0
12,"related morbidity, stage diagnosis, combination strategies, clinical intervention",0.5065217391304347
12,"role intercellular communication, testicular torsion, nanoparticle tracking analysis, mir 21 5p",0.006521739130434782
12,"therapeutic strategies including, exosomes emerging, epigenetic modulation, solid cancers",0.07173913043478262
12,"transgene expression, metabolite production, study illustrates, precise genome",0.09999999999999999
12,"web science core, mean sd age, research hotspots, 28 day mortality",0.015217391304347825
13,"bla ctx, spectrum lactamase esbl, sequence types sts, coli isolates",0.0
13,"details use execution, myosin motors, nascent chain, origin life",0.3
13,"editorial emerging, author correction, g2 phase, model pd",0.05434782608695652
13,"fetal liver, stalled replication forks, pulmonary vascular, chromatin state",0.06521739130434782
13,"recent findings recent, cell multi omics, complex microbial, crispr cas based",0.0
13,"related morbidity, stage diagnosis, combination strategies, clinical intervention",0.4608695652173913
13,"role intercellular communication, testicular torsion, nanoparticle tracking analysis, mir 21 5p",0.004347826086956522
13,"therapeutic strategies including, exosomes emerging, epigenetic modulation, solid cancers",0.03043478260869565
13,"transgene expression, metabolite production, study illustrates, precise genome",0.08478260869565218
13,"web science core, mean sd age, research hotspots, 28 day mortality",0.0
14,"bla ctx, spectrum lactamase esbl, sequence types sts, coli isolates",0.015217391304347825
14,"details use execution, myosin motors, nascent chain, origin life",0.4608695652173913
14,"editorial emerging, author correction, g2 phase, model pd",0.0
14,"fetal liver, stalled replication forks, pulmonary vascular, chromatin state",0.06521739130434784
14,"recent findings recent, cell multi omics, complex microbial, crispr cas based",0.0
14,"related morbidity, stage diagnosis, combination strategies, clinical intervention",0.36739130434782613
14,"role intercellular communication, testicular torsion, nanoparticle tracking analysis, mir 21 5p",0.002173913043478261
14,"therapeutic strategies including, exosomes emerging, epigenetic modulation, solid cancers",0.03695652173913044
14,"transgene expression, metabolite production, study illustrates, precise genome",0.05217391304347826
14,"web science core, mean sd age, research hotspots, 28 day mortality",0.0
15,"bla ctx, spectrum lactamase esbl, sequence types sts, coli isolates",0.008695652173913044
15,"details use execution, myosin motors, nascent chain, origin life",0.21956521739130433
15,"editorial emerging, author correction, g2 phase, model pd",0.021739130434782608
15,"fetal liver, stalled replication forks, pulmonary vascular, chromatin state",0.13913043478260867
15,"recent findings recent, cell multi omics, complex microbial, crispr cas based",0.0
15,"related morbidity, stage diagnosis, combination strategies, clinical intervention",0.4108695652173914
15,"role intercellular communication, testicular torsion, nanoparticle tracking analysis, mir 21 5p",0.03260869565217391
15,"therapeutic strategies including, exosomes emerging, epigenetic modulation, solid cancers",0.021739130434782608
15,"transgene expression, metabolite production, study illustrates, precise genome",0.14565217391304347
15,"web science core, mean sd age, research hotspots, 28 day mortality",0.0
16,"bla ctx, spectrum lactamase esbl, sequence types sts, coli isolates",0.006521739130434784
16,"details use execution, myosin motors, nascent chain, origin life",0.25217391304347825
16,"editorial emerging, author correction, g2 phase, model pd",0.0
16,"fetal liver, stalled replication forks, pulmonary vascular, chromatin state",0.09130434782608694
16,"recent findings recent, cell multi omics, complex microbial, crispr cas based",0.0
16,"related morbidity, stage diagnosis, combination strategies, clinical intervention",0.4913043478260869
16,"role intercellular communication, testicular torsion, nanoparticle tracking analysis, mir 21 5p",0.002173913043478261
16,"therapeutic strategies including, exosomes emerging, epigenetic modulation, solid cancers",0.054347826086956534
16,"transgene expression, metabolite production, study illustrates, precise genome",0.10217391304347827
16,"web science core, mean sd age, research hotspots, 28 day mortality",0.0
17,"bla ctx, spectrum lactamase esbl, sequence types sts, coli isolates",0.01956521739130435
17,"details use execution, myosin motors, nascent chain, origin life",0.2717391304347826
17,"editorial emerging, author correction, g2 phase, model pd",0.03260869565217391
17,"fetal liver, stalled replication forks, pulmonary vascular, chromatin state",0.09130434782608694
17,"recent findings recent, cell multi omics, complex microbial, crispr cas based",0.0
17,"related morbidity, stage diagnosis, combination strategies, clinical intervention",0.31086956521739134
17,"role intercellular communication, testicular torsion, nanoparticle tracking analysis, mir 21 5p",0.04130434782608696
17,"therapeutic strategies including, exosomes emerging, epigenetic modulation, solid cancers",0.1043478260869565
17,"transgene expression, metabolite production, study illustrates, precise genome",0.11304347826086955
17,"web science core, mean sd age, research hotspots, 28 day mortality",0.015217391304347825
18,"bla ctx, spectrum lactamase esbl, sequence types sts, coli isolates",0.01956521739130435
18,"details use execution, myosin motors, nascent chain, origin life",0.3021739130434783
18,"editorial emerging, author correction, g2 phase, model pd",0.0
18,"fetal liver, stalled replication forks, pulmonary vascular, chromatin state",0.06956521739130435
18,"recent findings recent, cell multi omics, complex microbial, crispr cas based",0.0
18,"related morbidity, stage diagnosis, combination strategies, clinical intervention",0.41956521739130437
18,"role intercellular communication, testicular torsion, nanoparticle tracking analysis, mir 21 5p",0.010869565217391304
18,"therapeutic strategies including, exosomes emerging, epigenetic modulation, solid cancers",0.05434782608695652
18,"transgene expression, metabolite production, study illustrates, precise genome",0.10869565217391304
18,"web science core, mean sd age, research hotspots, 28 day mortality",0.015217391304347825
19,"bla ctx, spectrum lactamase esbl, sequence types sts, coli isolates",0.015217391304347825
19,"details use execution, myosin motors, nascent chain, origin life",0.1891304347826087
19,"editorial emerging, author correction, g2 phase, model pd",0.0
19,"fetal liver, stalled replication forks, pulmonary vascular, chromatin state",0.07173913043478261
19,"recent findings recent, cell multi omics, complex microbial, crispr cas based",0.0
19,"related morbidity, stage diagnosis, combination strategies, clinical intervention",0.5021739130434782
19,"role intercellular communication, testicular torsion, nanoparticle tracking analysis, mir 21 5p",0.041304347826086954
19,"therapeutic strategies including, exosomes emerging, epigenetic modulation, solid cancers",0.03043478260869565
19,"transgene expression, metabolite production, study illustrates, precise genome",0.13478260869565215
19,"web science core, mean sd age, research hotspots, 28 day mortality",0.015217391304347825
20,"bla ctx, spectrum lactamase esbl, sequence types sts, coli isolates",0.01956521739130435
20,"details use execution, myosin motors, nascent chain, origin life",0.30434782608695654
20,"editorial emerging, author correction, g2 phase, model pd",0.0
20,"fetal liver, stalled replication forks, pulmonary vascular, chromatin state",0.06086956521739131
20,"recent findings recent, cell multi omics, complex microbial, crispr cas based",0.0
20,"related morbidity, stage diagnosis, combination strategies, clinical intervention",0.4826086956521739
20,"role intercellular communication, testicular torsion, nanoparticle tracking analysis, mir 21 5p",0.008695652173913044
20,"therapeutic strategies including, exosomes emerging, epigenetic modulation, solid cancers",0.034782608695652174
20,"transgene expression, metabolite production, study illustrates, precise genome",0.07391304347826087
20,"web science core, mean sd age, research hotspots, 28 day mortality",0.015217391304347825
21,"bla ctx, spectrum lactamase esbl, sequence types sts, coli isolates",0.015217391304347825
21,"details use execution, myosin motors, nascent chain, origin life",0.3282608695652174
21,"editorial emerging, author correction, g2 phase, model pd",0.0
21,"fetal liver, stalled replication forks, pulmonary vascular, chromatin state",0.09782608695652174
21,"recent findings recent, cell multi omics, complex microbial, crispr cas based",0.0
21,"related morbidity, stage diagnosis, combination strategies, clinical intervention",0.38260869565217387
21,"role intercellular communication, testicular torsion, nanoparticle tracking analysis, mir 21 5p",0.004347826086956522
21,"therapeutic strategies including, exosomes emerging, epigenetic modulation, solid cancers",0.034782608695652174
21,"transgene expression, metabolite production, study illustrates, precise genome",0.13695652173913042
21,"web science core, mean sd age, research hotspots, 28 day mortality",0.0
22,"bla ctx, spectrum lactamase esbl, sequence types sts, coli isolates",0.015217391304347825
22,"details use execution, myosin motors, nascent chain, origin life",0.38695652173913037
22,"editorial emerging, author correction, g2 phase, model pd",0.03260869565217391
22,"fetal liver, stalled replication forks, pulmonary vascular, chromatin state",0.08478260869565218
22,"recent findings recent, cell multi omics, complex microbial, crispr cas based",0.0
22,"related morbidity, stage diagnosis, combination strategies, clinical intervention",0.35000000000000003
22,"role intercellular communication, testicular torsion, nanoparticle tracking analysis, mir 21 5p",0.03260869565217391
22,"therapeutic strategies including, exosomes emerging, epigenetic modulation, solid cancers",0.03260869565217391
22,"transgene expression, metabolite production, study illustrates, precise genome",0.06521739130434782
22,"web science core, mean sd age, research hotspots, 28 day mortality",0.0
23,"bla ctx, spectrum lactamase esbl, sequence types sts, coli isolates",0.002173913043478261
23,"details use execution, myosin motors, nascent chain, origin life",0.3086956521739131
23,"editorial emerging, author correction, g2 phase, model pd",0.021739130434782608
23,"fetal liver, stalled replication forks, pulmonary vascular, chromatin state",0.10869565217391303
23,"recent findings recent, cell multi omics, complex microbial, crispr cas based",0.0
23,"related morbidity, stage diagnosis, combination strategies, clinical intervention",0.358695652173913
23,"role intercellular communication, testicular torsion, nanoparticle tracking analysis, mir 21 5p",0.03695652173913044
23,"therapeutic strategies including, exosomes emerging, epigenetic modulation, solid cancers",0.06521739130434782
23,"transgene expression, metabolite production, study illustrates, precise genome",0.09782608695652174
23,"web science core, mean sd age, research hotspots, 28 day mortality",0.0
24,"bla ctx, spectrum lactamase esbl, sequence types sts, coli isolates",0.017391304347826087
24,"details use execution, myosin motors, nascent chain, origin life",0.27391304347826084
24,"editorial emerging, author correction, g2 phase, model pd",0.0
24,"fetal liver, stalled replication forks, pulmonary vascular, chromatin state",0.14347826086956522
24,"recent findings recent, cell multi omics, complex microbial, crispr cas based",0.0
24,"related morbidity, stage diagnosis, combination strategies, clinical intervention",0.358695652173913
24,"role intercellular communication, testicular torsion, nanoparticle tracking analysis, mir 21 5p",0.04130434782608696
24,"therapeutic strategies including, exosomes emerging, epigenetic modulation, solid cancers",0.07391304347826087
24,"transgene expression, metabolite production, study illustrates, precise genome",0.07608695652173914
24,"web science core, mean sd age, research hotspots, 28 day mortality",0.015217391304347825
25,"bla ctx, spectrum lactamase esbl, sequence types sts, coli isolates",0.002173913043478261
25,"details use execution, myosin motors, nascent chain, origin life",0.3
25,"editorial emerging, author correction, g2 phase, model pd",0.002173913043478261
25,"fetal liver, stalled replication forks, pulmonary vascular, chromatin state",0.15217391304347824
25,"recent findings recent, cell multi omics, complex microbial, crispr cas based",0.0
25,"related morbidity, stage diagnosis, combination strategies, clinical intervention",0.391304347826087
25,"role intercellular communication, testicular torsion, nanoparticle tracking analysis, mir 21 5p",0.002173913043478261
25,"therapeutic strategies including, exosomes emerging, epigenetic modulation, solid cancers",0.049999999999999996
25,"transgene expression, metabolite production, study illustrates, precise genome",0.09999999999999998
25,"web science core, mean sd age, research hotspots, 28 day mortality",0.0
26,"bla ctx, spectrum lactamase esbl, sequence types sts, coli isolates",0.010869565217391304
26,"details use execution, myosin motors, nascent chain, origin life",0.25
26,"editorial emerging, author correction, g2 phase, model pd",0.0
26,"fetal liver, stalled replication forks, pulmonary vascular, chromatin state",0.1565217391304348
26,"recent findings recent, cell multi omics, complex microbial, crispr cas based",0.0
26,"related morbidity, stage diagnosis, combination strategies, clinical intervention",0.3978260869565218
26,"role intercellular communication, testicular torsion, nanoparticle tracking analysis, mir 21 5p",0.0
26,"therapeutic strategies including, exosomes emerging, epigenetic modulation, solid cancers",0.03043478260869565
26,"transgene expression, metabolite production, study illustrates, precise genome",0.15434782608695652
26,"web science core, mean sd age, research hotspots, 28 day mortality",0.0
27,"bla ctx, spectrum lactamase esbl, sequence types sts, coli isolates",0.008695652173913044
27,"details use execution, myosin motors, nascent chain, origin life",0.33913043478260874
27,"editorial emerging, author correction, g2 phase, model pd",0.0
27,"fetal liver, stalled replication forks, pulmonary vascular, chromatin state",0.12391304347826088
27,"recent findings recent, cell multi omics, complex microbial, crispr cas based",0.0
27,"related morbidity, stage diagnosis, combination strategies, clinical intervention",0.3456521739130434
27,"role intercellular communication, testicular torsion, nanoparticle tracking analysis, mir 21 5p",0.0
27,"therapeutic strategies including, exosomes emerging, epigenetic modulation, solid cancers",0.041304347826086954
27,"transgene expression, metabolite production, study illustrates, precise genome",0.14130434782608695
27,"web science core, mean sd age, research hotspots, 28 day mortality",0.0
28,"bla ctx, spectrum lactamase esbl, sequence types sts, coli isolates",0.017391304347826087
28,"details use execution, myosin motors, nascent chain, origin life",0.2217391304347826
28,"editorial emerging, author correction, g2 phase, model pd",0.0
28,"fetal liver, stalled replication forks, pulmonary vascular, chromatin state",0.14565217391304347
28,"recent findings recent, cell multi omics, complex microbial, crispr cas based",0.0
28,"related morbidity, stage diagnosis, combination strategies, clinical intervention",0.40434782608695646
28,"role intercellular communication, testicular torsion, nanoparticle tracking analysis, mir 21 5p",0.006521739130434782
28,"therapeutic strategies including, exosomes emerging, epigenetic modulation, solid cancers",0.02391304347826087
28,"transgene expression, metabolite production, study illustrates, precise genome",0.1652173913043478
28,"web science core, mean sd age, research hotspots, 28 day mortality",0.015217391304347825
29,"bla ctx, spectrum lactamase esbl, sequence types sts, coli isolates",0.008695652173913044
29,"details use execution, myosin motors, nascent chain, origin life",0.21739130434782608
29,"editorial emerging, author correction, g2 phase, model pd",0.0
29,"fetal liver, stalled replication forks, pulmonary vascular, chromatin state",0.1217391304347826
29,"recent findings recent, cell multi omics, complex microbial, crispr cas based",0.0
29,"related morbidity, stage diagnosis, combination strategies, clinical intervention",0.4456521739130434
29,"role intercellular communication, testicular torsion, nanoparticle tracking analysis, mir 21 5p",0.034782608695652174
29,"therapeutic strategies including, exosomes emerging, epigenetic modulation, solid cancers",0.0891304347826087
29,"transgene expression, metabolite production, study illustrates, precise genome",0.08260869565217391
29,"web science core, mean sd age, research hotspots, 28 day mortality",0.0
30,"bla ctx, spectrum lactamase esbl, sequence types sts, coli isolates",0.017391304347826087
30,"details use execution, myosin motors, nascent chain, origin life",0.3195652173913044
30,"editorial emerging, author correction, g2 phase, model pd",0.02391304347826087
30,"fetal liver, stalled replication forks, pulmonary vascular, chromatin state",0.03260869565217392
30,"recent findings recent, cell multi omics, complex microbial, crispr cas based",0.0
30,"related morbidity, stage diagnosis, combination strategies, clinical intervention",0.37608695652173907
30,"role intercellular communication, testicular torsion, nanoparticle tracking analysis, mir 21 5p",0.0391304347826087
30,"therapeutic strategies including, exosomes emerging, epigenetic modulation, solid cancers",0.11739130434782609
30,"transgene expression, metabolite production, study illustrates, precise genome",0.058695652173913045
30,"web science core, mean sd age, research hotspots, 28 day mortality",0.015217391304347825
31,"bla ctx, spectrum lactamase esbl, sequence types sts, coli isolates",0.006521739130434782
31,"details use execution, myosin motors, nascent chain, origin life",0.42608695652173917
31,"editorial emerging, author correction, g2 phase, model pd",0.002173913043478261
31,"fetal liver, stalled replication forks, pulmonary vascular, chromatin state",0.09347826086956522
31,"recent findings recent, cell multi omics, complex microbial, crispr cas based",0.0
31,"related morbidity, stage diagnosis, combination strategies, clinical intervention",0.3782608695652174
31,"role intercellular communication, testicular torsion, nanoparticle tracking analysis, mir 21 5p",0.002173913043478261
31,"therapeutic strategies including, exosomes emerging, epigenetic modulation, solid cancers",0.02826086956521739
31,"transgene expression, metabolite production, study illustrates, precise genome",0.06304347826086958
31,"web science core, mean sd age, research hotspots, 28 day mortality",0.0
32,"bla ctx, spectrum lactamase esbl, sequence types sts, coli isolates",0.01956521739130435
32,"details use execution, myosin motors, nascent chain, origin life",0.27391304347826084
32,"editorial emerging, author correction, g2 phase, model pd",0.05652173913043478
32,"fetal liver, stalled replication forks, pulmonary vascular, chromatin state",0.06304347826086958
32,"recent findings recent, cell multi omics, complex microbial, crispr cas based",0.0
32,"related morbidity, stage diagnosis, combination strategies, clinical intervention",0.34130434782608693
32,"role intercellular communication, testicular torsion, nanoparticle tracking analysis, mir 21 5p",0.0391304347826087
32,"therapeutic strategies including, exosomes emerging, epigenetic modulation, solid cancers",0.03913043478260869
32,"transgene expression, metabolite production, study illustrates, precise genome",0.15217391304347827
32,"web science core, mean sd age, research hotspots, 28 day mortality",0.015217391304347825
33,"bla ctx, spectrum lactamase esbl, sequence types sts, coli isolates",0.015217391304347827
33,"details use execution, myosin motors, nascent chain, origin life",0.3847826086956522
33,"editorial emerging, author correction, g2 phase, model pd",0.0
33,"fetal liver, stalled replication forks, pulmonary vascular, chromatin state",0.058695652173913045
33,"recent findings recent, cell multi omics, complex microbial, crispr cas based",0.0
33,"related morbidity, stage diagnosis, combination strategies, clinical intervention",0.34565217391304354
33,"role intercellular communication, testicular torsion, nanoparticle tracking analysis, mir 21 5p",0.034782608695652174
33,"therapeutic strategies including, exosomes emerging, epigenetic modulation, solid cancers",0.1
33,"transgene expression, metabolite production, study illustrates, precise genome",0.06086956521739131
33,"web science core, mean sd age, research hotspots, 28 day mortality",0.0
34,"bla ctx, spectrum lactamase esbl, sequence types sts, coli isolates",0.002173913043478261
34,"details use execution, myosin motors, nascent chain, origin life",0.2565217391304348
34,"editorial emerging, author correction, g2 phase, model pd",0.05434782608695652
34,"fetal liver, stalled replication forks, pulmonary vascular, chromatin state",0.10434782608695652
34,"recent findings recent, cell multi omics, complex microbial, crispr cas based",0.0
34,"related morbidity, stage diagnosis, combination strategies, clinical intervention",0.417391304347826
34,"role intercellular communication, testicular torsion, nanoparticle tracking analysis, mir 21 5p",0.002173913043478261
34,"therapeutic strategies including, exosomes emerging, epigenetic modulation, solid cancers",0.015217391304347825
34,"transgene expression, metabolite production, study illustrates, precise genome",0.14782608695652175
34,"web science core, mean sd age, research hotspots, 28 day mortality",0.0
35,"bla ctx, spectrum lactamase esbl, sequence types sts, coli isolates",0.006521739130434784
35,"details use execution, myosin motors, nascent chain, origin life",0.2956521739130435
35,"editorial emerging, author correction, g2 phase, model pd",0.021739130434782608
35,"fetal liver, stalled replication forks, pulmonary vascular, chromatin state",0.09565217391304348
35,"recent findings recent, cell multi omics, complex microbial, crispr cas based",0.0
35,"related morbidity, stage diagnosis, combination strategies, clinical intervention",0.44565217391304346
35,"role intercellular communication, testicular torsion, nanoparticle tracking analysis, mir 21 5p",0.002173913043478261
35,"therapeutic strategies including, exosomes emerging, epigenetic modulation, solid cancers",0.04565217391304348
35,"transgene expression, metabolite production, study illustrates, precise genome",0.08695652173913043
35,"web science core, mean sd age, research hotspots, 28 day mortality",0.0
36,"bla ctx, spectrum lactamase esbl, sequence types sts, coli isolates",0.002173913043478261
36,"details use execution, myosin motors, nascent chain, origin life",0.2673913043478261
36,"editorial emerging, author correction, g2 phase, model pd",0.05652173913043478
36,"fetal liver, stalled replication forks, pulmonary vascular, chromatin state",0.06521739130434782
36,"recent findings recent, cell multi omics, complex microbial, crispr cas based",0.0
36,"related morbidity, stage diagnosis, combination strategies, clinical intervention",0.42391304347826086
36,"role intercellular communication, testicular torsion, nanoparticle tracking analysis, mir 21 5p",0.034782608695652174
36,"therapeutic strategies including, exosomes emerging, epigenetic modulation, solid cancers",0.04782608695652174
36,"transgene expression, metabolite production, study illustrates, precise genome",0.10217391304347827
36,"web science core, mean sd age, research hotspots, 28 day mortality",0.0
37,"bla ctx, spectrum lactamase esbl, sequence types sts, coli isolates",0.015217391304347825
37,"details use execution, myosin motors, nascent chain, origin life",0.2652173913043478
37,"editorial emerging, author correction, g2 phase, model pd",0.0
37,"fetal liver, stalled replication forks, pulmonary vascular, chromatin state",0.034782608695652174
37,"recent findings recent, cell multi omics, complex microbial, crispr cas based",0.0
37,"related morbidity, stage diagnosis, combination strategies, clinical intervention",0.46304347826086956
37,"role intercellular communication, testicular torsion, nanoparticle tracking analysis, mir 21 5p",0.008695652173913044
37,"therapeutic strategies including, exosomes emerging, epigenetic modulation, solid cancers",0.08260869565217391
37,"transgene expression, metabolite production, study illustrates, precise genome",0.1152173913043478
37,"web science core, mean sd age, research hotspots, 28 day mortality",0.015217391304347825
38,"bla ctx, spectrum lactamase esbl, sequence types sts, coli isolates",0.008695652173913044
38,"details use execution, myosin motors, nascent chain, origin life",0.33695652173913043
38,"editorial emerging, author correction, g2 phase, model pd",0.05434782608695652
38,"fetal liver, stalled replication forks, pulmonary vascular, chromatin state",0.0782608695652174
38,"recent findings recent, cell multi omics, complex microbial, crispr cas based",0.0
38,"related morbidity, stage diagnosis, combination strategies, clinical intervention",0.3782608695652174
38,"role intercellular communication, testicular torsion, nanoparticle tracking analysis, mir 21 5p",0.002173913043478261
38,"therapeutic strategies including, exosomes emerging, epigenetic modulation, solid cancers",0.034782608695652174
38,"transgene expression, metabolite production, study illustrates, precise genome",0.10652173913043479
38,"web science core, mean sd age, research hotspots, 28 day mortality",0.0
39,"bla ctx, spectrum lactamase esbl, sequence types sts, coli isolates",0.008695652173913044
39,"details use execution, myosin motors, nascent chain, origin life",0.33913043478260874
39,"editorial emerging, author correction, g2 phase, model pd",0.0
39,"fetal liver, stalled replication forks, pulmonary vascular, chromatin state",0.14130434782608695
39,"recent findings recent, cell multi omics, complex microbial, crispr cas based",0.0
39,"related morbidity, stage diagnosis, combination strategies, clinical intervention",0.3521739130434782
39,"role intercellular communication, testicular torsion, nanoparticle tracking analysis, mir 21 5p",0.0
39,"therapeutic strategies including, exosomes emerging, epigenetic modulation, solid cancers",0.0391304347826087
39,"transgene expression, metabolite production, study illustrates, precise genome",0.11956521739130435
39,"web science core, mean sd age, research hotspots, 28 day mortality",0.0
40,"bla ctx, spectrum lactamase esbl, sequence types sts, coli isolates",0.017391304347826087
40,"details use execution, myosin motors, nascent chain, origin life",0.2630434782608696
40,"editorial emerging, author correction, g2 phase, model pd",0.03260869565217391
40,"fetal liver, stalled replication forks, pulmonary vascular, chromatin state",0.11521739130434784
40,"recent findings recent, cell multi omics, complex microbial, crispr cas based",0.0
40,"related morbidity, stage diagnosis, combination strategies, clinical intervention",0.39347826086956517
40,"role intercellular communication, testicular torsion, nanoparticle tracking analysis, mir 21 5p",0.008695652173913044
40,"therapeutic strategies including, exosomes emerging, epigenetic modulation, solid cancers",0.04565217391304348
40,"transgene expression, metabolite production, study illustrates, precise genome",0.10869565217391304
40,"web science core, mean sd age, research hotspots, 28 day mortality",0.015217391304347825
41,"bla ctx, spectrum lactamase esbl, sequence types sts, coli isolates",0.002173913043478261
41,"details use execution, myosin motors, nascent chain, origin life",0.26956521739130435
41,"editorial emerging, author correction, g2 phase, model pd",0.021739130434782608
41,"fetal liver, stalled replication forks, pulmonary vascular, chromatin state",0.08478260869565218
41,"recent findings recent, cell multi omics, complex microbial, crispr cas based",0.0
41,"related morbidity, stage diagnosis, combination strategies, clinical intervention",0.3891304347826087
41,"role intercellular communication, testicular torsion, nanoparticle tracking analysis, mir 21 5p",0.03260869565217391
41,"therapeutic strategies including, exosomes emerging, epigenetic modulation, solid cancers",0.0891304347826087
41,"transgene expression, metabolite production, study illustrates, precise genome",0.11086956521739132
41,"web science core, mean sd age, research hotspots, 28 day mortality",0.0
42,"bla ctx, spectrum lactamase esbl, sequence types sts, coli isolates",0.015217391304347825
42,"details use execution, myosin motors, nascent chain, origin life",0.2652173913043478
42,"editorial emerging, author correction, g2 phase, model pd",0.0
42,"fetal liver, stalled replication forks, pulmonary vascular, chromatin state",0.06086956521739131
42,"recent findings recent, cell multi omics, complex microbial, crispr cas based",0.0
42,"related morbidity, stage diagnosis, combination strategies, clinical intervention",0.4913043478260869
42,"role intercellular communication, testicular torsion, nanoparticle tracking analysis, mir 21 5p",0.008695652173913044
42,"therapeutic strategies including, exosomes emerging, epigenetic modulation, solid cancers",0.05652173913043478
42,"transgene expression, metabolite production, study illustrates, precise genome",0.08695652173913043
42,"web science core, mean sd age, research hotspots, 28 day mortality",0.015217391304347825
43,"bla ctx, spectrum lactamase esbl, sequence types sts, coli isolates",0.0
43,"details use execution, myosin motors, nascent chain, origin life",0.14130434782608695
43,"editorial emerging, author correction, g2 phase, model pd",0.0
43,"fetal liver, stalled replication forks, pulmonary vascular, chromatin state",0.1217391304347826
43,"recent findings recent, cell multi omics, complex microbial, crispr cas based",0.0
43,"related morbidity, stage diagnosis, combination strategies, clinical intervention",0.5565217391304348
43,"role intercellular communication, testicular torsion, nanoparticle tracking analysis, mir 21 5p",0.03260869565217391
43,"therapeutic strategies including, exosomes emerging, epigenetic modulation, solid cancers",0.043478260869565216
43,"transgene expression, metabolite production, study illustrates, precise genome",0.10434782608695652
43,"web science core, mean sd age, research hotspots, 28 day mortality",0.0
44,"bla ctx, spectrum lactamase esbl, sequence types sts, coli isolates",0.01956521739130435
44,"details use execution, myosin motors, nascent chain, origin life",0.30434782608695654
44,"editorial emerging, author correction, g2 phase, model pd",0.021739130434782608
44,"fetal liver, stalled replication forks, pulmonary vascular, chromatin state",0.08478260869565218
44,"recent findings recent, cell multi omics, complex microbial, crispr cas based",0.0
44,"related morbidity, stage diagnosis, combination strategies, clinical intervention",0.4195652173913043
44,"role intercellular communication, testicular torsion, nanoparticle tracking analysis, mir 21 5p",0.008695652173913044
44,"therapeutic strategies including, exosomes emerging, epigenetic modulation, solid cancers",0.017391304347826087
44,"transgene expression, metabolite production, study illustrates, precise genome",0.10869565217391304
44,"web science core, mean sd age, research hotspots, 28 day mortality",0.015217391304347825
45,"bla ctx, spectrum lactamase esbl, sequence types sts, coli isolates",0.017391304347826087
45,"details use execution, myosin motors, nascent chain, origin life",0.26521739130434785
45,"editorial emerging, author correction, g2 phase, model pd",0.0
45,"fetal liver, stalled replication forks, pulmonary vascular, chromatin state",0.1347826086956522
45,"recent findings recent, cell multi omics, complex microbial, crispr cas based",0.0
45,"related morbidity, stage diagnosis, combination strategies, clinical intervention",0.42608695652173906
45,"role intercellular communication, testicular torsion, nanoparticle tracking analysis, mir 21 5p",0.006521739130434782
45,"therapeutic strategies including, exosomes emerging, epigenetic modulation, solid cancers",0.03043478260869565
45,"transgene expression, metabolite production, study illustrates, precise genome",0.10434782608695654
45,"web science core, mean sd age, research hotspots, 28 day mortality",0.015217391304347825
46,"bla ctx, spectrum lactamase esbl, sequence types sts, coli isolates",0.006521739130434784
46,"details use execution, myosin motors, nascent chain, origin life",0.35217391304347834
46,"editorial emerging, author correction, g2 phase, model pd",0.0
46,"fetal liver, stalled replication forks, pulmonary vascular, chromatin state",0.08478260869565218
46,"recent findings recent, cell multi omics, complex microbial, crispr cas based",0.0
46,"related morbidity, stage diagnosis, combination strategies, clinical intervention",0.33043478260869563
46,"role intercellular communication, testicular torsion, nanoparticle tracking analysis, mir 21 5p",0.03260869565217391
46,"therapeutic strategies including, exosomes emerging, epigenetic modulation, solid cancers",0.09347826086956522
46,"transgene expression, metabolite production, study illustrates, precise genome",0.09999999999999999
46,"web science core, mean sd age, research hotspots, 28 day mortality",0.0
47,"bla ctx, spectrum lactamase esbl, sequence types sts, coli isolates",0.004347826086956522
47,"details use execution, myosin motors, nascent chain, origin life",0.2543478260869565
47,"editorial emerging, author correction, g2 phase, model pd",0.02391304347826087
47,"fetal liver, stalled replication forks, pulmonary vascular, chromatin state",0.1108695652173913
47,"recent findings recent, cell multi omics, complex microbial, crispr cas based",0.0
47,"related morbidity, stage diagnosis, combination strategies, clinical intervention",0.44565217391304346
47,"role intercellular communication, testicular torsion, nanoparticle tracking analysis, mir 21 5p",0.002173913043478261
47,"therapeutic strategies including, exosomes emerging, epigenetic modulation, solid cancers",0.06521739130434782
47,"transgene expression, metabolite production, study illustrates, precise genome",0.09347826086956522
47,"web science core, mean sd age, research hotspots, 28 day mortality",0.0
48,"bla ctx, spectrum lactamase esbl, sequence types sts, coli isolates",0.010869565217391304
48,"details use execution, myosin motors, nascent chain, origin life",0.20434782608695654
48,"editorial emerging, author correction, g2 phase, model pd",0.021739130434782608
48,"fetal liver, stalled replication forks, pulmonary vascular, chromatin state",0.12391304347826088
48,"recent findings recent, cell multi omics, complex microbial, crispr cas based",0.0
48,"related morbidity, stage diagnosis, combination strategies, clinical intervention",0.417391304347826
48,"role intercellular communication, testicular torsion, nanoparticle tracking analysis, mir 21 5p",0.002173913043478261
48,"therapeutic strategies including, exosomes emerging, epigenetic modulation, solid cancers",0.03260869565217391
48,"transgene expression, metabolite production, study illustrates, precise genome",0.18695652173913047
48,"web science core, mean sd age, research hotspots, 28 day mortality",0.0
49,"bla ctx, spectrum lactamase esbl, sequence types sts, coli isolates",0.0
49,"details use execution, myosin motors, nascent chain, origin life",0.2717391304347826
49,"editorial emerging, author correction, g2 phase, model pd",0.0
49,"fetal liver, stalled replication forks, pulmonary vascular, chromatin state",0.1543478260869565
49,"recent findings recent, cell multi omics, complex microbial, crispr cas based",0.0
49,"related morbidity, stage diagnosis, combination strategies, clinical intervention",0.358695652173913
49,"role intercellular communication, testicular torsion, nanoparticle tracking analysis, mir 21 5p",0.03260869565217391
49,"therapeutic strategies including, exosomes emerging, epigenetic modulation, solid cancers",0.004347826086956522
49,"transgene expression, metabolite production, study illustrates, precise genome",0.1782608695652174
49,"web science core, mean sd age, research hotspots, 28 day mortality",0.0
50,"bla ctx, spectrum lactamase esbl, sequence types sts, coli isolates",0.006521739130434784
50,"details use execution, myosin motors, nascent chain, origin life",0.26304347826086955
50,"editorial emerging, author correction, g2 phase, model pd",0.0
50,"fetal liver, stalled replication forks, pulmonary vascular, chromatin state",0.0891304347826087
50,"recent findings recent, cell multi omics, complex microbial, crispr cas based",0.0
50,"related morbidity, stage diagnosis, combination strategies, clinical intervention",0.4608695652173913
50,"role intercellular communication, testicular torsion, nanoparticle tracking analysis, mir 21 5p",0.034782608695652174
50,"therapeutic strategies including, exosomes emerging, epigenetic modulation, solid cancers",0.02608695652173913
50,"transgene expression, metabolite production, study illustrates, precise genome",0.11956521739130432
50,"web science core, mean sd age, research hotspots, 28 day mortality",0.0
51,"bla ctx, spectrum lactamase esbl, sequence types sts, coli isolates",0.002173913043478261
51,"details use execution, myosin motors, nascent chain, origin life",0.26956521739130435
51,"editorial emerging, author correction, g2 phase, model pd",0.05652173913043478
51,"fetal liver, stalled replication forks, pulmonary vascular, chromatin state",0.07391304347826087
51,"recent findings recent, cell multi omics, complex microbial, crispr cas based",0.0
51,"related morbidity, stage diagnosis, combination strategies, clinical intervention",0.41304347826086957
51,"role intercellular communication, testicular torsion, nanoparticle tracking analysis, mir 21 5p",0.03260869565217391
51,"therapeutic strategies including, exosomes emerging, epigenetic modulation, solid cancers",0.03695652173913044
51,"transgene expression, metabolite production, study illustrates, precise genome",0.11521739130434783
51,"web science core, mean sd age, research hotspots, 28 day mortality",0.0
52,"bla ctx, spectrum lactamase esbl, sequence types sts, coli isolates",0.002173913043478261
52,"details use execution, myosin motors, nascent chain, origin life",0.21304347826086958
52,"editorial emerging, author correction, g2 phase, model pd",0.03260869565217391
52,"fetal liver, stalled replication forks, pulmonary vascular, chromatin state",0.11521739130434783
52,"recent findings recent, cell multi omics, complex microbial, crispr cas based",0.0
52,"related morbidity, stage diagnosis, combination strategies, clinical intervention",0.4760869565217391
52,"role intercellular communication, testicular torsion, nanoparticle tracking analysis, mir 21 5p",0.002173913043478261
52,"therapeutic strategies including, exosomes emerging, epigenetic modulation, solid cancers",0.028260869565217388
52,"transgene expression, metabolite production, study illustrates, precise genome",0.13043478260869565
52,"web science core, mean sd age, research hotspots, 28 day mortality",0.0
53,"bla ctx, spectrum lactamase esbl, sequence types sts, coli isolates",0.002173913043478261
53,"details use execution, myosin motors, nascent chain, origin life",0.21521739130434783
53,"editorial emerging, author correction, g2 phase, model pd",0.05434782608695652
53,"fetal liver, stalled replication forks, pulmonary vascular, chromatin state",0.05652173913043478
53,"recent findings recent, cell multi omics, complex microbial, crispr cas based",0.0
53,"related morbidity, stage diagnosis, combination strategies, clinical intervention",0.523913043478261
53,"role intercellular communication, testicular torsion, nanoparticle tracking analysis, mir 21 5p",0.0
53,"therapeutic strategies including, exosomes emerging, epigenetic modulation, solid cancers",0.03043478260869565
53,"transgene expression, metabolite production, study illustrates, precise genome",0.11739130434782608
53,"web science core, mean sd age, research hotspots, 28 day mortality",0.0
54,"bla ctx, spectrum lactamase esbl, sequence types sts, coli isolates",0.004347826086956522
54,"details use execution, myosin motors, nascent chain, origin life",0.22391304347826088
54,"editorial emerging, author correction, g2 phase, model pd",0.034782608695652174
54,"fetal liver, stalled replication forks, pulmonary vascular, chromatin state",0.07173913043478261
54,"recent findings recent, cell multi omics, complex microbial, crispr cas based",0.0
54,"related morbidity, stage diagnosis, combination strategies, clinical intervention",0.4413043478260869
54,"role intercellular communication, testicular torsion, nanoparticle tracking analysis, mir 21 5p",0.03260869565217391
54,"therapeutic strategies including, exosomes emerging, epigenetic modulation, solid cancers",0.043478260869565216
54,"transgene expression, metabolite production, study illustrates, precise genome",0.14782608695652172
54,"web science core, mean sd age, research hotspots, 28 day mortality",0.0
55,"bla ctx, spectrum lactamase esbl, sequence types sts, coli isolates",0.006521739130434782
55,"details use execution, myosin motors, nascent chain, origin life",0.2956521739130435
55,"editorial emerging, author correction, g2 phase, model pd",0.05652173913043478
55,"fetal liver, stalled replication forks, pulmonary vascular, chromatin state",0.09782608695652174
55,"recent findings recent, cell multi omics, complex microbial, crispr cas based",0.0
55,"related morbidity, stage diagnosis, combination strategies, clinical intervention",0.30434782608695654
55,"role intercellular communication, testicular torsion, nanoparticle tracking analysis, mir 21 5p",0.002173913043478261
55,"therapeutic strategies including, exosomes emerging, epigenetic modulation, solid cancers",0.08913043478260871
55,"transgene expression, metabolite production, study illustrates, precise genome",0.14782608695652175
55,"web science core, mean sd age, research hotspots, 28 day mortality",0.0
56,"bla ctx, spectrum lactamase esbl, sequence types sts, coli isolates",0.02391304347826087
56,"details use execution, myosin motors, nascent chain, origin life",0.2586956521739131
56,"editorial emerging, author correction, g2 phase, model pd",0.034782608695652174
56,"fetal liver, stalled replication forks, pulmonary vascular, chromatin state",0.09130434782608694
56,"recent findings recent, cell multi omics, complex microbial, crispr cas based",0.0
56,"related morbidity, stage diagnosis, combination strategies, clinical intervention",0.3695652173913043
56,"role intercellular communication, testicular torsion, nanoparticle tracking analysis, mir 21 5p",0.006521739130434782
56,"therapeutic strategies including, exosomes emerging, epigenetic modulation, solid cancers",0.10869565217391304
56,"transgene expression, metabolite production, study illustrates, precise genome",0.09130434782608696
56,"web science core, mean sd age, research hotspots, 28 day mortality",0.015217391304347825
57,"bla ctx, spectrum lactamase esbl, sequence types sts, coli isolates",0.004347826086956522
57,"details use execution, myosin motors, nascent chain, origin life",0.42608695652173906
57,"editorial emerging, author correction, g2 phase, model pd",0.0
57,"fetal liver, stalled replication forks, pulmonary vascular, chromatin state",0.0391304347826087
57,"recent findings recent, cell multi omics, complex microbial, crispr cas based",0.0
57,"related morbidity, stage diagnosis, combination strategies, clinical intervention",0.3891304347826087
57,"role intercellular communication, testicular torsion, nanoparticle tracking analysis, mir 21 5p",0.004347826086956522
57,"therapeutic strategies including, exosomes emerging, epigenetic modulation, solid cancers",0.08260869565217392
57,"transgene expression, metabolite production, study illustrates, precise genome",0.05434782608695652
57,"web science core, mean sd age, research hotspots, 28 day mortality",0.0
58,"bla ctx, spectrum lactamase esbl, sequence types sts, coli isolates",0.017391304347826087
58,"details use execution, myosin motors, nascent chain, origin life",0.39565217391304347
58,"editorial emerging, author correction, g2 phase, model pd",0.021739130434782608
58,"fetal liver, stalled replication forks, pulmonary vascular, chromatin state",0.13913043478260867
58,"recent findings recent, cell multi omics, complex microbial, crispr cas based",0.0
58,"related morbidity, stage diagnosis, combination strategies, clinical intervention",0.21304347826086953
58,"role intercellular communication, testicular torsion, nanoparticle tracking analysis, mir 21 5p",0.006521739130434782
58,"therapeutic strategies including, exosomes emerging, epigenetic modulation, solid cancers",0.008695652173913044
58,"transgene expression, metabolite production, study illustrates, precise genome",0.1826086956521739
58,"web science core, mean sd age, research hotspots, 28 day mortality",0.015217391304347825
59,"bla ctx, spectrum lactamase esbl, sequence types sts, coli isolates",0.013043478260869565
59,"details use execution, myosin motors, nascent chain, origin life",0.22391304347826088
59,"editorial emerging, author correction, g2 phase, model pd",0.0
59,"fetal liver, stalled replication forks, pulmonary vascular, chromatin state",0.1391304347826087
59,"recent findings recent, cell multi omics, complex microbial, crispr cas based",0.0
59,"related morbidity, stage diagnosis, combination strategies, clinical intervention",0.4804347826086957
59,"role intercellular communication, testicular torsion, nanoparticle tracking analysis, mir 21 5p",0.008695652173913044
59,"therapeutic strategies including, exosomes emerging, epigenetic modulation, solid cancers",0.021739130434782605
59,"transgene expression, metabolite production, study illustrates, precise genome",0.09782608695652174
59,"web science core, mean sd age, research hotspots, 28 day mortality",0.015217391304347825
60,"bla ctx, spectrum lactamase esbl, sequence types sts, coli isolates",0.006521739130434782
60,"details use execution, myosin motors, nascent chain, origin life",0.09130434782608696
60,"editorial emerging, author correction, g2 phase, model pd",0.02391304347826087
60,"fetal liver, stalled replication forks, pulmonary vascular, chromatin state",0.14565217391304347
60,"recent findings recent, cell multi omics, complex microbial, crispr cas based",0.0
60,"related morbidity, stage diagnosis, combination strategies, clinical intervention",0.5065217391304347
60,"role intercellular communication, testicular torsion, nanoparticle tracking analysis, mir 21 5p",0.03260869565217391
60,"therapeutic strategies including, exosomes emerging, epigenetic modulation, solid cancers",0.0391304347826087
60,"transgene expression, metabolite production, study illustrates, precise genome",0.15434782608695655
60,"web science core, mean sd age, research hotspots, 28 day mortality",0.0
61,"bla ctx, spectrum lactamase esbl, sequence types sts, coli isolates",0.013043478260869565
61,"details use execution, myosin motors, nascent chain, origin life",0.18043478260869567
61,"editorial emerging, author correction, g2 phase, model pd",0.03260869565217391
61,"fetal liver, stalled replication forks, pulmonary vascular, chromatin state",0.09347826086956519
61,"recent findings recent, cell multi omics, complex microbial, crispr cas based",0.0
61,"related morbidity, stage diagnosis, combination strategies, clinical intervention",0.4782608695652173
61,"role intercellular communication, testicular torsion, nanoparticle tracking analysis, mir 21 5p",0.008695652173913044
61,"therapeutic strategies including, exosomes emerging, epigenetic modulation, solid cancers",0.08260869565217391
61,"transgene expression, metabolite production, study illustrates, precise genome",0.09565217391304348
61,"web science core, mean sd age, research hotspots, 28 day mortality",0.015217391304347825
62,"bla ctx, spectrum lactamase esbl, sequence types sts, coli isolates",0.006521739130434784
62,"details use execution, myosin motors, nascent chain, origin life",0.2652173913043478
62,"editorial emerging, author correction, g2 phase, model pd",0.02391304347826087
62,"fetal liver, stalled replication forks, pulmonary vascular, chromatin state",0.03260869565217391
62,"recent findings recent, cell multi omics, complex microbial, crispr cas based",0.0
62,"related morbidity, stage diagnosis, combination strategies, clinical intervention",0.5434782608695652
62,"role intercellular communication, testicular torsion, nanoparticle tracking analysis, mir 21 5p",0.03260869565217391
62,"therapeutic strategies including, exosomes emerging, epigenetic modulation, solid cancers",0.04782608695652174
62,"transgene expression, metabolite production, study illustrates, precise genome",0.04782608695652174
62,"web science core, mean sd age, research hotspots, 28 day mortality",0.0
63,"bla ctx, spectrum lactamase esbl, sequence types sts, coli isolates",0.010869565217391304
63,"details use execution, myosin motors, nascent chain, origin life",0.21739130434782608
63,"editorial emerging, author correction, g2 phase, model pd",0.0
63,"fetal liver, stalled replication forks, pulmonary vascular, chromatin state",0.07608695652173914
63,"recent findings recent, cell multi omics, complex microbial, crispr cas based",0.0
63,"related morbidity, stage diagnosis, combination strategies, clinical intervention",0.5152173913043478
63,"role intercellular communication, testicular torsion, nanoparticle tracking analysis, mir 21 5p",0.03260869565217391
63,"therapeutic strategies including, exosomes emerging, epigenetic modulation, solid cancers",0.05652173913043478
63,"transgene expression, metabolite production, study illustrates, precise genome",0.09130434782608696
63,"web science core, mean sd age, research hotspots, 28 day mortality",0.0
64,"bla ctx, spectrum lactamase esbl, sequence types sts, coli isolates",0.013043478260869565
64,"details use execution, myosin motors, nascent chain, origin life",0.28043478260869564
64,"editorial emerging, author correction, g2 phase, model pd",0.002173913043478261
64,"fetal liver, stalled replication forks, pulmonary vascular, chromatin state",0.10217391304347827
64,"recent findings recent, cell multi omics, complex microbial, crispr cas based",0.0
64,"related morbidity, stage diagnosis, combination strategies, clinical intervention",0.4347826086956521
64,"role intercellular communication, testicular torsion, nanoparticle tracking analysis, mir 21 5p",0.0391304347826087
64,"therapeutic strategies including, exosomes emerging, epigenetic modulation, solid cancers",0.017391304347826087
64,"transgene expression, metabolite production, study illustrates, precise genome",0.09565217391304348
64,"web science core, mean sd age, research hotspots, 28 day mortality",0.015217391304347825
65,"bla ctx, spectrum lactamase esbl, sequence types sts, coli isolates",0.002173913043478261
65,"details use execution, myosin motors, nascent chain, origin life",0.26956521739130435
65,"editorial emerging, author correction, g2 phase, model pd",0.021739130434782608
65,"fetal liver, stalled replication forks, pulmonary vascular, chromatin state",0.16304347826086957
65,"recent findings recent, cell multi omics, complex microbial, crispr cas based",0.0
65,"related morbidity, stage diagnosis, combination strategies, clinical intervention",0.358695652173913
65,"role intercellular communication, testicular torsion, nanoparticle tracking analysis, mir 21 5p",0.03260869565217391
65,"therapeutic strategies including, exosomes emerging, epigenetic modulation, solid cancers",0.019565217391304346
65,"transgene expression, metabolite production, study illustrates, precise genome",0.1326086956521739
65,"web science core, mean sd age, research hotspots, 28 day mortality",0.0
66,"bla ctx, spectrum lactamase esbl, sequence types sts, coli isolates",0.013043478260869565
66,"details use execution, myosin motors, nascent chain, origin life",0.2673913043478261
66,"editorial emerging, author correction, g2 phase, model pd",0.002173913043478261
66,"fetal liver, stalled replication forks, pulmonary vascular, chromatin state",0.1217391304347826
66,"recent findings recent, cell multi omics, complex microbial, crispr cas based",0.0
66,"related morbidity, stage diagnosis, combination strategies, clinical intervention",0.3782608695652174
66,"role intercellular communication, testicular torsion, nanoparticle tracking analysis, mir 21 5p",0.008695652173913044
66,"therapeutic strategies including, exosomes emerging, epigenetic modulation, solid cancers",0.04782608695652174
66,"transgene expression, metabolite production, study illustrates, precise genome",0.14565217391304347
66,"web science core, mean sd age, research hotspots, 28 day mortality",0.015217391304347825
67,"bla ctx, spectrum lactamase esbl, sequence types sts, coli isolates",0.002173913043478261
67,"details use execution, myosin motors, nascent chain, origin life",0.22608695652173913
67,"editorial emerging, author correction, g2 phase, model pd",0.05434782608695652
67,"fetal liver, stalled replication forks, pulmonary vascular, chromatin state",0.0608695652173913
67,"recent findings recent, cell multi omics, complex microbial, crispr cas based",0.0
67,"related morbidity, stage diagnosis, combination strategies, clinical intervention",0.4456521739130434
67,"role intercellular communication, testicular torsion, nanoparticle tracking analysis, mir 21 5p",0.03260869565217391
67,"therapeutic strategies including, exosomes emerging, epigenetic modulation, solid cancers",0.0391304347826087
67,"transgene expression, metabolite production, study illustrates, precise genome",0.1391304347826087
67,"web science core, mean sd age, research hotspots, 28 day mortality",0.0
68,"bla ctx, spectrum lactamase esbl, sequence types sts, coli isolates",0.008695652173913044
68,"details use execution, myosin motors, nascent chain, origin life",0.33695652173913043
68,"editorial emerging, author correction, g2 phase, model pd",0.002173913043478261
68,"fetal liver, stalled replication forks, pulmonary vascular, chromatin state",0.1260869565217391
68,"recent findings recent, cell multi omics, complex microbial, crispr cas based",0.0
68,"related morbidity, stage diagnosis, combination strategies, clinical intervention",0.3304347826086957
68,"role intercellular communication, testicular torsion, nanoparticle tracking analysis, mir 21 5p",0.002173913043478261
68,"therapeutic strategies including, exosomes emerging, epigenetic modulation, solid cancers",0.05652173913043478
68,"transgene expression, metabolite production, study illustrates, precise genome",0.13695652173913045
68,"web science core, mean sd age, research hotspots, 28 day mortality",0.0
69,"bla ctx, spectrum lactamase esbl, sequence types sts, coli isolates",0.004347826086956522
69,"details use execution, myosin motors, nascent chain, origin life",0.2543478260869565
69,"editorial emerging, author correction, g2 phase, model pd",0.05652173913043478
69,"fetal liver, stalled replication forks, pulmonary vascular, chromatin state",0.034782608695652174
69,"recent findings recent, cell multi omics, complex microbial, crispr cas based",0.0
69,"related morbidity, stage diagnosis, combination strategies, clinical intervention",0.5239130434782608
69,"role intercellular communication, testicular torsion, nanoparticle tracking analysis, mir 21 5p",0.002173913043478261
69,"therapeutic strategies including, exosomes emerging, epigenetic modulation, solid cancers",0.030434782608695653
69,"transgene expression, metabolite production, study illustrates, precise genome",0.09347826086956522
69,"web science core, mean sd age, research hotspots, 28 day mortality",0.0
70,"bla ctx, spectrum lactamase esbl, sequence types sts, coli isolates",0.002173913043478261
70,"details use execution, myosin motors, nascent chain, origin life",0.31086956521739134
70,"editorial emerging, author correction, g2 phase, model pd",0.002173913043478261
70,"fetal liver, stalled replication forks, pulmonary vascular, chromatin state",0.1217391304347826
70,"recent findings recent, cell multi omics, complex microbial, crispr cas based",0.0
70,"related morbidity, stage diagnosis, combination strategies, clinical intervention",0.3434782608695652
70,"role intercellular communication, testicular torsion, nanoparticle tracking analysis, mir 21 5p",0.034782608695652174
70,"therapeutic strategies including, exosomes emerging, epigenetic modulation, solid cancers",0.056521739130434775
70,"transgene expression, metabolite production, study illustrates, precise genome",0.1282608695652174
70,"web science core, mean sd age, research hotspots, 28 day mortality",0.0
71,"bla ctx, spectrum lactamase esbl, sequence types sts, coli isolates",0.008695652173913044
71,"details use execution, myosin motors, nascent chain, origin life",0.43478260869565216
71,"editorial emerging, author correction, g2 phase, model pd",0.0
71,"fetal liver, stalled replication forks, pulmonary vascular, chromatin state",0.06304347826086956
71,"recent findings recent, cell multi omics, complex microbial, crispr cas based",0.0
71,"related morbidity, stage diagnosis, combination strategies, clinical intervention",0.4043478260869566
71,"role intercellular communication, testicular torsion, nanoparticle tracking analysis, mir 21 5p",0.034782608695652174
71,"therapeutic strategies including, exosomes emerging, epigenetic modulation, solid cancers",0.026086956521739136
71,"transgene expression, metabolite production, study illustrates, precise genome",0.028260869565217388
71,"web science core, mean sd age, research hotspots, 28 day mortality",0.0
72,"bla ctx, spectrum lactamase esbl, sequence types sts, coli isolates",0.0
72,"details use execution, myosin motors, nascent chain, origin life",0.26956521739130435
72,"editorial emerging, author correction, g2 phase, model pd",0.0
72,"fetal liver, stalled replication forks, pulmonary vascular, chromatin state",0.08478260869565217
72,"recent findings recent, cell multi omics, complex microbial, crispr cas based",0.0
72,"related morbidity, stage diagnosis, combination strategies, clinical intervention",0.45652173913043476
72,"role intercellular communication, testicular torsion, nanoparticle tracking analysis, mir 21 5p",0.034782608695652174
72,"therapeutic strategies including, exosomes emerging, epigenetic modulation, solid cancers",0.03695652173913043
72,"transgene expression, metabolite production, study illustrates, precise genome",0.11739130434782609
72,"web science core, mean sd age, research hotspots, 28 day mortality",0.0
73,"bla ctx, spectrum lactamase esbl, sequence types sts, coli isolates",0.008695652173913044
73,"details use execution, myosin motors, nascent chain, origin life",0.34782608695652173
73,"editorial emerging, author correction, g2 phase, model pd",0.05434782608695652
73,"fetal liver, stalled replication forks, pulmonary vascular, chromatin state",0.10434782608695654
73,"recent findings recent, cell multi omics, complex microbial, crispr cas based",0.0
73,"related morbidity, stage diagnosis, combination strategies, clinical intervention",0.29347826086956524
73,"role intercellular communication, testicular torsion, nanoparticle tracking analysis, mir 21 5p",0.034782608695652174
73,"therapeutic strategies including, exosomes emerging, epigenetic modulation, solid cancers",0.05652173913043478
73,"transgene expression, metabolite production, study illustrates, precise genome",0.09999999999999999
73,"web science core, mean sd age, research hotspots, 28 day mortality",0.0
74,"bla ctx, spectrum lactamase esbl, sequence types sts, coli isolates",0.013043478260869565
74,"details use execution, myosin motors, nascent chain, origin life",0.23695652173913045
74,"editorial emerging, author correction, g2 phase, model pd",0.034782608695652174
74,"fetal liver, stalled replication forks, pulmonary vascular, chromatin state",0.1282608695652174
74,"recent findings recent, cell multi omics, complex microbial, crispr cas based",0.0
74,"related morbidity, stage diagnosis, combination strategies, clinical intervention",0.42173913043478256
74,"role intercellular communication, testicular torsion, nanoparticle tracking analysis, mir 21 5p",0.0391304347826087
74,"therapeutic strategies including, exosomes emerging, epigenetic modulation, solid cancers",0.013043478260869565
74,"transgene expression, metabolite production, study illustrates, precise genome",0.09782608695652174
74,"web science core, mean sd age, research hotspots, 28 day mortality",0.015217391304347825
75,"bla ctx, spectrum lactamase esbl, sequence types sts, coli isolates",0.002173913043478261
75,"details use execution, myosin motors, nascent chain, origin life",0.3869565217391305
75,"editorial emerging, author correction, g2 phase, model pd",0.0
75,"fetal liver, stalled replication forks, pulmonary vascular, chromatin state",0.06521739130434782
75,"recent findings recent, cell multi omics, complex microbial, crispr cas based",0.0
75,"related morbidity, stage diagnosis, combination strategies, clinical intervention",0.4434782608695652
75,"role intercellular communication, testicular torsion, nanoparticle tracking analysis, mir 21 5p",0.002173913043478261
75,"therapeutic strategies including, exosomes emerging, epigenetic modulation, solid cancers",0.05434782608695652
75,"transgene expression, metabolite production, study illustrates, precise genome",0.04565217391304348
75,"web science core, mean sd age, research hotspots, 28 day mortality",0.0
76,"bla ctx, spectrum lactamase esbl, sequence types sts, coli isolates",0.008695652173913044
76,"details use execution, myosin motors, nascent chain, origin life",0.20869565217391303
76,"editorial emerging, author correction, g2 phase, model pd",0.03260869565217391
76,"fetal liver, stalled replication forks, pulmonary vascular, chromatin state",0.06956521739130435
76,"recent findings recent, cell multi omics, complex microbial, crispr cas based",0.0
76,"related morbidity, stage diagnosis, combination strategies, clinical intervention",0.5
76,"role intercellular communication, testicular torsion, nanoparticle tracking analysis, mir 21 5p",0.0
76,"therapeutic strategies including, exosomes emerging, epigenetic modulation, solid cancers",0.11956521739130435
76,"transgene expression, metabolite production, study illustrates, precise genome",0.06086956521739131
76,"web science core, mean sd age, research hotspots, 28 day mortality",0.0
77,"bla ctx, spectrum lactamase esbl, sequence types sts, coli isolates",0.008695652173913044
77,"details use execution, myosin motors, nascent chain, origin life",0.25
77,"editorial emerging, author correction, g2 phase, model pd",0.0
77,"fetal liver, stalled replication forks, pulmonary vascular, chromatin state",0.13695652173913042
77,"recent findings recent, cell multi omics, complex microbial, crispr cas based",0.0
77,"related morbidity, stage diagnosis, combination strategies, clinical intervention",0.41304347826086957
77,"role intercellular communication, testicular torsion, nanoparticle tracking analysis, mir 21 5p",0.002173913043478261
77,"therapeutic strategies including, exosomes emerging, epigenetic modulation, solid cancers",0.08260869565217392
77,"transgene expression, metabolite production, study illustrates, precise genome",0.10652173913043479
77,"web science core, mean sd age, research hotspots, 28 day mortality",0.0
78,"bla ctx, spectrum lactamase esbl, sequence types sts, coli isolates",0.002173913043478261
78,"details use execution, myosin motors, nascent chain, origin life",0.1826086956521739
78,"editorial emerging, author correction, g2 phase, model pd",0.05434782608695652
78,"fetal liver, stalled replication forks, pulmonary vascular, chromatin state",0.1326086956521739
78,"recent findings recent, cell multi omics, complex microbial, crispr cas based",0.0
78,"related morbidity, stage diagnosis, combination strategies, clinical intervention",0.43260869565217397
78,"role intercellular communication, testicular torsion, nanoparticle tracking analysis, mir 21 5p",0.03260869565217391
78,"therapeutic strategies including, exosomes emerging, epigenetic modulation, solid cancers",0.0391304347826087
78,"transgene expression, metabolite production, study illustrates, precise genome",0.12391304347826088
78,"web science core, mean sd age, research hotspots, 28 day mortality",0.0
79,"bla ctx, spectrum lactamase esbl, sequence types sts, coli isolates",0.010869565217391304
79,"details use execution, myosin motors, nascent chain, origin life",0.4652173913043478
79,"editorial emerging, author correction, g2 phase, model pd",0.02391304347826087
79,"fetal liver, stalled replication forks, pulmonary vascular, chromatin state",0.08478260869565217
79,"recent findings recent, cell multi omics, complex microbial, crispr cas based",0.0
79,"related morbidity, stage diagnosis, combination strategies, clinical intervention",0.2456521739130435
79,"role intercellular communication, testicular torsion, nanoparticle tracking analysis, mir 21 5p",0.002173913043478261
79,"therapeutic strategies including, exosomes emerging, epigenetic modulation, solid cancers",0.041304347826086954
79,"transgene expression, metabolite production, study illustrates, precise genome",0.1260869565217391
79,"web science core, mean sd age, research hotspots, 28 day mortality",0.0
80,"bla ctx, spectrum lactamase esbl, sequence types sts, coli isolates",0.0
80,"details use execution, myosin motors, nascent chain, origin life",0.22608695652173913
80,"editorial emerging, author correction, g2 phase, model pd",0.02391304347826087
80,"fetal liver, stalled replication forks, pulmonary vascular, chromatin state",0.0891304347826087
80,"recent findings recent, cell multi omics, complex microbial, crispr cas based",0.0
80,"related morbidity, stage diagnosis, combination strategies, clinical intervention",0.4630434782608695
80,"role intercellular communication, testicular torsion, nanoparticle tracking analysis, mir 21 5p",0.034782608695652174
80,"therapeutic strategies including, exosomes emerging, epigenetic modulation, solid cancers",0.08260869565217392
80,"transgene expression, metabolite production, study illustrates, precise genome",0.08043478260869566
80,"web science core, mean sd age, research hotspots, 28 day mortality",0.0
81,"bla ctx, spectrum lactamase esbl, sequence types sts, coli isolates",0.002173913043478261
81,"details use execution, myosin motors, nascent chain, origin life",0.1282608695652174
81,"editorial emerging, author correction, g2 phase, model pd",0.002173913043478261
81,"fetal liver, stalled replication forks, pulmonary vascular, chromatin state",0.13478260869565215
81,"recent findings recent, cell multi omics, complex microbial, crispr cas based",0.0
81,"related morbidity, stage diagnosis, combination strategies, clinical intervention",0.5
81,"role intercellular communication, testicular torsion, nanoparticle tracking analysis, mir 21 5p",0.0
81,"therapeutic strategies including, exosomes emerging, epigenetic modulation, solid cancers",0.06956521739130435
81,"transgene expression, metabolite production, study illustrates, precise genome",0.1630434782608696
81,"web science core, mean sd age, research hotspots, 28 day mortality",0.0
82,"bla ctx, spectrum lactamase esbl, sequence types sts, coli isolates",0.010869565217391304
82,"details use execution, myosin motors, nascent chain, origin life",0.29347826086956524
82,"editorial emerging, author correction, g2 phase, model pd",0.0
82,"fetal liver, stalled replication forks, pulmonary vascular, chromatin state",0.05217391304347827
82,"recent findings recent, cell multi omics, complex microbial, crispr cas based",0.0
82,"related morbidity, stage diagnosis, combination strategies, clinical intervention",0.4652173913043478
82,"role intercellular communication, testicular torsion, nanoparticle tracking analysis, mir 21 5p",0.0
82,"therapeutic strategies including, exosomes emerging, epigenetic modulation, solid cancers",0.10217391304347827
82,"transgene expression, metabolite production, study illustrates, precise genome",0.07608695652173914
82,"web science core, mean sd age, research hotspots, 28 day mortality",0.0
83,"bla ctx, spectrum lactamase esbl, sequence types sts, coli isolates",0.021739130434782608
83,"details use execution, myosin motors, nascent chain, origin life",0.3021739130434783
83,"editorial emerging, author correction, g2 phase, model pd",0.0
83,"fetal liver, stalled replication forks, pulmonary vascular, chromatin state",0.06304347826086958
83,"recent findings recent, cell multi omics, complex microbial, crispr cas based",0.0
83,"related morbidity, stage diagnosis, combination strategies, clinical intervention",0.4130434782608695
83,"role intercellular communication, testicular torsion, nanoparticle tracking analysis, mir 21 5p",0.008695652173913044
83,"therapeutic strategies including, exosomes emerging, epigenetic modulation, solid cancers",0.05652173913043478
83,"transgene expression, metabolite production, study illustrates, precise genome",0.11956521739130435
83,"web science core, mean sd age, research hotspots, 28 day mortality",0.015217391304347825
84,"bla ctx, spectrum lactamase esbl, sequence types sts, coli isolates",0.010869565217391304
84,"details use execution, myosin motors, nascent chain, origin life",0.18043478260869567
84,"editorial emerging, author correction, g2 phase, model pd",0.002173913043478261
84,"fetal liver, stalled replication forks, pulmonary vascular, chromatin state",0.12826086956521737
84,"recent findings recent, cell multi omics, complex microbial, crispr cas based",0.0
84,"related morbidity, stage diagnosis, combination strategies, clinical intervention",0.5043478260869565
84,"role intercellular communication, testicular torsion, nanoparticle tracking analysis, mir 21 5p",0.010869565217391304
84,"therapeutic strategies including, exosomes emerging, epigenetic modulation, solid cancers",0.002173913043478261
84,"transgene expression, metabolite production, study illustrates, precise genome",0.14565217391304347
84,"web science core, mean sd age, research hotspots, 28 day mortality",0.015217391304347825
85,"bla ctx, spectrum lactamase esbl, sequence types sts, coli isolates",0.010869565217391304
85,"details use execution, myosin motors, nascent chain, origin life",0.25869565217391305
85,"editorial emerging, author correction, g2 phase, model pd",0.0
85,"fetal liver, stalled replication forks, pulmonary vascular, chromatin state",0.06304347826086958
85,"recent findings recent, cell multi omics, complex microbial, crispr cas based",0.0
85,"related morbidity, stage diagnosis, combination strategies, clinical intervention",0.45
85,"role intercellular communication, testicular torsion, nanoparticle tracking analysis, mir 21 5p",0.034782608695652174
85,"therapeutic strategies including, exosomes emerging, epigenetic modulation, solid cancers",0.08695652173913043
85,"transgene expression, metabolite production, study illustrates, precise genome",0.09565217391304347
85,"web science core, mean sd age, research hotspots, 28 day mortality",0.0
86,"bla ctx, spectrum lactamase esbl, sequence types sts, coli isolates",0.015217391304347825
86,"details use execution, myosin motors, nascent chain, origin life",0.09347826086956522
86,"editorial emerging, author correction, g2 phase, model pd",0.0
86,"fetal liver, stalled replication forks, pulmonary vascular, chromatin state",0.08695652173913043
86,"recent findings recent, cell multi omics, complex microbial, crispr cas based",0.0
86,"related morbidity, stage diagnosis, combination strategies, clinical intervention",0.5673913043478261
86,"role intercellular communication, testicular torsion, nanoparticle tracking analysis, mir 21 5p",0.006521739130434782
86,"therapeutic strategies including, exosomes emerging, epigenetic modulation, solid cancers",0.06304347826086956
86,"transgene expression, metabolite production, study illustrates, precise genome",0.15217391304347827
86,"web science core, mean sd age, research hotspots, 28 day mortality",0.015217391304347825
87,"bla ctx, spectrum lactamase esbl, sequence types sts, coli isolates",0.0
87,"details use execution, myosin motors, nascent chain, origin life",0.2565217391304348
87,"editorial emerging, author correction, g2 phase, model pd",0.05652173913043478
87,"fetal liver, stalled replication forks, pulmonary vascular, chromatin state",0.10652173913043476
87,"recent findings recent, cell multi omics, complex microbial, crispr cas based",0.0
87,"related morbidity, stage diagnosis, combination strategies, clinical intervention",0.43043478260869567
87,"role intercellular communication, testicular torsion, nanoparticle tracking analysis, mir 21 5p",0.004347826086956522
87,"therapeutic strategies including, exosomes emerging, epigenetic modulation, solid cancers",0.05434782608695652
87,"transgene expression, metabolite production, study illustrates, precise genome",0.09130434782608696
87,"web science core, mean sd age, research hotspots, 28 day mortality",0.0
88,"bla ctx, spectrum lactamase esbl, sequence types sts, coli isolates",0.006521739130434784
88,"details use execution, myosin motors, nascent chain, origin life",0.30869565217391304
88,"editorial emerging, author correction, g2 phase, model pd",0.0
88,"fetal liver, stalled replication forks, pulmonary vascular, chromatin state",0.13043478260869565
88,"recent findings recent, cell multi omics, complex microbial, crispr cas based",0.0
88,"related morbidity, stage diagnosis, combination strategies, clinical intervention",0.40217391304347827
88,"role intercellular communication, testicular torsion, nanoparticle tracking analysis, mir 21 5p",0.03260869565217391
88,"therapeutic strategies including, exosomes emerging, epigenetic modulation, solid cancers",0.008695652173913044
88,"transgene expression, metabolite production, study illustrates, precise genome",0.1108695652173913
88,"web science core, mean sd age, research hotspots, 28 day mortality",0.0
89,"bla ctx, spectrum lactamase esbl, sequence types sts, coli isolates",0.017391304347826087
89,"details use execution, myosin motors, nascent chain, origin life",0.2652173913043478
89,"editorial emerging, author correction, g2 phase, model pd",0.03260869565217391
89,"fetal liver, stalled replication forks, pulmonary vascular, chromatin state",0.0891304347826087
89,"recent findings recent, cell multi omics, complex microbial, crispr cas based",0.0
89,"related morbidity, stage diagnosis, combination strategies, clinical intervention",0.43695652173913047
89,"role intercellular communication, testicular torsion, nanoparticle tracking analysis, mir 21 5p",0.006521739130434782
89,"therapeutic strategies including, exosomes emerging, epigenetic modulation, solid cancers",0.03695652173913044
89,"transgene expression, metabolite production, study illustrates, precise genome",0.09999999999999999
89,"web science core, mean sd age, research hotspots, 28 day mortality",0.015217391304347825
90,"bla ctx, spectrum lactamase esbl, sequence types sts, coli isolates",0.006521739130434784
90,"details use execution, myosin motors, nascent chain, origin life",0.29782608695652174
90,"editorial emerging, author correction, g2 phase, model pd",0.0
90,"fetal liver, stalled replication forks, pulmonary vascular, chromatin state",0.09999999999999998
90,"recent findings recent, cell multi omics, complex microbial, crispr cas based",0.0
90,"related morbidity, stage diagnosis, combination strategies, clinical intervention",0.45
90,"role intercellular communication, testicular torsion, nanoparticle tracking analysis, mir 21 5p",0.0
90,"therapeutic strategies including, exosomes emerging, epigenetic modulation, solid cancers",0.03913043478260869
90,"transgene expression, metabolite production, study illustrates, precise genome",0.10652173913043476
90,"web science core, mean sd age, research hotspots, 28 day mortality",0.0
91,"bla ctx, spectrum lactamase esbl, sequence types sts, coli isolates",0.002173913043478261
91,"details use execution, myosin motors, nascent chain, origin life",0.22391304347826088
91,"editorial emerging, author correction, g2 phase, model pd",0.03260869565217391
91,"fetal liver, stalled replication forks, pulmonary vascular, chromatin state",0.09999999999999999
91,"recent findings recent, cell multi omics, complex microbial, crispr cas based",0.0
91,"related morbidity, stage diagnosis, combination strategies, clinical intervention",0.38913043478260867
91,"role intercellular communication, testicular torsion, nanoparticle tracking analysis, mir 21 5p",0.034782608695652174
91,"therapeutic strategies including, exosomes emerging, epigenetic modulation, solid cancers",0.06956521739130435
91,"transgene expression, metabolite production, study illustrates, precise genome",0.14782608695652175
91,"web science core, mean sd age, research hotspots, 28 day mortality",0.0
92,"bla ctx, spectrum lactamase esbl, sequence types sts, coli isolates",0.017391304347826087
92,"details use execution, myosin motors, nascent chain, origin life",0.30869565217391304
92,"editorial emerging, author correction, g2 phase, model pd",0.0
92,"fetal liver, stalled replication forks, pulmonary vascular, chromatin state",0.08913043478260871
92,"recent findings recent, cell multi omics, complex microbial, crispr cas based",0.0
92,"related morbidity, stage diagnosis, combination strategies, clinical intervention",0.38913043478260867
92,"role intercellular communication, testicular torsion, nanoparticle tracking analysis, mir 21 5p",0.006521739130434782
92,"therapeutic strategies including, exosomes emerging, epigenetic modulation, solid cancers",0.041304347826086954
92,"transgene expression, metabolite production, study illustrates, precise genome",0.13260869565217392
92,"web science core, mean sd age, research hotspots, 28 day mortality",0.015217391304347825
93,"bla ctx, spectrum lactamase esbl, sequence types sts, coli isolates",0.013043478260869565
93,"details use execution, myosin motors, nascent chain, origin life",0.23695652173913045
93,"editorial emerging, author correction, g2 phase, model pd",0.021739130434782608
93,"fetal liver, stalled replication forks, pulmonary vascular, chromatin state",0.08043478260869566
93,"recent findings recent, cell multi omics, complex microbial, crispr cas based",0.0
93,"related morbidity, stage diagnosis, combination strategies, clinical intervention",0.4543478260869565
93,"role intercellular communication, testicular torsion, nanoparticle tracking analysis, mir 21 5p",0.0391304347826087
93,"therapeutic strategies including, exosomes emerging, epigenetic modulation, solid cancers",0.0608695652173913
93,"transgene expression, metabolite production, study illustrates, precise genome",0.07826086956521738
93,"web science core, mean sd age, research hotspots, 28 day mortality",0.015217391304347825
94,"bla ctx, spectrum lactamase esbl, sequence types sts, coli isolates",0.013043478260869565
94,"details use execution, myosin motors, nascent chain, origin life",0.3565217391304348
94,"editorial emerging, author correction, g2 phase, model pd",0.002173913043478261
94,"fetal liver, stalled replication forks, pulmonary vascular, chromatin state",0.04782608695652174
94,"recent findings recent, cell multi omics, complex microbial, crispr cas based",0.0
94,"related morbidity, stage diagnosis, combination strategies, clinical intervention",0.45
94,"role intercellular communication, testicular torsion, nanoparticle tracking analysis, mir 21 5p",0.006521739130434782
94,"therapeutic strategies including, exosomes emerging, epigenetic modulation, solid cancers",0.049999999999999996
94,"transgene expression, metabolite production, study illustrates, precise genome",0.05869565217391306
94,"web science core, mean sd age, research hotspots, 28 day mortality",0.015217391304347825
95,"bla ctx, spectrum lactamase esbl, sequence types sts, coli isolates",0.006521739130434784
95,"details use execution, myosin motors, nascent chain, origin life",0.20869565217391303
95,"editorial emerging, author correction, g2 phase, model pd",0.02391304347826087
95,"fetal liver, stalled replication forks, pulmonary vascular, chromatin state",0.12391304347826085
95,"recent findings recent, cell multi omics, complex microbial, crispr cas based",0.0
95,"related morbidity, stage diagnosis, combination strategies, clinical intervention",0.41739130434782606
95,"role intercellular communication, testicular torsion, nanoparticle tracking analysis, mir 21 5p",0.002173913043478261
95,"therapeutic strategies including, exosomes emerging, epigenetic modulation, solid cancers",0.08260869565217392
95,"transgene expression, metabolite production, study illustrates, precise genome",0.13478260869565217
95,"web science core, mean sd age, research hotspots, 28 day mortality",0.0
96,"bla ctx, spectrum lactamase esbl, sequence types sts, coli isolates",0.010869565217391304
96,"details use execution, myosin motors, nascent chain, origin life",0.2717391304347826
96,"editorial emerging, author correction, g2 phase, model pd",0.02391304347826087
96,"fetal liver, stalled replication forks, pulmonary vascular, chromatin state",0.07608695652173914
96,"recent findings recent, cell multi omics, complex microbial, crispr cas based",0.0
96,"related morbidity, stage diagnosis, combination strategies, clinical intervention",0.43913043478260866
96,"role intercellular communication, testicular torsion, nanoparticle tracking analysis, mir 21 5p",0.006521739130434782
96,"therapeutic strategies including, exosomes emerging, epigenetic modulation, solid cancers",0.05217391304347827
96,"transgene expression, metabolite production, study illustrates, precise genome",0.10434782608695654
96,"web science core, mean sd age, research hotspots, 28 day mortality",0.015217391304347825
97,"bla ctx, spectrum lactamase esbl, sequence types sts, coli isolates",0.015217391304347825
97,"details use execution, myosin motors, nascent chain, origin life",0.4717391304347826
97,"editorial emerging, author correction, g2 phase, model pd",0.021739130434782608
97,"fetal liver, stalled replication forks, pulmonary vascular, chromatin state",0.05434782608695652
97,"recent findings recent, cell multi omics, complex microbial, crispr cas based",0.0
97,"related morbidity, stage diagnosis, combination strategies, clinical intervention",0.29130434782608694
97,"role intercellular communication, testicular torsion, nanoparticle tracking analysis, mir 21 5p",0.034782608695652174
97,"therapeutic strategies including, exosomes emerging, epigenetic modulation, solid cancers",0.021739130434782608
97,"transgene expression, metabolite production, study illustrates, precise genome",0.08913043478260871
97,"web science core, mean sd age, research hotspots, 28 day mortality",0.0
98,"bla ctx, spectrum lactamase esbl, sequence types sts, coli isolates",0.010869565217391304
98,"details use execution, myosin motors, nascent chain, origin life",0.20434782608695648
98,"editorial emerging, author correction, g2 phase, model pd",0.05434782608695652
98,"fetal liver, stalled replication forks, pulmonary vascular, chromatin state",0.10434782608695652
98,"recent findings recent, cell multi omics, complex microbial, crispr cas based",0.0
98,"related morbidity, stage diagnosis, combination strategies, clinical intervention",0.46521739130434786
98,"role intercellular communication, testicular torsion, nanoparticle tracking analysis, mir 21 5p",0.002173913043478261
98,"therapeutic strategies including, exosomes emerging, epigenetic modulation, solid cancers",0.05217391304347826
98,"transgene expression, metabolite production, study illustrates, precise genome",0.10652173913043476
98,"web science core, mean sd age, research hotspots, 28 day mortality",0.0
99,"bla ctx, spectrum lactamase esbl, sequence types sts, coli isolates",0.004347826086956522
99,"details use execution, myosin motors, nascent chain, origin life",0.2565217391304348
99,"editorial emerging, author correction, g2 phase, model pd",0.02391304347826087
99,"fetal liver, stalled replication forks, pulmonary vascular, chromatin state",0.09565217391304348
99,"recent findings recent, cell multi omics, complex microbial, crispr cas based",0.0
99,"related morbidity, stage diagnosis, combination strategies, clinical intervention",0.4108695652173914
99,"role intercellular communication, testicular torsion, nanoparticle tracking analysis, mir 21 5p",0.0
99,"therapeutic strategies including, exosomes emerging, epigenetic modulation, solid cancers",0.08260869565217391
99,"transgene expression, metabolite production, study illustrates, precise genome",0.12608695652173912
99,"web science core, mean sd age, research hotspots, 28 day mortality",0.0
100,"bla ctx, spectrum lactamase esbl, sequence types sts, coli isolates",0.004347826086956522
100,"details use execution, myosin motors, nascent chain, origin life",0.2673913043478261
100,"editorial emerging, author correction, g2 phase, model pd",0.002173913043478261
100,"fetal liver, stalled replication forks, pulmonary vascular, chromatin state",0.07391304347826087
100,"recent findings recent, cell multi omics, complex microbial, crispr cas based",0.0
100,"related morbidity, stage diagnosis, combination strategies, clinical intervention",0.45869565217391306
100,"role intercellular communication, testicular torsion, nanoparticle tracking analysis, mir 21 5p",0.03260869565217391
100,"therapeutic strategies including, exosomes emerging, epigenetic modulation, solid cancers",0.06956521739130435
100,"transgene expression, metabolite production, study illustrates, precise genome",0.09130434782608694
100,"web science core, mean sd age, research hotspots, 28 day mortality",0.0
101,"bla ctx, spectrum lactamase esbl, sequence types sts, coli isolates",0.013043478260869565
101,"details use execution, myosin motors, nascent chain, origin life",0.2673913043478261
101,"editorial emerging, author correction, g2 phase, model pd",0.021739130434782608
101,"fetal liver, stalled replication forks, pulmonary vascular, chromatin state",0.11086956521739132
101,"recent findings recent, cell multi omics, complex microbial, crispr cas based",0.0
101,"related morbidity, stage diagnosis, combination strategies, clinical intervention",0.4717391304347826
101,"role intercellular communication, testicular torsion, nanoparticle tracking analysis, mir 21 5p",0.008695652173913044
101,"therapeutic strategies including, exosomes emerging, epigenetic modulation, solid cancers",0.015217391304347825
101,"transgene expression, metabolite production, study illustrates, precise genome",0.07608695652173914
101,"web science core, mean sd age, research hotspots, 28 day mortality",0.015217391304347825
102,"bla ctx, spectrum lactamase esbl, sequence types sts, coli isolates",0.013043478260869565
102,"details use execution, myosin motors, nascent chain, origin life",0.3130434782608696
102,"editorial emerging, author correction, g2 phase, model pd",0.02391304347826087
102,"fetal liver, stalled replication forks, pulmonary vascular, chromatin state",0.04782608695652174
102,"recent findings recent, cell multi omics, complex microbial, crispr cas based",0.0
102,"related morbidity, stage diagnosis, combination strategies, clinical intervention",0.3847826086956522
102,"role intercellular communication, testicular torsion, nanoparticle tracking analysis, mir 21 5p",0.006521739130434782
102,"therapeutic strategies including, exosomes emerging, epigenetic modulation, solid cancers",0.05
102,"transgene expression, metabolite production, study illustrates, precise genome",0.14565217391304347
102,"web science core, mean sd age, research hotspots, 28 day mortality",0.015217391304347825
103,"bla ctx, spectrum lactamase esbl, sequence types sts, coli isolates",0.013043478260869568
103,"details use execution, myosin motors, nascent chain, origin life",0.3739130434782609
103,"editorial emerging, author correction, g2 phase, model pd",0.034782608695652174
103,"fetal liver, stalled replication forks, pulmonary vascular, chromatin state",0.09347826086956519
103,"recent findings recent, cell multi omics, complex microbial, crispr cas based",0.0
103,"related morbidity, stage diagnosis, combination strategies, clinical intervention",0.3456521739130435
103,"role intercellular communication, testicular torsion, nanoparticle tracking analysis, mir 21 5p",0.004347826086956522
103,"therapeutic strategies including, exosomes emerging, epigenetic modulation, solid cancers",0.03695652173913044
103,"transgene expression, metabolite production, study illustrates, precise genome",0.09782608695652174
103,"web science core, mean sd age, research hotspots, 28 day mortality",0.0
104,"bla ctx, spectrum lactamase esbl, sequence types sts, coli isolates",0.0
104,"details use execution, myosin motors, nascent chain, origin life",0.21521739130434783
104,"editorial emerging, author correction, g2 phase, model pd",0.034782608695652174
104,"fetal liver, stalled replication forks, pulmonary vascular, chromatin state",0.10217391304347824
104,"recent findings recent, cell multi omics, complex microbial, crispr cas based",0.0
104,"related morbidity, stage diagnosis, combination strategies, clinical intervention",0.5108695652173914
104,"role intercellular communication, testicular torsion, nanoparticle tracking analysis, mir 21 5p",0.002173913043478261
104,"therapeutic strategies including, exosomes emerging, epigenetic modulation, solid cancers",0.023913043478260867
104,"transgene expression, metabolite production, study illustrates, precise genome",0.1108695652173913
104,"web science core, mean sd age, research hotspots, 28 day mortality",0.0
105,"bla ctx, spectrum lactamase esbl, sequence types sts, coli isolates",0.013043478260869568
105,"details use execution, myosin motors, nascent chain, origin life",0.37608695652173907
105,"editorial emerging, author correction, g2 phase, model pd",0.02391304347826087
105,"fetal liver, stalled replication forks, pulmonary vascular, chromatin state",0.07608695652173915
105,"recent findings recent, cell multi omics, complex microbial, crispr cas based",0.0
105,"related morbidity, stage diagnosis, combination strategies, clinical intervention",0.36086956521739133
105,"role intercellular communication, testicular torsion, nanoparticle tracking analysis, mir 21 5p",0.002173913043478261
105,"therapeutic strategies including, exosomes emerging, epigenetic modulation, solid cancers",0.08260869565217391
105,"transgene expression, metabolite production, study illustrates, precise genome",0.06521739130434782
105,"web science core, mean sd age, research hotspots, 28 day mortality",0.0
106,"bla ctx, spectrum lactamase esbl, sequence types sts, coli isolates",0.010869565217391304
106,"details use execution, myosin motors, nascent chain, origin life",0.1826086956521739
106,"editorial emerging, author correction, g2 phase, model pd",0.05434782608695652
106,"fetal liver, stalled replication forks, pulmonary vascular, chromatin state",0.11739130434782612
106,"recent findings recent, cell multi omics, complex microbial, crispr cas based",0.0
106,"related morbidity, stage diagnosis, combination strategies, clinical intervention",0.42173913043478267
106,"role intercellular communication, testicular torsion, nanoparticle tracking analysis, mir 21 5p",0.008695652173913044
106,"therapeutic strategies including, exosomes emerging, epigenetic modulation, solid cancers",0.049999999999999996
106,"transgene expression, metabolite production, study illustrates, precise genome",0.13913043478260867
106,"web science core, mean sd age, research hotspots, 28 day mortality",0.015217391304347825
107,"bla ctx, spectrum lactamase esbl, sequence types sts, coli isolates",0.008695652173913044
107,"details use execution, myosin motors, nascent chain, origin life",0.20869565217391303
107,"editorial emerging, author correction, g2 phase, model pd",0.0
107,"fetal liver, stalled replication forks, pulmonary vascular, chromatin state",0.13043478260869565
107,"recent findings recent, cell multi omics, complex microbial, crispr cas based",0.0
107,"related morbidity, stage diagnosis, combination strategies, clinical intervention",0.3978260869565218
107,"role intercellular communication, testicular torsion, nanoparticle tracking analysis, mir 21 5p",0.0
107,"therapeutic strategies including, exosomes emerging, epigenetic modulation, solid cancers",0.08478260869565217
107,"transgene expression, metabolite production, study illustrates, precise genome",0.16956521739130434
107,"web science core, mean sd age, research hotspots, 28 day mortality",0.0
108,"bla ctx, spectrum lactamase esbl, sequence types sts, coli isolates",0.010869565217391304
108,"details use execution, myosin motors, nascent chain, origin life",0.22391304347826088
108,"editorial emerging, author correction, g2 phase, model pd",0.002173913043478261
108,"fetal liver, stalled replication forks, pulmonary vascular, chromatin state",0.10434782608695652
108,"recent findings recent, cell multi omics, complex microbial, crispr cas based",0.0
108,"related morbidity, stage diagnosis, combination strategies, clinical intervention",0.47608695652173916
108,"role intercellular communication, testicular torsion, nanoparticle tracking analysis, mir 21 5p",0.010869565217391304
108,"therapeutic strategies including, exosomes emerging, epigenetic modulation, solid cancers",0.03913043478260869
108,"transgene expression, metabolite production, study illustrates, precise genome",0.11739130434782608
108,"web science core, mean sd age, research hotspots, 28 day mortality",0.015217391304347825
109,"bla ctx, spectrum lactamase esbl, sequence types sts, coli isolates",0.006521739130434782
109,"details use execution, myosin motors, nascent chain, origin life",0.25
109,"editorial emerging, author correction, g2 phase, model pd",0.0
109,"fetal liver, stalled replication forks, pulmonary vascular, chromatin state",0.11739130434782609
109,"recent findings recent, cell multi omics, complex microbial, crispr cas based",0.0
109,"related morbidity, stage diagnosis, combination strategies, clinical intervention",0.46304347826086956
109,"role intercellular communication, testicular torsion, nanoparticle tracking analysis, mir 21 5p",0.004347826086956522
109,"therapeutic strategies including, exosomes emerging, epigenetic modulation, solid cancers",0.05434782608695652
109,"transgene expression, metabolite production, study illustrates, precise genome",0.10434782608695652
109,"web science core, mean sd age, research hotspots, 28 day mortality",0.0
110,"bla ctx, spectrum lactamase esbl, sequence types sts, coli isolates",0.013043478260869565
110,"details use execution, myosin motors, nascent chain, origin life",0.3673913043478261
110,"editorial emerging, author correction, g2 phase, model pd",0.03260869565217391
110,"fetal liver, stalled replication forks, pulmonary vascular, chromatin state",0.06304347826086958
110,"recent findings recent, cell multi omics, complex microbial, crispr cas based",0.0
110,"related morbidity, stage diagnosis, combination strategies, clinical intervention",0.358695652173913
110,"role intercellular communication, testicular torsion, nanoparticle tracking analysis, mir 21 5p",0.0391304347826087
110,"therapeutic strategies including, exosomes emerging, epigenetic modulation, solid cancers",0.041304347826086954
110,"transgene expression, metabolite production, study illustrates, precise genome",0.06956521739130435
110,"web science core, mean sd age, research hotspots, 28 day mortality",0.015217391304347825
111,"bla ctx, spectrum lactamase esbl, sequence types sts, coli isolates",0.008695652173913044
111,"details use execution, myosin motors, nascent chain, origin life",0.16304347826086957
111,"editorial emerging, author correction, g2 phase, model pd",0.002173913043478261
111,"fetal liver, stalled replication forks, pulmonary vascular, chromatin state",0.16521739130434782
111,"recent findings recent, cell multi omics, complex microbial, crispr cas based",0.0
111,"related morbidity, stage diagnosis, combination strategies, clinical intervention",0.5217391304347826
111,"role intercellular communication, testicular torsion, nanoparticle tracking analysis, mir 21 5p",0.002173913043478261
111,"therapeutic strategies including, exosomes emerging, epigenetic modulation, solid cancers",0.021739130434782608
111,"transgene expression, metabolite production, study illustrates, precise genome",0.1152173913043478
111,"web science core, mean sd age, research hotspots, 28 day mortality",0.0
112,"bla ctx, spectrum lactamase esbl, sequence types sts, coli isolates",0.008695652173913044
112,"details use execution, myosin motors, nascent chain, origin life",0.17608695652173917
112,"editorial emerging, author correction, g2 phase, model pd",0.034782608695652174
112,"fetal liver, stalled replication forks, pulmonary vascular, chromatin state",0.11304347826086955
112,"recent findings recent, cell multi omics, complex microbial, crispr cas based",0.0
112,"related morbidity, stage diagnosis, combination strategies, clinical intervention",0.43043478260869567
112,"role intercellular communication, testicular torsion, nanoparticle tracking analysis, mir 21 5p",0.03260869565217391
112,"therapeutic strategies including, exosomes emerging, epigenetic modulation, solid cancers",0.0608695652173913
112,"transgene expression, metabolite production, study illustrates, precise genome",0.1434782608695652
112,"web science core, mean sd age, research hotspots, 28 day mortality",0.0
113,"bla ctx, spectrum lactamase esbl, sequence types sts, coli isolates",0.01956521739130435
113,"details use execution, myosin motors, nascent chain, origin life",0.39999999999999997
113,"editorial emerging, author correction, g2 phase, model pd",0.0
113,"fetal liver, stalled replication forks, pulmonary vascular, chromatin state",0.09347826086956522
113,"recent findings recent, cell multi omics, complex microbial, crispr cas based",0.0
113,"related morbidity, stage diagnosis, combination strategies, clinical intervention",0.2782608695652174
113,"role intercellular communication, testicular torsion, nanoparticle tracking analysis, mir 21 5p",0.043478260869565216
113,"therapeutic strategies including, exosomes emerging, epigenetic modulation, solid cancers",0.05217391304347826
113,"transgene expression, metabolite production, study illustrates, precise genome",0.09782608695652174
113,"web science core, mean sd age, research hotspots, 28 day mortality",0.015217391304347825
114,"bla ctx, spectrum lactamase esbl, sequence types sts, coli isolates",0.01956521739130435
114,"details use execution, myosin motors, nascent chain, origin life",0.34782608695652173
114,"editorial emerging, author correction, g2 phase, model pd",0.0
114,"fetal liver, stalled replication forks, pulmonary vascular, chromatin state",0.06521739130434782
114,"recent findings recent, cell multi omics, complex microbial, crispr cas based",0.0
114,"related morbidity, stage diagnosis, combination strategies, clinical intervention",0.3978260869565218
114,"role intercellular communication, testicular torsion, nanoparticle tracking analysis, mir 21 5p",0.008695652173913044
114,"therapeutic strategies including, exosomes emerging, epigenetic modulation, solid cancers",0.06304347826086955
114,"transgene expression, metabolite production, study illustrates, precise genome",0.08260869565217392
114,"web science core, mean sd age, research hotspots, 28 day mortality",0.015217391304347825
115,"bla ctx, spectrum lactamase esbl, sequence types sts, coli isolates",0.002173913043478261
115,"details use execution, myosin motors, nascent chain, origin life",0.31086956521739134
115,"editorial emerging, author correction, g2 phase, model pd",0.021739130434782608
115,"fetal liver, stalled replication forks, pulmonary vascular, chromatin state",0.10869565217391304
115,"recent findings recent, cell multi omics, complex microbial, crispr cas based",0.0
115,"related morbidity, stage diagnosis, combination strategies, clinical intervention",0.2891304347826087
115,"role intercellular communication, testicular torsion, nanoparticle tracking analysis, mir 21 5p",0.034782608695652174
115,"therapeutic strategies including, exosomes emerging, epigenetic modulation, solid cancers",0.09130434782608694
115,"transgene expression, metabolite production, study illustrates, precise genome",0.14130434782608695
115,"web science core, mean sd age, research hotspots, 28 day mortality",0.0
116,"bla ctx, spectrum lactamase esbl, sequence types sts, coli isolates",0.010869565217391304
116,"details use execution, myosin motors, nascent chain, origin life",0.34782608695652173
116,"editorial emerging, author correction, g2 phase, model pd",0.021739130434782608
116,"fetal liver, stalled replication forks, pulmonary vascular, chromatin state",0.10652173913043476
116,"recent findings recent, cell multi omics, complex microbial, crispr cas based",0.0
116,"related morbidity, stage diagnosis, combination strategies, clinical intervention",0.35434782608695653
116,"role intercellular communication, testicular torsion, nanoparticle tracking analysis, mir 21 5p",0.03260869565217391
116,"therapeutic strategies including, exosomes emerging, epigenetic modulation, solid cancers",0.006521739130434784
116,"transgene expression, metabolite production, study illustrates, precise genome",0.11956521739130435
116,"web science core, mean sd age, research hotspots, 28 day mortality",0.0
117,"bla ctx, spectrum lactamase esbl, sequence types sts, coli isolates",0.0
117,"details use execution, myosin motors, nascent chain, origin life",0.17391304347826086
117,"editorial emerging, author correction, g2 phase, model pd",0.05434782608695652
117,"fetal liver, stalled replication forks, pulmonary vascular, chromatin state",0.09347826086956519
117,"recent findings recent, cell multi omics, complex microbial, crispr cas based",0.0
117,"related morbidity, stage diagnosis, combination strategies, clinical intervention",0.45869565217391306
117,"role intercellular communication, testicular torsion, nanoparticle tracking analysis, mir 21 5p",0.0
117,"therapeutic strategies including, exosomes emerging, epigenetic modulation, solid cancers",0.03260869565217391
117,"transgene expression, metabolite production, study illustrates, precise genome",0.18695652173913044
117,"web science core, mean sd age, research hotspots, 28 day mortality",0.0
118,"bla ctx, spectrum lactamase esbl, sequence types sts, coli isolates",0.002173913043478261
118,"details use execution, myosin motors, nascent chain, origin life",0.25869565217391305
118,"editorial emerging, author correction, g2 phase, model pd",0.0
118,"fetal liver, stalled replication forks, pulmonary vascular, chromatin state",0.0891304347826087
118,"recent findings recent, cell multi omics, complex microbial, crispr cas based",0.0
118,"related morbidity, stage diagnosis, combination strategies, clinical intervention",0.4847826086956521
118,"role intercellular communication, testicular torsion, nanoparticle tracking analysis, mir 21 5p",0.0
118,"therapeutic strategies including, exosomes emerging, epigenetic modulation, solid cancers",0.06739130434782607
118,"transgene expression, metabolite production, study illustrates, precise genome",0.09782608695652174
118,"web science core, mean sd age, research hotspots, 28 day mortality",0.0
119,"bla ctx, spectrum lactamase esbl, sequence types sts, coli isolates",0.008695652173913044
119,"details use execution, myosin motors, nascent chain, origin life",0.3804347826086957
119,"editorial emerging, author correction, g2 phase, model pd",0.034782608695652174
119,"fetal liver, stalled replication forks, pulmonary vascular, chromatin state",0.07173913043478261
119,"recent findings recent, cell multi omics, complex microbial, crispr cas based",0.0
119,"related morbidity, stage diagnosis, combination strategies, clinical intervention",0.35000000000000003
119,"role intercellular communication, testicular torsion, nanoparticle tracking analysis, mir 21 5p",0.002173913043478261
119,"therapeutic strategies including, exosomes emerging, epigenetic modulation, solid cancers",0.05652173913043478
119,"transgene expression, metabolite production, study illustrates, precise genome",0.09565217391304348
119,"web science core, mean sd age, research hotspots, 28 day mortality",0.0
120,"bla ctx, spectrum lactamase esbl, sequence types sts, coli isolates",0.002173913043478261
120,"details use execution, myosin motors, nascent chain, origin life",0.2543478260869565
120,"editorial emerging, author correction, g2 phase, model pd",0.0
120,"fetal liver, stalled replication forks, pulmonary vascular, chromatin state",0.11521739130434783
120,"recent findings recent, cell multi omics, complex microbial, crispr cas based",0.0
120,"related morbidity, stage diagnosis, combination strategies, clinical intervention",0.5043478260869565
120,"role intercellular communication, testicular torsion, nanoparticle tracking analysis, mir 21 5p",0.004347826086956522
120,"therapeutic strategies including, exosomes emerging, epigenetic modulation, solid cancers",0.041304347826086954
120,"transgene expression, metabolite production, study illustrates, precise genome",0.0782608695652174
120,"web science core, mean sd age, research hotspots, 28 day mortality",0.0
121,"bla ctx, spectrum lactamase esbl, sequence types sts, coli isolates",0.01956521739130435
121,"details use execution, myosin motors, nascent chain, origin life",0.39999999999999997
121,"editorial emerging, author correction, g2 phase, model pd",0.05434782608695652
121,"fetal liver, stalled replication forks, pulmonary vascular, chromatin state",0.05652173913043478
121,"recent findings recent, cell multi omics, complex microbial, crispr cas based",0.0
121,"related morbidity, stage diagnosis, combination strategies, clinical intervention",0.21521739130434783
121,"role intercellular communication, testicular torsion, nanoparticle tracking analysis, mir 21 5p",0.043478260869565216
121,"therapeutic strategies including, exosomes emerging, epigenetic modulation, solid cancers",0.07391304347826087
121,"transgene expression, metabolite production, study illustrates, precise genome",0.1217391304347826
121,"web science core, mean sd age, research hotspots, 28 day mortality",0.015217391304347825
122,"bla ctx, spectrum lactamase esbl, sequence types sts, coli isolates",0.013043478260869565
122,"details use execution, myosin motors, nascent chain, origin life",0.30869565217391304
122,"editorial emerging, author correction, g2 phase, model pd",0.0
122,"fetal liver, stalled replication forks, pulmonary vascular, chromatin state",0.1108695652173913
122,"recent findings recent, cell multi omics, complex microbial, crispr cas based",0.0
122,"related morbidity, stage diagnosis, combination strategies, clinical intervention",0.41739130434782606
122,"role intercellular communication, testicular torsion, nanoparticle tracking analysis, mir 21 5p",0.010869565217391304
122,"therapeutic strategies including, exosomes emerging, epigenetic modulation, solid cancers",0.006521739130434784
122,"transgene expression, metabolite production, study illustrates, precise genome",0.11739130434782609
122,"web science core, mean sd age, research hotspots, 28 day mortality",0.015217391304347825
123,"bla ctx, spectrum lactamase esbl, sequence types sts, coli isolates",0.017391304347826087
123,"details use execution, myosin motors, nascent chain, origin life",0.3065217391304348
123,"editorial emerging, author correction, g2 phase, model pd",0.021739130434782608
123,"fetal liver, stalled replication forks, pulmonary vascular, chromatin state",0.034782608695652174
123,"recent findings recent, cell multi omics, complex microbial, crispr cas based",0.0
123,"related morbidity, stage diagnosis, combination strategies, clinical intervention",0.43478260869565216
123,"role intercellular communication, testicular torsion, nanoparticle tracking analysis, mir 21 5p",0.008695652173913044
123,"therapeutic strategies including, exosomes emerging, epigenetic modulation, solid cancers",0.04565217391304348
123,"transgene expression, metabolite production, study illustrates, precise genome",0.11521739130434784
123,"web science core, mean sd age, research hotspots, 28 day mortality",0.015217391304347825
124,"bla ctx, spectrum lactamase esbl, sequence types sts, coli isolates",0.004347826086956522
124,"details use execution, myosin motors, nascent chain, origin life",0.2543478260869565
124,"editorial emerging, author correction, g2 phase, model pd",0.002173913043478261
124,"fetal liver, stalled replication forks, pulmonary vascular, chromatin state",0.09782608695652174
124,"recent findings recent, cell multi omics, complex microbial, crispr cas based",0.0
124,"related morbidity, stage diagnosis, combination strategies, clinical intervention",0.458695652173913
124,"role intercellular communication, testicular torsion, nanoparticle tracking analysis, mir 21 5p",0.002173913043478261
124,"therapeutic strategies including, exosomes emerging, epigenetic modulation, solid cancers",0.07173913043478261
124,"transgene expression, metabolite production, study illustrates, precise genome",0.10869565217391304
124,"web science core, mean sd age, research hotspots, 28 day mortality",0.0
125,"bla ctx, spectrum lactamase esbl, sequence types sts, coli isolates",0.006521739130434784
125,"details use execution, myosin motors, nascent chain, origin life",0.3826086956521739
125,"editorial emerging, author correction, g2 phase, model pd",0.002173913043478261
125,"fetal liver, stalled replication forks, pulmonary vascular, chromatin state",0.05434782608695652
125,"recent findings recent, cell multi omics, complex microbial, crispr cas based",0.0
125,"related morbidity, stage diagnosis, combination strategies, clinical intervention",0.38260869565217387
125,"role intercellular communication, testicular torsion, nanoparticle tracking analysis, mir 21 5p",0.002173913043478261
125,"therapeutic strategies including, exosomes emerging, epigenetic modulation, solid cancers",0.06304347826086956
125,"transgene expression, metabolite production, study illustrates, precise genome",0.10652173913043479
125,"web science core, mean sd age, research hotspots, 28 day mortality",0.0
126,"bla ctx, spectrum lactamase esbl, sequence types sts, coli isolates",0.021739130434782608
126,"details use execution, myosin motors, nascent chain, origin life",0.3021739130434783
126,"editorial emerging, author correction, g2 phase, model pd",0.05434782608695652
126,"fetal liver, stalled replication forks, pulmonary vascular, chromatin state",0.08260869565217392
126,"recent findings recent, cell multi omics, complex microbial, crispr cas based",0.0
126,"related morbidity, stage diagnosis, combination strategies, clinical intervention",0.3391304347826087
126,"role intercellular communication, testicular torsion, nanoparticle tracking analysis, mir 21 5p",0.008695652173913044
126,"therapeutic strategies including, exosomes emerging, epigenetic modulation, solid cancers",0.08695652173913043
126,"transgene expression, metabolite production, study illustrates, precise genome",0.0891304347826087
126,"web science core, mean sd age, research hotspots, 28 day mortality",0.015217391304347825
127,"bla ctx, spectrum lactamase esbl, sequence types sts, coli isolates",0.004347826086956522
127,"details use execution, myosin motors, nascent chain, origin life",0.18043478260869567
127,"editorial emerging, author correction, g2 phase, model pd",0.0
127,"fetal liver, stalled replication forks, pulmonary vascular, chromatin state",0.07173913043478261
127,"recent findings recent, cell multi omics, complex microbial, crispr cas based",0.0
127,"related morbidity, stage diagnosis, combination strategies, clinical intervention",0.55
127,"role intercellular communication, testicular torsion, nanoparticle tracking analysis, mir 21 5p",0.03260869565217391
127,"therapeutic strategies including, exosomes emerging, epigenetic modulation, solid cancers",0.058695652173913045
127,"transgene expression, metabolite production, study illustrates, precise genome",0.10217391304347827
127,"web science core, mean sd age, research hotspots, 28 day mortality",0.0
128,"bla ctx, spectrum lactamase esbl, sequence types sts, coli isolates",0.010869565217391304
128,"details use execution, myosin motors, nascent chain, origin life",0.30434782608695654
128,"editorial emerging, author correction, g2 phase, model pd",0.05434782608695652
128,"fetal liver, stalled replication forks, pulmonary vascular, chromatin state",0.06304347826086956
128,"recent findings recent, cell multi omics, complex microbial, crispr cas based",0.0
128,"related morbidity, stage diagnosis, combination strategies, clinical intervention",0.39565217391304347
128,"role intercellular communication, testicular torsion, nanoparticle tracking analysis, mir 21 5p",0.03260869565217391
128,"therapeutic strategies including, exosomes emerging, epigenetic modulation, solid cancers",0.03913043478260869
128,"transgene expression, metabolite production, study illustrates, precise genome",0.09999999999999999
128,"web science core, mean sd age, research hotspots, 28 day mortality",0.0
129,"bla ctx, spectrum lactamase esbl, sequence types sts, coli isolates",0.013043478260869568
129,"details use execution, myosin motors, nascent chain, origin life",0.25869565217391305
129,"editorial emerging, author correction, g2 phase, model pd",0.002173913043478261
129,"fetal liver, stalled replication forks, pulmonary vascular, chromatin state",0.1217391304347826
129,"recent findings recent, cell multi omics, complex microbial, crispr cas based",0.0
129,"related morbidity, stage diagnosis, combination strategies, clinical intervention",0.3739130434782609
129,"role intercellular communication, testicular torsion, nanoparticle tracking analysis, mir 21 5p",0.03260869565217391
129,"therapeutic strategies including, exosomes emerging, epigenetic modulation, solid cancers",0.08478260869565217
129,"transgene expression, metabolite production, study illustrates, precise genome",0.11304347826086955
129,"web science core, mean sd age, research hotspots, 28 day mortality",0.0
130,"bla ctx, spectrum lactamase esbl, sequence types sts, coli isolates",0.002173913043478261
130,"details use execution, myosin motors, nascent chain, origin life",0.35434782608695653
130,"editorial emerging, author correction, g2 phase, model pd",0.021739130434782608
130,"fetal liver, stalled replication forks, pulmonary vascular, chromatin state",0.04565217391304348
130,"recent findings recent, cell multi omics, complex microbial, crispr cas based",0.0
130,"related morbidity, stage diagnosis, combination strategies, clinical intervention",0.39565217391304347
130,"role intercellular communication, testicular torsion, nanoparticle tracking analysis, mir 21 5p",0.034782608695652174
130,"therapeutic strategies including, exosomes emerging, epigenetic modulation, solid cancers",0.049999999999999996
130,"transgene expression, metabolite production, study illustrates, precise genome",0.09565217391304347
130,"web science core, mean sd age, research hotspots, 28 day mortality",0.0
131,"bla ctx, spectrum lactamase esbl, sequence types sts, coli isolates",0.004347826086956522
131,"details use execution, myosin motors, nascent chain, origin life",0.34347826086956523
131,"editorial emerging, author correction, g2 phase, model pd",0.0
131,"fetal liver, stalled replication forks, pulmonary vascular, chromatin state",0.11304347826086955
131,"recent findings recent, cell multi omics, complex microbial, crispr cas based",0.0
131,"related morbidity, stage diagnosis, combination strategies, clinical intervention",0.4304347826086956
131,"role intercellular communication, testicular torsion, nanoparticle tracking analysis, mir 21 5p",0.0
131,"therapeutic strategies including, exosomes emerging, epigenetic modulation, solid cancers",0.05217391304347827
131,"transgene expression, metabolite production, study illustrates, precise genome",0.05652173913043478
131,"web science core, mean sd age, research hotspots, 28 day mortality",0.0
132,"bla ctx, spectrum lactamase esbl, sequence types sts, coli isolates",0.002173913043478261
132,"details use execution, myosin motors, nascent chain, origin life",0.21304347826086958
132,"editorial emerging, author correction, g2 phase, model pd",0.05434782608695652
132,"fetal liver, stalled replication forks, pulmonary vascular, chromatin state",0.09347826086956523
132,"recent findings recent, cell multi omics, complex microbial, crispr cas based",0.0
132,"related morbidity, stage diagnosis, combination strategies, clinical intervention",0.4847826086956522
132,"role intercellular communication, testicular torsion, nanoparticle tracking analysis, mir 21 5p",0.002173913043478261
132,"therapeutic strategies including, exosomes emerging, epigenetic modulation, solid cancers",0.019565217391304346
132,"transgene expression, metabolite production, study illustrates, precise genome",0.13043478260869565
132,"web science core, mean sd age, research hotspots, 28 day mortality",0.0
133,"bla ctx, spectrum lactamase esbl, sequence types sts, coli isolates",0.017391304347826087
133,"details use execution, myosin motors, nascent chain, origin life",0.23043478260869565
133,"editorial emerging, author correction, g2 phase, model pd",0.021739130434782608
133,"fetal liver, stalled replication forks, pulmonary vascular, chromatin state",0.04565217391304348
133,"recent findings recent, cell multi omics, complex microbial, crispr cas based",0.0
133,"related morbidity, stage diagnosis, combination strategies, clinical intervention",0.4804347826086957
133,"role intercellular communication, testicular torsion, nanoparticle tracking analysis, mir 21 5p",0.04130434782608696
133,"therapeutic strategies including, exosomes emerging, epigenetic modulation, solid cancers",0.02608695652173913
133,"transgene expression, metabolite production, study illustrates, precise genome",0.12173913043478261
133,"web science core, mean sd age, research hotspots, 28 day mortality",0.015217391304347825
134,"bla ctx, spectrum lactamase esbl, sequence types sts, coli isolates",0.002173913043478261
134,"details use execution, myosin motors, nascent chain, origin life",0.26956521739130435
134,"editorial emerging, author correction, g2 phase, model pd",0.0
134,"fetal liver, stalled replication forks, pulmonary vascular, chromatin state",0.09130434782608698
134,"recent findings recent, cell multi omics, complex microbial, crispr cas based",0.0
134,"related morbidity, stage diagnosis, combination strategies, clinical intervention",0.4478260869565217
134,"role intercellular communication, testicular torsion, nanoparticle tracking analysis, mir 21 5p",0.03260869565217391
134,"therapeutic strategies including, exosomes emerging, epigenetic modulation, solid cancers",0.04782608695652174
134,"transgene expression, metabolite production, study illustrates, precise genome",0.10869565217391304
134,"web science core, mean sd age, research hotspots, 28 day mortality",0.0
135,"bla ctx, spectrum lactamase esbl, sequence types sts, coli isolates",0.006521739130434784
135,"details use execution, myosin motors, nascent chain, origin life",0.25217391304347825
135,"editorial emerging, author correction, g2 phase, model pd",0.021739130434782608
135,"fetal liver, stalled replication forks, pulmonary vascular, chromatin state",0.11739130434782609
135,"recent findings recent, cell multi omics, complex microbial, crispr cas based",0.0
135,"related morbidity, stage diagnosis, combination strategies, clinical intervention",0.43478260869565216
135,"role intercellular communication, testicular torsion, nanoparticle tracking analysis, mir 21 5p",0.002173913043478261
135,"therapeutic strategies including, exosomes emerging, epigenetic modulation, solid cancers",0.03043478260869565
135,"transgene expression, metabolite production, study illustrates, precise genome",0.1347826086956522
135,"web science core, mean sd age, research hotspots, 28 day mortality",0.0
136,"bla ctx, spectrum lactamase esbl, sequence types sts, coli isolates",0.004347826086956522
136,"details use execution, myosin motors, nascent chain, origin life",0.3086956521739131
136,"editorial emerging, author correction, g2 phase, model pd",0.0
136,"fetal liver, stalled replication forks, pulmonary vascular, chromatin state",0.0673913043478261
136,"recent findings recent, cell multi omics, complex microbial, crispr cas based",0.0
136,"related morbidity, stage diagnosis, combination strategies, clinical intervention",0.41956521739130437
136,"role intercellular communication, testicular torsion, nanoparticle tracking analysis, mir 21 5p",0.034782608695652174
136,"therapeutic strategies including, exosomes emerging, epigenetic modulation, solid cancers",0.07608695652173914
136,"transgene expression, metabolite production, study illustrates, precise genome",0.0891304347826087
136,"web science core, mean sd age, research hotspots, 28 day mortality",0.0
137,"bla ctx, spectrum lactamase esbl, sequence types sts, coli isolates",0.006521739130434782
137,"details use execution, myosin motors, nascent chain, origin life",0.16521739130434782
137,"editorial emerging, author correction, g2 phase, model pd",0.03260869565217391
137,"fetal liver, stalled replication forks, pulmonary vascular, chromatin state",0.10217391304347827
137,"recent findings recent, cell multi omics, complex microbial, crispr cas based",0.0
137,"related morbidity, stage diagnosis, combination strategies, clinical intervention",0.4847826086956522
137,"role intercellular communication, testicular torsion, nanoparticle tracking analysis, mir 21 5p",0.002173913043478261
137,"therapeutic strategies including, exosomes emerging, epigenetic modulation, solid cancers",0.054347826086956534
137,"transgene expression, metabolite production, study illustrates, precise genome",0.15217391304347827
137,"web science core, mean sd age, research hotspots, 28 day mortality",0.0
138,"bla ctx, spectrum lactamase esbl, sequence types sts, coli isolates",0.019565217391304346
138,"details use execution, myosin motors, nascent chain, origin life",0.43478260869565216
138,"editorial emerging, author correction, g2 phase, model pd",0.03260869565217391
138,"fetal liver, stalled replication forks, pulmonary vascular, chromatin state",0.03260869565217391
138,"recent findings recent, cell multi omics, complex microbial, crispr cas based",0.0
138,"related morbidity, stage diagnosis, combination strategies, clinical intervention",0.34347826086956523
138,"role intercellular communication, testicular torsion, nanoparticle tracking analysis, mir 21 5p",0.008695652173913044
138,"therapeutic strategies including, exosomes emerging, epigenetic modulation, solid cancers",0.04782608695652174
138,"transgene expression, metabolite production, study illustrates, precise genome",0.06521739130434784
138,"web science core, mean sd age, research hotspots, 28 day mortality",0.015217391304347825
139,"bla ctx, spectrum lactamase esbl, sequence types sts, coli isolates",0.017391304347826087
139,"details use execution, myosin motors, nascent chain, origin life",0.2217391304347826
139,"editorial emerging, author correction, g2 phase, model pd",0.002173913043478261
139,"fetal liver, stalled replication forks, pulmonary vascular, chromatin state",0.09782608695652174
139,"recent findings recent, cell multi omics, complex microbial, crispr cas based",0.0
139,"related morbidity, stage diagnosis, combination strategies, clinical intervention",0.45652173913043476
139,"role intercellular communication, testicular torsion, nanoparticle tracking analysis, mir 21 5p",0.006521739130434782
139,"therapeutic strategies including, exosomes emerging, epigenetic modulation, solid cancers",0.06086956521739131
139,"transgene expression, metabolite production, study illustrates, precise genome",0.12173913043478261
139,"web science core, mean sd age, research hotspots, 28 day mortality",0.015217391304347825
140,"bla ctx, spectrum lactamase esbl, sequence types sts, coli isolates",0.013043478260869565
140,"details use execution, myosin motors, nascent chain, origin life",0.3130434782608696
140,"editorial emerging, author correction, g2 phase, model pd",0.034782608695652174
140,"fetal liver, stalled replication forks, pulmonary vascular, chromatin state",0.09347826086956523
140,"recent findings recent, cell multi omics, complex microbial, crispr cas based",0.0
140,"related morbidity, stage diagnosis, combination strategies, clinical intervention",0.3826086956521739
140,"role intercellular communication, testicular torsion, nanoparticle tracking analysis, mir 21 5p",0.006521739130434782
140,"therapeutic strategies including, exosomes emerging, epigenetic modulation, solid cancers",0.0391304347826087
140,"transgene expression, metabolite production, study illustrates, precise genome",0.10217391304347827
140,"web science core, mean sd age, research hotspots, 28 day mortality",0.015217391304347825
141,"bla ctx, spectrum lactamase esbl, sequence types sts, coli isolates",0.021739130434782608
141,"details use execution, myosin motors, nascent chain, origin life",0.30434782608695654
141,"editorial emerging, author correction, g2 phase, model pd",0.0
141,"fetal liver, stalled replication forks, pulmonary vascular, chromatin state",0.10434782608695652
141,"recent findings recent, cell multi omics, complex microbial, crispr cas based",0.0
141,"related morbidity, stage diagnosis, combination strategies, clinical intervention",0.3782608695652174
141,"role intercellular communication, testicular torsion, nanoparticle tracking analysis, mir 21 5p",0.006521739130434782
141,"therapeutic strategies including, exosomes emerging, epigenetic modulation, solid cancers",0.05652173913043478
141,"transgene expression, metabolite production, study illustrates, precise genome",0.11304347826086955
141,"web science core, mean sd age, research hotspots, 28 day mortality",0.015217391304347825
142,"bla ctx, spectrum lactamase esbl, sequence types sts, coli isolates",0.006521739130434784
142,"details use execution, myosin motors, nascent chain, origin life",0.341304347826087
142,"editorial emerging, author correction, g2 phase, model pd",0.0
142,"fetal liver, stalled replication forks, pulmonary vascular, chromatin state",0.12826086956521737
142,"recent findings recent, cell multi omics, complex microbial, crispr cas based",0.0
142,"related morbidity, stage diagnosis, combination strategies, clinical intervention",0.3760869565217391
142,"role intercellular communication, testicular torsion, nanoparticle tracking analysis, mir 21 5p",0.0
142,"therapeutic strategies including, exosomes emerging, epigenetic modulation, solid cancers",0.04130434782608696
142,"transgene expression, metabolite production, study illustrates, precise genome",0.10652173913043479
142,"web science core, mean sd age, research hotspots, 28 day mortality",0.0
143,"bla ctx, spectrum lactamase esbl, sequence types sts, coli isolates",0.008695652173913044
143,"details use execution, myosin motors, nascent chain, origin life",0.29130434782608694
143,"editorial emerging, author correction, g2 phase, model pd",0.034782608695652174
143,"fetal liver, stalled replication forks, pulmonary vascular, chromatin state",0.08043478260869566
143,"recent findings recent, cell multi omics, complex microbial, crispr cas based",0.0
143,"related morbidity, stage diagnosis, combination strategies, clinical intervention",0.4760869565217391
143,"role intercellular communication, testicular torsion, nanoparticle tracking analysis, mir 21 5p",0.004347826086956522
143,"therapeutic strategies including, exosomes emerging, epigenetic modulation, solid cancers",0.02826086956521739
143,"transgene expression, metabolite production, study illustrates, precise genome",0.07608695652173914
143,"web science core, mean sd age, research hotspots, 28 day mortality",0.0
144,"bla ctx, spectrum lactamase esbl, sequence types sts, coli isolates",0.010869565217391304
144,"details use execution, myosin motors, nascent chain, origin life",0.25869565217391305
144,"editorial emerging, author correction, g2 phase, model pd",0.0
144,"fetal liver, stalled replication forks, pulmonary vascular, chromatin state",0.06739130434782609
144,"recent findings recent, cell multi omics, complex microbial, crispr cas based",0.0
144,"related morbidity, stage diagnosis, combination strategies, clinical intervention",0.458695652173913
144,"role intercellular communication, testicular torsion, nanoparticle tracking analysis, mir 21 5p",0.034782608695652174
144,"therapeutic strategies including, exosomes emerging, epigenetic modulation, solid cancers",0.09347826086956522
144,"transgene expression, metabolite production, study illustrates, precise genome",0.07608695652173914
144,"web science core, mean sd age, research hotspots, 28 day mortality",0.0
145,"bla ctx, spectrum lactamase esbl, sequence types sts, coli isolates",0.006521739130434784
145,"details use execution, myosin motors, nascent chain, origin life",0.2956521739130435
145,"editorial emerging, author correction, g2 phase, model pd",0.002173913043478261
145,"fetal liver, stalled replication forks, pulmonary vascular, chromatin state",0.08260869565217392
145,"recent findings recent, cell multi omics, complex microbial, crispr cas based",0.0
145,"related morbidity, stage diagnosis, combination strategies, clinical intervention",0.5043478260869565
145,"role intercellular communication, testicular torsion, nanoparticle tracking analysis, mir 21 5p",0.002173913043478261
145,"therapeutic strategies including, exosomes emerging, epigenetic modulation, solid cancers",0.04565217391304348
145,"transgene expression, metabolite production, study illustrates, precise genome",0.0608695652173913
145,"web science core, mean sd age, research hotspots, 28 day mortality",0.0
146,"bla ctx, spectrum lactamase esbl, sequence types sts, coli isolates",0.010869565217391304
146,"details use execution, myosin motors, nascent chain, origin life",0.32173913043478264
146,"editorial emerging, author correction, g2 phase, model pd",0.0
146,"fetal liver, stalled replication forks, pulmonary vascular, chromatin state",0.06304347826086958
146,"recent findings recent, cell multi omics, complex microbial, crispr cas based",0.0
146,"related morbidity, stage diagnosis, combination strategies, clinical intervention",0.35434782608695653
146,"role intercellular communication, testicular torsion, nanoparticle tracking analysis, mir 21 5p",0.043478260869565216
146,"therapeutic strategies including, exosomes emerging, epigenetic modulation, solid cancers",0.09782608695652176
146,"transgene expression, metabolite production, study illustrates, precise genome",0.09347826086956523
146,"web science core, mean sd age, research hotspots, 28 day mortality",0.015217391304347825
147,"bla ctx, spectrum lactamase esbl, sequence types sts, coli isolates",0.006521739130434782
147,"details use execution, myosin motors, nascent chain, origin life",0.20869565217391303
147,"editorial emerging, author correction, g2 phase, model pd",0.02391304347826087
147,"fetal liver, stalled replication forks, pulmonary vascular, chromatin state",0.056521739130434775
147,"recent findings recent, cell multi omics, complex microbial, crispr cas based",0.0
147,"related morbidity, stage diagnosis, combination strategies, clinical intervention",0.5108695652173914
147,"role intercellular communication, testicular torsion, nanoparticle tracking analysis, mir 21 5p",0.002173913043478261
147,"therapeutic strategies including, exosomes emerging, epigenetic modulation, solid cancers",0.05
147,"transgene expression, metabolite production, study illustrates, precise genome",0.14130434782608692
147,"web science core, mean sd age, research hotspots, 28 day mortality",0.0
148,"bla ctx, spectrum lactamase esbl, sequence types sts, coli isolates",0.004347826086956522
148,"details use execution, myosin motors, nascent chain, origin life",0.12608695652173912
148,"editorial emerging, author correction, g2 phase, model pd",0.02391304347826087
148,"fetal liver, stalled replication forks, pulmonary vascular, chromatin state",0.08478260869565218
148,"recent findings recent, cell multi omics, complex microbial, crispr cas based",0.0
148,"related morbidity, stage diagnosis, combination strategies, clinical intervention",0.5586956521739131
148,"role intercellular communication, testicular torsion, nanoparticle tracking analysis, mir 21 5p",0.0
148,"therapeutic strategies including, exosomes emerging, epigenetic modulation, solid cancers",0.1108695652173913
148,"transgene expression, metabolite production, study illustrates, precise genome",0.09130434782608696
148,"web science core, mean sd age, research hotspots, 28 day mortality",0.0
149,"bla ctx, spectrum lactamase esbl, sequence types sts, coli isolates",0.008695652173913044
149,"details use execution, myosin motors, nascent chain, origin life",0.3804347826086957
149,"editorial emerging, author correction, g2 phase, model pd",0.0
149,"fetal liver, stalled replication forks, pulmonary vascular, chromatin state",0.14130434782608695
149,"recent findings recent, cell multi omics, complex microbial, crispr cas based",0.0
149,"related morbidity, stage diagnosis, combination strategies, clinical intervention",0.33043478260869563
149,"role intercellular communication, testicular torsion, nanoparticle tracking analysis, mir 21 5p",0.002173913043478261
149,"therapeutic strategies including, exosomes emerging, epigenetic modulation, solid cancers",0.0391304347826087
149,"transgene expression, metabolite production, study illustrates, precise genome",0.09782608695652174
149,"web science core, mean sd age, research hotspots, 28 day mortality",0.0
150,"bla ctx, spectrum lactamase esbl, sequence types sts, coli isolates",0.010869565217391304
150,"details use execution, myosin motors, nascent chain, origin life",0.16304347826086957
150,"editorial emerging, author correction, g2 phase, model pd",0.0
150,"fetal liver, stalled replication forks, pulmonary vascular, chromatin state",0.15869565217391304
150,"recent findings recent, cell multi omics, complex microbial, crispr cas based",0.0
150,"related morbidity, stage diagnosis, combination strategies, clinical intervention",0.5065217391304347
150,"role intercellular communication, testicular torsion, nanoparticle tracking analysis, mir 21 5p",0.0
150,"therapeutic strategies including, exosomes emerging, epigenetic modulation, solid cancers",0.08695652173913043
150,"transgene expression, metabolite production, study illustrates, precise genome",0.07391304347826087
150,"web science core, mean sd age, research hotspots, 28 day mortality",0.0
151,"bla ctx, spectrum lactamase esbl, sequence types sts, coli isolates",0.01956521739130435
151,"details use execution, myosin motors, nascent chain, origin life",0.2630434782608696
151,"editorial emerging, author correction, g2 phase, model pd",0.02391304347826087
151,"fetal liver, stalled replication forks, pulmonary vascular, chromatin state",0.09565217391304347
151,"recent findings recent, cell multi omics, complex microbial, crispr cas based",0.0
151,"related morbidity, stage diagnosis, combination strategies, clinical intervention",0.43043478260869567
151,"role intercellular communication, testicular torsion, nanoparticle tracking analysis, mir 21 5p",0.006521739130434782
151,"therapeutic strategies including, exosomes emerging, epigenetic modulation, solid cancers",0.04782608695652174
151,"transgene expression, metabolite production, study illustrates, precise genome",0.09782608695652176
151,"web science core, mean sd age, research hotspots, 28 day mortality",0.015217391304347825
152,"bla ctx, spectrum lactamase esbl, sequence types sts, coli isolates",0.0
152,"details use execution, myosin motors, nascent chain, origin life",0.3
152,"editorial emerging, author correction, g2 phase, model pd",0.0
152,"fetal liver, stalled replication forks, pulmonary vascular, chromatin state",0.12608695652173915
152,"recent findings recent, cell multi omics, complex microbial, crispr cas based",0.0
152,"related morbidity, stage diagnosis, combination strategies, clinical intervention",0.41956521739130437
152,"role intercellular communication, testicular torsion, nanoparticle tracking analysis, mir 21 5p",0.004347826086956522
152,"therapeutic strategies including, exosomes emerging, epigenetic modulation, solid cancers",0.08043478260869566
152,"transgene expression, metabolite production, study illustrates, precise genome",0.06956521739130435
152,"web science core, mean sd age, research hotspots, 28 day mortality",0.0
153,"bla ctx, spectrum lactamase esbl, sequence types sts, coli isolates",0.013043478260869565
153,"details use execution, myosin motors, nascent chain, origin life",0.36304347826086963
153,"editorial emerging, author correction, g2 phase, model pd",0.03260869565217391
153,"fetal liver, stalled replication forks, pulmonary vascular, chromatin state",0.07391304347826087
153,"recent findings recent, cell multi omics, complex microbial, crispr cas based",0.0
153,"related morbidity, stage diagnosis, combination strategies, clinical intervention",0.35652173913043483
153,"role intercellular communication, testicular torsion, nanoparticle tracking analysis, mir 21 5p",0.043478260869565216
153,"therapeutic strategies including, exosomes emerging, epigenetic modulation, solid cancers",0.019565217391304346
153,"transgene expression, metabolite production, study illustrates, precise genome",0.08260869565217392
153,"web science core, mean sd age, research hotspots, 28 day mortality",0.015217391304347825
154,"bla ctx, spectrum lactamase esbl, sequence types sts, coli isolates",0.013043478260869568
154,"details use execution, myosin motors, nascent chain, origin life",0.2891304347826087
154,"editorial emerging, author correction, g2 phase, model pd",0.002173913043478261
154,"fetal liver, stalled replication forks, pulmonary vascular, chromatin state",0.058695652173913045
154,"recent findings recent, cell multi omics, complex microbial, crispr cas based",0.0
154,"related morbidity, stage diagnosis, combination strategies, clinical intervention",0.4934782608695652
154,"role intercellular communication, testicular torsion, nanoparticle tracking analysis, mir 21 5p",0.002173913043478261
154,"therapeutic strategies including, exosomes emerging, epigenetic modulation, solid cancers",0.06304347826086956
154,"transgene expression, metabolite production, study illustrates, precise genome",0.0782608695652174
154,"web science core, mean sd age, research hotspots, 28 day mortality",0.0
155,"bla ctx, spectrum lactamase esbl, sequence types sts, coli isolates",0.006521739130434784
155,"details use execution, myosin motors, nascent chain, origin life",0.22173913043478263
155,"editorial emerging, author correction, g2 phase, model pd",0.0
155,"fetal liver, stalled replication forks, pulmonary vascular, chromatin state",0.15869565217391304
155,"recent findings recent, cell multi omics, complex microbial, crispr cas based",0.0
155,"related morbidity, stage diagnosis, combination strategies, clinical intervention",0.41521739130434776
155,"role intercellular communication, testicular torsion, nanoparticle tracking analysis, mir 21 5p",0.03260869565217391
155,"therapeutic strategies including, exosomes emerging, epigenetic modulation, solid cancers",0.03695652173913044
155,"transgene expression, metabolite production, study illustrates, precise genome",0.12826086956521737
155,"web science core, mean sd age, research hotspots, 28 day mortality",0.0
156,"bla ctx, spectrum lactamase esbl, sequence types sts, coli isolates",0.004347826086956522
156,"details use execution, myosin motors, nascent chain, origin life",0.21086956521739128
156,"editorial emerging, author correction, g2 phase, model pd",0.0
156,"fetal liver, stalled replication forks, pulmonary vascular, chromatin state",0.08478260869565218
156,"recent findings recent, cell multi omics, complex microbial, crispr cas based",0.0
156,"related morbidity, stage diagnosis, combination strategies, clinical intervention",0.5108695652173912
156,"role intercellular communication, testicular torsion, nanoparticle tracking analysis, mir 21 5p",0.002173913043478261
156,"therapeutic strategies including, exosomes emerging, epigenetic modulation, solid cancers",0.041304347826086954
156,"transgene expression, metabolite production, study illustrates, precise genome",0.14565217391304347
156,"web science core, mean sd age, research hotspots, 28 day mortality",0.0
157,"bla ctx, spectrum lactamase esbl, sequence types sts, coli isolates",0.006521739130434784
157,"details use execution, myosin motors, nascent chain, origin life",0.3826086956521739
157,"editorial emerging, author correction, g2 phase, model pd",0.03260869565217391
157,"fetal liver, stalled replication forks, pulmonary vascular, chromatin state",0.07391304347826087
157,"recent findings recent, cell multi omics, complex microbial, crispr cas based",0.0
157,"related morbidity, stage diagnosis, combination strategies, clinical intervention",0.3326086956521739
157,"role intercellular communication, testicular torsion, nanoparticle tracking analysis, mir 21 5p",0.002173913043478261
157,"therapeutic strategies including, exosomes emerging, epigenetic modulation, solid cancers",0.0608695652173913
157,"transgene expression, metabolite production, study illustrates, precise genome",0.10869565217391304
157,"web science core, mean sd age, research hotspots, 28 day mortality",0.0
158,"bla ctx, spectrum lactamase esbl, sequence types sts, coli isolates",0.006521739130434784
158,"details use execution, myosin motors, nascent chain, origin life",0.21086956521739128
158,"editorial emerging, author correction, g2 phase, model pd",0.0
158,"fetal liver, stalled replication forks, pulmonary vascular, chromatin state",0.10434782608695652
158,"recent findings recent, cell multi omics, complex microbial, crispr cas based",0.0
158,"related morbidity, stage diagnosis, combination strategies, clinical intervention",0.5260869565217392
158,"role intercellular communication, testicular torsion, nanoparticle tracking analysis, mir 21 5p",0.0
158,"therapeutic strategies including, exosomes emerging, epigenetic modulation, solid cancers",0.06521739130434781
158,"transgene expression, metabolite production, study illustrates, precise genome",0.08695652173913043
158,"web science core, mean sd age, research hotspots, 28 day mortality",0.0
159,"bla ctx, spectrum lactamase esbl, sequence types sts, coli isolates",0.013043478260869565
159,"details use execution, myosin motors, nascent chain, origin life",0.23478260869565218
159,"editorial emerging, author correction, g2 phase, model pd",0.002173913043478261
159,"fetal liver, stalled replication forks, pulmonary vascular, chromatin state",0.12608695652173912
159,"recent findings recent, cell multi omics, complex microbial, crispr cas based",0.0
159,"related morbidity, stage diagnosis, combination strategies, clinical intervention",0.3978260869565218
159,"role intercellular communication, testicular torsion, nanoparticle tracking analysis, mir 21 5p",0.04130434782608696
159,"therapeutic strategies including, exosomes emerging, epigenetic modulation, solid cancers",0.021739130434782608
159,"transgene expression, metabolite production, study illustrates, precise genome",0.14782608695652175
159,"web science core, mean sd age, research hotspots, 28 day mortality",0.015217391304347825
160,"bla ctx, spectrum lactamase esbl, sequence types sts, coli isolates",0.008695652173913044
160,"details use execution, myosin motors, nascent chain, origin life",0.3826086956521739
160,"editorial emerging, author correction, g2 phase, model pd",0.0
160,"fetal liver, stalled replication forks, pulmonary vascular, chromatin state",0.09782608695652174
160,"recent findings recent, cell multi omics, complex microbial, crispr cas based",0.0
160,"related morbidity, stage diagnosis, combination strategies, clinical intervention",0.33260869565217394
160,"role intercellular communication, testicular torsion, nanoparticle tracking analysis, mir 21 5p",0.0
160,"therapeutic strategies including, exosomes emerging, epigenetic modulation, solid cancers",0.03913043478260869
160,"transgene expression, metabolite production, study illustrates, precise genome",0.1391304347826087
160,"web science core, mean sd age, research hotspots, 28 day mortality",0.0
161,"bla ctx, spectrum lactamase esbl, sequence types sts, coli isolates",0.002173913043478261
161,"details use execution, myosin motors, nascent chain, origin life",0.3130434782608696
161,"editorial emerging, author correction, g2 phase, model pd",0.0
161,"fetal liver, stalled replication forks, pulmonary vascular, chromatin state",0.14347826086956522
161,"recent findings recent, cell multi omics, complex microbial, crispr cas based",0.0
161,"related morbidity, stage diagnosis, combination strategies, clinical intervention",0.341304347826087
161,"role intercellular communication, testicular torsion, nanoparticle tracking analysis, mir 21 5p",0.03260869565217391
161,"therapeutic strategies including, exosomes emerging, epigenetic modulation, solid cancers",0.03260869565217391
161,"transgene expression, metabolite production, study illustrates, precise genome",0.13478260869565215
161,"web science core, mean sd age, research hotspots, 28 day mortality",0.0
162,"bla ctx, spectrum lactamase esbl, sequence types sts, coli isolates",0.002173913043478261
162,"details use execution, myosin motors, nascent chain, origin life",0.2565217391304348
162,"editorial emerging, author correction, g2 phase, model pd",0.03260869565217391
162,"fetal liver, stalled replication forks, pulmonary vascular, chromatin state",0.10217391304347827
162,"recent findings recent, cell multi omics, complex microbial, crispr cas based",0.0
162,"related morbidity, stage diagnosis, combination strategies, clinical intervention",0.3695652173913043
162,"role intercellular communication, testicular torsion, nanoparticle tracking analysis, mir 21 5p",0.002173913043478261
162,"therapeutic strategies including, exosomes emerging, epigenetic modulation, solid cancers",0.08260869565217391
162,"transgene expression, metabolite production, study illustrates, precise genome",0.15217391304347824
162,"web science core, mean sd age, research hotspots, 28 day mortality",0.0
163,"bla ctx, spectrum lactamase esbl, sequence types sts, coli isolates",0.02826086956521739
163,"details use execution, myosin motors, nascent chain, origin life",0.25434782608695655
163,"editorial emerging, author correction, g2 phase, model pd",0.05434782608695652
163,"fetal liver, stalled replication forks, pulmonary vascular, chromatin state",0.13478260869565217
163,"recent findings recent, cell multi omics, complex microbial, crispr cas based",0.0
163,"related morbidity, stage diagnosis, combination strategies, clinical intervention",0.3086956521739131
163,"role intercellular communication, testicular torsion, nanoparticle tracking analysis, mir 21 5p",0.006521739130434782
163,"therapeutic strategies including, exosomes emerging, epigenetic modulation, solid cancers",0.05217391304347827
163,"transgene expression, metabolite production, study illustrates, precise genome",0.14565217391304347
163,"web science core, mean sd age, research hotspots, 28 day mortality",0.015217391304347825
164,"bla ctx, spectrum lactamase esbl, sequence types sts, coli isolates",0.019565217391304346
164,"details use execution, myosin motors, nascent chain, origin life",0.26304347826086955
164,"editorial emerging, author correction, g2 phase, model pd",0.0
164,"fetal liver, stalled replication forks, pulmonary vascular, chromatin state",0.04130434782608696
164,"recent findings recent, cell multi omics, complex microbial, crispr cas based",0.0
164,"related morbidity, stage diagnosis, combination strategies, clinical intervention",0.4760869565217391
164,"role intercellular communication, testicular torsion, nanoparticle tracking analysis, mir 21 5p",0.006521739130434782
164,"therapeutic strategies including, exosomes emerging, epigenetic modulation, solid cancers",0.07608695652173914
164,"transgene expression, metabolite production, study illustrates, precise genome",0.10217391304347824
164,"web science core, mean sd age, research hotspots, 28 day mortality",0.015217391304347825
165,"bla ctx, spectrum lactamase esbl, sequence types sts, coli isolates",0.006521739130434784
165,"details use execution, myosin motors, nascent chain, origin life",0.3391304347826087
165,"editorial emerging, author correction, g2 phase, model pd",0.021739130434782608
165,"fetal liver, stalled replication forks, pulmonary vascular, chromatin state",0.12173913043478261
165,"recent findings recent, cell multi omics, complex microbial, crispr cas based",0.0
165,"related morbidity, stage diagnosis, combination strategies, clinical intervention",0.34130434782608693
165,"role intercellular communication, testicular torsion, nanoparticle tracking analysis, mir 21 5p",0.002173913043478261
165,"therapeutic strategies including, exosomes emerging, epigenetic modulation, solid cancers",0.034782608695652174
165,"transgene expression, metabolite production, study illustrates, precise genome",0.1326086956521739
165,"web science core, mean sd age, research hotspots, 28 day mortality",0.0
166,"bla ctx, spectrum lactamase esbl, sequence types sts, coli isolates",0.006521739130434784
166,"details use execution, myosin motors, nascent chain, origin life",0.1760869565217391
166,"editorial emerging, author correction, g2 phase, model pd",0.0
166,"fetal liver, stalled replication forks, pulmonary vascular, chromatin state",0.12173913043478261
166,"recent findings recent, cell multi omics, complex microbial, crispr cas based",0.0
166,"related morbidity, stage diagnosis, combination strategies, clinical intervention",0.4782608695652173
166,"role intercellular communication, testicular torsion, nanoparticle tracking analysis, mir 21 5p",0.034782608695652174
166,"therapeutic strategies including, exosomes emerging, epigenetic modulation, solid cancers",0.03695652173913044
166,"transgene expression, metabolite production, study illustrates, precise genome",0.14565217391304347
166,"web science core, mean sd age, research hotspots, 28 day mortality",0.0
167,"bla ctx, spectrum lactamase esbl, sequence types sts, coli isolates",0.002173913043478261
167,"details use execution, myosin motors, nascent chain, origin life",0.26956521739130435
167,"editorial emerging, author correction, g2 phase, model pd",0.05652173913043478
167,"fetal liver, stalled replication forks, pulmonary vascular, chromatin state",0.13478260869565217
167,"recent findings recent, cell multi omics, complex microbial, crispr cas based",0.0
167,"related morbidity, stage diagnosis, combination strategies, clinical intervention",0.3456521739130434
167,"role intercellular communication, testicular torsion, nanoparticle tracking analysis, mir 21 5p",0.03260869565217391
167,"therapeutic strategies including, exosomes emerging, epigenetic modulation, solid cancers",0.01956521739130435
167,"transgene expression, metabolite production, study illustrates, precise genome",0.1391304347826087
167,"web science core, mean sd age, research hotspots, 28 day mortality",0.0
168,"bla ctx, spectrum lactamase esbl, sequence types sts, coli isolates",0.004347826086956522
168,"details use execution, myosin motors, nascent chain, origin life",0.3521739130434782
168,"editorial emerging, author correction, g2 phase, model pd",0.0
168,"fetal liver, stalled replication forks, pulmonary vascular, chromatin state",0.10217391304347824
168,"recent findings recent, cell multi omics, complex microbial, crispr cas based",0.0
168,"related morbidity, stage diagnosis, combination strategies, clinical intervention",0.3152173913043478
168,"role intercellular communication, testicular torsion, nanoparticle tracking analysis, mir 21 5p",0.034782608695652174
168,"therapeutic strategies including, exosomes emerging, epigenetic modulation, solid cancers",0.09347826086956522
168,"transgene expression, metabolite production, study illustrates, precise genome",0.09782608695652174
168,"web science core, mean sd age, research hotspots, 28 day mortality",0.0
169,"bla ctx, spectrum lactamase esbl, sequence types sts, coli isolates",0.013043478260869565
169,"details use execution, myosin motors, nascent chain, origin life",0.3130434782608696
169,"editorial emerging, author correction, g2 phase, model pd",0.0
169,"fetal liver, stalled replication forks, pulmonary vascular, chromatin state",0.10434782608695654
169,"recent findings recent, cell multi omics, complex microbial, crispr cas based",0.0
169,"related morbidity, stage diagnosis, combination strategies, clinical intervention",0.4
169,"role intercellular communication, testicular torsion, nanoparticle tracking analysis, mir 21 5p",0.006521739130434782
169,"therapeutic strategies including, exosomes emerging, epigenetic modulation, solid cancers",0.03913043478260869
169,"transgene expression, metabolite production, study illustrates, precise genome",0.10869565217391304
169,"web science core, mean sd age, research hotspots, 28 day mortality",0.015217391304347825
170,"bla ctx, spectrum lactamase esbl, sequence types sts, coli isolates",0.002173913043478261
170,"details use execution, myosin motors, nascent chain, origin life",0.1282608695652174
170,"editorial emerging, author correction, g2 phase, model pd",0.0
170,"fetal liver, stalled replication forks, pulmonary vascular, chromatin state",0.0782608695652174
170,"recent findings recent, cell multi omics, complex microbial, crispr cas based",0.0
170,"related morbidity, stage diagnosis, combination strategies, clinical intervention",0.5891304347826087
170,"role intercellular communication, testicular torsion, nanoparticle tracking analysis, mir 21 5p",0.0
170,"therapeutic strategies including, exosomes emerging, epigenetic modulation, solid cancers",0.07391304347826087
170,"transgene expression, metabolite production, study illustrates, precise genome",0.12826086956521737
170,"web science core, mean sd age, research hotspots, 28 day mortality",0.0
171,"bla ctx, spectrum lactamase esbl, sequence types sts, coli isolates",0.008695652173913044
171,"details use execution, myosin motors, nascent chain, origin life",0.2956521739130435
171,"editorial emerging, author correction, g2 phase, model pd",0.02391304347826087
171,"fetal liver, stalled replication forks, pulmonary vascular, chromatin state",0.13043478260869562
171,"recent findings recent, cell multi omics, complex microbial, crispr cas based",0.0
171,"related morbidity, stage diagnosis, combination strategies, clinical intervention",0.3391304347826087
171,"role intercellular communication, testicular torsion, nanoparticle tracking analysis, mir 21 5p",0.0
171,"therapeutic strategies including, exosomes emerging, epigenetic modulation, solid cancers",0.06956521739130435
171,"transgene expression, metabolite production, study illustrates, precise genome",0.1326086956521739
171,"web science core, mean sd age, research hotspots, 28 day mortality",0.0
172,"bla ctx, spectrum lactamase esbl, sequence types sts, coli isolates",0.004347826086956522
172,"details use execution, myosin motors, nascent chain, origin life",0.25434782608695655
172,"editorial emerging, author correction, g2 phase, model pd",0.03260869565217391
172,"fetal liver, stalled replication forks, pulmonary vascular, chromatin state",0.16086956521739132
172,"recent findings recent, cell multi omics, complex microbial, crispr cas based",0.0
172,"related morbidity, stage diagnosis, combination strategies, clinical intervention",0.35652173913043483
172,"role intercellular communication, testicular torsion, nanoparticle tracking analysis, mir 21 5p",0.002173913043478261
172,"therapeutic strategies including, exosomes emerging, epigenetic modulation, solid cancers",0.034782608695652174
172,"transgene expression, metabolite production, study illustrates, precise genome",0.15434782608695652
172,"web science core, mean sd age, research hotspots, 28 day mortality",0.0
173,"bla ctx, spectrum lactamase esbl, sequence types sts, coli isolates",0.010869565217391304
173,"details use execution, myosin motors, nascent chain, origin life",0.32608695652173914
173,"editorial emerging, author correction, g2 phase, model pd",0.0
173,"fetal liver, stalled replication forks, pulmonary vascular, chromatin state",0.09782608695652174
173,"recent findings recent, cell multi omics, complex microbial, crispr cas based",0.0
173,"related morbidity, stage diagnosis, combination strategies, clinical intervention",0.31086956521739134
173,"role intercellular communication, testicular torsion, nanoparticle tracking analysis, mir 21 5p",0.0391304347826087
173,"therapeutic strategies including, exosomes emerging, epigenetic modulation, solid cancers",0.054347826086956534
173,"transgene expression, metabolite production, study illustrates, precise genome",0.1456521739130435
173,"web science core, mean sd age, research hotspots, 28 day mortality",0.015217391304347825
174,"bla ctx, spectrum lactamase esbl, sequence types sts, coli isolates",0.004347826086956522
174,"details use execution, myosin motors, nascent chain, origin life",0.2565217391304348
174,"editorial emerging, author correction, g2 phase, model pd",0.03260869565217391
174,"fetal liver, stalled replication forks, pulmonary vascular, chromatin state",0.0847826086956522
174,"recent findings recent, cell multi omics, complex microbial, crispr cas based",0.0
174,"related morbidity, stage diagnosis, combination strategies, clinical intervention",0.491304347826087
174,"role intercellular communication, testicular torsion, nanoparticle tracking analysis, mir 21 5p",0.0
174,"therapeutic strategies including, exosomes emerging, epigenetic modulation, solid cancers",0.08260869565217392
174,"transgene expression, metabolite production, study illustrates, precise genome",0.04782608695652174
174,"web science core, mean sd age, research hotspots, 28 day mortality",0.0
175,"bla ctx, spectrum lactamase esbl, sequence types sts, coli isolates",0.002173913043478261
175,"details use execution, myosin motors, nascent chain, origin life",0.12608695652173912
175,"editorial emerging, author correction, g2 phase, model pd",0.05652173913043478
175,"fetal liver, stalled replication forks, pulmonary vascular, chromatin state",0.07391304347826087
175,"recent findings recent, cell multi omics, complex microbial, crispr cas based",0.0
175,"related morbidity, stage diagnosis, combination strategies, clinical intervention",0.5021739130434782
175,"role intercellular communication, testicular torsion, nanoparticle tracking analysis, mir 21 5p",0.002173913043478261
175,"therapeutic strategies including, exosomes emerging, epigenetic modulation, solid cancers",0.0782608695652174
175,"transgene expression, metabolite production, study illustrates, precise genome",0.15869565217391302
175,"web science core, mean sd age, research hotspots, 28 day mortality",0.0
176,"bla ctx, spectrum lactamase esbl, sequence types sts, coli isolates",0.0
176,"details use execution, myosin motors, nascent chain, origin life",0.17173913043478262
176,"editorial emerging, author correction, g2 phase, model pd",0.0
176,"fetal liver, stalled replication forks, pulmonary vascular, chromatin state",0.11739130434782608
176,"recent findings recent, cell multi omics, complex microbial, crispr cas based",0.0
176,"related morbidity, stage diagnosis, combination strategies, clinical intervention",0.4673913043478261
176,"role intercellular communication, testicular torsion, nanoparticle tracking analysis, mir 21 5p",0.002173913043478261
176,"therapeutic strategies including, exosomes emerging, epigenetic modulation, solid cancers",0.06956521739130435
176,"transgene expression, metabolite production, study illustrates, precise genome",0.17173913043478262
176,"web science core, mean sd age, research hotspots, 28 day mortality",0.0
177,"bla ctx, spectrum lactamase esbl, sequence types sts, coli isolates",0.004347826086956522
177,"details use execution, myosin motors, nascent chain, origin life",0.18043478260869567
177,"editorial emerging, author correction, g2 phase, model pd",0.002173913043478261
177,"fetal liver, stalled replication forks, pulmonary vascular, chromatin state",0.10217391304347827
177,"recent findings recent, cell multi omics, complex microbial, crispr cas based",0.0
177,"related morbidity, stage diagnosis, combination strategies, clinical intervention",0.5630434782608695
177,"role intercellular communication, testicular torsion, nanoparticle tracking analysis, mir 21 5p",0.03260869565217391
177,"therapeutic strategies including, exosomes emerging, epigenetic modulation, solid cancers",0.01956521739130435
177,"transgene expression, metabolite production, study illustrates, precise genome",0.09565217391304348
177,"web science core, mean sd age, research hotspots, 28 day mortality",0.0
178,"bla ctx, spectrum lactamase esbl, sequence types sts, coli isolates",0.01956521739130435
178,"details use execution, myosin motors, nascent chain, origin life",0.3173913043478261
178,"editorial emerging, author correction, g2 phase, model pd",0.002173913043478261
178,"fetal liver, stalled replication forks, pulmonary vascular, chromatin state",0.11521739130434783
178,"recent findings recent, cell multi omics, complex microbial, crispr cas based",0.0
178,"related morbidity, stage diagnosis, combination strategies, clinical intervention",0.3652173913043478
178,"role intercellular communication, testicular torsion, nanoparticle tracking analysis, mir 21 5p",0.0391304347826087
178,"therapeutic strategies including, exosomes emerging, epigenetic modulation, solid cancers",0.03913043478260869
178,"transgene expression, metabolite production, study illustrates, precise genome",0.08695652173913043
178,"web science core, mean sd age, research hotspots, 28 day mortality",0.015217391304347825
179,"bla ctx, spectrum lactamase esbl, sequence types sts, coli isolates",0.006521739130434784
179,"details use execution, myosin motors, nascent chain, origin life",0.21956521739130433
179,"editorial emerging, author correction, g2 phase, model pd",0.002173913043478261
179,"fetal liver, stalled replication forks, pulmonary vascular, chromatin state",0.09130434782608694
179,"recent findings recent, cell multi omics, complex microbial, crispr cas based",0.0
179,"related morbidity, stage diagnosis, combination strategies, clinical intervention",0.4847826086956522
179,"role intercellular communication, testicular torsion, nanoparticle tracking analysis, mir 21 5p",0.034782608695652174
179,"therapeutic strategies including, exosomes emerging, epigenetic modulation, solid cancers",0.10434782608695652
179,"transgene expression, metabolite production, study illustrates, precise genome",0.056521739130434796
179,"web science core, mean sd age, research hotspots, 28 day mortality",0.0
180,"bla ctx, spectrum lactamase esbl, sequence types sts, coli isolates",0.006521739130434784
180,"details use execution, myosin motors, nascent chain, origin life",0.30869565217391304
180,"editorial emerging, author correction, g2 phase, model pd",0.021739130434782608
180,"fetal liver, stalled replication forks, pulmonary vascular, chromatin state",0.08913043478260871
180,"recent findings recent, cell multi omics, complex microbial, crispr cas based",0.0
180,"related morbidity, stage diagnosis, combination strategies, clinical intervention",0.3565217391304348
180,"role intercellular communication, testicular torsion, nanoparticle tracking analysis, mir 21 5p",0.03260869565217391
180,"therapeutic strategies including, exosomes emerging, epigenetic modulation, solid cancers",0.07173913043478261
180,"transgene expression, metabolite production, study illustrates, precise genome",0.11304347826086956
180,"web science core, mean sd age, research hotspots, 28 day mortality",0.0
181,"bla ctx, spectrum lactamase esbl, sequence types sts, coli isolates",0.004347826086956522
181,"details use execution, myosin motors, nascent chain, origin life",0.31086956521739134
181,"editorial emerging, author correction, g2 phase, model pd",0.034782608695652174
181,"fetal liver, stalled replication forks, pulmonary vascular, chromatin state",0.12826086956521737
181,"recent findings recent, cell multi omics, complex microbial, crispr cas based",0.0
181,"related morbidity, stage diagnosis, combination strategies, clinical intervention",0.31739130434782603
181,"role intercellular communication, testicular torsion, nanoparticle tracking analysis, mir 21 5p",0.03260869565217391
181,"therapeutic strategies including, exosomes emerging, epigenetic modulation, solid cancers",0.0608695652173913
181,"transgene expression, metabolite production, study illustrates, precise genome",0.1108695652173913
181,"web science core, mean sd age, research hotspots, 28 day mortality",0.0
182,"bla ctx, spectrum lactamase esbl, sequence types sts, coli isolates",0.002173913043478261
182,"details use execution, myosin motors, nascent chain, origin life",0.31086956521739134
182,"editorial emerging, author correction, g2 phase, model pd",0.021739130434782608
182,"fetal liver, stalled replication forks, pulmonary vascular, chromatin state",0.08043478260869566
182,"recent findings recent, cell multi omics, complex microbial, crispr cas based",0.0
182,"related morbidity, stage diagnosis, combination strategies, clinical intervention",0.40869565217391307
182,"role intercellular communication, testicular torsion, nanoparticle tracking analysis, mir 21 5p",0.034782608695652174
182,"therapeutic strategies including, exosomes emerging, epigenetic modulation, solid cancers",0.04565217391304347
182,"transgene expression, metabolite production, study illustrates, precise genome",0.09565217391304348
182,"web science core, mean sd age, research hotspots, 28 day mortality",0.0
183,"bla ctx, spectrum lactamase esbl, sequence types sts, coli isolates",0.017391304347826087
183,"details use execution, myosin motors, nascent chain, origin life",0.3065217391304348
183,"editorial emerging, author correction, g2 phase, model pd",0.0
183,"fetal liver, stalled replication forks, pulmonary vascular, chromatin state",0.06956521739130435
183,"recent findings recent, cell multi omics, complex microbial, crispr cas based",0.0
183,"related morbidity, stage diagnosis, combination strategies, clinical intervention",0.40434782608695646
183,"role intercellular communication, testicular torsion, nanoparticle tracking analysis, mir 21 5p",0.008695652173913044
183,"therapeutic strategies including, exosomes emerging, epigenetic modulation, solid cancers",0.056521739130434796
183,"transgene expression, metabolite production, study illustrates, precise genome",0.1217391304347826
183,"web science core, mean sd age, research hotspots, 28 day mortality",0.015217391304347825
184,"bla ctx, spectrum lactamase esbl, sequence types sts, coli isolates",0.01956521739130435
184,"details use execution, myosin motors, nascent chain, origin life",0.1760869565217391
184,"editorial emerging, author correction, g2 phase, model pd",0.002173913043478261
184,"fetal liver, stalled replication forks, pulmonary vascular, chromatin state",0.13695652173913042
184,"recent findings recent, cell multi omics, complex microbial, crispr cas based",0.0
184,"related morbidity, stage diagnosis, combination strategies, clinical intervention",0.40652173913043477
184,"role intercellular communication, testicular torsion, nanoparticle tracking analysis, mir 21 5p",0.006521739130434782
184,"therapeutic strategies including, exosomes emerging, epigenetic modulation, solid cancers",0.06304347826086956
184,"transgene expression, metabolite production, study illustrates, precise genome",0.17391304347826084
184,"web science core, mean sd age, research hotspots, 28 day mortality",0.015217391304347825
185,"bla ctx, spectrum lactamase esbl, sequence types sts, coli isolates",0.002173913043478261
185,"details use execution, myosin motors, nascent chain, origin life",0.25869565217391305
185,"editorial emerging, author correction, g2 phase, model pd",0.021739130434782608
185,"fetal liver, stalled replication forks, pulmonary vascular, chromatin state",0.10869565217391303
185,"recent findings recent, cell multi omics, complex microbial, crispr cas based",0.0
185,"related morbidity, stage diagnosis, combination strategies, clinical intervention",0.39565217391304347
185,"role intercellular communication, testicular torsion, nanoparticle tracking analysis, mir 21 5p",0.0
185,"therapeutic strategies including, exosomes emerging, epigenetic modulation, solid cancers",0.08043478260869566
185,"transgene expression, metabolite production, study illustrates, precise genome",0.13260869565217392
185,"web science core, mean sd age, research hotspots, 28 day mortality",0.0
186,"bla ctx, spectrum lactamase esbl, sequence types sts, coli isolates",0.008695652173913044
186,"details use execution, myosin motors, nascent chain, origin life",0.29347826086956524
186,"editorial emerging, author correction, g2 phase, model pd",0.02391304347826087
186,"fetal liver, stalled replication forks, pulmonary vascular, chromatin state",0.12608695652173915
186,"recent findings recent, cell multi omics, complex microbial, crispr cas based",0.0
186,"related morbidity, stage diagnosis, combination strategies, clinical intervention",0.3695652173913043
186,"role intercellular communication, testicular torsion, nanoparticle tracking analysis, mir 21 5p",0.002173913043478261
186,"therapeutic strategies including, exosomes emerging, epigenetic modulation, solid cancers",0.08043478260869566
186,"transgene expression, metabolite production, study illustrates, precise genome",0.09565217391304347
186,"web science core, mean sd age, research hotspots, 28 day mortality",0.0
187,"bla ctx, spectrum lactamase esbl, sequence types sts, coli isolates",0.010869565217391304
187,"details use execution, myosin motors, nascent chain, origin life",0.3130434782608696
187,"editorial emerging, author correction, g2 phase, model pd",0.002173913043478261
187,"fetal liver, stalled replication forks, pulmonary vascular, chromatin state",0.030434782608695653
187,"recent findings recent, cell multi omics, complex microbial, crispr cas based",0.0
187,"related morbidity, stage diagnosis, combination strategies, clinical intervention",0.4978260869565217
187,"role intercellular communication, testicular torsion, nanoparticle tracking analysis, mir 21 5p",0.008695652173913044
187,"therapeutic strategies including, exosomes emerging, epigenetic modulation, solid cancers",0.043478260869565216
187,"transgene expression, metabolite production, study illustrates, precise genome",0.0782608695652174
187,"web science core, mean sd age, research hotspots, 28 day mortality",0.015217391304347825
188,"bla ctx, spectrum lactamase esbl, sequence types sts, coli isolates",0.006521739130434784
188,"details use execution, myosin motors, nascent chain, origin life",0.25217391304347825
188,"editorial emerging, author correction, g2 phase, model pd",0.034782608695652174
188,"fetal liver, stalled replication forks, pulmonary vascular, chromatin state",0.09999999999999999
188,"recent findings recent, cell multi omics, complex microbial, crispr cas based",0.0
188,"related morbidity, stage diagnosis, combination strategies, clinical intervention",0.4434782608695652
188,"role intercellular communication, testicular torsion, nanoparticle tracking analysis, mir 21 5p",0.002173913043478261
188,"therapeutic strategies including, exosomes emerging, epigenetic modulation, solid cancers",0.05217391304347826
188,"transgene expression, metabolite production, study illustrates, precise genome",0.10869565217391304
188,"web science core, mean sd age, research hotspots, 28 day mortality",0.0
189,"bla ctx, spectrum lactamase esbl, sequence types sts, coli isolates",0.006521739130434784
189,"details use execution, myosin motors, nascent chain, origin life",0.3391304347826087
189,"editorial emerging, author correction, g2 phase, model pd",0.05652173913043478
189,"fetal liver, stalled replication forks, pulmonary vascular, chromatin state",0.07173913043478261
189,"recent findings recent, cell multi omics, complex microbial, crispr cas based",0.0
189,"related morbidity, stage diagnosis, combination strategies, clinical intervention",0.3695652173913043
189,"role intercellular communication, testicular torsion, nanoparticle tracking analysis, mir 21 5p",0.002173913043478261
189,"therapeutic strategies including, exosomes emerging, epigenetic modulation, solid cancers",0.04130434782608696
189,"transgene expression, metabolite production, study illustrates, precise genome",0.11304347826086955
189,"web science core, mean sd age, research hotspots, 28 day mortality",0.0
190,"bla ctx, spectrum lactamase esbl, sequence types sts, coli isolates",0.013043478260869565
190,"details use execution, myosin motors, nascent chain, origin life",0.40869565217391296
190,"editorial emerging, author correction, g2 phase, model pd",0.03260869565217391
190,"fetal liver, stalled replication forks, pulmonary vascular, chromatin state",0.03043478260869565
190,"recent findings recent, cell multi omics, complex microbial, crispr cas based",0.0
190,"related morbidity, stage diagnosis, combination strategies, clinical intervention",0.30434782608695654
190,"role intercellular communication, testicular torsion, nanoparticle tracking analysis, mir 21 5p",0.04130434782608696
190,"therapeutic strategies including, exosomes emerging, epigenetic modulation, solid cancers",0.06956521739130435
190,"transgene expression, metabolite production, study illustrates, precise genome",0.08478260869565218
190,"web science core, mean sd age, research hotspots, 28 day mortality",0.015217391304347825
191,"bla ctx, spectrum lactamase esbl, sequence types sts, coli isolates",0.004347826086956522
191,"details use execution, myosin motors, nascent chain, origin life",0.26304347826086955
191,"editorial emerging, author correction, g2 phase, model pd",0.03260869565217391
191,"fetal liver, stalled replication forks, pulmonary vascular, chromatin state",0.08043478260869565
191,"recent findings recent, cell multi omics, complex microbial, crispr cas based",0.0
191,"related morbidity, stage diagnosis, combination strategies, clinical intervention",0.4630434782608695
191,"role intercellular communication, testicular torsion, nanoparticle tracking analysis, mir 21 5p",0.03695652173913044
191,"therapeutic strategies including, exosomes emerging, epigenetic modulation, solid cancers",0.04565217391304348
191,"transgene expression, metabolite production, study illustrates, precise genome",0.07391304347826087
191,"web science core, mean sd age, research hotspots, 28 day mortality",0.0
192,"bla ctx, spectrum lactamase esbl, sequence types sts, coli isolates",0.013043478260869565
192,"details use execution, myosin motors, nascent chain, origin life",0.2673913043478261
192,"editorial emerging, author correction, g2 phase, model pd",0.05652173913043478
192,"fetal liver, stalled replication forks, pulmonary vascular, chromatin state",0.09999999999999999
192,"recent findings recent, cell multi omics, complex microbial, crispr cas based",0.0
192,"related morbidity, stage diagnosis, combination strategies, clinical intervention",0.32391304347826083
192,"role intercellular communication, testicular torsion, nanoparticle tracking analysis, mir 21 5p",0.008695652173913044
192,"therapeutic strategies including, exosomes emerging, epigenetic modulation, solid cancers",0.05217391304347827
192,"transgene expression, metabolite production, study illustrates, precise genome",0.16304347826086954
192,"web science core, mean sd age, research hotspots, 28 day mortality",0.015217391304347825
193,"bla ctx, spectrum lactamase esbl, sequence types sts, coli isolates",0.002173913043478261
193,"details use execution, myosin motors, nascent chain, origin life",0.2543478260869565
193,"editorial emerging, author correction, g2 phase, model pd",0.02391304347826087
193,"fetal liver, stalled replication forks, pulmonary vascular, chromatin state",0.06086956521739131
193,"recent findings recent, cell multi omics, complex microbial, crispr cas based",0.0
193,"related morbidity, stage diagnosis, combination strategies, clinical intervention",0.5304347826086956
193,"role intercellular communication, testicular torsion, nanoparticle tracking analysis, mir 21 5p",0.004347826086956522
193,"therapeutic strategies including, exosomes emerging, epigenetic modulation, solid cancers",0.015217391304347825
193,"transgene expression, metabolite production, study illustrates, precise genome",0.10869565217391307
193,"web science core, mean sd age, research hotspots, 28 day mortality",0.0
194,"bla ctx, spectrum lactamase esbl, sequence types sts, coli isolates",0.02391304347826087
194,"details use execution, myosin motors, nascent chain, origin life",0.35434782608695653
194,"editorial emerging, author correction, g2 phase, model pd",0.0
194,"fetal liver, stalled replication forks, pulmonary vascular, chromatin state",0.047826086956521734
194,"recent findings recent, cell multi omics, complex microbial, crispr cas based",0.0
194,"related morbidity, stage diagnosis, combination strategies, clinical intervention",0.3847826086956522
194,"role intercellular communication, testicular torsion, nanoparticle tracking analysis, mir 21 5p",0.04130434782608696
194,"therapeutic strategies including, exosomes emerging, epigenetic modulation, solid cancers",0.06956521739130435
194,"transgene expression, metabolite production, study illustrates, precise genome",0.06304347826086956
194,"web science core, mean sd age, research hotspots, 28 day mortality",0.015217391304347825
195,"bla ctx, spectrum lactamase esbl, sequence types sts, coli isolates",0.013043478260869565
195,"details use execution, myosin motors, nascent chain, origin life",0.2782608695652174
195,"editorial emerging, author correction, g2 phase, model pd",0.03260869565217391
195,"fetal liver, stalled replication forks, pulmonary vascular, chromatin state",0.10217391304347827
195,"recent findings recent, cell multi omics, complex microbial, crispr cas based",0.0
195,"related morbidity, stage diagnosis, combination strategies, clinical intervention",0.3695652173913043
195,"role intercellular communication, testicular torsion, nanoparticle tracking analysis, mir 21 5p",0.04130434782608696
195,"therapeutic strategies including, exosomes emerging, epigenetic modulation, solid cancers",0.017391304347826087
195,"transgene expression, metabolite production, study illustrates, precise genome",0.13043478260869565
195,"web science core, mean sd age, research hotspots, 28 day mortality",0.015217391304347825
196,"bla ctx, spectrum lactamase esbl, sequence types sts, coli isolates",0.015217391304347825
196,"details use execution, myosin motors, nascent chain, origin life",0.31086956521739134
196,"editorial emerging, author correction, g2 phase, model pd",0.03260869565217391
196,"fetal liver, stalled replication forks, pulmonary vascular, chromatin state",0.04782608695652174
196,"recent findings recent, cell multi omics, complex microbial, crispr cas based",0.0
196,"related morbidity, stage diagnosis, combination strategies, clinical intervention",0.40217391304347827
196,"role intercellular communication, testicular torsion, nanoparticle tracking analysis, mir 21 5p",0.006521739130434782
196,"therapeutic strategies including, exosomes emerging, epigenetic modulation, solid cancers",0.09347826086956519
196,"transgene expression, metabolite production, study illustrates, precise genome",0.07608695652173914
196,"web science core, mean sd age, research hotspots, 28 day mortality",0.015217391304347825
197,"bla ctx, spectrum lactamase esbl, sequence types sts, coli isolates",0.015217391304347825
197,"details use execution, myosin motors, nascent chain, origin life",0.39347826086956517
197,"editorial emerging, author correction, g2 phase, model pd",0.021739130434782608
197,"fetal liver, stalled replication forks, pulmonary vascular, chromatin state",0.04782608695652174
197,"recent findings recent, cell multi omics, complex microbial, crispr cas based",0.0
197,"related morbidity, stage diagnosis, combination strategies, clinical intervention",0.41521739130434776
197,"role intercellular communication, testicular torsion, nanoparticle tracking analysis, mir 21 5p",0.010869565217391304
197,"therapeutic strategies including, exosomes emerging, epigenetic modulation, solid cancers",0.03043478260869565
197,"transgene expression, metabolite production, study illustrates, precise genome",0.05
197,"web science core, mean sd age, research hotspots, 28 day mortality",0.015217391304347825
198,"bla ctx, spectrum lactamase esbl, sequence types sts, coli isolates",0.02391304347826087
198,"details use execution, myosin motors, nascent chain, origin life",0.35434782608695653
198,"editorial emerging, author correction, g2 phase, model pd",0.0
198,"fetal liver, stalled replication forks, pulmonary vascular, chromatin state",0.05434782608695652
198,"recent findings recent, cell multi omics, complex microbial, crispr cas based",0.0
198,"related morbidity, stage diagnosis, combination strategies, clinical intervention",0.3521739130434782
198,"role intercellular communication, testicular torsion, nanoparticle tracking analysis, mir 21 5p",0.041304347826086954
198,"therapeutic strategies including, exosomes emerging, epigenetic modulation, solid cancers",0.07608695652173914
198,"transgene expression, metabolite production, study illustrates, precise genome",0.08260869565217391
198,"web science core, mean sd age, research hotspots, 28 day mortality",0.015217391304347825
199,"bla ctx, spectrum lactamase esbl, sequence types sts, coli isolates",0.002173913043478261
199,"details use execution, myosin motors, nascent chain, origin life",0.22608695652173913
199,"editorial emerging, author correction, g2 phase, model pd",0.021739130434782608
199,"fetal liver, stalled replication forks, pulmonary vascular, chromatin state",0.09565217391304348
199,"recent findings recent, cell multi omics, complex microbial, crispr cas based",0.0
199,"related morbidity, stage diagnosis, combination strategies, clinical intervention",0.35652173913043483
199,"role intercellular communication, testicular torsion, nanoparticle tracking analysis, mir 21 5p",0.03260869565217391
199,"therapeutic strategies including, exosomes emerging, epigenetic modulation, solid cancers",0.12173913043478261
199,"transgene expression, metabolite production, study illustrates, precise genome",0.14347826086956522
199,"web science core, mean sd age, research hotspots, 28 day mortality",0.0
200,"bla ctx, spectrum lactamase esbl, sequence types sts, coli isolates",0.008695652173913044
200,"details use execution, myosin motors, nascent chain, origin life",0.43478260869565216
200,"editorial emerging, author correction, g2 phase, model pd",0.0
200,"fetal liver, stalled replication forks, pulmonary vascular, chromatin state",0.09782608695652174
200,"recent findings recent, cell multi omics, complex microbial, crispr cas based",0.0
200,"related morbidity, stage diagnosis, combination strategies, clinical intervention",0.2826086956521739
200,"role intercellular communication, testicular torsion, nanoparticle tracking analysis, mir 21 5p",0.034782608695652174
200,"therapeutic strategies including, exosomes emerging, epigenetic modulation, solid cancers",0.05217391304347826
200,"transgene expression, metabolite production, study illustrates, precise genome",0.08913043478260871
200,"web science core, mean sd age, research hotspots, 28 day mortality",0.0
201,"bla ctx, spectrum lactamase esbl, sequence types sts, coli isolates",0.013043478260869565
201,"details use execution, myosin motors, nascent chain, origin life",0.30869565217391304
201,"editorial emerging, author correction, g2 phase, model pd",0.03260869565217391
201,"fetal liver, stalled replication forks, pulmonary vascular, chromatin state",0.10652173913043479
201,"recent findings recent, cell multi omics, complex microbial, crispr cas based",0.0
201,"related morbidity, stage diagnosis, combination strategies, clinical intervention",0.3760869565217391
201,"role intercellular communication, testicular torsion, nanoparticle tracking analysis, mir 21 5p",0.010869565217391304
201,"therapeutic strategies including, exosomes emerging, epigenetic modulation, solid cancers",0.043478260869565216
201,"transgene expression, metabolite production, study illustrates, precise genome",0.09347826086956523
201,"web science core, mean sd age, research hotspots, 28 day mortality",0.015217391304347825
202,"bla ctx, spectrum lactamase esbl, sequence types sts, coli isolates",0.006521739130434782
202,"details use execution, myosin motors, nascent chain, origin life",0.29347826086956524
202,"editorial emerging, author correction, g2 phase, model pd",0.0
202,"fetal liver, stalled replication forks, pulmonary vascular, chromatin state",0.06956521739130435
202,"recent findings recent, cell multi omics, complex microbial, crispr cas based",0.0
202,"related morbidity, stage diagnosis, combination strategies, clinical intervention",0.44782608695652176
202,"role intercellular communication, testicular torsion, nanoparticle tracking analysis, mir 21 5p",0.004347826086956522
202,"therapeutic strategies including, exosomes emerging, epigenetic modulation, solid cancers",0.04565217391304348
202,"transgene expression, metabolite production, study illustrates, precise genome",0.1326086956521739
202,"web science core, mean sd age, research hotspots, 28 day mortality",0.0
203,"bla ctx, spectrum lactamase esbl, sequence types sts, coli isolates",0.010869565217391304
203,"details use execution, myosin motors, nascent chain, origin life",0.25
203,"editorial emerging, author correction, g2 phase, model pd",0.0
203,"fetal liver, stalled replication forks, pulmonary vascular, chromatin state",0.14130434782608697
203,"recent findings recent, cell multi omics, complex microbial, crispr cas based",0.0
203,"related morbidity, stage diagnosis, combination strategies, clinical intervention",0.43478260869565216
203,"role intercellular communication, testicular torsion, nanoparticle tracking analysis, mir 21 5p",0.0
203,"therapeutic strategies including, exosomes emerging, epigenetic modulation, solid cancers",0.03260869565217391
203,"transgene expression, metabolite production, study illustrates, precise genome",0.13043478260869565
203,"web science core, mean sd age, research hotspots, 28 day mortality",0.0
204,"bla ctx, spectrum lactamase esbl, sequence types sts, coli isolates",0.002173913043478261
204,"details use execution, myosin motors, nascent chain, origin life",0.1391304347826087
204,"editorial emerging, author correction, g2 phase, model pd",0.0
204,"fetal liver, stalled replication forks, pulmonary vascular, chromatin state",0.10652173913043475
204,"recent findings recent, cell multi omics, complex microbial, crispr cas based",0.0
204,"related morbidity, stage diagnosis, combination strategies, clinical intervention",0.5173913043478262
204,"role intercellular communication, testicular torsion, nanoparticle tracking analysis, mir 21 5p",0.03260869565217391
204,"therapeutic strategies including, exosomes emerging, epigenetic modulation, solid cancers",0.03695652173913044
204,"transgene expression, metabolite production, study illustrates, precise genome",0.1652173913043478
204,"web science core, mean sd age, research hotspots, 28 day mortality",0.0
205,"bla ctx, spectrum lactamase esbl, sequence types sts, coli isolates",0.008695652173913044
205,"details use execution, myosin motors, nascent chain, origin life",0.3065217391304348
205,"editorial emerging, author correction, g2 phase, model pd",0.03260869565217391
205,"fetal liver, stalled replication forks, pulmonary vascular, chromatin state",0.09565217391304348
205,"recent findings recent, cell multi omics, complex microbial, crispr cas based",0.0
205,"related morbidity, stage diagnosis, combination strategies, clinical intervention",0.3739130434782609
205,"role intercellular communication, testicular torsion, nanoparticle tracking analysis, mir 21 5p",0.03260869565217391
205,"therapeutic strategies including, exosomes emerging, epigenetic modulation, solid cancers",0.05
205,"transgene expression, metabolite production, study illustrates, precise genome",0.1
205,"web science core, mean sd age, research hotspots, 28 day mortality",0.0
206,"bla ctx, spectrum lactamase esbl, sequence types sts, coli isolates",0.013043478260869565
206,"details use execution, myosin motors, nascent chain, origin life",0.23695652173913045
206,"editorial emerging, author correction, g2 phase, model pd",0.02391304347826087
206,"fetal liver, stalled replication forks, pulmonary vascular, chromatin state",0.1326086956521739
206,"recent findings recent, cell multi omics, complex microbial, crispr cas based",0.0
206,"related morbidity, stage diagnosis, combination strategies, clinical intervention",0.37608695652173907
206,"role intercellular communication, testicular torsion, nanoparticle tracking analysis, mir 21 5p",0.0391304347826087
206,"therapeutic strategies including, exosomes emerging, epigenetic modulation, solid cancers",0.05217391304347826
206,"transgene expression, metabolite production, study illustrates, precise genome",0.1108695652173913
206,"web science core, mean sd age, research hotspots, 28 day mortality",0.015217391304347825
207,"bla ctx, spectrum lactamase esbl, sequence types sts, coli isolates",0.002173913043478261
207,"details use execution, myosin motors, nascent chain, origin life",0.22608695652173913
207,"editorial emerging, author correction, g2 phase, model pd",0.0
207,"fetal liver, stalled replication forks, pulmonary vascular, chromatin state",0.1108695652173913
207,"recent findings recent, cell multi omics, complex microbial, crispr cas based",0.0
207,"related morbidity, stage diagnosis, combination strategies, clinical intervention",0.4695652173913043
207,"role intercellular communication, testicular torsion, nanoparticle tracking analysis, mir 21 5p",0.03260869565217391
207,"therapeutic strategies including, exosomes emerging, epigenetic modulation, solid cancers",0.02391304347826087
207,"transgene expression, metabolite production, study illustrates, precise genome",0.13478260869565215
207,"web science core, mean sd age, research hotspots, 28 day mortality",0.0
208,"bla ctx, spectrum lactamase esbl, sequence types sts, coli isolates",0.017391304347826087
208,"details use execution, myosin motors, nascent chain, origin life",0.2630434782608696
208,"editorial emerging, author correction, g2 phase, model pd",0.05434782608695652
208,"fetal liver, stalled replication forks, pulmonary vascular, chromatin state",0.08043478260869566
208,"recent findings recent, cell multi omics, complex microbial, crispr cas based",0.0
208,"related morbidity, stage diagnosis, combination strategies, clinical intervention",0.41521739130434776
208,"role intercellular communication, testicular torsion, nanoparticle tracking analysis, mir 21 5p",0.008695652173913044
208,"therapeutic strategies including, exosomes emerging, epigenetic modulation, solid cancers",0.03695652173913044
208,"transgene expression, metabolite production, study illustrates, precise genome",0.10869565217391304
208,"web science core, mean sd age, research hotspots, 28 day mortality",0.015217391304347825
209,"bla ctx, spectrum lactamase esbl, sequence types sts, coli isolates",0.010869565217391304
209,"details use execution, myosin motors, nascent chain, origin life",0.42173913043478256
209,"editorial emerging, author correction, g2 phase, model pd",0.0
209,"fetal liver, stalled replication forks, pulmonary vascular, chromatin state",0.08695652173913043
209,"recent findings recent, cell multi omics, complex microbial, crispr cas based",0.0
209,"related morbidity, stage diagnosis, combination strategies, clinical intervention",0.3217391304347826
209,"role intercellular communication, testicular torsion, nanoparticle tracking analysis, mir 21 5p",0.002173913043478261
209,"therapeutic strategies including, exosomes emerging, epigenetic modulation, solid cancers",0.03695652173913044
209,"transgene expression, metabolite production, study illustrates, precise genome",0.11956521739130437
209,"web science core, mean sd age, research hotspots, 28 day mortality",0.0
210,"bla ctx, spectrum lactamase esbl, sequence types sts, coli isolates",0.013043478260869568
210,"details use execution, myosin motors, nascent chain, origin life",0.38913043478260867
210,"editorial emerging, author correction, g2 phase, model pd",0.002173913043478261
210,"fetal liver, stalled replication forks, pulmonary vascular, chromatin state",0.043478260869565216
210,"recent findings recent, cell multi omics, complex microbial, crispr cas based",0.0
210,"related morbidity, stage diagnosis, combination strategies, clinical intervention",0.4108695652173914
210,"role intercellular communication, testicular torsion, nanoparticle tracking analysis, mir 21 5p",0.03260869565217391
210,"therapeutic strategies including, exosomes emerging, epigenetic modulation, solid cancers",0.017391304347826087
210,"transgene expression, metabolite production, study illustrates, precise genome",0.09130434782608696
210,"web science core, mean sd age, research hotspots, 28 day mortality",0.0
211,"bla ctx, spectrum lactamase esbl, sequence types sts, coli isolates",0.002173913043478261
211,"details use execution, myosin motors, nascent chain, origin life",0.08478260869565217
211,"editorial emerging, author correction, g2 phase, model pd",0.021739130434782608
211,"fetal liver, stalled replication forks, pulmonary vascular, chromatin state",0.14130434782608695
211,"recent findings recent, cell multi omics, complex microbial, crispr cas based",0.0
211,"related morbidity, stage diagnosis, combination strategies, clinical intervention",0.6108695652173912
211,"role intercellular communication, testicular torsion, nanoparticle tracking analysis, mir 21 5p",0.0
211,"therapeutic strategies including, exosomes emerging, epigenetic modulation, solid cancers",0.04782608695652174
211,"transgene expression, metabolite production, study illustrates, precise genome",0.09130434782608696
211,"web science core, mean sd age, research hotspots, 28 day mortality",0.0
212,"bla ctx, spectrum lactamase esbl, sequence types sts, coli isolates",0.010869565217391304
212,"details use execution, myosin motors, nascent chain, origin life",0.1826086956521739
212,"editorial emerging, author correction, g2 phase, model pd",0.021739130434782608
212,"fetal liver, stalled replication forks, pulmonary vascular, chromatin state",0.03260869565217392
212,"recent findings recent, cell multi omics, complex microbial, crispr cas based",0.0
212,"related morbidity, stage diagnosis, combination strategies, clinical intervention",0.5173913043478261
212,"role intercellular communication, testicular torsion, nanoparticle tracking analysis, mir 21 5p",0.008695652173913044
212,"therapeutic strategies including, exosomes emerging, epigenetic modulation, solid cancers",0.10217391304347824
212,"transgene expression, metabolite production, study illustrates, precise genome",0.10869565217391304
212,"web science core, mean sd age, research hotspots, 28 day mortality",0.015217391304347825
213,"bla ctx, spectrum lactamase esbl, sequence types sts, coli isolates",0.013043478260869568
213,"details use execution, myosin motors, nascent chain, origin life",0.2891304347826087
213,"editorial emerging, author correction, g2 phase, model pd",0.002173913043478261
213,"fetal liver, stalled replication forks, pulmonary vascular, chromatin state",0.11521739130434784
213,"recent findings recent, cell multi omics, complex microbial, crispr cas based",0.0
213,"related morbidity, stage diagnosis, combination strategies, clinical intervention",0.40869565217391296
213,"role intercellular communication, testicular torsion, nanoparticle tracking analysis, mir 21 5p",0.002173913043478261
213,"therapeutic strategies including, exosomes emerging, epigenetic modulation, solid cancers",0.054347826086956534
213,"transgene expression, metabolite production, study illustrates, precise genome",0.11521739130434783
213,"web science core, mean sd age, research hotspots, 28 day mortality",0.0
214,"bla ctx, spectrum lactamase esbl, sequence types sts, coli isolates",0.008695652173913044
214,"details use execution, myosin motors, nascent chain, origin life",0.25217391304347825
214,"editorial emerging, author correction, g2 phase, model pd",0.021739130434782608
214,"fetal liver, stalled replication forks, pulmonary vascular, chromatin state",0.10869565217391304
214,"recent findings recent, cell multi omics, complex microbial, crispr cas based",0.0
214,"related morbidity, stage diagnosis, combination strategies, clinical intervention",0.4543478260869566
214,"role intercellular communication, testicular torsion, nanoparticle tracking analysis, mir 21 5p",0.0
214,"therapeutic strategies including, exosomes emerging, epigenetic modulation, solid cancers",0.0391304347826087
214,"transgene expression, metabolite production, study illustrates, precise genome",0.1152173913043478
214,"web science core, mean sd age, research hotspots, 28 day mortality",0.0
215,"bla ctx, spectrum lactamase esbl, sequence types sts, coli isolates",0.015217391304347827
215,"details use execution, myosin motors, nascent chain, origin life",0.38260869565217387
215,"editorial emerging, author correction, g2 phase, model pd",0.0
215,"fetal liver, stalled replication forks, pulmonary vascular, chromatin state",0.10652173913043479
215,"recent findings recent, cell multi omics, complex microbial, crispr cas based",0.0
215,"related morbidity, stage diagnosis, combination strategies, clinical intervention",0.2826086956521739
215,"role intercellular communication, testicular torsion, nanoparticle tracking analysis, mir 21 5p",0.03695652173913044
215,"therapeutic strategies including, exosomes emerging, epigenetic modulation, solid cancers",0.03695652173913044
215,"transgene expression, metabolite production, study illustrates, precise genome",0.1391304347826087
215,"web science core, mean sd age, research hotspots, 28 day mortality",0.0
216,"bla ctx, spectrum lactamase esbl, sequence types sts, coli isolates",0.002173913043478261
216,"details use execution, myosin motors, nascent chain, origin life",0.21521739130434783
216,"editorial emerging, author correction, g2 phase, model pd",0.0
216,"fetal liver, stalled replication forks, pulmonary vascular, chromatin state",0.09782608695652174
216,"recent findings recent, cell multi omics, complex microbial, crispr cas based",0.0
216,"related morbidity, stage diagnosis, combination strategies, clinical intervention",0.4760869565217391
216,"role intercellular communication, testicular torsion, nanoparticle tracking analysis, mir 21 5p",0.0
216,"therapeutic strategies including, exosomes emerging, epigenetic modulation, solid cancers",0.05
216,"transgene expression, metabolite production, study illustrates, precise genome",0.15869565217391304
216,"web science core, mean sd age, research hotspots, 28 day mortality",0.0
217,"bla ctx, spectrum lactamase esbl, sequence types sts, coli isolates",0.010869565217391304
217,"details use execution, myosin motors, nascent chain, origin life",0.3760869565217391
217,"editorial emerging, author correction, g2 phase, model pd",0.03260869565217391
217,"fetal liver, stalled replication forks, pulmonary vascular, chromatin state",0.09347826086956519
217,"recent findings recent, cell multi omics, complex microbial, crispr cas based",0.0
217,"related morbidity, stage diagnosis, combination strategies, clinical intervention",0.31304347826086953
217,"role intercellular communication, testicular torsion, nanoparticle tracking analysis, mir 21 5p",0.004347826086956522
217,"therapeutic strategies including, exosomes emerging, epigenetic modulation, solid cancers",0.0608695652173913
217,"transgene expression, metabolite production, study illustrates, precise genome",0.10869565217391304
217,"web science core, mean sd age, research hotspots, 28 day mortality",0.0
218,"bla ctx, spectrum lactamase esbl, sequence types sts, coli isolates",0.02391304347826087
218,"details use execution, myosin motors, nascent chain, origin life",0.3
218,"editorial emerging, author correction, g2 phase, model pd",0.05434782608695652
218,"fetal liver, stalled replication forks, pulmonary vascular, chromatin state",0.054347826086956534
218,"recent findings recent, cell multi omics, complex microbial, crispr cas based",0.0
218,"related morbidity, stage diagnosis, combination strategies, clinical intervention",0.3652173913043478
218,"role intercellular communication, testicular torsion, nanoparticle tracking analysis, mir 21 5p",0.008695652173913044
218,"therapeutic strategies including, exosomes emerging, epigenetic modulation, solid cancers",0.04782608695652174
218,"transgene expression, metabolite production, study illustrates, precise genome",0.13043478260869565
218,"web science core, mean sd age, research hotspots, 28 day mortality",0.015217391304347825
219,"bla ctx, spectrum lactamase esbl, sequence types sts, coli isolates",0.008695652173913044
219,"details use execution, myosin motors, nascent chain, origin life",0.3804347826086957
219,"editorial emerging, author correction, g2 phase, model pd",0.0
219,"fetal liver, stalled replication forks, pulmonary vascular, chromatin state",0.19347826086956524
219,"recent findings recent, cell multi omics, complex microbial, crispr cas based",0.0
219,"related morbidity, stage diagnosis, combination strategies, clinical intervention",0.26956521739130435
219,"role intercellular communication, testicular torsion, nanoparticle tracking analysis, mir 21 5p",0.002173913043478261
219,"therapeutic strategies including, exosomes emerging, epigenetic modulation, solid cancers",0.008695652173913044
219,"transgene expression, metabolite production, study illustrates, precise genome",0.13695652173913042
219,"web science core, mean sd age, research hotspots, 28 day mortality",0.0
220,"bla ctx, spectrum lactamase esbl, sequence types sts, coli isolates",0.006521739130434784
220,"details use execution, myosin motors, nascent chain, origin life",0.20869565217391303
220,"editorial emerging, author correction, g2 phase, model pd",0.0
220,"fetal liver, stalled replication forks, pulmonary vascular, chromatin state",0.10434782608695652
220,"recent findings recent, cell multi omics, complex microbial, crispr cas based",0.0
220,"related morbidity, stage diagnosis, combination strategies, clinical intervention",0.517391304347826
220,"role intercellular communication, testicular torsion, nanoparticle tracking analysis, mir 21 5p",0.002173913043478261
220,"therapeutic strategies including, exosomes emerging, epigenetic modulation, solid cancers",0.0608695652173913
220,"transgene expression, metabolite production, study illustrates, precise genome",0.09999999999999999
220,"web science core, mean sd age, research hotspots, 28 day mortality",0.0
221,"bla ctx, spectrum lactamase esbl, sequence types sts, coli isolates",0.002173913043478261
221,"details use execution, myosin motors, nascent chain, origin life",0.21521739130434783
221,"editorial emerging, author correction, g2 phase, model pd",0.05652173913043478
221,"fetal liver, stalled replication forks, pulmonary vascular, chromatin state",0.05869565217391306
221,"recent findings recent, cell multi omics, complex microbial, crispr cas based",0.0
221,"related morbidity, stage diagnosis, combination strategies, clinical intervention",0.44130434782608696
221,"role intercellular communication, testicular torsion, nanoparticle tracking analysis, mir 21 5p",0.0
221,"therapeutic strategies including, exosomes emerging, epigenetic modulation, solid cancers",0.049999999999999996
221,"transgene expression, metabolite production, study illustrates, precise genome",0.1760869565217391
221,"web science core, mean sd age, research hotspots, 28 day mortality",0.0
222,"bla ctx, spectrum lactamase esbl, sequence types sts, coli isolates",0.010869565217391304
222,"details use execution, myosin motors, nascent chain, origin life",0.35434782608695653
222,"editorial emerging, author correction, g2 phase, model pd",0.021739130434782608
222,"fetal liver, stalled replication forks, pulmonary vascular, chromatin state",0.08043478260869566
222,"recent findings recent, cell multi omics, complex microbial, crispr cas based",0.0
222,"related morbidity, stage diagnosis, combination strategies, clinical intervention",0.32391304347826094
222,"role intercellular communication, testicular torsion, nanoparticle tracking analysis, mir 21 5p",0.010869565217391304
222,"therapeutic strategies including, exosomes emerging, epigenetic modulation, solid cancers",0.09782608695652174
222,"transgene expression, metabolite production, study illustrates, precise genome",0.08478260869565218
222,"web science core, mean sd age, research hotspots, 28 day mortality",0.015217391304347825
223,"bla ctx, spectrum lactamase esbl, sequence types sts, coli isolates",0.008695652173913044
223,"details use execution, myosin motors, nascent chain, origin life",0.2956521739130435
223,"editorial emerging, author correction, g2 phase, model pd",0.0
223,"fetal liver, stalled replication forks, pulmonary vascular, chromatin state",0.14565217391304347
223,"recent findings recent, cell multi omics, complex microbial, crispr cas based",0.0
223,"related morbidity, stage diagnosis, combination strategies, clinical intervention",0.35652173913043483
223,"role intercellular communication, testicular torsion, nanoparticle tracking analysis, mir 21 5p",0.0
223,"therapeutic strategies including, exosomes emerging, epigenetic modulation, solid cancers",0.056521739130434775
223,"transgene expression, metabolite production, study illustrates, precise genome",0.13695652173913042
223,"web science core, mean sd age, research hotspots, 28 day mortality",0.0
224,"bla ctx, spectrum lactamase esbl, sequence types sts, coli isolates",0.008695652173913044
224,"details use execution, myosin motors, nascent chain, origin life",0.35000000000000003
224,"editorial emerging, author correction, g2 phase, model pd",0.0
224,"fetal liver, stalled replication forks, pulmonary vascular, chromatin state",0.08260869565217392
224,"recent findings recent, cell multi omics, complex microbial, crispr cas based",0.0
224,"related morbidity, stage diagnosis, combination strategies, clinical intervention",0.41739130434782606
224,"role intercellular communication, testicular torsion, nanoparticle tracking analysis, mir 21 5p",0.03260869565217391
224,"therapeutic strategies including, exosomes emerging, epigenetic modulation, solid cancers",0.008695652173913044
224,"transgene expression, metabolite production, study illustrates, precise genome",0.1
224,"web science core, mean sd age, research hotspots, 28 day mortality",0.0
225,"bla ctx, spectrum lactamase esbl, sequence types sts, coli isolates",0.021739130434782608
225,"details use execution, myosin motors, nascent chain, origin life",0.31521739130434784
225,"editorial emerging, author correction, g2 phase, model pd",0.03260869565217391
225,"fetal liver, stalled replication forks, pulmonary vascular, chromatin state",0.06304347826086958
225,"recent findings recent, cell multi omics, complex microbial, crispr cas based",0.0
225,"related morbidity, stage diagnosis, combination strategies, clinical intervention",0.41956521739130437
225,"role intercellular communication, testicular torsion, nanoparticle tracking analysis, mir 21 5p",0.0391304347826087
225,"therapeutic strategies including, exosomes emerging, epigenetic modulation, solid cancers",0.041304347826086954
225,"transgene expression, metabolite production, study illustrates, precise genome",0.05217391304347826
225,"web science core, mean sd age, research hotspots, 28 day mortality",0.015217391304347825
226,"bla ctx, spectrum lactamase esbl, sequence types sts, coli isolates",0.013043478260869568
226,"details use execution, myosin motors, nascent chain, origin life",0.34347826086956523
226,"editorial emerging, author correction, g2 phase, model pd",0.05652173913043478
226,"fetal liver, stalled replication forks, pulmonary vascular, chromatin state",0.11521739130434784
226,"recent findings recent, cell multi omics, complex microbial, crispr cas based",0.0
226,"related morbidity, stage diagnosis, combination strategies, clinical intervention",0.32173913043478264
226,"role intercellular communication, testicular torsion, nanoparticle tracking analysis, mir 21 5p",0.034782608695652174
226,"therapeutic strategies including, exosomes emerging, epigenetic modulation, solid cancers",0.021739130434782605
226,"transgene expression, metabolite production, study illustrates, precise genome",0.09347826086956522
226,"web science core, mean sd age, research hotspots, 28 day mortality",0.0
227,"bla ctx, spectrum lactamase esbl, sequence types sts, coli isolates",0.004347826086956522
227,"details use execution, myosin motors, nascent chain, origin life",0.2217391304347826
227,"editorial emerging, author correction, g2 phase, model pd",0.002173913043478261
227,"fetal liver, stalled replication forks, pulmonary vascular, chromatin state",0.10217391304347824
227,"recent findings recent, cell multi omics, complex microbial, crispr cas based",0.0
227,"related morbidity, stage diagnosis, combination strategies, clinical intervention",0.4369565217391304
227,"role intercellular communication, testicular torsion, nanoparticle tracking analysis, mir 21 5p",0.034782608695652174
227,"therapeutic strategies including, exosomes emerging, epigenetic modulation, solid cancers",0.06956521739130433
227,"transgene expression, metabolite production, study illustrates, precise genome",0.1282608695652174
227,"web science core, mean sd age, research hotspots, 28 day mortality",0.0
228,"bla ctx, spectrum lactamase esbl, sequence types sts, coli isolates",0.010869565217391304
228,"details use execution, myosin motors, nascent chain, origin life",0.22826086956521738
228,"editorial emerging, author correction, g2 phase, model pd",0.05652173913043478
228,"fetal liver, stalled replication forks, pulmonary vascular, chromatin state",0.10869565217391307
228,"recent findings recent, cell multi omics, complex microbial, crispr cas based",0.0
228,"related morbidity, stage diagnosis, combination strategies, clinical intervention",0.3630434782608695
228,"role intercellular communication, testicular torsion, nanoparticle tracking analysis, mir 21 5p",0.006521739130434782
228,"therapeutic strategies including, exosomes emerging, epigenetic modulation, solid cancers",0.04565217391304348
228,"transgene expression, metabolite production, study illustrates, precise genome",0.16521739130434784
228,"web science core, mean sd age, research hotspots, 28 day mortality",0.015217391304347825
229,"bla ctx, spectrum lactamase esbl, sequence types sts, coli isolates",0.004347826086956522
229,"details use execution, myosin motors, nascent chain, origin life",0.34347826086956523
229,"editorial emerging, author correction, g2 phase, model pd",0.002173913043478261
229,"fetal liver, stalled replication forks, pulmonary vascular, chromatin state",0.10652173913043479
229,"recent findings recent, cell multi omics, complex microbial, crispr cas based",0.0
229,"related morbidity, stage diagnosis, combination strategies, clinical intervention",0.41739130434782606
229,"role intercellular communication, testicular torsion, nanoparticle tracking analysis, mir 21 5p",0.0
229,"therapeutic strategies including, exosomes emerging, epigenetic modulation, solid cancers",0.04782608695652174
229,"transgene expression, metabolite production, study illustrates, precise genome",0.0782608695652174
229,"web science core, mean sd age, research hotspots, 28 day mortality",0.0
230,"bla ctx, spectrum lactamase esbl, sequence types sts, coli isolates",0.013043478260869565
230,"details use execution, myosin motors, nascent chain, origin life",0.3978260869565218
230,"editorial emerging, author correction, g2 phase, model pd",0.034782608695652174
230,"fetal liver, stalled replication forks, pulmonary vascular, chromatin state",0.14565217391304347
230,"recent findings recent, cell multi omics, complex microbial, crispr cas based",0.0
230,"related morbidity, stage diagnosis, combination strategies, clinical intervention",0.29347826086956524
230,"role intercellular communication, testicular torsion, nanoparticle tracking analysis, mir 21 5p",0.008695652173913044
230,"therapeutic strategies including, exosomes emerging, epigenetic modulation, solid cancers",0.008695652173913044
230,"transgene expression, metabolite production, study illustrates, precise genome",0.08260869565217392
230,"web science core, mean sd age, research hotspots, 28 day mortality",0.015217391304347825
231,"bla ctx, spectrum lactamase esbl, sequence types sts, coli isolates",0.013043478260869565
231,"details use execution, myosin motors, nascent chain, origin life",0.2891304347826087
231,"editorial emerging, author correction, g2 phase, model pd",0.002173913043478261
231,"fetal liver, stalled replication forks, pulmonary vascular, chromatin state",0.12608695652173912
231,"recent findings recent, cell multi omics, complex microbial, crispr cas based",0.0
231,"related morbidity, stage diagnosis, combination strategies, clinical intervention",0.4717391304347826
231,"role intercellular communication, testicular torsion, nanoparticle tracking analysis, mir 21 5p",0.002173913043478261
231,"therapeutic strategies including, exosomes emerging, epigenetic modulation, solid cancers",0.010869565217391304
231,"transgene expression, metabolite production, study illustrates, precise genome",0.08478260869565218
231,"web science core, mean sd age, research hotspots, 28 day mortality",0.0
232,"bla ctx, spectrum lactamase esbl, sequence types sts, coli isolates",0.008695652173913044
232,"details use execution, myosin motors, nascent chain, origin life",0.2956521739130435
232,"editorial emerging, author correction, g2 phase, model pd",0.02391304347826087
232,"fetal liver, stalled replication forks, pulmonary vascular, chromatin state",0.08260869565217392
232,"recent findings recent, cell multi omics, complex microbial, crispr cas based",0.0
232,"related morbidity, stage diagnosis, combination strategies, clinical intervention",0.458695652173913
232,"role intercellular communication, testicular torsion, nanoparticle tracking analysis, mir 21 5p",0.0
232,"therapeutic strategies including, exosomes emerging, epigenetic modulation, solid cancers",0.006521739130434784
232,"transgene expression, metabolite production, study illustrates, precise genome",0.12391304347826085
232,"web science core, mean sd age, research hotspots, 28 day mortality",0.0
233,"bla ctx, spectrum lactamase esbl, sequence types sts, coli isolates",0.013043478260869565
233,"details use execution, myosin motors, nascent chain, origin life",0.22391304347826088
233,"editorial emerging, author correction, g2 phase, model pd",0.03260869565217391
233,"fetal liver, stalled replication forks, pulmonary vascular, chromatin state",0.04130434782608696
233,"recent findings recent, cell multi omics, complex microbial, crispr cas based",0.0
233,"related morbidity, stage diagnosis, combination strategies, clinical intervention",0.45869565217391306
233,"role intercellular communication, testicular torsion, nanoparticle tracking analysis, mir 21 5p",0.008695652173913044
233,"therapeutic strategies including, exosomes emerging, epigenetic modulation, solid cancers",0.043478260869565216
233,"transgene expression, metabolite production, study illustrates, precise genome",0.16304347826086957
233,"web science core, mean sd age, research hotspots, 28 day mortality",0.015217391304347825
234,"bla ctx, spectrum lactamase esbl, sequence types sts, coli isolates",0.017391304347826087
234,"details use execution, myosin motors, nascent chain, origin life",0.14565217391304347
234,"editorial emerging, author correction, g2 phase, model pd",0.05434782608695652
234,"fetal liver, stalled replication forks, pulmonary vascular, chromatin state",0.1565217391304348
234,"recent findings recent, cell multi omics, complex microbial, crispr cas based",0.0
234,"related morbidity, stage diagnosis, combination strategies, clinical intervention",0.36739130434782613
234,"role intercellular communication, testicular torsion, nanoparticle tracking analysis, mir 21 5p",0.0391304347826087
234,"therapeutic strategies including, exosomes emerging, epigenetic modulation, solid cancers",0.013043478260869565
234,"transgene expression, metabolite production, study illustrates, precise genome",0.19130434782608693
234,"web science core, mean sd age, research hotspots, 28 day mortality",0.015217391304347825
235,"bla ctx, spectrum lactamase esbl, sequence types sts, coli isolates",0.013043478260869568
235,"details use execution, myosin motors, nascent chain, origin life",0.33260869565217394
235,"editorial emerging, author correction, g2 phase, model pd",0.03260869565217391
235,"fetal liver, stalled replication forks, pulmonary vascular, chromatin state",0.047826086956521734
235,"recent findings recent, cell multi omics, complex microbial, crispr cas based",0.0
235,"related morbidity, stage diagnosis, combination strategies, clinical intervention",0.4195652173913043
235,"role intercellular communication, testicular torsion, nanoparticle tracking analysis, mir 21 5p",0.002173913043478261
235,"therapeutic strategies including, exosomes emerging, epigenetic modulation, solid cancers",0.08043478260869566
235,"transgene expression, metabolite production, study illustrates, precise genome",0.07173913043478261
235,"web science core, mean sd age, research hotspots, 28 day mortality",0.0
236,"bla ctx, spectrum lactamase esbl, sequence types sts, coli isolates",0.015217391304347825
236,"details use execution, myosin motors, nascent chain, origin life",0.2782608695652174
236,"editorial emerging, author correction, g2 phase, model pd",0.0
236,"fetal liver, stalled replication forks, pulmonary vascular, chromatin state",0.05
236,"recent findings recent, cell multi omics, complex microbial, crispr cas based",0.0
236,"related morbidity, stage diagnosis, combination strategies, clinical intervention",0.45652173913043476
236,"role intercellular communication, testicular torsion, nanoparticle tracking analysis, mir 21 5p",0.0391304347826087
236,"therapeutic strategies including, exosomes emerging, epigenetic modulation, solid cancers",0.09347826086956522
236,"transgene expression, metabolite production, study illustrates, precise genome",0.05217391304347826
236,"web science core, mean sd age, research hotspots, 28 day mortality",0.015217391304347825
237,"bla ctx, spectrum lactamase esbl, sequence types sts, coli isolates",0.021739130434782608
237,"details use execution, myosin motors, nascent chain, origin life",0.40217391304347827
237,"editorial emerging, author correction, g2 phase, model pd",0.03260869565217391
237,"fetal liver, stalled replication forks, pulmonary vascular, chromatin state",0.08260869565217391
237,"recent findings recent, cell multi omics, complex microbial, crispr cas based",0.0
237,"related morbidity, stage diagnosis, combination strategies, clinical intervention",0.28043478260869564
237,"role intercellular communication, testicular torsion, nanoparticle tracking analysis, mir 21 5p",0.0391304347826087
237,"therapeutic strategies including, exosomes emerging, epigenetic modulation, solid cancers",0.02608695652173913
237,"transgene expression, metabolite production, study illustrates, precise genome",0.09999999999999999
237,"web science core, mean sd age, research hotspots, 28 day mortality",0.015217391304347825
238,"bla ctx, spectrum lactamase esbl, sequence types sts, coli isolates",0.008695652173913044
238,"details use execution, myosin motors, nascent chain, origin life",0.3391304347826087
238,"editorial emerging, author correction, g2 phase, model pd",0.05434782608695652
238,"fetal liver, stalled replication forks, pulmonary vascular, chromatin state",0.010869565217391304
238,"recent findings recent, cell multi omics, complex microbial, crispr cas based",0.0
238,"related morbidity, stage diagnosis, combination strategies, clinical intervention",0.4673913043478261
238,"role intercellular communication, testicular torsion, nanoparticle tracking analysis, mir 21 5p",0.0
238,"therapeutic strategies including, exosomes emerging, epigenetic modulation, solid cancers",0.05869565217391306
238,"transgene expression, metabolite production, study illustrates, precise genome",0.0608695652173913
238,"web science core, mean sd age, research hotspots, 28 day mortality",0.0
239,"bla ctx, spectrum lactamase esbl, sequence types sts, coli isolates",0.006521739130434782
239,"details use execution, myosin motors, nascent chain, origin life",0.2630434782608696
239,"editorial emerging, author correction, g2 phase, model pd",0.002173913043478261
239,"fetal liver, stalled replication forks, pulmonary vascular, chromatin state",0.06521739130434782
239,"recent findings recent, cell multi omics, complex microbial, crispr cas based",0.0
239,"related morbidity, stage diagnosis, combination strategies, clinical intervention",0.4543478260869565
239,"role intercellular communication, testicular torsion, nanoparticle tracking analysis, mir 21 5p",0.034782608695652174
239,"therapeutic strategies including, exosomes emerging, epigenetic modulation, solid cancers",0.05217391304347827
239,"transgene expression, metabolite production, study illustrates, precise genome",0.1217391304347826
239,"web science core, mean sd age, research hotspots, 28 day mortality",0.0
240,"bla ctx, spectrum lactamase esbl, sequence types sts, coli isolates",0.002173913043478261
240,"details use execution, myosin motors, nascent chain, origin life",0.2673913043478261
240,"editorial emerging, author correction, g2 phase, model pd",0.03260869565217391
240,"fetal liver, stalled replication forks, pulmonary vascular, chromatin state",0.09347826086956523
240,"recent findings recent, cell multi omics, complex microbial, crispr cas based",0.0
240,"related morbidity, stage diagnosis, combination strategies, clinical intervention",0.3717391304347826
240,"role intercellular communication, testicular torsion, nanoparticle tracking analysis, mir 21 5p",0.034782608695652174
240,"therapeutic strategies including, exosomes emerging, epigenetic modulation, solid cancers",0.09347826086956519
240,"transgene expression, metabolite production, study illustrates, precise genome",0.10434782608695652
240,"web science core, mean sd age, research hotspots, 28 day mortality",0.0
241,"bla ctx, spectrum lactamase esbl, sequence types sts, coli isolates",0.010869565217391304
241,"details use execution, myosin motors, nascent chain, origin life",0.3804347826086957
241,"editorial emerging, author correction, g2 phase, model pd",0.0
241,"fetal liver, stalled replication forks, pulmonary vascular, chromatin state",0.09130434782608696
241,"recent findings recent, cell multi omics, complex microbial, crispr cas based",0.0
241,"related morbidity, stage diagnosis, combination strategies, clinical intervention",0.3739130434782609
241,"role intercellular communication, testicular torsion, nanoparticle tracking analysis, mir 21 5p",0.0
241,"therapeutic strategies including, exosomes emerging, epigenetic modulation, solid cancers",0.02391304347826087
241,"transgene expression, metabolite production, study illustrates, precise genome",0.11956521739130435
241,"web science core, mean sd age, research hotspots, 28 day mortality",0.0
242,"bla ctx, spectrum lactamase esbl, sequence types sts, coli isolates",0.019565217391304346
242,"details use execution, myosin motors, nascent chain, origin life",0.26304347826086955
242,"editorial emerging, author correction, g2 phase, model pd",0.034782608695652174
242,"fetal liver, stalled replication forks, pulmonary vascular, chromatin state",0.08478260869565218
242,"recent findings recent, cell multi omics, complex microbial, crispr cas based",0.0
242,"related morbidity, stage diagnosis, combination strategies, clinical intervention",0.3826086956521739
242,"role intercellular communication, testicular torsion, nanoparticle tracking analysis, mir 21 5p",0.006521739130434782
242,"therapeutic strategies including, exosomes emerging, epigenetic modulation, solid cancers",0.09782608695652174
242,"transgene expression, metabolite production, study illustrates, precise genome",0.09565217391304348
242,"web science core, mean sd age, research hotspots, 28 day mortality",0.015217391304347825
243,"bla ctx, spectrum lactamase esbl, sequence types sts, coli isolates",0.0
243,"details use execution, myosin motors, nascent chain, origin life",0.21521739130434783
243,"editorial emerging, author correction, g2 phase, model pd",0.02391304347826087
243,"fetal liver, stalled replication forks, pulmonary vascular, chromatin state",0.1217391304347826
243,"recent findings recent, cell multi omics, complex microbial, crispr cas based",0.0
243,"related morbidity, stage diagnosis, combination strategies, clinical intervention",0.4434782608695652
243,"role intercellular communication, testicular torsion, nanoparticle tracking analysis, mir 21 5p",0.002173913043478261
243,"therapeutic strategies including, exosomes emerging, epigenetic modulation, solid cancers",0.041304347826086954
243,"transgene expression, metabolite production, study illustrates, precise genome",0.15217391304347827
243,"web science core, mean sd age, research hotspots, 28 day mortality",0.0
244,"bla ctx, spectrum lactamase esbl, sequence types sts, coli isolates",0.013043478260869565
244,"details use execution, myosin motors, nascent chain, origin life",0.3760869565217391
244,"editorial emerging, author correction, g2 phase, model pd",0.021739130434782608
244,"fetal liver, stalled replication forks, pulmonary vascular, chromatin state",0.09130434782608696
244,"recent findings recent, cell multi omics, complex microbial, crispr cas based",0.0
244,"related morbidity, stage diagnosis, combination strategies, clinical intervention",0.3804347826086957
244,"role intercellular communication, testicular torsion, nanoparticle tracking analysis, mir 21 5p",0.002173913043478261
244,"therapeutic strategies including, exosomes emerging, epigenetic modulation, solid cancers",0.0391304347826087
244,"transgene expression, metabolite production, study illustrates, precise genome",0.07608695652173914
244,"web science core, mean sd age, research hotspots, 28 day mortality",0.0
245,"bla ctx, spectrum lactamase esbl, sequence types sts, coli isolates",0.015217391304347827
245,"details use execution, myosin motors, nascent chain, origin life",0.33043478260869563
245,"editorial emerging, author correction, g2 phase, model pd",0.0
245,"fetal liver, stalled replication forks, pulmonary vascular, chromatin state",0.07391304347826087
245,"recent findings recent, cell multi omics, complex microbial, crispr cas based",0.0
245,"related morbidity, stage diagnosis, combination strategies, clinical intervention",0.4978260869565218
245,"role intercellular communication, testicular torsion, nanoparticle tracking analysis, mir 21 5p",0.002173913043478261
245,"therapeutic strategies including, exosomes emerging, epigenetic modulation, solid cancers",0.021739130434782608
245,"transgene expression, metabolite production, study illustrates, precise genome",0.05869565217391306
245,"web science core, mean sd age, research hotspots, 28 day mortality",0.0
246,"bla ctx, spectrum lactamase esbl, sequence types sts, coli isolates",0.010869565217391304
246,"details use execution, myosin motors, nascent chain, origin life",0.1826086956521739
246,"editorial emerging, author correction, g2 phase, model pd",0.002173913043478261
246,"fetal liver, stalled replication forks, pulmonary vascular, chromatin state",0.1326086956521739
246,"recent findings recent, cell multi omics, complex microbial, crispr cas based",0.0
246,"related morbidity, stage diagnosis, combination strategies, clinical intervention",0.41739130434782606
246,"role intercellular communication, testicular torsion, nanoparticle tracking analysis, mir 21 5p",0.008695652173913044
246,"therapeutic strategies including, exosomes emerging, epigenetic modulation, solid cancers",0.0608695652173913
246,"transgene expression, metabolite production, study illustrates, precise genome",0.1695652173913043
246,"web science core, mean sd age, research hotspots, 28 day mortality",0.015217391304347825
247,"bla ctx, spectrum lactamase esbl, sequence types sts, coli isolates",0.013043478260869568
247,"details use execution, myosin motors, nascent chain, origin life",0.29782608695652174
247,"editorial emerging, author correction, g2 phase, model pd",0.03260869565217391
247,"fetal liver, stalled replication forks, pulmonary vascular, chromatin state",0.10652173913043479
247,"recent findings recent, cell multi omics, complex microbial, crispr cas based",0.0
247,"related morbidity, stage diagnosis, combination strategies, clinical intervention",0.3608695652173913
247,"role intercellular communication, testicular torsion, nanoparticle tracking analysis, mir 21 5p",0.03695652173913044
247,"therapeutic strategies including, exosomes emerging, epigenetic modulation, solid cancers",0.02826086956521739
247,"transgene expression, metabolite production, study illustrates, precise genome",0.12391304347826088
247,"web science core, mean sd age, research hotspots, 28 day mortality",0.0
248,"bla ctx, spectrum lactamase esbl, sequence types sts, coli isolates",0.008695652173913044
248,"details use execution, myosin motors, nascent chain, origin life",0.16521739130434782
248,"editorial emerging, author correction, g2 phase, model pd",0.0
248,"fetal liver, stalled replication forks, pulmonary vascular, chromatin state",0.11521739130434784
248,"recent findings recent, cell multi omics, complex microbial, crispr cas based",0.0
248,"related morbidity, stage diagnosis, combination strategies, clinical intervention",0.4869565217391304
248,"role intercellular communication, testicular torsion, nanoparticle tracking analysis, mir 21 5p",0.0
248,"therapeutic strategies including, exosomes emerging, epigenetic modulation, solid cancers",0.07608695652173914
248,"transgene expression, metabolite production, study illustrates, precise genome",0.14782608695652172
248,"web science core, mean sd age, research hotspots, 28 day mortality",0.0
249,"bla ctx, spectrum lactamase esbl, sequence types sts, coli isolates",0.017391304347826087
249,"details use execution, myosin motors, nascent chain, origin life",0.35000000000000003
249,"editorial emerging, author correction, g2 phase, model pd",0.034782608695652174
249,"fetal liver, stalled replication forks, pulmonary vascular, chromatin state",0.043478260869565216
249,"recent findings recent, cell multi omics, complex microbial, crispr cas based",0.0
249,"related morbidity, stage diagnosis, combination strategies, clinical intervention",0.3978260869565218
249,"role intercellular communication, testicular torsion, nanoparticle tracking analysis, mir 21 5p",0.008695652173913044
249,"therapeutic strategies including, exosomes emerging, epigenetic modulation, solid cancers",0.05652173913043478
249,"transgene expression, metabolite production, study illustrates, precise genome",0.07608695652173914
249,"web science core, mean sd age, research hotspots, 28 day mortality",0.015217391304347825
250,"bla ctx, spectrum lactamase esbl, sequence types sts, coli isolates",0.006521739130434782
250,"details use execution, myosin motors, nascent chain, origin life",0.26304347826086955
250,"editorial emerging, author correction, g2 phase, model pd",0.05652173913043478
250,"fetal liver, stalled replication forks, pulmonary vascular, chromatin state",0.04782608695652174
250,"recent findings recent, cell multi omics, complex microbial, crispr cas based",0.0
250,"related morbidity, stage diagnosis, combination strategies, clinical intervention",0.41304347826086957
250,"role intercellular communication, testicular torsion, nanoparticle tracking analysis, mir 21 5p",0.034782608695652174
250,"therapeutic strategies including, exosomes emerging, epigenetic modulation, solid cancers",0.07173913043478261
250,"transgene expression, metabolite production, study illustrates, precise genome",0.10652173913043476
250,"web science core, mean sd age, research hotspots, 28 day mortality",0.0
251,"bla ctx, spectrum lactamase esbl, sequence types sts, coli isolates",0.004347826086956522
251,"details use execution, myosin motors, nascent chain, origin life",0.31086956521739134
251,"editorial emerging, author correction, g2 phase, model pd",0.05652173913043478
251,"fetal liver, stalled replication forks, pulmonary vascular, chromatin state",0.05869565217391306
251,"recent findings recent, cell multi omics, complex microbial, crispr cas based",0.0
251,"related morbidity, stage diagnosis, combination strategies, clinical intervention",0.3978260869565218
251,"role intercellular communication, testicular torsion, nanoparticle tracking analysis, mir 21 5p",0.03260869565217391
251,"therapeutic strategies including, exosomes emerging, epigenetic modulation, solid cancers",0.05434782608695652
251,"transgene expression, metabolite production, study illustrates, precise genome",0.08478260869565218
251,"web science core, mean sd age, research hotspots, 28 day mortality",0.0
252,"bla ctx, spectrum lactamase esbl, sequence types sts, coli isolates",0.004347826086956522
252,"details use execution, myosin motors, nascent chain, origin life",0.25434782608695655
252,"editorial emerging, author correction, g2 phase, model pd",0.021739130434782608
252,"fetal liver, stalled replication forks, pulmonary vascular, chromatin state",0.13043478260869562
252,"recent findings recent, cell multi omics, complex microbial, crispr cas based",0.0
252,"related morbidity, stage diagnosis, combination strategies, clinical intervention",0.39347826086956517
252,"role intercellular communication, testicular torsion, nanoparticle tracking analysis, mir 21 5p",0.002173913043478261
252,"therapeutic strategies including, exosomes emerging, epigenetic modulation, solid cancers",0.05652173913043478
252,"transgene expression, metabolite production, study illustrates, precise genome",0.13695652173913042
252,"web science core, mean sd age, research hotspots, 28 day mortality",0.0
253,"bla ctx, spectrum lactamase esbl, sequence types sts, coli isolates",0.013043478260869565
253,"details use execution, myosin motors, nascent chain, origin life",0.26956521739130435
253,"editorial emerging, author correction, g2 phase, model pd",0.002173913043478261
253,"fetal liver, stalled replication forks, pulmonary vascular, chromatin state",0.08478260869565218
253,"recent findings recent, cell multi omics, complex microbial, crispr cas based",0.0
253,"related morbidity, stage diagnosis, combination strategies, clinical intervention",0.458695652173913
253,"role intercellular communication, testicular torsion, nanoparticle tracking analysis, mir 21 5p",0.006521739130434782
253,"therapeutic strategies including, exosomes emerging, epigenetic modulation, solid cancers",0.010869565217391304
253,"transgene expression, metabolite production, study illustrates, precise genome",0.1391304347826087
253,"web science core, mean sd age, research hotspots, 28 day mortality",0.015217391304347825
254,"bla ctx, spectrum lactamase esbl, sequence types sts, coli isolates",0.002173913043478261
254,"details use execution, myosin motors, nascent chain, origin life",0.21521739130434783
254,"editorial emerging, author correction, g2 phase, model pd",0.034782608695652174
254,"fetal liver, stalled replication forks, pulmonary vascular, chromatin state",0.10652173913043479
254,"recent findings recent, cell multi omics, complex microbial, crispr cas based",0.0
254,"related morbidity, stage diagnosis, combination strategies, clinical intervention",0.4608695652173913
254,"role intercellular communication, testicular torsion, nanoparticle tracking analysis, mir 21 5p",0.0
254,"therapeutic strategies including, exosomes emerging, epigenetic modulation, solid cancers",0.02608695652173913
254,"transgene expression, metabolite production, study illustrates, precise genome",0.15434782608695655
254,"web science core, mean sd age, research hotspots, 28 day mortality",0.0
255,"bla ctx, spectrum lactamase esbl, sequence types sts, coli isolates",0.0
255,"details use execution, myosin motors, nascent chain, origin life",0.2608695652173913
255,"editorial emerging, author correction, g2 phase, model pd",0.002173913043478261
255,"fetal liver, stalled replication forks, pulmonary vascular, chromatin state",0.18695652173913044
255,"recent findings recent, cell multi omics, complex microbial, crispr cas based",0.0
255,"related morbidity, stage diagnosis, combination strategies, clinical intervention",0.3934782608695652
255,"role intercellular communication, testicular torsion, nanoparticle tracking analysis, mir 21 5p",0.0
255,"therapeutic strategies including, exosomes emerging, epigenetic modulation, solid cancers",0.056521739130434775
255,"transgene expression, metabolite production, study illustrates, precise genome",0.1
255,"web science core, mean sd age, research hotspots, 28 day mortality",0.0
256,"bla ctx, spectrum lactamase esbl, sequence types sts, coli isolates",0.004347826086956522
256,"details use execution, myosin motors, nascent chain, origin life",0.29782608695652174
256,"editorial emerging, author correction, g2 phase, model pd",0.02391304347826087
256,"fetal liver, stalled replication forks, pulmonary vascular, chromatin state",0.09130434782608696
256,"recent findings recent, cell multi omics, complex microbial, crispr cas based",0.0
256,"related morbidity, stage diagnosis, combination strategies, clinical intervention",0.43478260869565216
256,"role intercellular communication, testicular torsion, nanoparticle tracking analysis, mir 21 5p",0.002173913043478261
256,"therapeutic strategies including, exosomes emerging, epigenetic modulation, solid cancers",0.004347826086956522
256,"transgene expression, metabolite production, study illustrates, precise genome",0.14130434782608695
256,"web science core, mean sd age, research hotspots, 28 day mortality",0.0
257,"bla ctx, spectrum lactamase esbl, sequence types sts, coli isolates",0.004347826086956522
257,"details use execution, myosin motors, nascent chain, origin life",0.35000000000000003
257,"editorial emerging, author correction, g2 phase, model pd",0.05434782608695652
257,"fetal liver, stalled replication forks, pulmonary vascular, chromatin state",0.08043478260869566
257,"recent findings recent, cell multi omics, complex microbial, crispr cas based",0.0
257,"related morbidity, stage diagnosis, combination strategies, clinical intervention",0.3434782608695653
257,"role intercellular communication, testicular torsion, nanoparticle tracking analysis, mir 21 5p",0.03695652173913044
257,"therapeutic strategies including, exosomes emerging, epigenetic modulation, solid cancers",0.01956521739130435
257,"transgene expression, metabolite production, study illustrates, precise genome",0.11086956521739132
257,"web science core, mean sd age, research hotspots, 28 day mortality",0.0
258,"bla ctx, spectrum lactamase esbl, sequence types sts, coli isolates",0.006521739130434784
258,"details use execution, myosin motors, nascent chain, origin life",0.33695652173913043
258,"editorial emerging, author correction, g2 phase, model pd",0.02391304347826087
258,"fetal liver, stalled replication forks, pulmonary vascular, chromatin state",0.1326086956521739
258,"recent findings recent, cell multi omics, complex microbial, crispr cas based",0.0
258,"related morbidity, stage diagnosis, combination strategies, clinical intervention",0.3173913043478261
258,"role intercellular communication, testicular torsion, nanoparticle tracking analysis, mir 21 5p",0.004347826086956522
258,"therapeutic strategies including, exosomes emerging, epigenetic modulation, solid cancers",0.05652173913043478
258,"transgene expression, metabolite production, study illustrates, precise genome",0.1217391304347826
258,"web science core, mean sd age, research hotspots, 28 day mortality",0.0
259,"bla ctx, spectrum lactamase esbl, sequence types sts, coli isolates",0.013043478260869568
259,"details use execution, myosin motors, nascent chain, origin life",0.20434782608695648
259,"editorial emerging, author correction, g2 phase, model pd",0.0
259,"fetal liver, stalled replication forks, pulmonary vascular, chromatin state",0.08913043478260871
259,"recent findings recent, cell multi omics, complex microbial, crispr cas based",0.0
259,"related morbidity, stage diagnosis, combination strategies, clinical intervention",0.4652173913043478
259,"role intercellular communication, testicular torsion, nanoparticle tracking analysis, mir 21 5p",0.0
259,"therapeutic strategies including, exosomes emerging, epigenetic modulation, solid cancers",0.07826086956521738
259,"transgene expression, metabolite production, study illustrates, precise genome",0.15
259,"web science core, mean sd age, research hotspots, 28 day mortality",0.0
260,"bla ctx, spectrum lactamase esbl, sequence types sts, coli isolates",0.019565217391304346
260,"details use execution, myosin motors, nascent chain, origin life",0.2152173913043478
260,"editorial emerging, author correction, g2 phase, model pd",0.0
260,"fetal liver, stalled replication forks, pulmonary vascular, chromatin state",0.11304347826086956
260,"recent findings recent, cell multi omics, complex microbial, crispr cas based",0.0
260,"related morbidity, stage diagnosis, combination strategies, clinical intervention",0.4760869565217391
260,"role intercellular communication, testicular torsion, nanoparticle tracking analysis, mir 21 5p",0.010869565217391304
260,"therapeutic strategies including, exosomes emerging, epigenetic modulation, solid cancers",0.05652173913043478
260,"transgene expression, metabolite production, study illustrates, precise genome",0.09347826086956522
260,"web science core, mean sd age, research hotspots, 28 day mortality",0.015217391304347825
261,"bla ctx, spectrum lactamase esbl, sequence types sts, coli isolates",0.0
261,"details use execution, myosin motors, nascent chain, origin life",0.31521739130434784
261,"editorial emerging, author correction, g2 phase, model pd",0.002173913043478261
261,"fetal liver, stalled replication forks, pulmonary vascular, chromatin state",0.06304347826086958
261,"recent findings recent, cell multi omics, complex microbial, crispr cas based",0.0
261,"related morbidity, stage diagnosis, combination strategies, clinical intervention",0.4913043478260869
261,"role intercellular communication, testicular torsion, nanoparticle tracking analysis, mir 21 5p",0.03260869565217391
261,"therapeutic strategies including, exosomes emerging, epigenetic modulation, solid cancers",0.06521739130434781
261,"transgene expression, metabolite production, study illustrates, precise genome",0.03043478260869566
261,"web science core, mean sd age, research hotspots, 28 day mortality",0.0
262,"bla ctx, spectrum lactamase esbl, sequence types sts, coli isolates",0.002173913043478261
262,"details use execution, myosin motors, nascent chain, origin life",0.31086956521739134
262,"editorial emerging, author correction, g2 phase, model pd",0.002173913043478261
262,"fetal liver, stalled replication forks, pulmonary vascular, chromatin state",0.08260869565217392
262,"recent findings recent, cell multi omics, complex microbial, crispr cas based",0.0
262,"related morbidity, stage diagnosis, combination strategies, clinical intervention",0.4499999999999999
262,"role intercellular communication, testicular torsion, nanoparticle tracking analysis, mir 21 5p",0.034782608695652174
262,"therapeutic strategies including, exosomes emerging, epigenetic modulation, solid cancers",0.03695652173913044
262,"transgene expression, metabolite production, study illustrates, precise genome",0.08043478260869566
262,"web science core, mean sd age, research hotspots, 28 day mortality",0.0
263,"bla ctx, spectrum lactamase esbl, sequence types sts, coli isolates",0.002173913043478261
263,"details use execution, myosin motors, nascent chain, origin life",0.22391304347826088
263,"editorial emerging, author correction, g2 phase, model pd",0.0
263,"fetal liver, stalled replication forks, pulmonary vascular, chromatin state",0.10869565217391304
263,"recent findings recent, cell multi omics, complex microbial, crispr cas based",0.0
263,"related morbidity, stage diagnosis, combination strategies, clinical intervention",0.4891304347826086
263,"role intercellular communication, testicular torsion, nanoparticle tracking analysis, mir 21 5p",0.034782608695652174
263,"therapeutic strategies including, exosomes emerging, epigenetic modulation, solid cancers",0.05869565217391306
263,"transgene expression, metabolite production, study illustrates, precise genome",0.08260869565217391
263,"web science core, mean sd age, research hotspots, 28 day mortality",0.0
264,"bla ctx, spectrum lactamase esbl, sequence types sts, coli isolates",0.021739130434782608
264,"details use execution, myosin motors, nascent chain, origin life",0.3565217391304348
264,"editorial emerging, author correction, g2 phase, model pd",0.002173913043478261
264,"fetal liver, stalled replication forks, pulmonary vascular, chromatin state",0.05652173913043478
264,"recent findings recent, cell multi omics, complex microbial, crispr cas based",0.0
264,"related morbidity, stage diagnosis, combination strategies, clinical intervention",0.3934782608695652
264,"role intercellular communication, testicular torsion, nanoparticle tracking analysis, mir 21 5p",0.04130434782608696
264,"therapeutic strategies including, exosomes emerging, epigenetic modulation, solid cancers",0.02826086956521739
264,"transgene expression, metabolite production, study illustrates, precise genome",0.08478260869565216
264,"web science core, mean sd age, research hotspots, 28 day mortality",0.015217391304347825
265,"bla ctx, spectrum lactamase esbl, sequence types sts, coli isolates",0.010869565217391304
265,"details use execution, myosin motors, nascent chain, origin life",0.30434782608695654
265,"editorial emerging, author correction, g2 phase, model pd",0.034782608695652174
265,"fetal liver, stalled replication forks, pulmonary vascular, chromatin state",0.11304347826086955
265,"recent findings recent, cell multi omics, complex microbial, crispr cas based",0.0
265,"related morbidity, stage diagnosis, combination strategies, clinical intervention",0.3152173913043478
265,"role intercellular communication, testicular torsion, nanoparticle tracking analysis, mir 21 5p",0.03260869565217391
265,"therapeutic strategies including, exosomes emerging, epigenetic modulation, solid cancers",0.058695652173913045
265,"transgene expression, metabolite production, study illustrates, precise genome",0.13043478260869565
265,"web science core, mean sd age, research hotspots, 28 day mortality",0.0
266,"bla ctx, spectrum lactamase esbl, sequence types sts, coli isolates",0.010869565217391304
266,"details use execution, myosin motors, nascent chain, origin life",0.2717391304347826
266,"editorial emerging, author correction, g2 phase, model pd",0.03260869565217391
266,"fetal liver, stalled replication forks, pulmonary vascular, chromatin state",0.08043478260869566
266,"recent findings recent, cell multi omics, complex microbial, crispr cas based",0.0
266,"related morbidity, stage diagnosis, combination strategies, clinical intervention",0.39347826086956517
266,"role intercellular communication, testicular torsion, nanoparticle tracking analysis, mir 21 5p",0.006521739130434782
266,"therapeutic strategies including, exosomes emerging, epigenetic modulation, solid cancers",0.0782608695652174
266,"transgene expression, metabolite production, study illustrates, precise genome",0.1108695652173913
266,"web science core, mean sd age, research hotspots, 28 day mortality",0.015217391304347825
267,"bla ctx, spectrum lactamase esbl, sequence types sts, coli isolates",0.002173913043478261
267,"details use execution, myosin motors, nascent chain, origin life",0.31086956521739134
267,"editorial emerging, author correction, g2 phase, model pd",0.034782608695652174
267,"fetal liver, stalled replication forks, pulmonary vascular, chromatin state",0.08043478260869566
267,"recent findings recent, cell multi omics, complex microbial, crispr cas based",0.0
267,"related morbidity, stage diagnosis, combination strategies, clinical intervention",0.3456521739130435
267,"role intercellular communication, testicular torsion, nanoparticle tracking analysis, mir 21 5p",0.034782608695652174
267,"therapeutic strategies including, exosomes emerging, epigenetic modulation, solid cancers",0.034782608695652174
267,"transgene expression, metabolite production, study illustrates, precise genome",0.1565217391304348
267,"web science core, mean sd age, research hotspots, 28 day mortality",0.0
268,"bla ctx, spectrum lactamase esbl, sequence types sts, coli isolates",0.015217391304347825
268,"details use execution, myosin motors, nascent chain, origin life",0.18043478260869567
268,"editorial emerging, author correction, g2 phase, model pd",0.03260869565217391
268,"fetal liver, stalled replication forks, pulmonary vascular, chromatin state",0.13043478260869565
268,"recent findings recent, cell multi omics, complex microbial, crispr cas based",0.0
268,"related morbidity, stage diagnosis, combination strategies, clinical intervention",0.4478260869565217
268,"role intercellular communication, testicular torsion, nanoparticle tracking analysis, mir 21 5p",0.006521739130434782
268,"therapeutic strategies including, exosomes emerging, epigenetic modulation, solid cancers",0.041304347826086954
268,"transgene expression, metabolite production, study illustrates, precise genome",0.13043478260869562
268,"web science core, mean sd age, research hotspots, 28 day mortality",0.015217391304347825
269,"bla ctx, spectrum lactamase esbl, sequence types sts, coli isolates",0.015217391304347825
269,"details use execution, myosin motors, nascent chain, origin life",0.1891304347826087
269,"editorial emerging, author correction, g2 phase, model pd",0.021739130434782608
269,"fetal liver, stalled replication forks, pulmonary vascular, chromatin state",0.09565217391304348
269,"recent findings recent, cell multi omics, complex microbial, crispr cas based",0.0
269,"related morbidity, stage diagnosis, combination strategies, clinical intervention",0.41521739130434776
269,"role intercellular communication, testicular torsion, nanoparticle tracking analysis, mir 21 5p",0.041304347826086954
269,"therapeutic strategies including, exosomes emerging, epigenetic modulation, solid cancers",0.021739130434782608
269,"transgene expression, metabolite production, study illustrates, precise genome",0.18478260869565216
269,"web science core, mean sd age, research hotspots, 28 day mortality",0.015217391304347825
270,"bla ctx, spectrum lactamase esbl, sequence types sts, coli isolates",0.006521739130434784
270,"details use execution, myosin motors, nascent chain, origin life",0.13478260869565215
270,"editorial emerging, author correction, g2 phase, model pd",0.034782608695652174
270,"fetal liver, stalled replication forks, pulmonary vascular, chromatin state",0.08043478260869566
270,"recent findings recent, cell multi omics, complex microbial, crispr cas based",0.0
270,"related morbidity, stage diagnosis, combination strategies, clinical intervention",0.5108695652173914
270,"role intercellular communication, testicular torsion, nanoparticle tracking analysis, mir 21 5p",0.03260869565217391
270,"therapeutic strategies including, exosomes emerging, epigenetic modulation, solid cancers",0.06739130434782609
270,"transgene expression, metabolite production, study illustrates, precise genome",0.1326086956521739
270,"web science core, mean sd age, research hotspots, 28 day mortality",0.0
271,"bla ctx, spectrum lactamase esbl, sequence types sts, coli isolates",0.010869565217391304
271,"details use execution, myosin motors, nascent chain, origin life",0.23695652173913045
271,"editorial emerging, author correction, g2 phase, model pd",0.03260869565217391
271,"fetal liver, stalled replication forks, pulmonary vascular, chromatin state",0.10869565217391304
271,"recent findings recent, cell multi omics, complex microbial, crispr cas based",0.0
271,"related morbidity, stage diagnosis, combination strategies, clinical intervention",0.4043478260869566
271,"role intercellular communication, testicular torsion, nanoparticle tracking analysis, mir 21 5p",0.04130434782608696
271,"therapeutic strategies including, exosomes emerging, epigenetic modulation, solid cancers",0.05434782608695652
271,"transgene expression, metabolite production, study illustrates, precise genome",0.09565217391304348
271,"web science core, mean sd age, research hotspots, 28 day mortality",0.015217391304347825
272,"bla ctx, spectrum lactamase esbl, sequence types sts, coli isolates",0.015217391304347825
272,"details use execution, myosin motors, nascent chain, origin life",0.19130434782608696
272,"editorial emerging, author correction, g2 phase, model pd",0.002173913043478261
272,"fetal liver, stalled replication forks, pulmonary vascular, chromatin state",0.11086956521739132
272,"recent findings recent, cell multi omics, complex microbial, crispr cas based",0.0
272,"related morbidity, stage diagnosis, combination strategies, clinical intervention",0.467391304347826
272,"role intercellular communication, testicular torsion, nanoparticle tracking analysis, mir 21 5p",0.0391304347826087
272,"therapeutic strategies including, exosomes emerging, epigenetic modulation, solid cancers",0.05217391304347826
272,"transgene expression, metabolite production, study illustrates, precise genome",0.10652173913043479
272,"web science core, mean sd age, research hotspots, 28 day mortality",0.015217391304347825
273,"bla ctx, spectrum lactamase esbl, sequence types sts, coli isolates",0.008695652173913044
273,"details use execution, myosin motors, nascent chain, origin life",0.2956521739130435
273,"editorial emerging, author correction, g2 phase, model pd",0.0
273,"fetal liver, stalled replication forks, pulmonary vascular, chromatin state",0.07391304347826087
273,"recent findings recent, cell multi omics, complex microbial, crispr cas based",0.0
273,"related morbidity, stage diagnosis, combination strategies, clinical intervention",0.42173913043478256
273,"role intercellular communication, testicular torsion, nanoparticle tracking analysis, mir 21 5p",0.0
273,"therapeutic strategies including, exosomes emerging, epigenetic modulation, solid cancers",0.10217391304347827
273,"transgene expression, metabolite production, study illustrates, precise genome",0.09782608695652174
273,"web science core, mean sd age, research hotspots, 28 day mortality",0.0
274,"bla ctx, spectrum lactamase esbl, sequence types sts, coli isolates",0.004347826086956522
274,"details use execution, myosin motors, nascent chain, origin life",0.21086956521739128
274,"editorial emerging, author correction, g2 phase, model pd",0.0
274,"fetal liver, stalled replication forks, pulmonary vascular, chromatin state",0.08478260869565217
274,"recent findings recent, cell multi omics, complex microbial, crispr cas based",0.0
274,"related morbidity, stage diagnosis, combination strategies, clinical intervention",0.5021739130434782
274,"role intercellular communication, testicular torsion, nanoparticle tracking analysis, mir 21 5p",0.002173913043478261
274,"therapeutic strategies including, exosomes emerging, epigenetic modulation, solid cancers",0.07608695652173914
274,"transgene expression, metabolite production, study illustrates, precise genome",0.11956521739130435
274,"web science core, mean sd age, research hotspots, 28 day mortality",0.0
275,"bla ctx, spectrum lactamase esbl, sequence types sts, coli isolates",0.015217391304347825
275,"details use execution, myosin motors, nascent chain, origin life",0.1891304347826087
275,"editorial emerging, author correction, g2 phase, model pd",0.03260869565217391
275,"fetal liver, stalled replication forks, pulmonary vascular, chromatin state",0.0891304347826087
275,"recent findings recent, cell multi omics, complex microbial, crispr cas based",0.0
275,"related morbidity, stage diagnosis, combination strategies, clinical intervention",0.42826086956521736
275,"role intercellular communication, testicular torsion, nanoparticle tracking analysis, mir 21 5p",0.041304347826086954
275,"therapeutic strategies including, exosomes emerging, epigenetic modulation, solid cancers",0.04782608695652174
275,"transgene expression, metabolite production, study illustrates, precise genome",0.14130434782608695
275,"web science core, mean sd age, research hotspots, 28 day mortality",0.015217391304347825
276,"bla ctx, spectrum lactamase esbl, sequence types sts, coli isolates",0.004347826086956522
276,"details use execution, myosin motors, nascent chain, origin life",0.42608695652173906
276,"editorial emerging, author correction, g2 phase, model pd",0.0
276,"fetal liver, stalled replication forks, pulmonary vascular, chromatin state",0.08260869565217391
276,"recent findings recent, cell multi omics, complex microbial, crispr cas based",0.0
276,"related morbidity, stage diagnosis, combination strategies, clinical intervention",0.36521739130434777
276,"role intercellular communication, testicular torsion, nanoparticle tracking analysis, mir 21 5p",0.004347826086956522
276,"therapeutic strategies including, exosomes emerging, epigenetic modulation, solid cancers",0.0608695652173913
276,"transgene expression, metabolite production, study illustrates, precise genome",0.05652173913043478
276,"web science core, mean sd age, research hotspots, 28 day mortality",0.0
277,"bla ctx, spectrum lactamase esbl, sequence types sts, coli isolates",0.017391304347826087
277,"details use execution, myosin motors, nascent chain, origin life",0.3065217391304348
277,"editorial emerging, author correction, g2 phase, model pd",0.002173913043478261
277,"fetal liver, stalled replication forks, pulmonary vascular, chromatin state",0.049999999999999996
277,"recent findings recent, cell multi omics, complex microbial, crispr cas based",0.0
277,"related morbidity, stage diagnosis, combination strategies, clinical intervention",0.4739130434782608
277,"role intercellular communication, testicular torsion, nanoparticle tracking analysis, mir 21 5p",0.008695652173913044
277,"therapeutic strategies including, exosomes emerging, epigenetic modulation, solid cancers",0.02391304347826087
277,"transgene expression, metabolite production, study illustrates, precise genome",0.10217391304347827
277,"web science core, mean sd age, research hotspots, 28 day mortality",0.015217391304347825
278,"bla ctx, spectrum lactamase esbl, sequence types sts, coli isolates",0.004347826086956522
278,"details use execution, myosin motors, nascent chain, origin life",0.29782608695652174
278,"editorial emerging, author correction, g2 phase, model pd",0.02391304347826087
278,"fetal liver, stalled replication forks, pulmonary vascular, chromatin state",0.09130434782608696
278,"recent findings recent, cell multi omics, complex microbial, crispr cas based",0.0
278,"related morbidity, stage diagnosis, combination strategies, clinical intervention",0.4695652173913043
278,"role intercellular communication, testicular torsion, nanoparticle tracking analysis, mir 21 5p",0.002173913043478261
278,"therapeutic strategies including, exosomes emerging, epigenetic modulation, solid cancers",0.03695652173913044
278,"transgene expression, metabolite production, study illustrates, precise genome",0.07391304347826087
278,"web science core, mean sd age, research hotspots, 28 day mortality",0.0
279,"bla ctx, spectrum lactamase esbl, sequence types sts, coli isolates",0.004347826086956522
279,"details use execution, myosin motors, nascent chain, origin life",0.2565217391304348
279,"editorial emerging, author correction, g2 phase, model pd",0.002173913043478261
279,"fetal liver, stalled replication forks, pulmonary vascular, chromatin state",0.07391304347826087
279,"recent findings recent, cell multi omics, complex microbial, crispr cas based",0.0
279,"related morbidity, stage diagnosis, combination strategies, clinical intervention",0.5282608695652175
279,"role intercellular communication, testicular torsion, nanoparticle tracking analysis, mir 21 5p",0.0
279,"therapeutic strategies including, exosomes emerging, epigenetic modulation, solid cancers",0.02826086956521739
279,"transgene expression, metabolite production, study illustrates, precise genome",0.10652173913043479
279,"web science core, mean sd age, research hotspots, 28 day mortality",0.0
280,"bla ctx, spectrum lactamase esbl, sequence types sts, coli isolates",0.019565217391304346
280,"details use execution, myosin motors, nascent chain, origin life",0.34782608695652173
280,"editorial emerging, author correction, g2 phase, model pd",0.05434782608695652
280,"fetal liver, stalled replication forks, pulmonary vascular, chromatin state",0.11086956521739132
280,"recent findings recent, cell multi omics, complex microbial, crispr cas based",0.0
280,"related morbidity, stage diagnosis, combination strategies, clinical intervention",0.30434782608695654
280,"role intercellular communication, testicular torsion, nanoparticle tracking analysis, mir 21 5p",0.008695652173913044
280,"therapeutic strategies including, exosomes emerging, epigenetic modulation, solid cancers",0.03913043478260869
280,"transgene expression, metabolite production, study illustrates, precise genome",0.1
280,"web science core, mean sd age, research hotspots, 28 day mortality",0.015217391304347825
281,"bla ctx, spectrum lactamase esbl, sequence types sts, coli isolates",0.008695652173913044
281,"details use execution, myosin motors, nascent chain, origin life",0.2956521739130435
281,"editorial emerging, author correction, g2 phase, model pd",0.021739130434782608
281,"fetal liver, stalled replication forks, pulmonary vascular, chromatin state",0.0891304347826087
281,"recent findings recent, cell multi omics, complex microbial, crispr cas based",0.0
281,"related morbidity, stage diagnosis, combination strategies, clinical intervention",0.4065217391304348
281,"role intercellular communication, testicular torsion, nanoparticle tracking analysis, mir 21 5p",0.0
281,"therapeutic strategies including, exosomes emerging, epigenetic modulation, solid cancers",0.07173913043478261
281,"transgene expression, metabolite production, study illustrates, precise genome",0.10652173913043476
281,"web science core, mean sd age, research hotspots, 28 day mortality",0.0
282,"bla ctx, spectrum lactamase esbl, sequence types sts, coli isolates",0.002173913043478261
282,"details use execution, myosin motors, nascent chain, origin life",0.17173913043478262
282,"editorial emerging, author correction, g2 phase, model pd",0.03260869565217391
282,"fetal liver, stalled replication forks, pulmonary vascular, chromatin state",0.13260869565217392
282,"recent findings recent, cell multi omics, complex microbial, crispr cas based",0.0
282,"related morbidity, stage diagnosis, combination strategies, clinical intervention",0.42173913043478256
282,"role intercellular communication, testicular torsion, nanoparticle tracking analysis, mir 21 5p",0.0
282,"therapeutic strategies including, exosomes emerging, epigenetic modulation, solid cancers",0.06086956521739131
282,"transgene expression, metabolite production, study illustrates, precise genome",0.1782608695652174
282,"web science core, mean sd age, research hotspots, 28 day mortality",0.0
283,"bla ctx, spectrum lactamase esbl, sequence types sts, coli isolates",0.019565217391304346
283,"details use execution, myosin motors, nascent chain, origin life",0.391304347826087
283,"editorial emerging, author correction, g2 phase, model pd",0.0
283,"fetal liver, stalled replication forks, pulmonary vascular, chromatin state",0.09347826086956519
283,"recent findings recent, cell multi omics, complex microbial, crispr cas based",0.0
283,"related morbidity, stage diagnosis, combination strategies, clinical intervention",0.3217391304347826
283,"role intercellular communication, testicular torsion, nanoparticle tracking analysis, mir 21 5p",0.008695652173913044
283,"therapeutic strategies including, exosomes emerging, epigenetic modulation, solid cancers",0.0391304347826087
283,"transgene expression, metabolite production, study illustrates, precise genome",0.1108695652173913
283,"web science core, mean sd age, research hotspots, 28 day mortality",0.015217391304347825
284,"bla ctx, spectrum lactamase esbl, sequence types sts, coli isolates",0.006521739130434782
284,"details use execution, myosin motors, nascent chain, origin life",0.1782608695652174
284,"editorial emerging, author correction, g2 phase, model pd",0.002173913043478261
284,"fetal liver, stalled replication forks, pulmonary vascular, chromatin state",0.11521739130434783
284,"recent findings recent, cell multi omics, complex microbial, crispr cas based",0.0
284,"related morbidity, stage diagnosis, combination strategies, clinical intervention",0.4913043478260869
284,"role intercellular communication, testicular torsion, nanoparticle tracking analysis, mir 21 5p",0.03260869565217391
284,"therapeutic strategies including, exosomes emerging, epigenetic modulation, solid cancers",0.09347826086956522
284,"transgene expression, metabolite production, study illustrates, precise genome",0.08043478260869566
284,"web science core, mean sd age, research hotspots, 28 day mortality",0.0
285,"bla ctx, spectrum lactamase esbl, sequence types sts, coli isolates",0.006521739130434784
285,"details use execution, myosin motors, nascent chain, origin life",0.3065217391304348
285,"editorial emerging, author correction, g2 phase, model pd",0.021739130434782608
285,"fetal liver, stalled replication forks, pulmonary vascular, chromatin state",0.08695652173913043
285,"recent findings recent, cell multi omics, complex microbial, crispr cas based",0.0
285,"related morbidity, stage diagnosis, combination strategies, clinical intervention",0.3739130434782609
285,"role intercellular communication, testicular torsion, nanoparticle tracking analysis, mir 21 5p",0.034782608695652174
285,"therapeutic strategies including, exosomes emerging, epigenetic modulation, solid cancers",0.058695652173913045
285,"transgene expression, metabolite production, study illustrates, precise genome",0.11086956521739127
285,"web science core, mean sd age, research hotspots, 28 day mortality",0.0
286,"bla ctx, spectrum lactamase esbl, sequence types sts, coli isolates",0.013043478260869568
286,"details use execution, myosin motors, nascent chain, origin life",0.29130434782608694
286,"editorial emerging, author correction, g2 phase, model pd",0.0
286,"fetal liver, stalled replication forks, pulmonary vascular, chromatin state",0.043478260869565216
286,"recent findings recent, cell multi omics, complex microbial, crispr cas based",0.0
286,"related morbidity, stage diagnosis, combination strategies, clinical intervention",0.5630434782608696
286,"role intercellular communication, testicular torsion, nanoparticle tracking analysis, mir 21 5p",0.0
286,"therapeutic strategies including, exosomes emerging, epigenetic modulation, solid cancers",0.013043478260869568
286,"transgene expression, metabolite production, study illustrates, precise genome",0.07608695652173914
286,"web science core, mean sd age, research hotspots, 28 day mortality",0.0
287,"bla ctx, spectrum lactamase esbl, sequence types sts, coli isolates",0.019565217391304346
287,"details use execution, myosin motors, nascent chain, origin life",0.21956521739130433
287,"editorial emerging, author correction, g2 phase, model pd",0.03260869565217391
287,"fetal liver, stalled replication forks, pulmonary vascular, chromatin state",0.11956521739130435
287,"recent findings recent, cell multi omics, complex microbial, crispr cas based",0.0
287,"related morbidity, stage diagnosis, combination strategies, clinical intervention",0.3847826086956522
287,"role intercellular communication, testicular torsion, nanoparticle tracking analysis, mir 21 5p",0.006521739130434782
287,"therapeutic strategies including, exosomes emerging, epigenetic modulation, solid cancers",0.043478260869565216
287,"transgene expression, metabolite production, study illustrates, precise genome",0.15869565217391304
287,"web science core, mean sd age, research hotspots, 28 day mortality",0.015217391304347825
288,"bla ctx, spectrum lactamase esbl, sequence types sts, coli isolates",0.002173913043478261
288,"details use execution, myosin motors, nascent chain, origin life",0.21304347826086958
288,"editorial emerging, author correction, g2 phase, model pd",0.05434782608695652
288,"fetal liver, stalled replication forks, pulmonary vascular, chromatin state",0.09782608695652174
288,"recent findings recent, cell multi omics, complex microbial, crispr cas based",0.0
288,"related morbidity, stage diagnosis, combination strategies, clinical intervention",0.45000000000000007
288,"role intercellular communication, testicular torsion, nanoparticle tracking analysis, mir 21 5p",0.002173913043478261
288,"therapeutic strategies including, exosomes emerging, epigenetic modulation, solid cancers",0.03695652173913044
288,"transgene expression, metabolite production, study illustrates, precise genome",0.14347826086956522
288,"web science core, mean sd age, research hotspots, 28 day mortality",0.0
289,"bla ctx, spectrum lactamase esbl, sequence types sts, coli isolates",0.010869565217391304
289,"details use execution, myosin motors, nascent chain, origin life",0.05217391304347826
289,"editorial emerging, author correction, g2 phase, model pd",0.05434782608695652
289,"fetal liver, stalled replication forks, pulmonary vascular, chromatin state",0.17173913043478262
289,"recent findings recent, cell multi omics, complex microbial, crispr cas based",0.0
289,"related morbidity, stage diagnosis, combination strategies, clinical intervention",0.5043478260869564
289,"role intercellular communication, testicular torsion, nanoparticle tracking analysis, mir 21 5p",0.008695652173913044
289,"therapeutic strategies including, exosomes emerging, epigenetic modulation, solid cancers",0.02391304347826087
289,"transgene expression, metabolite production, study illustrates, precise genome",0.15869565217391304
289,"web science core, mean sd age, research hotspots, 28 day mortality",0.015217391304347825
290,"bla ctx, spectrum lactamase esbl, sequence types sts, coli isolates",0.008695652173913044
290,"details use execution, myosin motors, nascent chain, origin life",0.29347826086956524
290,"editorial emerging, author correction, g2 phase, model pd",0.034782608695652174
290,"fetal liver, stalled replication forks, pulmonary vascular, chromatin state",0.1108695652173913
290,"recent findings recent, cell multi omics, complex microbial, crispr cas based",0.0
290,"related morbidity, stage diagnosis, combination strategies, clinical intervention",0.39130434782608686
290,"role intercellular communication, testicular torsion, nanoparticle tracking analysis, mir 21 5p",0.002173913043478261
290,"therapeutic strategies including, exosomes emerging, epigenetic modulation, solid cancers",0.02826086956521739
290,"transgene expression, metabolite production, study illustrates, precise genome",0.13043478260869565
290,"web science core, mean sd age, research hotspots, 28 day mortality",0.0
291,"bla ctx, spectrum lactamase esbl, sequence types sts, coli isolates",0.015217391304347825
291,"details use execution, myosin motors, nascent chain, origin life",0.2217391304347826
291,"editorial emerging, author correction, g2 phase, model pd",0.021739130434782608
291,"fetal liver, stalled replication forks, pulmonary vascular, chromatin state",0.15652173913043477
291,"recent findings recent, cell multi omics, complex microbial, crispr cas based",0.0
291,"related morbidity, stage diagnosis, combination strategies, clinical intervention",0.3695652173913043
291,"role intercellular communication, testicular torsion, nanoparticle tracking analysis, mir 21 5p",0.008695652173913044
291,"therapeutic strategies including, exosomes emerging, epigenetic modulation, solid cancers",0.06956521739130435
291,"transgene expression, metabolite production, study illustrates, precise genome",0.1217391304347826
291,"web science core, mean sd age, research hotspots, 28 day mortality",0.015217391304347825
292,"bla ctx, spectrum lactamase esbl, sequence types sts, coli isolates",0.008695652173913044
292,"details use execution, myosin motors, nascent chain, origin life",0.25217391304347825
292,"editorial emerging, author correction, g2 phase, model pd",0.05434782608695652
292,"fetal liver, stalled replication forks, pulmonary vascular, chromatin state",0.05
292,"recent findings recent, cell multi omics, complex microbial, crispr cas based",0.0
292,"related morbidity, stage diagnosis, combination strategies, clinical intervention",0.41521739130434787
292,"role intercellular communication, testicular torsion, nanoparticle tracking analysis, mir 21 5p",0.0
292,"therapeutic strategies including, exosomes emerging, epigenetic modulation, solid cancers",0.06521739130434782
292,"transgene expression, metabolite production, study illustrates, precise genome",0.15434782608695652
292,"web science core, mean sd age, research hotspots, 28 day mortality",0.0
293,"bla ctx, spectrum lactamase esbl, sequence types sts, coli isolates",0.004347826086956522
293,"details use execution, myosin motors, nascent chain, origin life",0.1782608695652174
293,"editorial emerging, author correction, g2 phase, model pd",0.0
293,"fetal liver, stalled replication forks, pulmonary vascular, chromatin state",0.09347826086956522
293,"recent findings recent, cell multi omics, complex microbial, crispr cas based",0.0
293,"related morbidity, stage diagnosis, combination strategies, clinical intervention",0.44782608695652176
293,"role intercellular communication, testicular torsion, nanoparticle tracking analysis, mir 21 5p",0.034782608695652174
293,"therapeutic strategies including, exosomes emerging, epigenetic modulation, solid cancers",0.06739130434782609
293,"transgene expression, metabolite production, study illustrates, precise genome",0.17391304347826086
293,"web science core, mean sd age, research hotspots, 28 day mortality",0.0
294,"bla ctx, spectrum lactamase esbl, sequence types sts, coli isolates",0.013043478260869568
294,"details use execution, myosin motors, nascent chain, origin life",0.24782608695652175
294,"editorial emerging, author correction, g2 phase, model pd",0.03260869565217391
294,"fetal liver, stalled replication forks, pulmonary vascular, chromatin state",0.17391304347826086
294,"recent findings recent, cell multi omics, complex microbial, crispr cas based",0.0
294,"related morbidity, stage diagnosis, combination strategies, clinical intervention",0.28043478260869564
294,"role intercellular communication, testicular torsion, nanoparticle tracking analysis, mir 21 5p",0.0
294,"therapeutic strategies including, exosomes emerging, epigenetic modulation, solid cancers",0.0391304347826087
294,"transgene expression, metabolite production, study illustrates, precise genome",0.21304347826086958
294,"web science core, mean sd age, research hotspots, 28 day mortality",0.0
295,"bla ctx, spectrum lactamase esbl, sequence types sts, coli isolates",0.010869565217391304
295,"details use execution, myosin motors, nascent chain, origin life",0.1826086956521739
295,"editorial emerging, author correction, g2 phase, model pd",0.05434782608695652
295,"fetal liver, stalled replication forks, pulmonary vascular, chromatin state",0.11956521739130437
295,"recent findings recent, cell multi omics, complex microbial, crispr cas based",0.0
295,"related morbidity, stage diagnosis, combination strategies, clinical intervention",0.3673913043478261
295,"role intercellular communication, testicular torsion, nanoparticle tracking analysis, mir 21 5p",0.008695652173913044
295,"therapeutic strategies including, exosomes emerging, epigenetic modulation, solid cancers",0.05652173913043478
295,"transgene expression, metabolite production, study illustrates, precise genome",0.18478260869565213
295,"web science core, mean sd age, research hotspots, 28 day mortality",0.015217391304347825
296,"bla ctx, spectrum lactamase esbl, sequence types sts, coli isolates",0.010869565217391304
296,"details use execution, myosin motors, nascent chain, origin life",0.3021739130434783
296,"editorial emerging, author correction, g2 phase, model pd",0.05434782608695652
296,"fetal liver, stalled replication forks, pulmonary vascular, chromatin state",0.08695652173913043
296,"recent findings recent, cell multi omics, complex microbial, crispr cas based",0.0
296,"related morbidity, stage diagnosis, combination strategies, clinical intervention",0.3304347826086957
296,"role intercellular communication, testicular torsion, nanoparticle tracking analysis, mir 21 5p",0.034782608695652174
296,"therapeutic strategies including, exosomes emerging, epigenetic modulation, solid cancers",0.04782608695652174
296,"transgene expression, metabolite production, study illustrates, precise genome",0.13260869565217392
296,"web science core, mean sd age, research hotspots, 28 day mortality",0.0
297,"bla ctx, spectrum lactamase esbl, sequence types sts, coli isolates",0.008695652173913044
297,"details use execution, myosin motors, nascent chain, origin life",0.2956521739130435
297,"editorial emerging, author correction, g2 phase, model pd",0.002173913043478261
297,"fetal liver, stalled replication forks, pulmonary vascular, chromatin state",0.13043478260869565
297,"recent findings recent, cell multi omics, complex microbial, crispr cas based",0.0
297,"related morbidity, stage diagnosis, combination strategies, clinical intervention",0.40869565217391307
297,"role intercellular communication, testicular torsion, nanoparticle tracking analysis, mir 21 5p",0.0
297,"therapeutic strategies including, exosomes emerging, epigenetic modulation, solid cancers",0.026086956521739136
297,"transgene expression, metabolite production, study illustrates, precise genome",0.1282608695652174
297,"web science core, mean sd age, research hotspots, 28 day mortality",0.0
298,"bla ctx, spectrum lactamase esbl, sequence types sts, coli isolates",0.013043478260869565
298,"details use execution, myosin motors, nascent chain, origin life",0.2673913043478261
298,"editorial emerging, author correction, g2 phase, model pd",0.0
298,"fetal liver, stalled replication forks, pulmonary vascular, chromatin state",0.11739130434782608
298,"recent findings recent, cell multi omics, complex microbial, crispr cas based",0.0
298,"related morbidity, stage diagnosis, combination strategies, clinical intervention",0.42608695652173906
298,"role intercellular communication, testicular torsion, nanoparticle tracking analysis, mir 21 5p",0.008695652173913044
298,"therapeutic strategies including, exosomes emerging, epigenetic modulation, solid cancers",0.023913043478260867
298,"transgene expression, metabolite production, study illustrates, precise genome",0.12826086956521737
298,"web science core, mean sd age, research hotspots, 28 day mortality",0.015217391304347825
299,"bla ctx, spectrum lactamase esbl, sequence types sts, coli isolates",0.004347826086956522
299,"details use execution, myosin motors, nascent chain, origin life",0.12391304347826085
299,"editorial emerging, author correction, g2 phase, model pd",0.034782608695652174
299,"fetal liver, stalled replication forks, pulmonary vascular, chromatin state",0.1695652173913043
299,"recent findings recent, cell multi omics, complex microbial, crispr cas based",0.0
299,"related morbidity, stage diagnosis, combination strategies, clinical intervention",0.4630434782608695
299,"role intercellular communication, testicular torsion, nanoparticle tracking analysis, mir 21 5p",0.002173913043478261
299,"therapeutic strategies including, exosomes emerging, epigenetic modulation, solid cancers",0.008695652173913044
299,"transgene expression, metabolite production, study illustrates, precise genome",0.19347826086956518
299,"web science core, mean sd age, research hotspots, 28 day mortality",0.0
300,"bla ctx, spectrum lactamase esbl, sequence types sts, coli isolates",0.021739130434782605
300,"details use execution, myosin motors, nascent chain, origin life",0.34782608695652173
300,"editorial emerging, author correction, g2 phase, model pd",0.0
300,"fetal liver, stalled replication forks, pulmonary vascular, chromatin state",0.09130434782608694
300,"recent findings recent, cell multi omics, complex microbial, crispr cas based",0.0
300,"related morbidity, stage diagnosis, combination strategies, clinical intervention",0.3565217391304348
300,"role intercellular communication, testicular torsion, nanoparticle tracking analysis, mir 21 5p",0.006521739130434782
300,"therapeutic strategies including, exosomes emerging, epigenetic modulation, solid cancers",0.08260869565217391
300,"transgene expression, metabolite production, study illustrates, precise genome",0.0782608695652174
300,"web science core, mean sd age, research hotspots, 28 day mortality",0.015217391304347825
301,"bla ctx, spectrum lactamase esbl, sequence types sts, coli isolates",0.013043478260869565
301,"details use execution, myosin motors, nascent chain, origin life",0.2673913043478261
301,"editorial emerging, author correction, g2 phase, model pd",0.034782608695652174
301,"fetal liver, stalled replication forks, pulmonary vascular, chromatin state",0.06086956521739132
301,"recent findings recent, cell multi omics, complex microbial, crispr cas based",0.0
301,"related morbidity, stage diagnosis, combination strategies, clinical intervention",0.4173913043478262
301,"role intercellular communication, testicular torsion, nanoparticle tracking analysis, mir 21 5p",0.008695652173913044
301,"therapeutic strategies including, exosomes emerging, epigenetic modulation, solid cancers",0.1217391304347826
301,"transgene expression, metabolite production, study illustrates, precise genome",0.06086956521739131
301,"web science core, mean sd age, research hotspots, 28 day mortality",0.015217391304347825
302,"bla ctx, spectrum lactamase esbl, sequence types sts, coli isolates",0.004347826086956522
302,"details use execution, myosin motors, nascent chain, origin life",0.29782608695652174
302,"editorial emerging, author correction, g2 phase, model pd",0.03260869565217391
302,"fetal liver, stalled replication forks, pulmonary vascular, chromatin state",0.15434782608695652
302,"recent findings recent, cell multi omics, complex microbial, crispr cas based",0.0
302,"related morbidity, stage diagnosis, combination strategies, clinical intervention",0.3434782608695652
302,"role intercellular communication, testicular torsion, nanoparticle tracking analysis, mir 21 5p",0.002173913043478261
302,"therapeutic strategies including, exosomes emerging, epigenetic modulation, solid cancers",0.03695652173913044
302,"transgene expression, metabolite production, study illustrates, precise genome",0.12826086956521737
302,"web science core, mean sd age, research hotspots, 28 day mortality",0.0
303,"bla ctx, spectrum lactamase esbl, sequence types sts, coli isolates",0.008695652173913044
303,"details use execution, myosin motors, nascent chain, origin life",0.25217391304347825
303,"editorial emerging, author correction, g2 phase, model pd",0.03260869565217391
303,"fetal liver, stalled replication forks, pulmonary vascular, chromatin state",0.11956521739130435
303,"recent findings recent, cell multi omics, complex microbial, crispr cas based",0.0
303,"related morbidity, stage diagnosis, combination strategies, clinical intervention",0.4413043478260869
303,"role intercellular communication, testicular torsion, nanoparticle tracking analysis, mir 21 5p",0.0
303,"therapeutic strategies including, exosomes emerging, epigenetic modulation, solid cancers",0.03260869565217391
303,"transgene expression, metabolite production, study illustrates, precise genome",0.11304347826086956
303,"web science core, mean sd age, research hotspots, 28 day mortality",0.0
304,"bla ctx, spectrum lactamase esbl, sequence types sts, coli isolates",0.006521739130434784
304,"details use execution, myosin motors, nascent chain, origin life",0.17826086956521742
304,"editorial emerging, author correction, g2 phase, model pd",0.03260869565217391
304,"fetal liver, stalled replication forks, pulmonary vascular, chromatin state",0.04130434782608696
304,"recent findings recent, cell multi omics, complex microbial, crispr cas based",0.0
304,"related morbidity, stage diagnosis, combination strategies, clinical intervention",0.5217391304347826
304,"role intercellular communication, testicular torsion, nanoparticle tracking analysis, mir 21 5p",0.03260869565217391
304,"therapeutic strategies including, exosomes emerging, epigenetic modulation, solid cancers",0.06086956521739131
304,"transgene expression, metabolite production, study illustrates, precise genome",0.12608695652173912
304,"web science core, mean sd age, research hotspots, 28 day mortality",0.0
305,"bla ctx, spectrum lactamase esbl, sequence types sts, coli isolates",0.015217391304347825
305,"details use execution, myosin motors, nascent chain, origin life",0.3521739130434782
305,"editorial emerging, author correction, g2 phase, model pd",0.03260869565217391
305,"fetal liver, stalled replication forks, pulmonary vascular, chromatin state",0.08478260869565218
305,"recent findings recent, cell multi omics, complex microbial, crispr cas based",0.0
305,"related morbidity, stage diagnosis, combination strategies, clinical intervention",0.3434782608695652
305,"role intercellular communication, testicular torsion, nanoparticle tracking analysis, mir 21 5p",0.008695652173913044
305,"therapeutic strategies including, exosomes emerging, epigenetic modulation, solid cancers",0.05652173913043478
305,"transgene expression, metabolite production, study illustrates, precise genome",0.09130434782608696
305,"web science core, mean sd age, research hotspots, 28 day mortality",0.015217391304347825
306,"bla ctx, spectrum lactamase esbl, sequence types sts, coli isolates",0.0
306,"details use execution, myosin motors, nascent chain, origin life",0.3021739130434783
306,"editorial emerging, author correction, g2 phase, model pd",0.02391304347826087
306,"fetal liver, stalled replication forks, pulmonary vascular, chromatin state",0.034782608695652174
306,"recent findings recent, cell multi omics, complex microbial, crispr cas based",0.0
306,"related morbidity, stage diagnosis, combination strategies, clinical intervention",0.45000000000000007
306,"role intercellular communication, testicular torsion, nanoparticle tracking analysis, mir 21 5p",0.002173913043478261
306,"therapeutic strategies including, exosomes emerging, epigenetic modulation, solid cancers",0.06956521739130435
306,"transgene expression, metabolite production, study illustrates, precise genome",0.11739130434782608
306,"web science core, mean sd age, research hotspots, 28 day mortality",0.0
307,"bla ctx, spectrum lactamase esbl, sequence types sts, coli isolates",0.002173913043478261
307,"details use execution, myosin motors, nascent chain, origin life",0.25434782608695655
307,"editorial emerging, author correction, g2 phase, model pd",0.02391304347826087
307,"fetal liver, stalled replication forks, pulmonary vascular, chromatin state",0.06956521739130436
307,"recent findings recent, cell multi omics, complex microbial, crispr cas based",0.0
307,"related morbidity, stage diagnosis, combination strategies, clinical intervention",0.4717391304347826
307,"role intercellular communication, testicular torsion, nanoparticle tracking analysis, mir 21 5p",0.004347826086956522
307,"therapeutic strategies including, exosomes emerging, epigenetic modulation, solid cancers",0.06521739130434782
307,"transgene expression, metabolite production, study illustrates, precise genome",0.10869565217391304
307,"web science core, mean sd age, research hotspots, 28 day mortality",0.0
308,"bla ctx, spectrum lactamase esbl, sequence types sts, coli isolates",0.013043478260869565
308,"details use execution, myosin motors, nascent chain, origin life",0.22608695652173913
308,"editorial emerging, author correction, g2 phase, model pd",0.0
308,"fetal liver, stalled replication forks, pulmonary vascular, chromatin state",0.11521739130434783
308,"recent findings recent, cell multi omics, complex microbial, crispr cas based",0.0
308,"related morbidity, stage diagnosis, combination strategies, clinical intervention",0.43913043478260866
308,"role intercellular communication, testicular torsion, nanoparticle tracking analysis, mir 21 5p",0.006521739130434782
308,"therapeutic strategies including, exosomes emerging, epigenetic modulation, solid cancers",0.03260869565217392
308,"transgene expression, metabolite production, study illustrates, precise genome",0.15217391304347824
308,"web science core, mean sd age, research hotspots, 28 day mortality",0.015217391304347825
309,"bla ctx, spectrum lactamase esbl, sequence types sts, coli isolates",0.002173913043478261
309,"details use execution, myosin motors, nascent chain, origin life",0.38913043478260867
309,"editorial emerging, author correction, g2 phase, model pd",0.0
309,"fetal liver, stalled replication forks, pulmonary vascular, chromatin state",0.054347826086956534
309,"recent findings recent, cell multi omics, complex microbial, crispr cas based",0.0
309,"related morbidity, stage diagnosis, combination strategies, clinical intervention",0.40652173913043477
309,"role intercellular communication, testicular torsion, nanoparticle tracking analysis, mir 21 5p",0.0
309,"therapeutic strategies including, exosomes emerging, epigenetic modulation, solid cancers",0.043478260869565216
309,"transgene expression, metabolite production, study illustrates, precise genome",0.10434782608695652
309,"web science core, mean sd age, research hotspots, 28 day mortality",0.0
310,"bla ctx, spectrum lactamase esbl, sequence types sts, coli isolates",0.010869565217391304
310,"details use execution, myosin motors, nascent chain, origin life",0.1391304347826087
310,"editorial emerging, author correction, g2 phase, model pd",0.0
310,"fetal liver, stalled replication forks, pulmonary vascular, chromatin state",0.09565217391304348
310,"recent findings recent, cell multi omics, complex microbial, crispr cas based",0.0
310,"related morbidity, stage diagnosis, combination strategies, clinical intervention",0.5543478260869565
310,"role intercellular communication, testicular torsion, nanoparticle tracking analysis, mir 21 5p",0.008695652173913044
310,"therapeutic strategies including, exosomes emerging, epigenetic modulation, solid cancers",0.06956521739130435
310,"transgene expression, metabolite production, study illustrates, precise genome",0.10652173913043479
310,"web science core, mean sd age, research hotspots, 28 day mortality",0.015217391304347825
311,"bla ctx, spectrum lactamase esbl, sequence types sts, coli isolates",0.008695652173913044
311,"details use execution, myosin motors, nascent chain, origin life",0.2608695652173913
311,"editorial emerging, author correction, g2 phase, model pd",0.034782608695652174
311,"fetal liver, stalled replication forks, pulmonary vascular, chromatin state",0.08260869565217392
311,"recent findings recent, cell multi omics, complex microbial, crispr cas based",0.0
311,"related morbidity, stage diagnosis, combination strategies, clinical intervention",0.43260869565217386
311,"role intercellular communication, testicular torsion, nanoparticle tracking analysis, mir 21 5p",0.034782608695652174
311,"therapeutic strategies including, exosomes emerging, epigenetic modulation, solid cancers",0.06521739130434782
311,"transgene expression, metabolite production, study illustrates, precise genome",0.08043478260869566
311,"web science core, mean sd age, research hotspots, 28 day mortality",0.0
312,"bla ctx, spectrum lactamase esbl, sequence types sts, coli isolates",0.008695652173913044
312,"details use execution, myosin motors, nascent chain, origin life",0.3804347826086957
312,"editorial emerging, author correction, g2 phase, model pd",0.03260869565217391
312,"fetal liver, stalled replication forks, pulmonary vascular, chromatin state",0.07608695652173914
312,"recent findings recent, cell multi omics, complex microbial, crispr cas based",0.0
312,"related morbidity, stage diagnosis, combination strategies, clinical intervention",0.391304347826087
312,"role intercellular communication, testicular torsion, nanoparticle tracking analysis, mir 21 5p",0.002173913043478261
312,"therapeutic strategies including, exosomes emerging, epigenetic modulation, solid cancers",0.04565217391304348
312,"transgene expression, metabolite production, study illustrates, precise genome",0.06304347826086958
312,"web science core, mean sd age, research hotspots, 28 day mortality",0.0
313,"bla ctx, spectrum lactamase esbl, sequence types sts, coli isolates",0.002173913043478261
313,"details use execution, myosin motors, nascent chain, origin life",0.3021739130434783
313,"editorial emerging, author correction, g2 phase, model pd",0.03260869565217391
313,"fetal liver, stalled replication forks, pulmonary vascular, chromatin state",0.09565217391304348
313,"recent findings recent, cell multi omics, complex microbial, crispr cas based",0.0
313,"related morbidity, stage diagnosis, combination strategies, clinical intervention",0.4195652173913043
313,"role intercellular communication, testicular torsion, nanoparticle tracking analysis, mir 21 5p",0.0
313,"therapeutic strategies including, exosomes emerging, epigenetic modulation, solid cancers",0.03695652173913044
313,"transgene expression, metabolite production, study illustrates, precise genome",0.11086956521739132
313,"web science core, mean sd age, research hotspots, 28 day mortality",0.0
314,"bla ctx, spectrum lactamase esbl, sequence types sts, coli isolates",0.015217391304347827
314,"details use execution, myosin motors, nascent chain, origin life",0.28478260869565214
314,"editorial emerging, author correction, g2 phase, model pd",0.03260869565217391
314,"fetal liver, stalled replication forks, pulmonary vascular, chromatin state",0.09347826086956523
314,"recent findings recent, cell multi omics, complex microbial, crispr cas based",0.0
314,"related morbidity, stage diagnosis, combination strategies, clinical intervention",0.44782608695652176
314,"role intercellular communication, testicular torsion, nanoparticle tracking analysis, mir 21 5p",0.004347826086956522
314,"therapeutic strategies including, exosomes emerging, epigenetic modulation, solid cancers",0.058695652173913045
314,"transgene expression, metabolite production, study illustrates, precise genome",0.06304347826086956
314,"web science core, mean sd age, research hotspots, 28 day mortality",0.0
315,"bla ctx, spectrum lactamase esbl, sequence types sts, coli isolates",0.021739130434782608
315,"details use execution, myosin motors, nascent chain, origin life",0.25869565217391305
315,"editorial emerging, author correction, g2 phase, model pd",0.05434782608695652
315,"fetal liver, stalled replication forks, pulmonary vascular, chromatin state",0.04565217391304348
315,"recent findings recent, cell multi omics, complex microbial, crispr cas based",0.0
315,"related morbidity, stage diagnosis, combination strategies, clinical intervention",0.47608695652173916
315,"role intercellular communication, testicular torsion, nanoparticle tracking analysis, mir 21 5p",0.008695652173913044
315,"therapeutic strategies including, exosomes emerging, epigenetic modulation, solid cancers",0.07608695652173914
315,"transgene expression, metabolite production, study illustrates, precise genome",0.043478260869565216
315,"web science core, mean sd age, research hotspots, 28 day mortality",0.015217391304347825
316,"bla ctx, spectrum lactamase esbl, sequence types sts, coli isolates",0.002173913043478261
316,"details use execution, myosin motors, nascent chain, origin life",0.21304347826086958
316,"editorial emerging, author correction, g2 phase, model pd",0.02391304347826087
316,"fetal liver, stalled replication forks, pulmonary vascular, chromatin state",0.14347826086956522
316,"recent findings recent, cell multi omics, complex microbial, crispr cas based",0.0
316,"related morbidity, stage diagnosis, combination strategies, clinical intervention",0.4456521739130434
316,"role intercellular communication, testicular torsion, nanoparticle tracking analysis, mir 21 5p",0.002173913043478261
316,"therapeutic strategies including, exosomes emerging, epigenetic modulation, solid cancers",0.03260869565217391
316,"transgene expression, metabolite production, study illustrates, precise genome",0.13695652173913042
316,"web science core, mean sd age, research hotspots, 28 day mortality",0.0
317,"bla ctx, spectrum lactamase esbl, sequence types sts, coli isolates",0.010869565217391304
317,"details use execution, myosin motors, nascent chain, origin life",0.17391304347826086
317,"editorial emerging, author correction, g2 phase, model pd",0.03260869565217391
317,"fetal liver, stalled replication forks, pulmonary vascular, chromatin state",0.1108695652173913
317,"recent findings recent, cell multi omics, complex microbial, crispr cas based",0.0
317,"related morbidity, stage diagnosis, combination strategies, clinical intervention",0.4934782608695652
317,"role intercellular communication, testicular torsion, nanoparticle tracking analysis, mir 21 5p",0.03260869565217391
317,"therapeutic strategies including, exosomes emerging, epigenetic modulation, solid cancers",0.06956521739130435
317,"transgene expression, metabolite production, study illustrates, precise genome",0.07608695652173914
317,"web science core, mean sd age, research hotspots, 28 day mortality",0.0
318,"bla ctx, spectrum lactamase esbl, sequence types sts, coli isolates",0.006521739130434784
318,"details use execution, myosin motors, nascent chain, origin life",0.16739130434782606
318,"editorial emerging, author correction, g2 phase, model pd",0.03260869565217391
318,"fetal liver, stalled replication forks, pulmonary vascular, chromatin state",0.11304347826086956
318,"recent findings recent, cell multi omics, complex microbial, crispr cas based",0.0
318,"related morbidity, stage diagnosis, combination strategies, clinical intervention",0.5021739130434781
318,"role intercellular communication, testicular torsion, nanoparticle tracking analysis, mir 21 5p",0.0
318,"therapeutic strategies including, exosomes emerging, epigenetic modulation, solid cancers",0.03260869565217392
318,"transgene expression, metabolite production, study illustrates, precise genome",0.14565217391304347
318,"web science core, mean sd age, research hotspots, 28 day mortality",0.0
319,"bla ctx, spectrum lactamase esbl, sequence types sts, coli isolates",0.019565217391304346
319,"details use execution, myosin motors, nascent chain, origin life",0.34782608695652173
319,"editorial emerging, author correction, g2 phase, model pd",0.021739130434782608
319,"fetal liver, stalled replication forks, pulmonary vascular, chromatin state",0.09565217391304347
319,"recent findings recent, cell multi omics, complex microbial, crispr cas based",0.0
319,"related morbidity, stage diagnosis, combination strategies, clinical intervention",0.35000000000000003
319,"role intercellular communication, testicular torsion, nanoparticle tracking analysis, mir 21 5p",0.008695652173913044
319,"therapeutic strategies including, exosomes emerging, epigenetic modulation, solid cancers",0.07608695652173914
319,"transgene expression, metabolite production, study illustrates, precise genome",0.06521739130434782
319,"web science core, mean sd age, research hotspots, 28 day mortality",0.015217391304347825
320,"bla ctx, spectrum lactamase esbl, sequence types sts, coli isolates",0.015217391304347825
320,"details use execution, myosin motors, nascent chain, origin life",0.22391304347826088
320,"editorial emerging, author correction, g2 phase, model pd",0.0
320,"fetal liver, stalled replication forks, pulmonary vascular, chromatin state",0.12391304347826085
320,"recent findings recent, cell multi omics, complex microbial, crispr cas based",0.0
320,"related morbidity, stage diagnosis, combination strategies, clinical intervention",0.46739130434782616
320,"role intercellular communication, testicular torsion, nanoparticle tracking analysis, mir 21 5p",0.006521739130434782
320,"therapeutic strategies including, exosomes emerging, epigenetic modulation, solid cancers",0.02608695652173913
320,"transgene expression, metabolite production, study illustrates, precise genome",0.1217391304347826
320,"web science core, mean sd age, research hotspots, 28 day mortality",0.015217391304347825
321,"bla ctx, spectrum lactamase esbl, sequence types sts, coli isolates",0.006521739130434784
321,"details use execution, myosin motors, nascent chain, origin life",0.25
321,"editorial emerging, author correction, g2 phase, model pd",0.03260869565217391
321,"fetal liver, stalled replication forks, pulmonary vascular, chromatin state",0.058695652173913045
321,"recent findings recent, cell multi omics, complex microbial, crispr cas based",0.0
321,"related morbidity, stage diagnosis, combination strategies, clinical intervention",0.4478260869565217
321,"role intercellular communication, testicular torsion, nanoparticle tracking analysis, mir 21 5p",0.004347826086956522
321,"therapeutic strategies including, exosomes emerging, epigenetic modulation, solid cancers",0.07391304347826086
321,"transgene expression, metabolite production, study illustrates, precise genome",0.1260869565217391
321,"web science core, mean sd age, research hotspots, 28 day mortality",0.0
322,"bla ctx, spectrum lactamase esbl, sequence types sts, coli isolates",0.0
322,"details use execution, myosin motors, nascent chain, origin life",0.3869565217391305
322,"editorial emerging, author correction, g2 phase, model pd",0.002173913043478261
322,"fetal liver, stalled replication forks, pulmonary vascular, chromatin state",0.10869565217391304
322,"recent findings recent, cell multi omics, complex microbial, crispr cas based",0.0
322,"related morbidity, stage diagnosis, combination strategies, clinical intervention",0.3391304347826086
322,"role intercellular communication, testicular torsion, nanoparticle tracking analysis, mir 21 5p",0.004347826086956522
322,"therapeutic strategies including, exosomes emerging, epigenetic modulation, solid cancers",0.05652173913043478
322,"transgene expression, metabolite production, study illustrates, precise genome",0.10217391304347827
322,"web science core, mean sd age, research hotspots, 28 day mortality",0.0
323,"bla ctx, spectrum lactamase esbl, sequence types sts, coli isolates",0.004347826086956522
323,"details use execution, myosin motors, nascent chain, origin life",0.341304347826087
323,"editorial emerging, author correction, g2 phase, model pd",0.021739130434782608
323,"fetal liver, stalled replication forks, pulmonary vascular, chromatin state",0.06521739130434782
323,"recent findings recent, cell multi omics, complex microbial, crispr cas based",0.0
323,"related morbidity, stage diagnosis, combination strategies, clinical intervention",0.4108695652173914
323,"role intercellular communication, testicular torsion, nanoparticle tracking analysis, mir 21 5p",0.002173913043478261
323,"therapeutic strategies including, exosomes emerging, epigenetic modulation, solid cancers",0.07608695652173914
323,"transgene expression, metabolite production, study illustrates, precise genome",0.0782608695652174
323,"web science core, mean sd age, research hotspots, 28 day mortality",0.0
324,"bla ctx, spectrum lactamase esbl, sequence types sts, coli isolates",0.010869565217391304
324,"details use execution, myosin motors, nascent chain, origin life",0.23695652173913045
324,"editorial emerging, author correction, g2 phase, model pd",0.0
324,"fetal liver, stalled replication forks, pulmonary vascular, chromatin state",0.05434782608695652
324,"recent findings recent, cell multi omics, complex microbial, crispr cas based",0.0
324,"related morbidity, stage diagnosis, combination strategies, clinical intervention",0.5086956521739131
324,"role intercellular communication, testicular torsion, nanoparticle tracking analysis, mir 21 5p",0.04130434782608696
324,"therapeutic strategies including, exosomes emerging, epigenetic modulation, solid cancers",0.05
324,"transgene expression, metabolite production, study illustrates, precise genome",0.08260869565217391
324,"web science core, mean sd age, research hotspots, 28 day mortality",0.015217391304347825
325,"bla ctx, spectrum lactamase esbl, sequence types sts, coli isolates",0.02391304347826087
325,"details use execution, myosin motors, nascent chain, origin life",0.17173913043478262
325,"editorial emerging, author correction, g2 phase, model pd",0.05434782608695652
325,"fetal liver, stalled replication forks, pulmonary vascular, chromatin state",0.10217391304347827
325,"recent findings recent, cell multi omics, complex microbial, crispr cas based",0.0
325,"related morbidity, stage diagnosis, combination strategies, clinical intervention",0.39565217391304347
325,"role intercellular communication, testicular torsion, nanoparticle tracking analysis, mir 21 5p",0.006521739130434782
325,"therapeutic strategies including, exosomes emerging, epigenetic modulation, solid cancers",0.06521739130434782
325,"transgene expression, metabolite production, study illustrates, precise genome",0.16521739130434782
325,"web science core, mean sd age, research hotspots, 28 day mortality",0.015217391304347825
326,"bla ctx, spectrum lactamase esbl, sequence types sts, coli isolates",0.002173913043478261
326,"details use execution, myosin motors, nascent chain, origin life",0.2673913043478261
326,"editorial emerging, author correction, g2 phase, model pd",0.034782608695652174
326,"fetal liver, stalled replication forks, pulmonary vascular, chromatin state",0.058695652173913045
326,"recent findings recent, cell multi omics, complex microbial, crispr cas based",0.0
326,"related morbidity, stage diagnosis, combination strategies, clinical intervention",0.43913043478260866
326,"role intercellular communication, testicular torsion, nanoparticle tracking analysis, mir 21 5p",0.034782608695652174
326,"therapeutic strategies including, exosomes emerging, epigenetic modulation, solid cancers",0.08043478260869566
326,"transgene expression, metabolite production, study illustrates, precise genome",0.08260869565217392
326,"web science core, mean sd age, research hotspots, 28 day mortality",0.0
327,"bla ctx, spectrum lactamase esbl, sequence types sts, coli isolates",0.006521739130434782
327,"details use execution, myosin motors, nascent chain, origin life",0.25217391304347825
327,"editorial emerging, author correction, g2 phase, model pd",0.0
327,"fetal liver, stalled replication forks, pulmonary vascular, chromatin state",0.1347826086956522
327,"recent findings recent, cell multi omics, complex microbial, crispr cas based",0.0
327,"related morbidity, stage diagnosis, combination strategies, clinical intervention",0.39565217391304347
327,"role intercellular communication, testicular torsion, nanoparticle tracking analysis, mir 21 5p",0.002173913043478261
327,"therapeutic strategies including, exosomes emerging, epigenetic modulation, solid cancers",0.041304347826086954
327,"transgene expression, metabolite production, study illustrates, precise genome",0.16739130434782612
327,"web science core, mean sd age, research hotspots, 28 day mortality",0.0
328,"bla ctx, spectrum lactamase esbl, sequence types sts, coli isolates",0.015217391304347825
328,"details use execution, myosin motors, nascent chain, origin life",0.23478260869565218
328,"editorial emerging, author correction, g2 phase, model pd",0.05652173913043478
328,"fetal liver, stalled replication forks, pulmonary vascular, chromatin state",0.05434782608695652
328,"recent findings recent, cell multi omics, complex microbial, crispr cas based",0.0
328,"related morbidity, stage diagnosis, combination strategies, clinical intervention",0.42608695652173917
328,"role intercellular communication, testicular torsion, nanoparticle tracking analysis, mir 21 5p",0.0391304347826087
328,"therapeutic strategies including, exosomes emerging, epigenetic modulation, solid cancers",0.05217391304347826
328,"transgene expression, metabolite production, study illustrates, precise genome",0.10652173913043475
328,"web science core, mean sd age, research hotspots, 28 day mortality",0.015217391304347825
329,"bla ctx, spectrum lactamase esbl, sequence types sts, coli isolates",0.002173913043478261
329,"details use execution, myosin motors, nascent chain, origin life",0.17173913043478262
329,"editorial emerging, author correction, g2 phase, model pd",0.03260869565217391
329,"fetal liver, stalled replication forks, pulmonary vascular, chromatin state",0.13695652173913042
329,"recent findings recent, cell multi omics, complex microbial, crispr cas based",0.0
329,"related morbidity, stage diagnosis, combination strategies, clinical intervention",0.4717391304347826
329,"role intercellular communication, testicular torsion, nanoparticle tracking analysis, mir 21 5p",0.0
329,"therapeutic strategies including, exosomes emerging, epigenetic modulation, solid cancers",0.05434782608695652
329,"transgene expression, metabolite production, study illustrates, precise genome",0.13043478260869562
329,"web science core, mean sd age, research hotspots, 28 day mortality",0.0
330,"bla ctx, spectrum lactamase esbl, sequence types sts, coli isolates",0.008695652173913044
330,"details use execution, myosin motors, nascent chain, origin life",0.3826086956521739
330,"editorial emerging, author correction, g2 phase, model pd",0.03260869565217391
330,"fetal liver, stalled replication forks, pulmonary vascular, chromatin state",0.1565217391304348
330,"recent findings recent, cell multi omics, complex microbial, crispr cas based",0.0
330,"related morbidity, stage diagnosis, combination strategies, clinical intervention",0.29130434782608694
330,"role intercellular communication, testicular torsion, nanoparticle tracking analysis, mir 21 5p",0.0
330,"therapeutic strategies including, exosomes emerging, epigenetic modulation, solid cancers",0.015217391304347825
330,"transgene expression, metabolite production, study illustrates, precise genome",0.11304347826086956
330,"web science core, mean sd age, research hotspots, 28 day mortality",0.0
331,"bla ctx, spectrum lactamase esbl, sequence types sts, coli isolates",0.002173913043478261
331,"details use execution, myosin motors, nascent chain, origin life",0.22608695652173913
331,"editorial emerging, author correction, g2 phase, model pd",0.0
331,"fetal liver, stalled replication forks, pulmonary vascular, chromatin state",0.12391304347826088
331,"recent findings recent, cell multi omics, complex microbial, crispr cas based",0.0
331,"related morbidity, stage diagnosis, combination strategies, clinical intervention",0.4782608695652173
331,"role intercellular communication, testicular torsion, nanoparticle tracking analysis, mir 21 5p",0.03260869565217391
331,"therapeutic strategies including, exosomes emerging, epigenetic modulation, solid cancers",0.0608695652173913
331,"transgene expression, metabolite production, study illustrates, precise genome",0.07608695652173914
331,"web science core, mean sd age, research hotspots, 28 day mortality",0.0
332,"bla ctx, spectrum lactamase esbl, sequence types sts, coli isolates",0.015217391304347825
332,"details use execution, myosin motors, nascent chain, origin life",0.39565217391304347
332,"editorial emerging, author correction, g2 phase, model pd",0.03260869565217391
332,"fetal liver, stalled replication forks, pulmonary vascular, chromatin state",0.09782608695652174
332,"recent findings recent, cell multi omics, complex microbial, crispr cas based",0.0
332,"related morbidity, stage diagnosis, combination strategies, clinical intervention",0.31086956521739134
332,"role intercellular communication, testicular torsion, nanoparticle tracking analysis, mir 21 5p",0.008695652173913044
332,"therapeutic strategies including, exosomes emerging, epigenetic modulation, solid cancers",0.06086956521739131
332,"transgene expression, metabolite production, study illustrates, precise genome",0.06304347826086956
332,"web science core, mean sd age, research hotspots, 28 day mortality",0.015217391304347825
333,"bla ctx, spectrum lactamase esbl, sequence types sts, coli isolates",0.004347826086956522
333,"details use execution, myosin motors, nascent chain, origin life",0.21086956521739128
333,"editorial emerging, author correction, g2 phase, model pd",0.021739130434782608
333,"fetal liver, stalled replication forks, pulmonary vascular, chromatin state",0.0891304347826087
333,"recent findings recent, cell multi omics, complex microbial, crispr cas based",0.0
333,"related morbidity, stage diagnosis, combination strategies, clinical intervention",0.47173913043478266
333,"role intercellular communication, testicular torsion, nanoparticle tracking analysis, mir 21 5p",0.002173913043478261
333,"therapeutic strategies including, exosomes emerging, epigenetic modulation, solid cancers",0.08478260869565217
333,"transgene expression, metabolite production, study illustrates, precise genome",0.1152173913043478
333,"web science core, mean sd age, research hotspots, 28 day mortality",0.0
334,"bla ctx, spectrum lactamase esbl, sequence types sts, coli isolates",0.015217391304347825
334,"details use execution, myosin motors, nascent chain, origin life",0.35000000000000003
334,"editorial emerging, author correction, g2 phase, model pd",0.002173913043478261
334,"fetal liver, stalled replication forks, pulmonary vascular, chromatin state",0.0391304347826087
334,"recent findings recent, cell multi omics, complex microbial, crispr cas based",0.0
334,"related morbidity, stage diagnosis, combination strategies, clinical intervention",0.4304347826086956
334,"role intercellular communication, testicular torsion, nanoparticle tracking analysis, mir 21 5p",0.010869565217391304
334,"therapeutic strategies including, exosomes emerging, epigenetic modulation, solid cancers",0.08695652173913043
334,"transgene expression, metabolite production, study illustrates, precise genome",0.049999999999999996
334,"web science core, mean sd age, research hotspots, 28 day mortality",0.015217391304347825
335,"bla ctx, spectrum lactamase esbl, sequence types sts, coli isolates",0.0
335,"details use execution, myosin motors, nascent chain, origin life",0.09782608695652174
335,"editorial emerging, author correction, g2 phase, model pd",0.002173913043478261
335,"fetal liver, stalled replication forks, pulmonary vascular, chromatin state",0.043478260869565216
335,"recent findings recent, cell multi omics, complex microbial, crispr cas based",0.0
335,"related morbidity, stage diagnosis, combination strategies, clinical intervention",0.6521739130434783
335,"role intercellular communication, testicular torsion, nanoparticle tracking analysis, mir 21 5p",0.03260869565217391
335,"therapeutic strategies including, exosomes emerging, epigenetic modulation, solid cancers",0.07391304347826087
335,"transgene expression, metabolite production, study illustrates, precise genome",0.09782608695652174
335,"web science core, mean sd age, research hotspots, 28 day mortality",0.0
336,"bla ctx, spectrum lactamase esbl, sequence types sts, coli isolates",0.01956521739130435
336,"details use execution, myosin motors, nascent chain, origin life",0.39999999999999997
336,"editorial emerging, author correction, g2 phase, model pd",0.002173913043478261
336,"fetal liver, stalled replication forks, pulmonary vascular, chromatin state",0.05217391304347826
336,"recent findings recent, cell multi omics, complex microbial, crispr cas based",0.0
336,"related morbidity, stage diagnosis, combination strategies, clinical intervention",0.33043478260869563
336,"role intercellular communication, testicular torsion, nanoparticle tracking analysis, mir 21 5p",0.043478260869565216
336,"therapeutic strategies including, exosomes emerging, epigenetic modulation, solid cancers",0.002173913043478261
336,"transgene expression, metabolite production, study illustrates, precise genome",0.13478260869565217
336,"web science core, mean sd age, research hotspots, 28 day mortality",0.015217391304347825
337,"bla ctx, spectrum lactamase esbl, sequence types sts, coli isolates",0.013043478260869565
337,"details use execution, myosin motors, nascent chain, origin life",0.27608695652173915
337,"editorial emerging, author correction, g2 phase, model pd",0.03260869565217391
337,"fetal liver, stalled replication forks, pulmonary vascular, chromatin state",0.017391304347826087
337,"recent findings recent, cell multi omics, complex microbial, crispr cas based",0.0
337,"related morbidity, stage diagnosis, combination strategies, clinical intervention",0.4652173913043478
337,"role intercellular communication, testicular torsion, nanoparticle tracking analysis, mir 21 5p",0.043478260869565216
337,"therapeutic strategies including, exosomes emerging, epigenetic modulation, solid cancers",0.058695652173913045
337,"transgene expression, metabolite production, study illustrates, precise genome",0.0782608695652174
337,"web science core, mean sd age, research hotspots, 28 day mortality",0.015217391304347825
338,"bla ctx, spectrum lactamase esbl, sequence types sts, coli isolates",0.004347826086956522
338,"details use execution, myosin motors, nascent chain, origin life",0.35217391304347834
338,"editorial emerging, author correction, g2 phase, model pd",0.002173913043478261
338,"fetal liver, stalled replication forks, pulmonary vascular, chromatin state",0.07173913043478261
338,"recent findings recent, cell multi omics, complex microbial, crispr cas based",0.0
338,"related morbidity, stage diagnosis, combination strategies, clinical intervention",0.3652173913043478
338,"role intercellular communication, testicular torsion, nanoparticle tracking analysis, mir 21 5p",0.034782608695652174
338,"therapeutic strategies including, exosomes emerging, epigenetic modulation, solid cancers",0.058695652173913045
338,"transgene expression, metabolite production, study illustrates, precise genome",0.1108695652173913
338,"web science core, mean sd age, research hotspots, 28 day mortality",0.0
339,"bla ctx, spectrum lactamase esbl, sequence types sts, coli isolates",0.010869565217391304
339,"details use execution, myosin motors, nascent chain, origin life",0.32173913043478264
339,"editorial emerging, author correction, g2 phase, model pd",0.021739130434782608
339,"fetal liver, stalled replication forks, pulmonary vascular, chromatin state",0.017391304347826087
339,"recent findings recent, cell multi omics, complex microbial, crispr cas based",0.0
339,"related morbidity, stage diagnosis, combination strategies, clinical intervention",0.47173913043478266
339,"role intercellular communication, testicular torsion, nanoparticle tracking analysis, mir 21 5p",0.043478260869565216
339,"therapeutic strategies including, exosomes emerging, epigenetic modulation, solid cancers",0.03260869565217391
339,"transgene expression, metabolite production, study illustrates, precise genome",0.06521739130434784
339,"web science core, mean sd age, research hotspots, 28 day mortality",0.015217391304347825
340,"bla ctx, spectrum lactamase esbl, sequence types sts, coli isolates",0.010869565217391304
340,"details use execution, myosin motors, nascent chain, origin life",0.26956521739130435
340,"editorial emerging, author correction, g2 phase, model pd",0.03260869565217391
340,"fetal liver, stalled replication forks, pulmonary vascular, chromatin state",0.09782608695652174
340,"recent findings recent, cell multi omics, complex microbial, crispr cas based",0.0
340,"related morbidity, stage diagnosis, combination strategies, clinical intervention",0.41739130434782606
340,"role intercellular communication, testicular torsion, nanoparticle tracking analysis, mir 21 5p",0.008695652173913044
340,"therapeutic strategies including, exosomes emerging, epigenetic modulation, solid cancers",0.01956521739130435
340,"transgene expression, metabolite production, study illustrates, precise genome",0.12826086956521737
340,"web science core, mean sd age, research hotspots, 28 day mortality",0.015217391304347825
341,"bla ctx, spectrum lactamase esbl, sequence types sts, coli isolates",0.015217391304347825
341,"details use execution, myosin motors, nascent chain, origin life",0.3086956521739131
341,"editorial emerging, author correction, g2 phase, model pd",0.0
341,"fetal liver, stalled replication forks, pulmonary vascular, chromatin state",0.09565217391304347
341,"recent findings recent, cell multi omics, complex microbial, crispr cas based",0.0
341,"related morbidity, stage diagnosis, combination strategies, clinical intervention",0.4347826086956521
341,"role intercellular communication, testicular torsion, nanoparticle tracking analysis, mir 21 5p",0.008695652173913044
341,"therapeutic strategies including, exosomes emerging, epigenetic modulation, solid cancers",0.05217391304347826
341,"transgene expression, metabolite production, study illustrates, precise genome",0.06956521739130435
341,"web science core, mean sd age, research hotspots, 28 day mortality",0.015217391304347825
342,"bla ctx, spectrum lactamase esbl, sequence types sts, coli isolates",0.010869565217391304
342,"details use execution, myosin motors, nascent chain, origin life",0.1826086956521739
342,"editorial emerging, author correction, g2 phase, model pd",0.03260869565217391
342,"fetal liver, stalled replication forks, pulmonary vascular, chromatin state",0.10434782608695652
342,"recent findings recent, cell multi omics, complex microbial, crispr cas based",0.0
342,"related morbidity, stage diagnosis, combination strategies, clinical intervention",0.42608695652173906
342,"role intercellular communication, testicular torsion, nanoparticle tracking analysis, mir 21 5p",0.008695652173913044
342,"therapeutic strategies including, exosomes emerging, epigenetic modulation, solid cancers",0.043478260869565216
342,"transgene expression, metabolite production, study illustrates, precise genome",0.1760869565217391
342,"web science core, mean sd age, research hotspots, 28 day mortality",0.015217391304347825
343,"bla ctx, spectrum lactamase esbl, sequence types sts, coli isolates",0.004347826086956522
343,"details use execution, myosin motors, nascent chain, origin life",0.39565217391304347
343,"editorial emerging, author correction, g2 phase, model pd",0.002173913043478261
343,"fetal liver, stalled replication forks, pulmonary vascular, chromatin state",0.02826086956521739
343,"recent findings recent, cell multi omics, complex microbial, crispr cas based",0.0
343,"related morbidity, stage diagnosis, combination strategies, clinical intervention",0.43043478260869567
343,"role intercellular communication, testicular torsion, nanoparticle tracking analysis, mir 21 5p",0.034782608695652174
343,"therapeutic strategies including, exosomes emerging, epigenetic modulation, solid cancers",0.04565217391304348
343,"transgene expression, metabolite production, study illustrates, precise genome",0.058695652173913045
343,"web science core, mean sd age, research hotspots, 28 day mortality",0.0
344,"bla ctx, spectrum lactamase esbl, sequence types sts, coli isolates",0.004347826086956522
344,"details use execution, myosin motors, nascent chain, origin life",0.3847826086956522
344,"editorial emerging, author correction, g2 phase, model pd",0.0
344,"fetal liver, stalled replication forks, pulmonary vascular, chromatin state",0.08260869565217392
344,"recent findings recent, cell multi omics, complex microbial, crispr cas based",0.0
344,"related morbidity, stage diagnosis, combination strategies, clinical intervention",0.39565217391304347
344,"role intercellular communication, testicular torsion, nanoparticle tracking analysis, mir 21 5p",0.002173913043478261
344,"therapeutic strategies including, exosomes emerging, epigenetic modulation, solid cancers",0.05434782608695652
344,"transgene expression, metabolite production, study illustrates, precise genome",0.07608695652173914
344,"web science core, mean sd age, research hotspots, 28 day mortality",0.0
345,"bla ctx, spectrum lactamase esbl, sequence types sts, coli isolates",0.006521739130434784
345,"details use execution, myosin motors, nascent chain, origin life",0.341304347826087
345,"editorial emerging, author correction, g2 phase, model pd",0.02391304347826087
345,"fetal liver, stalled replication forks, pulmonary vascular, chromatin state",0.11304347826086956
345,"recent findings recent, cell multi omics, complex microbial, crispr cas based",0.0
345,"related morbidity, stage diagnosis, combination strategies, clinical intervention",0.358695652173913
345,"role intercellular communication, testicular torsion, nanoparticle tracking analysis, mir 21 5p",0.0
345,"therapeutic strategies including, exosomes emerging, epigenetic modulation, solid cancers",0.006521739130434784
345,"transgene expression, metabolite production, study illustrates, precise genome",0.15
345,"web science core, mean sd age, research hotspots, 28 day mortality",0.0
346,"bla ctx, spectrum lactamase esbl, sequence types sts, coli isolates",0.006521739130434784
346,"details use execution, myosin motors, nascent chain, origin life",0.2543478260869565
346,"editorial emerging, author correction, g2 phase, model pd",0.002173913043478261
346,"fetal liver, stalled replication forks, pulmonary vascular, chromatin state",0.07608695652173914
346,"recent findings recent, cell multi omics, complex microbial, crispr cas based",0.0
346,"related morbidity, stage diagnosis, combination strategies, clinical intervention",0.5021739130434782
346,"role intercellular communication, testicular torsion, nanoparticle tracking analysis, mir 21 5p",0.0
346,"therapeutic strategies including, exosomes emerging, epigenetic modulation, solid cancers",0.03260869565217391
346,"transgene expression, metabolite production, study illustrates, precise genome",0.12608695652173912
346,"web science core, mean sd age, research hotspots, 28 day mortality",0.0
347,"bla ctx, spectrum lactamase esbl, sequence types sts, coli isolates",0.004347826086956522
347,"details use execution, myosin motors, nascent chain, origin life",0.3521739130434782
347,"editorial emerging, author correction, g2 phase, model pd",0.0
347,"fetal liver, stalled replication forks, pulmonary vascular, chromatin state",0.12391304347826089
347,"recent findings recent, cell multi omics, complex microbial, crispr cas based",0.0
347,"related morbidity, stage diagnosis, combination strategies, clinical intervention",0.34782608695652173
347,"role intercellular communication, testicular torsion, nanoparticle tracking analysis, mir 21 5p",0.034782608695652174
347,"therapeutic strategies including, exosomes emerging, epigenetic modulation, solid cancers",0.06956521739130435
347,"transgene expression, metabolite production, study illustrates, precise genome",0.0673913043478261
347,"web science core, mean sd age, research hotspots, 28 day mortality",0.0
348,"bla ctx, spectrum lactamase esbl, sequence types sts, coli isolates",0.008695652173913044
348,"details use execution, myosin motors, nascent chain, origin life",0.35000000000000003
348,"editorial emerging, author correction, g2 phase, model pd",0.0
348,"fetal liver, stalled replication forks, pulmonary vascular, chromatin state",0.09999999999999999
348,"recent findings recent, cell multi omics, complex microbial, crispr cas based",0.0
348,"related morbidity, stage diagnosis, combination strategies, clinical intervention",0.33695652173913043
348,"role intercellular communication, testicular torsion, nanoparticle tracking analysis, mir 21 5p",0.03260869565217391
348,"therapeutic strategies including, exosomes emerging, epigenetic modulation, solid cancers",0.1
348,"transgene expression, metabolite production, study illustrates, precise genome",0.07173913043478261
348,"web science core, mean sd age, research hotspots, 28 day mortality",0.0
349,"bla ctx, spectrum lactamase esbl, sequence types sts, coli isolates",0.02391304347826087
349,"details use execution, myosin motors, nascent chain, origin life",0.3434782608695653
349,"editorial emerging, author correction, g2 phase, model pd",0.021739130434782608
349,"fetal liver, stalled replication forks, pulmonary vascular, chromatin state",0.08260869565217392
349,"recent findings recent, cell multi omics, complex microbial, crispr cas based",0.0
349,"related morbidity, stage diagnosis, combination strategies, clinical intervention",0.36086956521739133
349,"role intercellular communication, testicular torsion, nanoparticle tracking analysis, mir 21 5p",0.008695652173913044
349,"therapeutic strategies including, exosomes emerging, epigenetic modulation, solid cancers",0.017391304347826087
349,"transgene expression, metabolite production, study illustrates, precise genome",0.12608695652173915
349,"web science core, mean sd age, research hotspots, 28 day mortality",0.015217391304347825
350,"bla ctx, spectrum lactamase esbl, sequence types sts, coli isolates",0.015217391304347825
350,"details use execution, myosin motors, nascent chain, origin life",0.3630434782608695
350,"editorial emerging, author correction, g2 phase, model pd",0.02391304347826087
350,"fetal liver, stalled replication forks, pulmonary vascular, chromatin state",0.06956521739130435
350,"recent findings recent, cell multi omics, complex microbial, crispr cas based",0.0
350,"related morbidity, stage diagnosis, combination strategies, clinical intervention",0.29130434782608694
350,"role intercellular communication, testicular torsion, nanoparticle tracking analysis, mir 21 5p",0.04130434782608696
350,"therapeutic strategies including, exosomes emerging, epigenetic modulation, solid cancers",0.05217391304347826
350,"transgene expression, metabolite production, study illustrates, precise genome",0.1282608695652174
350,"web science core, mean sd age, research hotspots, 28 day mortality",0.015217391304347825
351,"bla ctx, spectrum lactamase esbl, sequence types sts, coli isolates",0.008695652173913044
351,"details use execution, myosin motors, nascent chain, origin life",0.42173913043478256
351,"editorial emerging, author correction, g2 phase, model pd",0.002173913043478261
351,"fetal liver, stalled replication forks, pulmonary vascular, chromatin state",0.08043478260869565
351,"recent findings recent, cell multi omics, complex microbial, crispr cas based",0.0
351,"related morbidity, stage diagnosis, combination strategies, clinical intervention",0.30434782608695654
351,"role intercellular communication, testicular torsion, nanoparticle tracking analysis, mir 21 5p",0.004347826086956522
351,"therapeutic strategies including, exosomes emerging, epigenetic modulation, solid cancers",0.05217391304347826
351,"transgene expression, metabolite production, study illustrates, precise genome",0.12608695652173915
351,"web science core, mean sd age, research hotspots, 28 day mortality",0.0
352,"bla ctx, spectrum lactamase esbl, sequence types sts, coli isolates",0.006521739130434782
352,"details use execution, myosin motors, nascent chain, origin life",0.16521739130434784
352,"editorial emerging, author correction, g2 phase, model pd",0.021739130434782608
352,"fetal liver, stalled replication forks, pulmonary vascular, chromatin state",0.1282608695652174
352,"recent findings recent, cell multi omics, complex microbial, crispr cas based",0.0
352,"related morbidity, stage diagnosis, combination strategies, clinical intervention",0.4565217391304347
352,"role intercellular communication, testicular torsion, nanoparticle tracking analysis, mir 21 5p",0.002173913043478261
352,"therapeutic strategies including, exosomes emerging, epigenetic modulation, solid cancers",0.10217391304347827
352,"transgene expression, metabolite production, study illustrates, precise genome",0.11739130434782609
352,"web science core, mean sd age, research hotspots, 28 day mortality",0.0
353,"bla ctx, spectrum lactamase esbl, sequence types sts, coli isolates",0.021739130434782608
353,"details use execution, myosin motors, nascent chain, origin life",0.3130434782608696
353,"editorial emerging, author correction, g2 phase, model pd",0.0
353,"fetal liver, stalled replication forks, pulmonary vascular, chromatin state",0.034782608695652174
353,"recent findings recent, cell multi omics, complex microbial, crispr cas based",0.0
353,"related morbidity, stage diagnosis, combination strategies, clinical intervention",0.46956521739130436
353,"role intercellular communication, testicular torsion, nanoparticle tracking analysis, mir 21 5p",0.04130434782608696
353,"therapeutic strategies including, exosomes emerging, epigenetic modulation, solid cancers",0.013043478260869565
353,"transgene expression, metabolite production, study illustrates, precise genome",0.09130434782608696
353,"web science core, mean sd age, research hotspots, 28 day mortality",0.015217391304347825
354,"bla ctx, spectrum lactamase esbl, sequence types sts, coli isolates",0.019565217391304346
354,"details use execution, myosin motors, nascent chain, origin life",0.3456521739130434
354,"editorial emerging, author correction, g2 phase, model pd",0.05434782608695652
354,"fetal liver, stalled replication forks, pulmonary vascular, chromatin state",0.07391304347826087
354,"recent findings recent, cell multi omics, complex microbial, crispr cas based",0.0
354,"related morbidity, stage diagnosis, combination strategies, clinical intervention",0.32173913043478264
354,"role intercellular communication, testicular torsion, nanoparticle tracking analysis, mir 21 5p",0.010869565217391304
354,"therapeutic strategies including, exosomes emerging, epigenetic modulation, solid cancers",0.02391304347826087
354,"transgene expression, metabolite production, study illustrates, precise genome",0.13478260869565215
354,"web science core, mean sd age, research hotspots, 28 day mortality",0.015217391304347825
355,"bla ctx, spectrum lactamase esbl, sequence types sts, coli isolates",0.008695652173913044
355,"details use execution, myosin motors, nascent chain, origin life",0.391304347826087
355,"editorial emerging, author correction, g2 phase, model pd",0.002173913043478261
355,"fetal liver, stalled replication forks, pulmonary vascular, chromatin state",0.11304347826086955
355,"recent findings recent, cell multi omics, complex microbial, crispr cas based",0.0
355,"related morbidity, stage diagnosis, combination strategies, clinical intervention",0.29130434782608694
355,"role intercellular communication, testicular torsion, nanoparticle tracking analysis, mir 21 5p",0.034782608695652174
355,"therapeutic strategies including, exosomes emerging, epigenetic modulation, solid cancers",0.05217391304347827
355,"transgene expression, metabolite production, study illustrates, precise genome",0.10652173913043476
355,"web science core, mean sd age, research hotspots, 28 day mortality",0.0
356,"bla ctx, spectrum lactamase esbl, sequence types sts, coli isolates",0.006521739130434784
356,"details use execution, myosin motors, nascent chain, origin life",0.25
356,"editorial emerging, author correction, g2 phase, model pd",0.021739130434782608
356,"fetal liver, stalled replication forks, pulmonary vascular, chromatin state",0.08260869565217392
356,"recent findings recent, cell multi omics, complex microbial, crispr cas based",0.0
356,"related morbidity, stage diagnosis, combination strategies, clinical intervention",0.532608695652174
356,"role intercellular communication, testicular torsion, nanoparticle tracking analysis, mir 21 5p",0.004347826086956522
356,"therapeutic strategies including, exosomes emerging, epigenetic modulation, solid cancers",0.03260869565217391
356,"transgene expression, metabolite production, study illustrates, precise genome",0.06956521739130435
356,"web science core, mean sd age, research hotspots, 28 day mortality",0.0
357,"bla ctx, spectrum lactamase esbl, sequence types sts, coli isolates",0.013043478260869565
357,"details use execution, myosin motors, nascent chain, origin life",0.18043478260869567
357,"editorial emerging, author correction, g2 phase, model pd",0.021739130434782608
357,"fetal liver, stalled replication forks, pulmonary vascular, chromatin state",0.04782608695652174
357,"recent findings recent, cell multi omics, complex microbial, crispr cas based",0.0
357,"related morbidity, stage diagnosis, combination strategies, clinical intervention",0.5956521739130435
357,"role intercellular communication, testicular torsion, nanoparticle tracking analysis, mir 21 5p",0.008695652173913044
357,"therapeutic strategies including, exosomes emerging, epigenetic modulation, solid cancers",0.04565217391304348
357,"transgene expression, metabolite production, study illustrates, precise genome",0.07173913043478261
357,"web science core, mean sd age, research hotspots, 28 day mortality",0.015217391304347825
358,"bla ctx, spectrum lactamase esbl, sequence types sts, coli isolates",0.010869565217391304
358,"details use execution, myosin motors, nascent chain, origin life",0.09565217391304348
358,"editorial emerging, author correction, g2 phase, model pd",0.0
358,"fetal liver, stalled replication forks, pulmonary vascular, chromatin state",0.11304347826086955
358,"recent findings recent, cell multi omics, complex microbial, crispr cas based",0.0
358,"related morbidity, stage diagnosis, combination strategies, clinical intervention",0.5282608695652173
358,"role intercellular communication, testicular torsion, nanoparticle tracking analysis, mir 21 5p",0.008695652173913044
358,"therapeutic strategies including, exosomes emerging, epigenetic modulation, solid cancers",0.09130434782608696
358,"transgene expression, metabolite production, study illustrates, precise genome",0.13695652173913042
358,"web science core, mean sd age, research hotspots, 28 day mortality",0.015217391304347825
359,"bla ctx, spectrum lactamase esbl, sequence types sts, coli isolates",0.006521739130434784
359,"details use execution, myosin motors, nascent chain, origin life",0.26304347826086955
359,"editorial emerging, author correction, g2 phase, model pd",0.03260869565217391
359,"fetal liver, stalled replication forks, pulmonary vascular, chromatin state",0.06521739130434782
359,"recent findings recent, cell multi omics, complex microbial, crispr cas based",0.0
359,"related morbidity, stage diagnosis, combination strategies, clinical intervention",0.41956521739130437
359,"role intercellular communication, testicular torsion, nanoparticle tracking analysis, mir 21 5p",0.034782608695652174
359,"therapeutic strategies including, exosomes emerging, epigenetic modulation, solid cancers",0.09782608695652174
359,"transgene expression, metabolite production, study illustrates, precise genome",0.08043478260869566
359,"web science core, mean sd age, research hotspots, 28 day mortality",0.0
360,"bla ctx, spectrum lactamase esbl, sequence types sts, coli isolates",0.004347826086956522
360,"details use execution, myosin motors, nascent chain, origin life",0.38478260869565223
360,"editorial emerging, author correction, g2 phase, model pd",0.03260869565217391
360,"fetal liver, stalled replication forks, pulmonary vascular, chromatin state",0.06956521739130435
360,"recent findings recent, cell multi omics, complex microbial, crispr cas based",0.0
360,"related morbidity, stage diagnosis, combination strategies, clinical intervention",0.3652173913043478
360,"role intercellular communication, testicular torsion, nanoparticle tracking analysis, mir 21 5p",0.002173913043478261
360,"therapeutic strategies including, exosomes emerging, epigenetic modulation, solid cancers",0.02826086956521739
360,"transgene expression, metabolite production, study illustrates, precise genome",0.11304347826086956
360,"web science core, mean sd age, research hotspots, 28 day mortality",0.0
361,"bla ctx, spectrum lactamase esbl, sequence types sts, coli isolates",0.01956521739130435
361,"details use execution, myosin motors, nascent chain, origin life",0.3456521739130435
361,"editorial emerging, author correction, g2 phase, model pd",0.0
361,"fetal liver, stalled replication forks, pulmonary vascular, chromatin state",0.1152173913043478
361,"recent findings recent, cell multi omics, complex microbial, crispr cas based",0.0
361,"related morbidity, stage diagnosis, combination strategies, clinical intervention",0.41086956521739126
361,"role intercellular communication, testicular torsion, nanoparticle tracking analysis, mir 21 5p",0.010869565217391304
361,"therapeutic strategies including, exosomes emerging, epigenetic modulation, solid cancers",0.013043478260869565
361,"transgene expression, metabolite production, study illustrates, precise genome",0.06956521739130435
361,"web science core, mean sd age, research hotspots, 28 day mortality",0.015217391304347825
362,"bla ctx, spectrum lactamase esbl, sequence types sts, coli isolates",0.0
362,"details use execution, myosin motors, nascent chain, origin life",0.2717391304347826
362,"editorial emerging, author correction, g2 phase, model pd",0.021739130434782608
362,"fetal liver, stalled replication forks, pulmonary vascular, chromatin state",0.08260869565217391
362,"recent findings recent, cell multi omics, complex microbial, crispr cas based",0.0
362,"related morbidity, stage diagnosis, combination strategies, clinical intervention",0.4543478260869565
362,"role intercellular communication, testicular torsion, nanoparticle tracking analysis, mir 21 5p",0.03260869565217391
362,"therapeutic strategies including, exosomes emerging, epigenetic modulation, solid cancers",0.0391304347826087
362,"transgene expression, metabolite production, study illustrates, precise genome",0.09782608695652174
362,"web science core, mean sd age, research hotspots, 28 day mortality",0.0
363,"bla ctx, spectrum lactamase esbl, sequence types sts, coli isolates",0.0
363,"details use execution, myosin motors, nascent chain, origin life",0.25869565217391305
363,"editorial emerging, author correction, g2 phase, model pd",0.05434782608695652
363,"fetal liver, stalled replication forks, pulmonary vascular, chromatin state",0.04782608695652174
363,"recent findings recent, cell multi omics, complex microbial, crispr cas based",0.0
363,"related morbidity, stage diagnosis, combination strategies, clinical intervention",0.44130434782608696
363,"role intercellular communication, testicular torsion, nanoparticle tracking analysis, mir 21 5p",0.002173913043478261
363,"therapeutic strategies including, exosomes emerging, epigenetic modulation, solid cancers",0.0782608695652174
363,"transgene expression, metabolite production, study illustrates, precise genome",0.11739130434782608
363,"web science core, mean sd age, research hotspots, 28 day mortality",0.0
364,"bla ctx, spectrum lactamase esbl, sequence types sts, coli isolates",0.015217391304347825
364,"details use execution, myosin motors, nascent chain, origin life",0.2673913043478261
364,"editorial emerging, author correction, g2 phase, model pd",0.0
364,"fetal liver, stalled replication forks, pulmonary vascular, chromatin state",0.09565217391304348
364,"recent findings recent, cell multi omics, complex microbial, crispr cas based",0.0
364,"related morbidity, stage diagnosis, combination strategies, clinical intervention",0.49999999999999994
364,"role intercellular communication, testicular torsion, nanoparticle tracking analysis, mir 21 5p",0.006521739130434782
364,"therapeutic strategies including, exosomes emerging, epigenetic modulation, solid cancers",0.03043478260869565
364,"transgene expression, metabolite production, study illustrates, precise genome",0.06956521739130435
364,"web science core, mean sd age, research hotspots, 28 day mortality",0.015217391304347825
365,"bla ctx, spectrum lactamase esbl, sequence types sts, coli isolates",0.004347826086956522
365,"details use execution, myosin motors, nascent chain, origin life",0.3521739130434782
365,"editorial emerging, author correction, g2 phase, model pd",0.002173913043478261
365,"fetal liver, stalled replication forks, pulmonary vascular, chromatin state",0.07608695652173914
365,"recent findings recent, cell multi omics, complex microbial, crispr cas based",0.0
365,"related morbidity, stage diagnosis, combination strategies, clinical intervention",0.3304347826086956
365,"role intercellular communication, testicular torsion, nanoparticle tracking analysis, mir 21 5p",0.034782608695652174
365,"therapeutic strategies including, exosomes emerging, epigenetic modulation, solid cancers",0.09565217391304348
365,"transgene expression, metabolite production, study illustrates, precise genome",0.10434782608695652
365,"web science core, mean sd age, research hotspots, 28 day mortality",0.0
366,"bla ctx, spectrum lactamase esbl, sequence types sts, coli isolates",0.017391304347826087
366,"details use execution, myosin motors, nascent chain, origin life",0.2
366,"editorial emerging, author correction, g2 phase, model pd",0.002173913043478261
366,"fetal liver, stalled replication forks, pulmonary vascular, chromatin state",0.12826086956521737
366,"recent findings recent, cell multi omics, complex microbial, crispr cas based",0.0
366,"related morbidity, stage diagnosis, combination strategies, clinical intervention",0.49782608695652164
366,"role intercellular communication, testicular torsion, nanoparticle tracking analysis, mir 21 5p",0.0
366,"therapeutic strategies including, exosomes emerging, epigenetic modulation, solid cancers",0.06521739130434782
366,"transgene expression, metabolite production, study illustrates, precise genome",0.0891304347826087
366,"web science core, mean sd age, research hotspots, 28 day mortality",0.0
367,"bla ctx, spectrum lactamase esbl, sequence types sts, coli isolates",0.010869565217391304
367,"details use execution, myosin motors, nascent chain, origin life",0.1391304347826087
367,"editorial emerging, author correction, g2 phase, model pd",0.0
367,"fetal liver, stalled replication forks, pulmonary vascular, chromatin state",0.07391304347826087
367,"recent findings recent, cell multi omics, complex microbial, crispr cas based",0.0
367,"related morbidity, stage diagnosis, combination strategies, clinical intervention",0.4934782608695652
367,"role intercellular communication, testicular torsion, nanoparticle tracking analysis, mir 21 5p",0.008695652173913044
367,"therapeutic strategies including, exosomes emerging, epigenetic modulation, solid cancers",0.10217391304347824
367,"transgene expression, metabolite production, study illustrates, precise genome",0.1565217391304348
367,"web science core, mean sd age, research hotspots, 28 day mortality",0.015217391304347825
368,"bla ctx, spectrum lactamase esbl, sequence types sts, coli isolates",0.008695652173913044
368,"details use execution, myosin motors, nascent chain, origin life",0.2956521739130435
368,"editorial emerging, author correction, g2 phase, model pd",0.034782608695652174
368,"fetal liver, stalled replication forks, pulmonary vascular, chromatin state",0.08695652173913043
368,"recent findings recent, cell multi omics, complex microbial, crispr cas based",0.0
368,"related morbidity, stage diagnosis, combination strategies, clinical intervention",0.3391304347826086
368,"role intercellular communication, testicular torsion, nanoparticle tracking analysis, mir 21 5p",0.0
368,"therapeutic strategies including, exosomes emerging, epigenetic modulation, solid cancers",0.10434782608695654
368,"transgene expression, metabolite production, study illustrates, precise genome",0.13043478260869565
368,"web science core, mean sd age, research hotspots, 28 day mortality",0.0
369,"bla ctx, spectrum lactamase esbl, sequence types sts, coli isolates",0.015217391304347825
369,"details use execution, myosin motors, nascent chain, origin life",0.26521739130434785
369,"editorial emerging, author correction, g2 phase, model pd",0.03260869565217391
369,"fetal liver, stalled replication forks, pulmonary vascular, chromatin state",0.08043478260869566
369,"recent findings recent, cell multi omics, complex microbial, crispr cas based",0.0
369,"related morbidity, stage diagnosis, combination strategies, clinical intervention",0.3804347826086957
369,"role intercellular communication, testicular torsion, nanoparticle tracking analysis, mir 21 5p",0.008695652173913044
369,"therapeutic strategies including, exosomes emerging, epigenetic modulation, solid cancers",0.0782608695652174
369,"transgene expression, metabolite production, study illustrates, precise genome",0.12391304347826085
369,"web science core, mean sd age, research hotspots, 28 day mortality",0.015217391304347825
370,"bla ctx, spectrum lactamase esbl, sequence types sts, coli isolates",0.004347826086956522
370,"details use execution, myosin motors, nascent chain, origin life",0.29782608695652174
370,"editorial emerging, author correction, g2 phase, model pd",0.0
370,"fetal liver, stalled replication forks, pulmonary vascular, chromatin state",0.056521739130434796
370,"recent findings recent, cell multi omics, complex microbial, crispr cas based",0.0
370,"related morbidity, stage diagnosis, combination strategies, clinical intervention",0.5217391304347826
370,"role intercellular communication, testicular torsion, nanoparticle tracking analysis, mir 21 5p",0.002173913043478261
370,"therapeutic strategies including, exosomes emerging, epigenetic modulation, solid cancers",0.04782608695652174
370,"transgene expression, metabolite production, study illustrates, precise genome",0.06956521739130435
370,"web science core, mean sd age, research hotspots, 28 day mortality",0.0
371,"bla ctx, spectrum lactamase esbl, sequence types sts, coli isolates",0.015217391304347825
371,"details use execution, myosin motors, nascent chain, origin life",0.27391304347826084
371,"editorial emerging, author correction, g2 phase, model pd",0.0
371,"fetal liver, stalled replication forks, pulmonary vascular, chromatin state",0.12608695652173912
371,"recent findings recent, cell multi omics, complex microbial, crispr cas based",0.0
371,"related morbidity, stage diagnosis, combination strategies, clinical intervention",0.34782608695652173
371,"role intercellular communication, testicular torsion, nanoparticle tracking analysis, mir 21 5p",0.043478260869565216
371,"therapeutic strategies including, exosomes emerging, epigenetic modulation, solid cancers",0.04782608695652174
371,"transgene expression, metabolite production, study illustrates, precise genome",0.13043478260869565
371,"web science core, mean sd age, research hotspots, 28 day mortality",0.015217391304347825
372,"bla ctx, spectrum lactamase esbl, sequence types sts, coli isolates",0.0
372,"details use execution, myosin motors, nascent chain, origin life",0.3021739130434783
372,"editorial emerging, author correction, g2 phase, model pd",0.0
372,"fetal liver, stalled replication forks, pulmonary vascular, chromatin state",0.11304347826086956
372,"recent findings recent, cell multi omics, complex microbial, crispr cas based",0.0
372,"related morbidity, stage diagnosis, combination strategies, clinical intervention",0.4543478260869565
372,"role intercellular communication, testicular torsion, nanoparticle tracking analysis, mir 21 5p",0.002173913043478261
372,"therapeutic strategies including, exosomes emerging, epigenetic modulation, solid cancers",0.05434782608695652
372,"transgene expression, metabolite production, study illustrates, precise genome",0.07391304347826087
372,"web science core, mean sd age, research hotspots, 28 day mortality",0.0
373,"bla ctx, spectrum lactamase esbl, sequence types sts, coli isolates",0.0
373,"details use execution, myosin motors, nascent chain, origin life",0.21304347826086958
373,"editorial emerging, author correction, g2 phase, model pd",0.034782608695652174
373,"fetal liver, stalled replication forks, pulmonary vascular, chromatin state",0.13695652173913042
373,"recent findings recent, cell multi omics, complex microbial, crispr cas based",0.0
373,"related morbidity, stage diagnosis, combination strategies, clinical intervention",0.44130434782608696
373,"role intercellular communication, testicular torsion, nanoparticle tracking analysis, mir 21 5p",0.004347826086956522
373,"therapeutic strategies including, exosomes emerging, epigenetic modulation, solid cancers",0.058695652173913045
373,"transgene expression, metabolite production, study illustrates, precise genome",0.11086956521739127
373,"web science core, mean sd age, research hotspots, 28 day mortality",0.0
374,"bla ctx, spectrum lactamase esbl, sequence types sts, coli isolates",0.008695652173913044
374,"details use execution, myosin motors, nascent chain, origin life",0.29347826086956524
374,"editorial emerging, author correction, g2 phase, model pd",0.002173913043478261
374,"fetal liver, stalled replication forks, pulmonary vascular, chromatin state",0.09347826086956519
374,"recent findings recent, cell multi omics, complex microbial, crispr cas based",0.0
374,"related morbidity, stage diagnosis, combination strategies, clinical intervention",0.45
374,"role intercellular communication, testicular torsion, nanoparticle tracking analysis, mir 21 5p",0.002173913043478261
374,"therapeutic strategies including, exosomes emerging, epigenetic modulation, solid cancers",0.04565217391304348
374,"transgene expression, metabolite production, study illustrates, precise genome",0.10434782608695652
374,"web science core, mean sd age, research hotspots, 28 day mortality",0.0
375,"bla ctx, spectrum lactamase esbl, sequence types sts, coli isolates",0.008695652173913044
375,"details use execution, myosin motors, nascent chain, origin life",0.21956521739130433
375,"editorial emerging, author correction, g2 phase, model pd",0.021739130434782608
375,"fetal liver, stalled replication forks, pulmonary vascular, chromatin state",0.14130434782608695
375,"recent findings recent, cell multi omics, complex microbial, crispr cas based",0.0
375,"related morbidity, stage diagnosis, combination strategies, clinical intervention",0.36086956521739133
375,"role intercellular communication, testicular torsion, nanoparticle tracking analysis, mir 21 5p",0.03260869565217391
375,"therapeutic strategies including, exosomes emerging, epigenetic modulation, solid cancers",0.06956521739130435
375,"transgene expression, metabolite production, study illustrates, precise genome",0.14565217391304347
375,"web science core, mean sd age, research hotspots, 28 day mortality",0.0
376,"bla ctx, spectrum lactamase esbl, sequence types sts, coli isolates",0.015217391304347825
376,"details use execution, myosin motors, nascent chain, origin life",0.39565217391304347
376,"editorial emerging, author correction, g2 phase, model pd",0.021739130434782608
376,"fetal liver, stalled replication forks, pulmonary vascular, chromatin state",0.0391304347826087
376,"recent findings recent, cell multi omics, complex microbial, crispr cas based",0.0
376,"related morbidity, stage diagnosis, combination strategies, clinical intervention",0.3391304347826087
376,"role intercellular communication, testicular torsion, nanoparticle tracking analysis, mir 21 5p",0.008695652173913044
376,"therapeutic strategies including, exosomes emerging, epigenetic modulation, solid cancers",0.07391304347826087
376,"transgene expression, metabolite production, study illustrates, precise genome",0.09130434782608696
376,"web science core, mean sd age, research hotspots, 28 day mortality",0.015217391304347825
377,"bla ctx, spectrum lactamase esbl, sequence types sts, coli isolates",0.002173913043478261
377,"details use execution, myosin motors, nascent chain, origin life",0.29782608695652174
377,"editorial emerging, author correction, g2 phase, model pd",0.002173913043478261
377,"fetal liver, stalled replication forks, pulmonary vascular, chromatin state",0.11304347826086956
377,"recent findings recent, cell multi omics, complex microbial, crispr cas based",0.0
377,"related morbidity, stage diagnosis, combination strategies, clinical intervention",0.4478260869565217
377,"role intercellular communication, testicular torsion, nanoparticle tracking analysis, mir 21 5p",0.004347826086956522
377,"therapeutic strategies including, exosomes emerging, epigenetic modulation, solid cancers",0.03043478260869565
377,"transgene expression, metabolite production, study illustrates, precise genome",0.10217391304347827
377,"web science core, mean sd age, research hotspots, 28 day mortality",0.0
378,"bla ctx, spectrum lactamase esbl, sequence types sts, coli isolates",0.010869565217391304
378,"details use execution, myosin motors, nascent chain, origin life",0.25
378,"editorial emerging, author correction, g2 phase, model pd",0.0
378,"fetal liver, stalled replication forks, pulmonary vascular, chromatin state",0.07173913043478261
378,"recent findings recent, cell multi omics, complex microbial, crispr cas based",0.0
378,"related morbidity, stage diagnosis, combination strategies, clinical intervention",0.5630434782608696
378,"role intercellular communication, testicular torsion, nanoparticle tracking analysis, mir 21 5p",0.0
378,"therapeutic strategies including, exosomes emerging, epigenetic modulation, solid cancers",0.054347826086956534
378,"transgene expression, metabolite production, study illustrates, precise genome",0.049999999999999996
378,"web science core, mean sd age, research hotspots, 28 day mortality",0.0
379,"bla ctx, spectrum lactamase esbl, sequence types sts, coli isolates",0.017391304347826087
379,"details use execution, myosin motors, nascent chain, origin life",0.2739130434782609
379,"editorial emerging, author correction, g2 phase, model pd",0.05434782608695652
379,"fetal liver, stalled replication forks, pulmonary vascular, chromatin state",0.02826086956521739
379,"recent findings recent, cell multi omics, complex microbial, crispr cas based",0.0
379,"related morbidity, stage diagnosis, combination strategies, clinical intervention",0.35652173913043483
379,"role intercellular communication, testicular torsion, nanoparticle tracking analysis, mir 21 5p",0.041304347826086954
379,"therapeutic strategies including, exosomes emerging, epigenetic modulation, solid cancers",0.04782608695652174
379,"transgene expression, metabolite production, study illustrates, precise genome",0.16521739130434784
379,"web science core, mean sd age, research hotspots, 28 day mortality",0.015217391304347825
380,"bla ctx, spectrum lactamase esbl, sequence types sts, coli isolates",0.002173913043478261
380,"details use execution, myosin motors, nascent chain, origin life",0.3456521739130435
380,"editorial emerging, author correction, g2 phase, model pd",0.05434782608695652
380,"fetal liver, stalled replication forks, pulmonary vascular, chromatin state",0.09565217391304348
380,"recent findings recent, cell multi omics, complex microbial, crispr cas based",0.0
380,"related morbidity, stage diagnosis, combination strategies, clinical intervention",0.3652173913043478
380,"role intercellular communication, testicular torsion, nanoparticle tracking analysis, mir 21 5p",0.0
380,"therapeutic strategies including, exosomes emerging, epigenetic modulation, solid cancers",0.043478260869565216
380,"transgene expression, metabolite production, study illustrates, precise genome",0.09347826086956522
380,"web science core, mean sd age, research hotspots, 28 day mortality",0.0
381,"bla ctx, spectrum lactamase esbl, sequence types sts, coli isolates",0.010869565217391304
381,"details use execution, myosin motors, nascent chain, origin life",0.20652173913043478
381,"editorial emerging, author correction, g2 phase, model pd",0.03260869565217391
381,"fetal liver, stalled replication forks, pulmonary vascular, chromatin state",0.14130434782608695
381,"recent findings recent, cell multi omics, complex microbial, crispr cas based",0.0
381,"related morbidity, stage diagnosis, combination strategies, clinical intervention",0.42826086956521736
381,"role intercellular communication, testicular torsion, nanoparticle tracking analysis, mir 21 5p",0.0
381,"therapeutic strategies including, exosomes emerging, epigenetic modulation, solid cancers",0.06956521739130435
381,"transgene expression, metabolite production, study illustrates, precise genome",0.1108695652173913
381,"web science core, mean sd age, research hotspots, 28 day mortality",0.0
382,"bla ctx, spectrum lactamase esbl, sequence types sts, coli isolates",0.006521739130434784
382,"details use execution, myosin motors, nascent chain, origin life",0.3391304347826087
382,"editorial emerging, author correction, g2 phase, model pd",0.034782608695652174
382,"fetal liver, stalled replication forks, pulmonary vascular, chromatin state",0.06304347826086956
382,"recent findings recent, cell multi omics, complex microbial, crispr cas based",0.0
382,"related morbidity, stage diagnosis, combination strategies, clinical intervention",0.43695652173913047
382,"role intercellular communication, testicular torsion, nanoparticle tracking analysis, mir 21 5p",0.002173913043478261
382,"therapeutic strategies including, exosomes emerging, epigenetic modulation, solid cancers",0.04782608695652174
382,"transgene expression, metabolite production, study illustrates, precise genome",0.06956521739130435
382,"web science core, mean sd age, research hotspots, 28 day mortality",0.0
383,"bla ctx, spectrum lactamase esbl, sequence types sts, coli isolates",0.0
383,"details use execution, myosin motors, nascent chain, origin life",0.22608695652173913
383,"editorial emerging, author correction, g2 phase, model pd",0.002173913043478261
383,"fetal liver, stalled replication forks, pulmonary vascular, chromatin state",0.0891304347826087
383,"recent findings recent, cell multi omics, complex microbial, crispr cas based",0.0
383,"related morbidity, stage diagnosis, combination strategies, clinical intervention",0.45869565217391306
383,"role intercellular communication, testicular torsion, nanoparticle tracking analysis, mir 21 5p",0.034782608695652174
383,"therapeutic strategies including, exosomes emerging, epigenetic modulation, solid cancers",0.05217391304347826
383,"transgene expression, metabolite production, study illustrates, precise genome",0.13695652173913045
383,"web science core, mean sd age, research hotspots, 28 day mortality",0.0
384,"bla ctx, spectrum lactamase esbl, sequence types sts, coli isolates",0.010869565217391304
384,"details use execution, myosin motors, nascent chain, origin life",0.2391304347826087
384,"editorial emerging, author correction, g2 phase, model pd",0.03260869565217391
384,"fetal liver, stalled replication forks, pulmonary vascular, chromatin state",0.04565217391304348
384,"recent findings recent, cell multi omics, complex microbial, crispr cas based",0.0
384,"related morbidity, stage diagnosis, combination strategies, clinical intervention",0.4499999999999999
384,"role intercellular communication, testicular torsion, nanoparticle tracking analysis, mir 21 5p",0.0391304347826087
384,"therapeutic strategies including, exosomes emerging, epigenetic modulation, solid cancers",0.03260869565217391
384,"transgene expression, metabolite production, study illustrates, precise genome",0.13478260869565215
384,"web science core, mean sd age, research hotspots, 28 day mortality",0.015217391304347825
385,"bla ctx, spectrum lactamase esbl, sequence types sts, coli isolates",0.021739130434782608
385,"details use execution, myosin motors, nascent chain, origin life",0.21521739130434783
385,"editorial emerging, author correction, g2 phase, model pd",0.02391304347826087
385,"fetal liver, stalled replication forks, pulmonary vascular, chromatin state",0.11304347826086956
385,"recent findings recent, cell multi omics, complex microbial, crispr cas based",0.0
385,"related morbidity, stage diagnosis, combination strategies, clinical intervention",0.4869565217391304
385,"role intercellular communication, testicular torsion, nanoparticle tracking analysis, mir 21 5p",0.008695652173913044
385,"therapeutic strategies including, exosomes emerging, epigenetic modulation, solid cancers",0.013043478260869565
385,"transgene expression, metabolite production, study illustrates, precise genome",0.10217391304347824
385,"web science core, mean sd age, research hotspots, 28 day mortality",0.015217391304347825
386,"bla ctx, spectrum lactamase esbl, sequence types sts, coli isolates",0.015217391304347825
386,"details use execution, myosin motors, nascent chain, origin life",0.3521739130434782
386,"editorial emerging, author correction, g2 phase, model pd",0.0
386,"fetal liver, stalled replication forks, pulmonary vascular, chromatin state",0.06086956521739131
386,"recent findings recent, cell multi omics, complex microbial, crispr cas based",0.0
386,"related morbidity, stage diagnosis, combination strategies, clinical intervention",0.41521739130434787
386,"role intercellular communication, testicular torsion, nanoparticle tracking analysis, mir 21 5p",0.008695652173913044
386,"therapeutic strategies including, exosomes emerging, epigenetic modulation, solid cancers",0.03695652173913043
386,"transgene expression, metabolite production, study illustrates, precise genome",0.09565217391304347
386,"web science core, mean sd age, research hotspots, 28 day mortality",0.015217391304347825
387,"bla ctx, spectrum lactamase esbl, sequence types sts, coli isolates",0.004347826086956522
387,"details use execution, myosin motors, nascent chain, origin life",0.35217391304347834
387,"editorial emerging, author correction, g2 phase, model pd",0.002173913043478261
387,"fetal liver, stalled replication forks, pulmonary vascular, chromatin state",0.0782608695652174
387,"recent findings recent, cell multi omics, complex microbial, crispr cas based",0.0
387,"related morbidity, stage diagnosis, combination strategies, clinical intervention",0.3978260869565218
387,"role intercellular communication, testicular torsion, nanoparticle tracking analysis, mir 21 5p",0.034782608695652174
387,"therapeutic strategies including, exosomes emerging, epigenetic modulation, solid cancers",0.043478260869565216
387,"transgene expression, metabolite production, study illustrates, precise genome",0.08695652173913043
387,"web science core, mean sd age, research hotspots, 28 day mortality",0.0
388,"bla ctx, spectrum lactamase esbl, sequence types sts, coli isolates",0.010869565217391304
388,"details use execution, myosin motors, nascent chain, origin life",0.22608695652173913
388,"editorial emerging, author correction, g2 phase, model pd",0.05434782608695652
388,"fetal liver, stalled replication forks, pulmonary vascular, chromatin state",0.08478260869565218
388,"recent findings recent, cell multi omics, complex microbial, crispr cas based",0.0
388,"related morbidity, stage diagnosis, combination strategies, clinical intervention",0.4630434782608695
388,"role intercellular communication, testicular torsion, nanoparticle tracking analysis, mir 21 5p",0.008695652173913044
388,"therapeutic strategies including, exosomes emerging, epigenetic modulation, solid cancers",0.043478260869565216
388,"transgene expression, metabolite production, study illustrates, precise genome",0.09347826086956522
388,"web science core, mean sd age, research hotspots, 28 day mortality",0.015217391304347825
389,"bla ctx, spectrum lactamase esbl, sequence types sts, coli isolates",0.013043478260869565
389,"details use execution, myosin motors, nascent chain, origin life",0.17173913043478262
389,"editorial emerging, author correction, g2 phase, model pd",0.05434782608695652
389,"fetal liver, stalled replication forks, pulmonary vascular, chromatin state",0.15869565217391304
389,"recent findings recent, cell multi omics, complex microbial, crispr cas based",0.0
389,"related morbidity, stage diagnosis, combination strategies, clinical intervention",0.3760869565217391
389,"role intercellular communication, testicular torsion, nanoparticle tracking analysis, mir 21 5p",0.03260869565217391
389,"therapeutic strategies including, exosomes emerging, epigenetic modulation, solid cancers",0.006521739130434784
389,"transgene expression, metabolite production, study illustrates, precise genome",0.18695652173913038
389,"web science core, mean sd age, research hotspots, 28 day mortality",0.0
390,"bla ctx, spectrum lactamase esbl, sequence types sts, coli isolates",0.015217391304347825
390,"details use execution, myosin motors, nascent chain, origin life",0.3869565217391305
390,"editorial emerging, author correction, g2 phase, model pd",0.034782608695652174
390,"fetal liver, stalled replication forks, pulmonary vascular, chromatin state",0.0608695652173913
390,"recent findings recent, cell multi omics, complex microbial, crispr cas based",0.0
390,"related morbidity, stage diagnosis, combination strategies, clinical intervention",0.31521739130434784
390,"role intercellular communication, testicular torsion, nanoparticle tracking analysis, mir 21 5p",0.03260869565217391
390,"therapeutic strategies including, exosomes emerging, epigenetic modulation, solid cancers",0.08695652173913043
390,"transgene expression, metabolite production, study illustrates, precise genome",0.06739130434782607
390,"web science core, mean sd age, research hotspots, 28 day mortality",0.0
391,"bla ctx, spectrum lactamase esbl, sequence types sts, coli isolates",0.004347826086956522
391,"details use execution, myosin motors, nascent chain, origin life",0.2673913043478261
391,"editorial emerging, author correction, g2 phase, model pd",0.0
391,"fetal liver, stalled replication forks, pulmonary vascular, chromatin state",0.08478260869565217
391,"recent findings recent, cell multi omics, complex microbial, crispr cas based",0.0
391,"related morbidity, stage diagnosis, combination strategies, clinical intervention",0.44782608695652176
391,"role intercellular communication, testicular torsion, nanoparticle tracking analysis, mir 21 5p",0.03260869565217391
391,"therapeutic strategies including, exosomes emerging, epigenetic modulation, solid cancers",0.04130434782608696
391,"transgene expression, metabolite production, study illustrates, precise genome",0.1217391304347826
391,"web science core, mean sd age, research hotspots, 28 day mortality",0.0
392,"bla ctx, spectrum lactamase esbl, sequence types sts, coli isolates",0.015217391304347825
392,"details use execution, myosin motors, nascent chain, origin life",0.26304347826086955
392,"editorial emerging, author correction, g2 phase, model pd",0.021739130434782608
392,"fetal liver, stalled replication forks, pulmonary vascular, chromatin state",0.0782608695652174
392,"recent findings recent, cell multi omics, complex microbial, crispr cas based",0.0
392,"related morbidity, stage diagnosis, combination strategies, clinical intervention",0.39347826086956517
392,"role intercellular communication, testicular torsion, nanoparticle tracking analysis, mir 21 5p",0.010869565217391304
392,"therapeutic strategies including, exosomes emerging, epigenetic modulation, solid cancers",0.08695652173913043
392,"transgene expression, metabolite production, study illustrates, precise genome",0.11521739130434783
392,"web science core, mean sd age, research hotspots, 28 day mortality",0.015217391304347825
393,"bla ctx, spectrum lactamase esbl, sequence types sts, coli isolates",0.006521739130434782
393,"details use execution, myosin motors, nascent chain, origin life",0.29347826086956524
393,"editorial emerging, author correction, g2 phase, model pd",0.0
393,"fetal liver, stalled replication forks, pulmonary vascular, chromatin state",0.1217391304347826
393,"recent findings recent, cell multi omics, complex microbial, crispr cas based",0.0
393,"related morbidity, stage diagnosis, combination strategies, clinical intervention",0.35
393,"role intercellular communication, testicular torsion, nanoparticle tracking analysis, mir 21 5p",0.004347826086956522
393,"therapeutic strategies including, exosomes emerging, epigenetic modulation, solid cancers",0.0891304347826087
393,"transgene expression, metabolite production, study illustrates, precise genome",0.13478260869565215
393,"web science core, mean sd age, research hotspots, 28 day mortality",0.0
394,"bla ctx, spectrum lactamase esbl, sequence types sts, coli isolates",0.013043478260869565
394,"details use execution, myosin motors, nascent chain, origin life",0.2673913043478261
394,"editorial emerging, author correction, g2 phase, model pd",0.0
394,"fetal liver, stalled replication forks, pulmonary vascular, chromatin state",0.12173913043478261
394,"recent findings recent, cell multi omics, complex microbial, crispr cas based",0.0
394,"related morbidity, stage diagnosis, combination strategies, clinical intervention",0.3565217391304348
394,"role intercellular communication, testicular torsion, nanoparticle tracking analysis, mir 21 5p",0.008695652173913044
394,"therapeutic strategies including, exosomes emerging, epigenetic modulation, solid cancers",0.10869565217391304
394,"transgene expression, metabolite production, study illustrates, precise genome",0.10869565217391303
394,"web science core, mean sd age, research hotspots, 28 day mortality",0.015217391304347825
395,"bla ctx, spectrum lactamase esbl, sequence types sts, coli isolates",0.0
395,"details use execution, myosin motors, nascent chain, origin life",0.1826086956521739
395,"editorial emerging, author correction, g2 phase, model pd",0.0
395,"fetal liver, stalled replication forks, pulmonary vascular, chromatin state",0.03043478260869566
395,"recent findings recent, cell multi omics, complex microbial, crispr cas based",0.0
395,"related morbidity, stage diagnosis, combination strategies, clinical intervention",0.5869565217391305
395,"role intercellular communication, testicular torsion, nanoparticle tracking analysis, mir 21 5p",0.034782608695652174
395,"therapeutic strategies including, exosomes emerging, epigenetic modulation, solid cancers",0.0608695652173913
395,"transgene expression, metabolite production, study illustrates, precise genome",0.10434782608695652
395,"web science core, mean sd age, research hotspots, 28 day mortality",0.0
396,"bla ctx, spectrum lactamase esbl, sequence types sts, coli isolates",0.0
396,"details use execution, myosin motors, nascent chain, origin life",0.43043478260869567
396,"editorial emerging, author correction, g2 phase, model pd",0.021739130434782608
396,"fetal liver, stalled replication forks, pulmonary vascular, chromatin state",0.08478260869565218
396,"recent findings recent, cell multi omics, complex microbial, crispr cas based",0.0
396,"related morbidity, stage diagnosis, combination strategies, clinical intervention",0.2782608695652174
396,"role intercellular communication, testicular torsion, nanoparticle tracking analysis, mir 21 5p",0.004347826086956522
396,"therapeutic strategies including, exosomes emerging, epigenetic modulation, solid cancers",0.07173913043478261
396,"transgene expression, metabolite production, study illustrates, precise genome",0.10869565217391304
396,"web science core, mean sd age, research hotspots, 28 day mortality",0.0
397,"bla ctx, spectrum lactamase esbl, sequence types sts, coli isolates",0.002173913043478261
397,"details use execution, myosin motors, nascent chain, origin life",0.26956521739130435
397,"editorial emerging, author correction, g2 phase, model pd",0.0
397,"fetal liver, stalled replication forks, pulmonary vascular, chromatin state",0.11086956521739127
397,"recent findings recent, cell multi omics, complex microbial, crispr cas based",0.0
397,"related morbidity, stage diagnosis, combination strategies, clinical intervention",0.3717391304347826
397,"role intercellular communication, testicular torsion, nanoparticle tracking analysis, mir 21 5p",0.03260869565217391
397,"therapeutic strategies including, exosomes emerging, epigenetic modulation, solid cancers",0.1108695652173913
397,"transgene expression, metabolite production, study illustrates, precise genome",0.10217391304347824
397,"web science core, mean sd age, research hotspots, 28 day mortality",0.0
398,"bla ctx, spectrum lactamase esbl, sequence types sts, coli isolates",0.010869565217391304
398,"details use execution, myosin motors, nascent chain, origin life",0.3326086956521739
398,"editorial emerging, author correction, g2 phase, model pd",0.0
398,"fetal liver, stalled replication forks, pulmonary vascular, chromatin state",0.07173913043478261
398,"recent findings recent, cell multi omics, complex microbial, crispr cas based",0.0
398,"related morbidity, stage diagnosis, combination strategies, clinical intervention",0.44565217391304346
398,"role intercellular communication, testicular torsion, nanoparticle tracking analysis, mir 21 5p",0.004347826086956522
398,"therapeutic strategies including, exosomes emerging, epigenetic modulation, solid cancers",0.04565217391304348
398,"transgene expression, metabolite production, study illustrates, precise genome",0.0891304347826087
398,"web science core, mean sd age, research hotspots, 28 day mortality",0.0
399,"bla ctx, spectrum lactamase esbl, sequence types sts, coli isolates",0.017391304347826087
399,"details use execution, myosin motors, nascent chain, origin life",0.26304347826086955
399,"editorial emerging, author correction, g2 phase, model pd",0.0
399,"fetal liver, stalled replication forks, pulmonary vascular, chromatin state",0.12173913043478261
399,"recent findings recent, cell multi omics, complex microbial, crispr cas based",0.0
399,"related morbidity, stage diagnosis, combination strategies, clinical intervention",0.40217391304347827
399,"role intercellular communication, testicular torsion, nanoparticle tracking analysis, mir 21 5p",0.008695652173913044
399,"therapeutic strategies including, exosomes emerging, epigenetic modulation, solid cancers",0.05652173913043478
399,"transgene expression, metabolite production, study illustrates, precise genome",0.1152173913043478
399,"web science core, mean sd age, research hotspots, 28 day mortality",0.015217391304347825
400,"bla ctx, spectrum lactamase esbl, sequence types sts, coli isolates",0.015217391304347825
400,"details use execution, myosin motors, nascent chain, origin life",0.19130434782608696
400,"editorial emerging, author correction, g2 phase, model pd",0.021739130434782608
400,"fetal liver, stalled replication forks, pulmonary vascular, chromatin state",0.09999999999999999
400,"recent findings recent, cell multi omics, complex microbial, crispr cas based",0.0
400,"related morbidity, stage diagnosis, combination strategies, clinical intervention",0.4847826086956522
400,"role intercellular communication, testicular torsion, nanoparticle tracking analysis, mir 21 5p",0.0391304347826087
400,"therapeutic strategies including, exosomes emerging, epigenetic modulation, solid cancers",0.02391304347826087
400,"transgene expression, metabolite production, study illustrates, precise genome",0.10869565217391303
400,"web science core, mean sd age, research hotspots, 28 day mortality",0.015217391304347825
401,"bla ctx, spectrum lactamase esbl, sequence types sts, coli isolates",0.002173913043478261
401,"details use execution, myosin motors, nascent chain, origin life",0.21521739130434783
401,"editorial emerging, author correction, g2 phase, model pd",0.0
401,"fetal liver, stalled replication forks, pulmonary vascular, chromatin state",0.1217391304347826
401,"recent findings recent, cell multi omics, complex microbial, crispr cas based",0.0
401,"related morbidity, stage diagnosis, combination strategies, clinical intervention",0.5043478260869564
401,"role intercellular communication, testicular torsion, nanoparticle tracking analysis, mir 21 5p",0.0
401,"therapeutic strategies including, exosomes emerging, epigenetic modulation, solid cancers",0.049999999999999996
401,"transgene expression, metabolite production, study illustrates, precise genome",0.10652173913043479
401,"web science core, mean sd age, research hotspots, 28 day mortality",0.0
402,"bla ctx, spectrum lactamase esbl, sequence types sts, coli isolates",0.002173913043478261
402,"details use execution, myosin motors, nascent chain, origin life",0.3456521739130435
402,"editorial emerging, author correction, g2 phase, model pd",0.034782608695652174
402,"fetal liver, stalled replication forks, pulmonary vascular, chromatin state",0.05217391304347827
402,"recent findings recent, cell multi omics, complex microbial, crispr cas based",0.0
402,"related morbidity, stage diagnosis, combination strategies, clinical intervention",0.40652173913043477
402,"role intercellular communication, testicular torsion, nanoparticle tracking analysis, mir 21 5p",0.0
402,"therapeutic strategies including, exosomes emerging, epigenetic modulation, solid cancers",0.043478260869565216
402,"transgene expression, metabolite production, study illustrates, precise genome",0.11521739130434783
402,"web science core, mean sd age, research hotspots, 28 day mortality",0.0
403,"bla ctx, spectrum lactamase esbl, sequence types sts, coli isolates",0.017391304347826087
403,"details use execution, myosin motors, nascent chain, origin life",0.27391304347826084
403,"editorial emerging, author correction, g2 phase, model pd",0.02391304347826087
403,"fetal liver, stalled replication forks, pulmonary vascular, chromatin state",0.08043478260869566
403,"recent findings recent, cell multi omics, complex microbial, crispr cas based",0.0
403,"related morbidity, stage diagnosis, combination strategies, clinical intervention",0.42826086956521736
403,"role intercellular communication, testicular torsion, nanoparticle tracking analysis, mir 21 5p",0.04130434782608696
403,"therapeutic strategies including, exosomes emerging, epigenetic modulation, solid cancers",0.019565217391304346
403,"transgene expression, metabolite production, study illustrates, precise genome",0.09999999999999998
403,"web science core, mean sd age, research hotspots, 28 day mortality",0.015217391304347825
404,"bla ctx, spectrum lactamase esbl, sequence types sts, coli isolates",0.006521739130434784
404,"details use execution, myosin motors, nascent chain, origin life",0.2630434782608696
404,"editorial emerging, author correction, g2 phase, model pd",0.0
404,"fetal liver, stalled replication forks, pulmonary vascular, chromatin state",0.09999999999999999
404,"recent findings recent, cell multi omics, complex microbial, crispr cas based",0.0
404,"related morbidity, stage diagnosis, combination strategies, clinical intervention",0.3978260869565218
404,"role intercellular communication, testicular torsion, nanoparticle tracking analysis, mir 21 5p",0.034782608695652174
404,"therapeutic strategies including, exosomes emerging, epigenetic modulation, solid cancers",0.08913043478260871
404,"transgene expression, metabolite production, study illustrates, precise genome",0.10869565217391304
404,"web science core, mean sd age, research hotspots, 28 day mortality",0.0
405,"bla ctx, spectrum lactamase esbl, sequence types sts, coli isolates",0.004347826086956522
405,"details use execution, myosin motors, nascent chain, origin life",0.44130434782608696
405,"editorial emerging, author correction, g2 phase, model pd",0.002173913043478261
405,"fetal liver, stalled replication forks, pulmonary vascular, chromatin state",0.07608695652173914
405,"recent findings recent, cell multi omics, complex microbial, crispr cas based",0.0
405,"related morbidity, stage diagnosis, combination strategies, clinical intervention",0.3217391304347826
405,"role intercellular communication, testicular torsion, nanoparticle tracking analysis, mir 21 5p",0.03260869565217391
405,"therapeutic strategies including, exosomes emerging, epigenetic modulation, solid cancers",0.03695652173913044
405,"transgene expression, metabolite production, study illustrates, precise genome",0.08478260869565218
405,"web science core, mean sd age, research hotspots, 28 day mortality",0.0
406,"bla ctx, spectrum lactamase esbl, sequence types sts, coli isolates",0.0
406,"details use execution, myosin motors, nascent chain, origin life",0.21304347826086958
406,"editorial emerging, author correction, g2 phase, model pd",0.002173913043478261
406,"fetal liver, stalled replication forks, pulmonary vascular, chromatin state",0.10434782608695652
406,"recent findings recent, cell multi omics, complex microbial, crispr cas based",0.0
406,"related morbidity, stage diagnosis, combination strategies, clinical intervention",0.5173913043478261
406,"role intercellular communication, testicular torsion, nanoparticle tracking analysis, mir 21 5p",0.004347826086956522
406,"therapeutic strategies including, exosomes emerging, epigenetic modulation, solid cancers",0.09999999999999999
406,"transgene expression, metabolite production, study illustrates, precise genome",0.05869565217391304
406,"web science core, mean sd age, research hotspots, 28 day mortality",0.0
407,"bla ctx, spectrum lactamase esbl, sequence types sts, coli isolates",0.013043478260869565
407,"details use execution, myosin motors, nascent chain, origin life",0.2673913043478261
407,"editorial emerging, author correction, g2 phase, model pd",0.03260869565217391
407,"fetal liver, stalled replication forks, pulmonary vascular, chromatin state",0.058695652173913045
407,"recent findings recent, cell multi omics, complex microbial, crispr cas based",0.0
407,"related morbidity, stage diagnosis, combination strategies, clinical intervention",0.4739130434782609
407,"role intercellular communication, testicular torsion, nanoparticle tracking analysis, mir 21 5p",0.008695652173913044
407,"therapeutic strategies including, exosomes emerging, epigenetic modulation, solid cancers",0.05217391304347826
407,"transgene expression, metabolite production, study illustrates, precise genome",0.07826086956521738
407,"web science core, mean sd age, research hotspots, 28 day mortality",0.015217391304347825
408,"bla ctx, spectrum lactamase esbl, sequence types sts, coli isolates",0.0
408,"details use execution, myosin motors, nascent chain, origin life",0.22391304347826088
408,"editorial emerging, author correction, g2 phase, model pd",0.0
408,"fetal liver, stalled replication forks, pulmonary vascular, chromatin state",0.07173913043478261
408,"recent findings recent, cell multi omics, complex microbial, crispr cas based",0.0
408,"related morbidity, stage diagnosis, combination strategies, clinical intervention",0.5347826086956522
408,"role intercellular communication, testicular torsion, nanoparticle tracking analysis, mir 21 5p",0.03695652173913044
408,"therapeutic strategies including, exosomes emerging, epigenetic modulation, solid cancers",0.09999999999999999
408,"transgene expression, metabolite production, study illustrates, precise genome",0.03260869565217391
408,"web science core, mean sd age, research hotspots, 28 day mortality",0.0
409,"bla ctx, spectrum lactamase esbl, sequence types sts, coli isolates",0.008695652173913044
409,"details use execution, myosin motors, nascent chain, origin life",0.4369565217391304
409,"editorial emerging, author correction, g2 phase, model pd",0.021739130434782608
409,"fetal liver, stalled replication forks, pulmonary vascular, chromatin state",0.05869565217391304
409,"recent findings recent, cell multi omics, complex microbial, crispr cas based",0.0
409,"related morbidity, stage diagnosis, combination strategies, clinical intervention",0.24130434782608695
409,"role intercellular communication, testicular torsion, nanoparticle tracking analysis, mir 21 5p",0.03260869565217391
409,"therapeutic strategies including, exosomes emerging, epigenetic modulation, solid cancers",0.034782608695652174
409,"transgene expression, metabolite production, study illustrates, precise genome",0.16521739130434784
409,"web science core, mean sd age, research hotspots, 28 day mortality",0.0
410,"bla ctx, spectrum lactamase esbl, sequence types sts, coli isolates",0.015217391304347825
410,"details use execution, myosin motors, nascent chain, origin life",0.3847826086956522
410,"editorial emerging, author correction, g2 phase, model pd",0.002173913043478261
410,"fetal liver, stalled replication forks, pulmonary vascular, chromatin state",0.10652173913043476
410,"recent findings recent, cell multi omics, complex microbial, crispr cas based",0.0
410,"related morbidity, stage diagnosis, combination strategies, clinical intervention",0.33043478260869563
410,"role intercellular communication, testicular torsion, nanoparticle tracking analysis, mir 21 5p",0.034782608695652174
410,"therapeutic strategies including, exosomes emerging, epigenetic modulation, solid cancers",0.034782608695652174
410,"transgene expression, metabolite production, study illustrates, precise genome",0.09130434782608696
410,"web science core, mean sd age, research hotspots, 28 day mortality",0.0
411,"bla ctx, spectrum lactamase esbl, sequence types sts, coli isolates",0.002173913043478261
411,"details use execution, myosin motors, nascent chain, origin life",0.3021739130434783
411,"editorial emerging, author correction, g2 phase, model pd",0.021739130434782608
411,"fetal liver, stalled replication forks, pulmonary vascular, chromatin state",0.1565217391304348
411,"recent findings recent, cell multi omics, complex microbial, crispr cas based",0.0
411,"related morbidity, stage diagnosis, combination strategies, clinical intervention",0.3521739130434782
411,"role intercellular communication, testicular torsion, nanoparticle tracking analysis, mir 21 5p",0.0
411,"therapeutic strategies including, exosomes emerging, epigenetic modulation, solid cancers",0.021739130434782605
411,"transgene expression, metabolite production, study illustrates, precise genome",0.14347826086956522
411,"web science core, mean sd age, research hotspots, 28 day mortality",0.0
412,"bla ctx, spectrum lactamase esbl, sequence types sts, coli isolates",0.010869565217391304
412,"details use execution, myosin motors, nascent chain, origin life",0.1826086956521739
412,"editorial emerging, author correction, g2 phase, model pd",0.002173913043478261
412,"fetal liver, stalled replication forks, pulmonary vascular, chromatin state",0.1152173913043478
412,"recent findings recent, cell multi omics, complex microbial, crispr cas based",0.0
412,"related morbidity, stage diagnosis, combination strategies, clinical intervention",0.5
412,"role intercellular communication, testicular torsion, nanoparticle tracking analysis, mir 21 5p",0.008695652173913044
412,"therapeutic strategies including, exosomes emerging, epigenetic modulation, solid cancers",0.05434782608695652
412,"transgene expression, metabolite production, study illustrates, precise genome",0.11086956521739132
412,"web science core, mean sd age, research hotspots, 28 day mortality",0.015217391304347825
413,"bla ctx, spectrum lactamase esbl, sequence types sts, coli isolates",0.010869565217391304
413,"details use execution, myosin motors, nascent chain, origin life",0.21521739130434783
413,"editorial emerging, author correction, g2 phase, model pd",0.0
413,"fetal liver, stalled replication forks, pulmonary vascular, chromatin state",0.1565217391304348
413,"recent findings recent, cell multi omics, complex microbial, crispr cas based",0.0
413,"related morbidity, stage diagnosis, combination strategies, clinical intervention",0.3978260869565218
413,"role intercellular communication, testicular torsion, nanoparticle tracking analysis, mir 21 5p",0.034782608695652174
413,"therapeutic strategies including, exosomes emerging, epigenetic modulation, solid cancers",0.041304347826086954
413,"transgene expression, metabolite production, study illustrates, precise genome",0.14347826086956522
413,"web science core, mean sd age, research hotspots, 28 day mortality",0.0
414,"bla ctx, spectrum lactamase esbl, sequence types sts, coli isolates",0.008695652173913044
414,"details use execution, myosin motors, nascent chain, origin life",0.34782608695652173
414,"editorial emerging, author correction, g2 phase, model pd",0.021739130434782608
414,"fetal liver, stalled replication forks, pulmonary vascular, chromatin state",0.09565217391304347
414,"recent findings recent, cell multi omics, complex microbial, crispr cas based",0.0
414,"related morbidity, stage diagnosis, combination strategies, clinical intervention",0.3673913043478261
414,"role intercellular communication, testicular torsion, nanoparticle tracking analysis, mir 21 5p",0.034782608695652174
414,"therapeutic strategies including, exosomes emerging, epigenetic modulation, solid cancers",0.058695652173913045
414,"transgene expression, metabolite production, study illustrates, precise genome",0.06521739130434784
414,"web science core, mean sd age, research hotspots, 28 day mortality",0.0
415,"bla ctx, spectrum lactamase esbl, sequence types sts, coli isolates",0.010869565217391304
415,"details use execution, myosin motors, nascent chain, origin life",0.14130434782608695
415,"editorial emerging, author correction, g2 phase, model pd",0.021739130434782608
415,"fetal liver, stalled replication forks, pulmonary vascular, chromatin state",0.14782608695652172
415,"recent findings recent, cell multi omics, complex microbial, crispr cas based",0.0
415,"related morbidity, stage diagnosis, combination strategies, clinical intervention",0.44130434782608696
415,"role intercellular communication, testicular torsion, nanoparticle tracking analysis, mir 21 5p",0.006521739130434782
415,"therapeutic strategies including, exosomes emerging, epigenetic modulation, solid cancers",0.04565217391304348
415,"transgene expression, metabolite production, study illustrates, precise genome",0.16956521739130434
415,"web science core, mean sd age, research hotspots, 28 day mortality",0.015217391304347825
416,"bla ctx, spectrum lactamase esbl, sequence types sts, coli isolates",0.013043478260869565
416,"details use execution, myosin motors, nascent chain, origin life",0.3239130434782609
416,"editorial emerging, author correction, g2 phase, model pd",0.0
416,"fetal liver, stalled replication forks, pulmonary vascular, chromatin state",0.11739130434782608
416,"recent findings recent, cell multi omics, complex microbial, crispr cas based",0.0
416,"related morbidity, stage diagnosis, combination strategies, clinical intervention",0.3826086956521739
416,"role intercellular communication, testicular torsion, nanoparticle tracking analysis, mir 21 5p",0.0391304347826087
416,"therapeutic strategies including, exosomes emerging, epigenetic modulation, solid cancers",0.041304347826086954
416,"transgene expression, metabolite production, study illustrates, precise genome",0.06739130434782607
416,"web science core, mean sd age, research hotspots, 28 day mortality",0.015217391304347825
417,"bla ctx, spectrum lactamase esbl, sequence types sts, coli isolates",0.015217391304347827
417,"details use execution, myosin motors, nascent chain, origin life",0.417391304347826
417,"editorial emerging, author correction, g2 phase, model pd",0.05434782608695652
417,"fetal liver, stalled replication forks, pulmonary vascular, chromatin state",0.07608695652173914
417,"recent findings recent, cell multi omics, complex microbial, crispr cas based",0.0
417,"related morbidity, stage diagnosis, combination strategies, clinical intervention",0.3304347826086957
417,"role intercellular communication, testicular torsion, nanoparticle tracking analysis, mir 21 5p",0.002173913043478261
417,"therapeutic strategies including, exosomes emerging, epigenetic modulation, solid cancers",0.03695652173913044
417,"transgene expression, metabolite production, study illustrates, precise genome",0.06739130434782609
417,"web science core, mean sd age, research hotspots, 28 day mortality",0.0
418,"bla ctx, spectrum lactamase esbl, sequence types sts, coli isolates",0.0
418,"details use execution, myosin motors, nascent chain, origin life",0.21739130434782608
418,"editorial emerging, author correction, g2 phase, model pd",0.034782608695652174
418,"fetal liver, stalled replication forks, pulmonary vascular, chromatin state",0.1108695652173913
418,"recent findings recent, cell multi omics, complex microbial, crispr cas based",0.0
418,"related morbidity, stage diagnosis, combination strategies, clinical intervention",0.391304347826087
418,"role intercellular communication, testicular torsion, nanoparticle tracking analysis, mir 21 5p",0.0
418,"therapeutic strategies including, exosomes emerging, epigenetic modulation, solid cancers",0.07608695652173914
418,"transgene expression, metabolite production, study illustrates, precise genome",0.16956521739130434
418,"web science core, mean sd age, research hotspots, 28 day mortality",0.0
419,"bla ctx, spectrum lactamase esbl, sequence types sts, coli isolates",0.002173913043478261
419,"details use execution, myosin motors, nascent chain, origin life",0.1282608695652174
419,"editorial emerging, author correction, g2 phase, model pd",0.03260869565217391
419,"fetal liver, stalled replication forks, pulmonary vascular, chromatin state",0.0891304347826087
419,"recent findings recent, cell multi omics, complex microbial, crispr cas based",0.0
419,"related morbidity, stage diagnosis, combination strategies, clinical intervention",0.5717391304347825
419,"role intercellular communication, testicular torsion, nanoparticle tracking analysis, mir 21 5p",0.0
419,"therapeutic strategies including, exosomes emerging, epigenetic modulation, solid cancers",0.05652173913043478
419,"transgene expression, metabolite production, study illustrates, precise genome",0.11956521739130432
419,"web science core, mean sd age, research hotspots, 28 day mortality",0.0
420,"bla ctx, spectrum lactamase esbl, sequence types sts, coli isolates",0.019565217391304346
420,"details use execution, myosin motors, nascent chain, origin life",0.18695652173913044
420,"editorial emerging, author correction, g2 phase, model pd",0.02391304347826087
420,"fetal liver, stalled replication forks, pulmonary vascular, chromatin state",0.09130434782608696
420,"recent findings recent, cell multi omics, complex microbial, crispr cas based",0.0
420,"related morbidity, stage diagnosis, combination strategies, clinical intervention",0.4608695652173912
420,"role intercellular communication, testicular torsion, nanoparticle tracking analysis, mir 21 5p",0.0391304347826087
420,"therapeutic strategies including, exosomes emerging, epigenetic modulation, solid cancers",0.041304347826086954
420,"transgene expression, metabolite production, study illustrates, precise genome",0.12173913043478261
420,"web science core, mean sd age, research hotspots, 28 day mortality",0.015217391304347825
421,"bla ctx, spectrum lactamase esbl, sequence types sts, coli isolates",0.006521739130434784
421,"details use execution, myosin motors, nascent chain, origin life",0.33913043478260874
421,"editorial emerging, author correction, g2 phase, model pd",0.021739130434782608
421,"fetal liver, stalled replication forks, pulmonary vascular, chromatin state",0.11956521739130435
421,"recent findings recent, cell multi omics, complex microbial, crispr cas based",0.0
421,"related morbidity, stage diagnosis, combination strategies, clinical intervention",0.3695652173913043
421,"role intercellular communication, testicular torsion, nanoparticle tracking analysis, mir 21 5p",0.002173913043478261
421,"therapeutic strategies including, exosomes emerging, epigenetic modulation, solid cancers",0.010869565217391304
421,"transgene expression, metabolite production, study illustrates, precise genome",0.13043478260869562
421,"web science core, mean sd age, research hotspots, 28 day mortality",0.0
422,"bla ctx, spectrum lactamase esbl, sequence types sts, coli isolates",0.0
422,"details use execution, myosin motors, nascent chain, origin life",0.22608695652173913
422,"editorial emerging, author correction, g2 phase, model pd",0.034782608695652174
422,"fetal liver, stalled replication forks, pulmonary vascular, chromatin state",0.10869565217391304
422,"recent findings recent, cell multi omics, complex microbial, crispr cas based",0.0
422,"related morbidity, stage diagnosis, combination strategies, clinical intervention",0.42391304347826086
422,"role intercellular communication, testicular torsion, nanoparticle tracking analysis, mir 21 5p",0.034782608695652174
422,"therapeutic strategies including, exosomes emerging, epigenetic modulation, solid cancers",0.04782608695652174
422,"transgene expression, metabolite production, study illustrates, precise genome",0.12391304347826085
422,"web science core, mean sd age, research hotspots, 28 day mortality",0.0
423,"bla ctx, spectrum lactamase esbl, sequence types sts, coli isolates",0.017391304347826087
423,"details use execution, myosin motors, nascent chain, origin life",0.1891304347826087
423,"editorial emerging, author correction, g2 phase, model pd",0.021739130434782608
423,"fetal liver, stalled replication forks, pulmonary vascular, chromatin state",0.12391304347826088
423,"recent findings recent, cell multi omics, complex microbial, crispr cas based",0.0
423,"related morbidity, stage diagnosis, combination strategies, clinical intervention",0.44782608695652176
423,"role intercellular communication, testicular torsion, nanoparticle tracking analysis, mir 21 5p",0.0391304347826087
423,"therapeutic strategies including, exosomes emerging, epigenetic modulation, solid cancers",0.03260869565217392
423,"transgene expression, metabolite production, study illustrates, precise genome",0.11304347826086955
423,"web science core, mean sd age, research hotspots, 28 day mortality",0.015217391304347825
424,"bla ctx, spectrum lactamase esbl, sequence types sts, coli isolates",0.019565217391304346
424,"details use execution, myosin motors, nascent chain, origin life",0.31521739130434784
424,"editorial emerging, author correction, g2 phase, model pd",0.0
424,"fetal liver, stalled replication forks, pulmonary vascular, chromatin state",0.10434782608695652
424,"recent findings recent, cell multi omics, complex microbial, crispr cas based",0.0
424,"related morbidity, stage diagnosis, combination strategies, clinical intervention",0.3847826086956522
424,"role intercellular communication, testicular torsion, nanoparticle tracking analysis, mir 21 5p",0.041304347826086954
424,"therapeutic strategies including, exosomes emerging, epigenetic modulation, solid cancers",0.02391304347826087
424,"transgene expression, metabolite production, study illustrates, precise genome",0.09565217391304348
424,"web science core, mean sd age, research hotspots, 28 day mortality",0.015217391304347825
425,"bla ctx, spectrum lactamase esbl, sequence types sts, coli isolates",0.017391304347826087
425,"details use execution, myosin motors, nascent chain, origin life",0.2326086956521739
425,"editorial emerging, author correction, g2 phase, model pd",0.0
425,"fetal liver, stalled replication forks, pulmonary vascular, chromatin state",0.09565217391304348
425,"recent findings recent, cell multi omics, complex microbial, crispr cas based",0.0
425,"related morbidity, stage diagnosis, combination strategies, clinical intervention",0.4782608695652174
425,"role intercellular communication, testicular torsion, nanoparticle tracking analysis, mir 21 5p",0.0391304347826087
425,"therapeutic strategies including, exosomes emerging, epigenetic modulation, solid cancers",0.05217391304347826
425,"transgene expression, metabolite production, study illustrates, precise genome",0.06956521739130435
425,"web science core, mean sd age, research hotspots, 28 day mortality",0.015217391304347825
426,"bla ctx, spectrum lactamase esbl, sequence types sts, coli isolates",0.008695652173913044
426,"details use execution, myosin motors, nascent chain, origin life",0.21956521739130433
426,"editorial emerging, author correction, g2 phase, model pd",0.03260869565217391
426,"fetal liver, stalled replication forks, pulmonary vascular, chromatin state",0.11304347826086956
426,"recent findings recent, cell multi omics, complex microbial, crispr cas based",0.0
426,"related morbidity, stage diagnosis, combination strategies, clinical intervention",0.46304347826086956
426,"role intercellular communication, testicular torsion, nanoparticle tracking analysis, mir 21 5p",0.03260869565217391
426,"therapeutic strategies including, exosomes emerging, epigenetic modulation, solid cancers",0.015217391304347825
426,"transgene expression, metabolite production, study illustrates, precise genome",0.1152173913043478
426,"web science core, mean sd age, research hotspots, 28 day mortality",0.0
427,"bla ctx, spectrum lactamase esbl, sequence types sts, coli isolates",0.002173913043478261
427,"details use execution, myosin motors, nascent chain, origin life",0.1282608695652174
427,"editorial emerging, author correction, g2 phase, model pd",0.02391304347826087
427,"fetal liver, stalled replication forks, pulmonary vascular, chromatin state",0.11304347826086956
427,"recent findings recent, cell multi omics, complex microbial, crispr cas based",0.0
427,"related morbidity, stage diagnosis, combination strategies, clinical intervention",0.5304347826086957
427,"role intercellular communication, testicular torsion, nanoparticle tracking analysis, mir 21 5p",0.0
427,"therapeutic strategies including, exosomes emerging, epigenetic modulation, solid cancers",0.05434782608695652
427,"transgene expression, metabolite production, study illustrates, precise genome",0.14782608695652175
427,"web science core, mean sd age, research hotspots, 28 day mortality",0.0
428,"bla ctx, spectrum lactamase esbl, sequence types sts, coli isolates",0.006521739130434784
428,"details use execution, myosin motors, nascent chain, origin life",0.25217391304347825
428,"editorial emerging, author correction, g2 phase, model pd",0.03260869565217391
428,"fetal liver, stalled replication forks, pulmonary vascular, chromatin state",0.1
428,"recent findings recent, cell multi omics, complex microbial, crispr cas based",0.0
428,"related morbidity, stage diagnosis, combination strategies, clinical intervention",0.43695652173913047
428,"role intercellular communication, testicular torsion, nanoparticle tracking analysis, mir 21 5p",0.002173913043478261
428,"therapeutic strategies including, exosomes emerging, epigenetic modulation, solid cancers",0.02826086956521739
428,"transgene expression, metabolite production, study illustrates, precise genome",0.14130434782608695
428,"web science core, mean sd age, research hotspots, 28 day mortality",0.0
429,"bla ctx, spectrum lactamase esbl, sequence types sts, coli isolates",0.015217391304347825
429,"details use execution, myosin motors, nascent chain, origin life",0.44782608695652176
429,"editorial emerging, author correction, g2 phase, model pd",0.0
429,"fetal liver, stalled replication forks, pulmonary vascular, chromatin state",0.05652173913043478
429,"recent findings recent, cell multi omics, complex microbial, crispr cas based",0.0
429,"related morbidity, stage diagnosis, combination strategies, clinical intervention",0.33043478260869563
429,"role intercellular communication, testicular torsion, nanoparticle tracking analysis, mir 21 5p",0.043478260869565216
429,"therapeutic strategies including, exosomes emerging, epigenetic modulation, solid cancers",0.043478260869565216
429,"transgene expression, metabolite production, study illustrates, precise genome",0.04782608695652174
429,"web science core, mean sd age, research hotspots, 28 day mortality",0.015217391304347825
430,"bla ctx, spectrum lactamase esbl, sequence types sts, coli isolates",0.002173913043478261
430,"details use execution, myosin motors, nascent chain, origin life",0.35434782608695653
430,"editorial emerging, author correction, g2 phase, model pd",0.0
430,"fetal liver, stalled replication forks, pulmonary vascular, chromatin state",0.04565217391304347
430,"recent findings recent, cell multi omics, complex microbial, crispr cas based",0.0
430,"related morbidity, stage diagnosis, combination strategies, clinical intervention",0.42826086956521736
430,"role intercellular communication, testicular torsion, nanoparticle tracking analysis, mir 21 5p",0.034782608695652174
430,"therapeutic strategies including, exosomes emerging, epigenetic modulation, solid cancers",0.047826086956521734
430,"transgene expression, metabolite production, study illustrates, precise genome",0.08695652173913043
430,"web science core, mean sd age, research hotspots, 28 day mortality",0.0
431,"bla ctx, spectrum lactamase esbl, sequence types sts, coli isolates",0.008695652173913044
431,"details use execution, myosin motors, nascent chain, origin life",0.26304347826086955
431,"editorial emerging, author correction, g2 phase, model pd",0.002173913043478261
431,"fetal liver, stalled replication forks, pulmonary vascular, chromatin state",0.13478260869565215
431,"recent findings recent, cell multi omics, complex microbial, crispr cas based",0.0
431,"related morbidity, stage diagnosis, combination strategies, clinical intervention",0.3630434782608695
431,"role intercellular communication, testicular torsion, nanoparticle tracking analysis, mir 21 5p",0.03260869565217391
431,"therapeutic strategies including, exosomes emerging, epigenetic modulation, solid cancers",0.034782608695652174
431,"transgene expression, metabolite production, study illustrates, precise genome",0.1608695652173913
431,"web science core, mean sd age, research hotspots, 28 day mortality",0.0
432,"bla ctx, spectrum lactamase esbl, sequence types sts, coli isolates",0.02391304347826087
432,"details use execution, myosin motors, nascent chain, origin life",0.258695652173913
432,"editorial emerging, author correction, g2 phase, model pd",0.002173913043478261
432,"fetal liver, stalled replication forks, pulmonary vascular, chromatin state",0.07173913043478261
432,"recent findings recent, cell multi omics, complex microbial, crispr cas based",0.0
432,"related morbidity, stage diagnosis, combination strategies, clinical intervention",0.508695652173913
432,"role intercellular communication, testicular torsion, nanoparticle tracking analysis, mir 21 5p",0.006521739130434782
432,"therapeutic strategies including, exosomes emerging, epigenetic modulation, solid cancers",0.05652173913043478
432,"transgene expression, metabolite production, study illustrates, precise genome",0.05652173913043478
432,"web science core, mean sd age, research hotspots, 28 day mortality",0.015217391304347825
433,"bla ctx, spectrum lactamase esbl, sequence types sts, coli isolates",0.0
433,"details use execution, myosin motors, nascent chain, origin life",0.17391304347826086
433,"editorial emerging, author correction, g2 phase, model pd",0.03260869565217391
433,"fetal liver, stalled replication forks, pulmonary vascular, chromatin state",0.07173913043478261
433,"recent findings recent, cell multi omics, complex microbial, crispr cas based",0.0
433,"related morbidity, stage diagnosis, combination strategies, clinical intervention",0.4869565217391304
433,"role intercellular communication, testicular torsion, nanoparticle tracking analysis, mir 21 5p",0.0
433,"therapeutic strategies including, exosomes emerging, epigenetic modulation, solid cancers",0.0891304347826087
433,"transgene expression, metabolite production, study illustrates, precise genome",0.14565217391304347
433,"web science core, mean sd age, research hotspots, 28 day mortality",0.0
434,"bla ctx, spectrum lactamase esbl, sequence types sts, coli isolates",0.013043478260869565
434,"details use execution, myosin motors, nascent chain, origin life",0.28043478260869564
434,"editorial emerging, author correction, g2 phase, model pd",0.0
434,"fetal liver, stalled replication forks, pulmonary vascular, chromatin state",0.09782608695652174
434,"recent findings recent, cell multi omics, complex microbial, crispr cas based",0.0
434,"related morbidity, stage diagnosis, combination strategies, clinical intervention",0.4304347826086956
434,"role intercellular communication, testicular torsion, nanoparticle tracking analysis, mir 21 5p",0.0391304347826087
434,"therapeutic strategies including, exosomes emerging, epigenetic modulation, solid cancers",0.05652173913043478
434,"transgene expression, metabolite production, study illustrates, precise genome",0.06739130434782609
434,"web science core, mean sd age, research hotspots, 28 day mortality",0.015217391304347825
435,"bla ctx, spectrum lactamase esbl, sequence types sts, coli isolates",0.02391304347826087
435,"details use execution, myosin motors, nascent chain, origin life",0.3021739130434783
435,"editorial emerging, author correction, g2 phase, model pd",0.021739130434782608
435,"fetal liver, stalled replication forks, pulmonary vascular, chromatin state",0.058695652173913045
435,"recent findings recent, cell multi omics, complex microbial, crispr cas based",0.0
435,"related morbidity, stage diagnosis, combination strategies, clinical intervention",0.4043478260869566
435,"role intercellular communication, testicular torsion, nanoparticle tracking analysis, mir 21 5p",0.006521739130434782
435,"therapeutic strategies including, exosomes emerging, epigenetic modulation, solid cancers",0.03695652173913044
435,"transgene expression, metabolite production, study illustrates, precise genome",0.13043478260869565
435,"web science core, mean sd age, research hotspots, 28 day mortality",0.015217391304347825
436,"bla ctx, spectrum lactamase esbl, sequence types sts, coli isolates",0.015217391304347825
436,"details use execution, myosin motors, nascent chain, origin life",0.2673913043478261
436,"editorial emerging, author correction, g2 phase, model pd",0.0
436,"fetal liver, stalled replication forks, pulmonary vascular, chromatin state",0.043478260869565216
436,"recent findings recent, cell multi omics, complex microbial, crispr cas based",0.0
436,"related morbidity, stage diagnosis, combination strategies, clinical intervention",0.46304347826086956
436,"role intercellular communication, testicular torsion, nanoparticle tracking analysis, mir 21 5p",0.006521739130434782
436,"therapeutic strategies including, exosomes emerging, epigenetic modulation, solid cancers",0.0391304347826087
436,"transgene expression, metabolite production, study illustrates, precise genome",0.14999999999999997
436,"web science core, mean sd age, research hotspots, 28 day mortality",0.015217391304347825
437,"bla ctx, spectrum lactamase esbl, sequence types sts, coli isolates",0.002173913043478261
437,"details use execution, myosin motors, nascent chain, origin life",0.2565217391304348
437,"editorial emerging, author correction, g2 phase, model pd",0.021739130434782608
437,"fetal liver, stalled replication forks, pulmonary vascular, chromatin state",0.03695652173913044
437,"recent findings recent, cell multi omics, complex microbial, crispr cas based",0.0
437,"related morbidity, stage diagnosis, combination strategies, clinical intervention",0.5391304347826086
437,"role intercellular communication, testicular torsion, nanoparticle tracking analysis, mir 21 5p",0.002173913043478261
437,"therapeutic strategies including, exosomes emerging, epigenetic modulation, solid cancers",0.054347826086956534
437,"transgene expression, metabolite production, study illustrates, precise genome",0.08695652173913042
437,"web science core, mean sd age, research hotspots, 28 day mortality",0.0
438,"bla ctx, spectrum lactamase esbl, sequence types sts, coli isolates",0.008695652173913044
438,"details use execution, myosin motors, nascent chain, origin life",0.33695652173913043
438,"editorial emerging, author correction, g2 phase, model pd",0.002173913043478261
438,"fetal liver, stalled replication forks, pulmonary vascular, chromatin state",0.05652173913043478
438,"recent findings recent, cell multi omics, complex microbial, crispr cas based",0.0
438,"related morbidity, stage diagnosis, combination strategies, clinical intervention",0.391304347826087
438,"role intercellular communication, testicular torsion, nanoparticle tracking analysis, mir 21 5p",0.002173913043478261
438,"therapeutic strategies including, exosomes emerging, epigenetic modulation, solid cancers",0.06956521739130435
438,"transgene expression, metabolite production, study illustrates, precise genome",0.1326086956521739
438,"web science core, mean sd age, research hotspots, 28 day mortality",0.0
439,"bla ctx, spectrum lactamase esbl, sequence types sts, coli isolates",0.013043478260869565
439,"details use execution, myosin motors, nascent chain, origin life",0.22608695652173913
439,"editorial emerging, author correction, g2 phase, model pd",0.0
439,"fetal liver, stalled replication forks, pulmonary vascular, chromatin state",0.14130434782608695
439,"recent findings recent, cell multi omics, complex microbial, crispr cas based",0.0
439,"related morbidity, stage diagnosis, combination strategies, clinical intervention",0.39999999999999997
439,"role intercellular communication, testicular torsion, nanoparticle tracking analysis, mir 21 5p",0.006521739130434782
439,"therapeutic strategies including, exosomes emerging, epigenetic modulation, solid cancers",0.06521739130434782
439,"transgene expression, metabolite production, study illustrates, precise genome",0.1326086956521739
439,"web science core, mean sd age, research hotspots, 28 day mortality",0.015217391304347825
440,"bla ctx, spectrum lactamase esbl, sequence types sts, coli isolates",0.006521739130434782
440,"details use execution, myosin motors, nascent chain, origin life",0.09130434782608696
440,"editorial emerging, author correction, g2 phase, model pd",0.0
440,"fetal liver, stalled replication forks, pulmonary vascular, chromatin state",0.11304347826086956
440,"recent findings recent, cell multi omics, complex microbial, crispr cas based",0.0
440,"related morbidity, stage diagnosis, combination strategies, clinical intervention",0.5369565217391303
440,"role intercellular communication, testicular torsion, nanoparticle tracking analysis, mir 21 5p",0.03260869565217391
440,"therapeutic strategies including, exosomes emerging, epigenetic modulation, solid cancers",0.11956521739130435
440,"transgene expression, metabolite production, study illustrates, precise genome",0.09999999999999998
440,"web science core, mean sd age, research hotspots, 28 day mortality",0.0
441,"bla ctx, spectrum lactamase esbl, sequence types sts, coli isolates",0.006521739130434784
441,"details use execution, myosin motors, nascent chain, origin life",0.2956521739130435
441,"editorial emerging, author correction, g2 phase, model pd",0.0
441,"fetal liver, stalled replication forks, pulmonary vascular, chromatin state",0.0782608695652174
441,"recent findings recent, cell multi omics, complex microbial, crispr cas based",0.0
441,"related morbidity, stage diagnosis, combination strategies, clinical intervention",0.44347826086956527
441,"role intercellular communication, testicular torsion, nanoparticle tracking analysis, mir 21 5p",0.002173913043478261
441,"therapeutic strategies including, exosomes emerging, epigenetic modulation, solid cancers",0.05434782608695652
441,"transgene expression, metabolite production, study illustrates, precise genome",0.11956521739130435
441,"web science core, mean sd age, research hotspots, 28 day mortality",0.0
442,"bla ctx, spectrum lactamase esbl, sequence types sts, coli isolates",0.0
442,"details use execution, myosin motors, nascent chain, origin life",0.21739130434782608
442,"editorial emerging, author correction, g2 phase, model pd",0.0
442,"fetal liver, stalled replication forks, pulmonary vascular, chromatin state",0.05869565217391306
442,"recent findings recent, cell multi omics, complex microbial, crispr cas based",0.0
442,"related morbidity, stage diagnosis, combination strategies, clinical intervention",0.5
442,"role intercellular communication, testicular torsion, nanoparticle tracking analysis, mir 21 5p",0.0
442,"therapeutic strategies including, exosomes emerging, epigenetic modulation, solid cancers",0.09130434782608694
442,"transgene expression, metabolite production, study illustrates, precise genome",0.1326086956521739
442,"web science core, mean sd age, research hotspots, 28 day mortality",0.0
443,"bla ctx, spectrum lactamase esbl, sequence types sts, coli isolates",0.006521739130434784
443,"details use execution, myosin motors, nascent chain, origin life",0.2630434782608696
443,"editorial emerging, author correction, g2 phase, model pd",0.021739130434782608
443,"fetal liver, stalled replication forks, pulmonary vascular, chromatin state",0.10217391304347827
443,"recent findings recent, cell multi omics, complex microbial, crispr cas based",0.0
443,"related morbidity, stage diagnosis, combination strategies, clinical intervention",0.40869565217391307
443,"role intercellular communication, testicular torsion, nanoparticle tracking analysis, mir 21 5p",0.034782608695652174
443,"therapeutic strategies including, exosomes emerging, epigenetic modulation, solid cancers",0.0391304347826087
443,"transgene expression, metabolite production, study illustrates, precise genome",0.12391304347826088
443,"web science core, mean sd age, research hotspots, 28 day mortality",0.0
444,"bla ctx, spectrum lactamase esbl, sequence types sts, coli isolates",0.017391304347826087
444,"details use execution, myosin motors, nascent chain, origin life",0.3195652173913044
444,"editorial emerging, author correction, g2 phase, model pd",0.03260869565217391
444,"fetal liver, stalled replication forks, pulmonary vascular, chromatin state",0.0391304347826087
444,"recent findings recent, cell multi omics, complex microbial, crispr cas based",0.0
444,"related morbidity, stage diagnosis, combination strategies, clinical intervention",0.3456521739130434
444,"role intercellular communication, testicular torsion, nanoparticle tracking analysis, mir 21 5p",0.0391304347826087
444,"therapeutic strategies including, exosomes emerging, epigenetic modulation, solid cancers",0.08260869565217391
444,"transgene expression, metabolite production, study illustrates, precise genome",0.10869565217391304
444,"web science core, mean sd age, research hotspots, 28 day mortality",0.015217391304347825
445,"bla ctx, spectrum lactamase esbl, sequence types sts, coli isolates",0.013043478260869565
445,"details use execution, myosin motors, nascent chain, origin life",0.23695652173913045
445,"editorial emerging, author correction, g2 phase, model pd",0.05434782608695652
445,"fetal liver, stalled replication forks, pulmonary vascular, chromatin state",0.04782608695652174
445,"recent findings recent, cell multi omics, complex microbial, crispr cas based",0.0
445,"related morbidity, stage diagnosis, combination strategies, clinical intervention",0.4434782608695652
445,"role intercellular communication, testicular torsion, nanoparticle tracking analysis, mir 21 5p",0.0391304347826087
445,"therapeutic strategies including, exosomes emerging, epigenetic modulation, solid cancers",0.07608695652173914
445,"transgene expression, metabolite production, study illustrates, precise genome",0.07391304347826087
445,"web science core, mean sd age, research hotspots, 28 day mortality",0.015217391304347825
446,"bla ctx, spectrum lactamase esbl, sequence types sts, coli isolates",0.004347826086956522
446,"details use execution, myosin motors, nascent chain, origin life",0.3
446,"editorial emerging, author correction, g2 phase, model pd",0.021739130434782608
446,"fetal liver, stalled replication forks, pulmonary vascular, chromatin state",0.03695652173913044
446,"recent findings recent, cell multi omics, complex microbial, crispr cas based",0.0
446,"related morbidity, stage diagnosis, combination strategies, clinical intervention",0.5043478260869564
446,"role intercellular communication, testicular torsion, nanoparticle tracking analysis, mir 21 5p",0.0
446,"therapeutic strategies including, exosomes emerging, epigenetic modulation, solid cancers",0.04565217391304348
446,"transgene expression, metabolite production, study illustrates, precise genome",0.08695652173913043
446,"web science core, mean sd age, research hotspots, 28 day mortality",0.0
447,"bla ctx, spectrum lactamase esbl, sequence types sts, coli isolates",0.015217391304347825
447,"details use execution, myosin motors, nascent chain, origin life",0.3739130434782609
447,"editorial emerging, author correction, g2 phase, model pd",0.0
447,"fetal liver, stalled replication forks, pulmonary vascular, chromatin state",0.08478260869565218
447,"recent findings recent, cell multi omics, complex microbial, crispr cas based",0.0
447,"related morbidity, stage diagnosis, combination strategies, clinical intervention",0.41521739130434776
447,"role intercellular communication, testicular torsion, nanoparticle tracking analysis, mir 21 5p",0.002173913043478261
447,"therapeutic strategies including, exosomes emerging, epigenetic modulation, solid cancers",0.015217391304347825
447,"transgene expression, metabolite production, study illustrates, precise genome",0.09347826086956519
447,"web science core, mean sd age, research hotspots, 28 day mortality",0.0
448,"bla ctx, spectrum lactamase esbl, sequence types sts, coli isolates",0.004347826086956522
448,"details use execution, myosin motors, nascent chain, origin life",0.22391304347826088
448,"editorial emerging, author correction, g2 phase, model pd",0.05652173913043478
448,"fetal liver, stalled replication forks, pulmonary vascular, chromatin state",0.10652173913043479
448,"recent findings recent, cell multi omics, complex microbial, crispr cas based",0.0
448,"related morbidity, stage diagnosis, combination strategies, clinical intervention",0.391304347826087
448,"role intercellular communication, testicular torsion, nanoparticle tracking analysis, mir 21 5p",0.03260869565217391
448,"therapeutic strategies including, exosomes emerging, epigenetic modulation, solid cancers",0.043478260869565216
448,"transgene expression, metabolite production, study illustrates, precise genome",0.14130434782608692
448,"web science core, mean sd age, research hotspots, 28 day mortality",0.0
449,"bla ctx, spectrum lactamase esbl, sequence types sts, coli isolates",0.002173913043478261
449,"details use execution, myosin motors, nascent chain, origin life",0.34347826086956523
449,"editorial emerging, author correction, g2 phase, model pd",0.03260869565217391
449,"fetal liver, stalled replication forks, pulmonary vascular, chromatin state",0.14347826086956522
449,"recent findings recent, cell multi omics, complex microbial, crispr cas based",0.0
449,"related morbidity, stage diagnosis, combination strategies, clinical intervention",0.31739130434782603
449,"role intercellular communication, testicular torsion, nanoparticle tracking analysis, mir 21 5p",0.002173913043478261
449,"therapeutic strategies including, exosomes emerging, epigenetic modulation, solid cancers",0.041304347826086954
449,"transgene expression, metabolite production, study illustrates, precise genome",0.11739130434782608
449,"web science core, mean sd age, research hotspots, 28 day mortality",0.0
450,"bla ctx, spectrum lactamase esbl, sequence types sts, coli isolates",0.0
450,"details use execution, myosin motors, nascent chain, origin life",0.21739130434782608
450,"editorial emerging, author correction, g2 phase, model pd",0.05434782608695652
450,"fetal liver, stalled replication forks, pulmonary vascular, chromatin state",0.12826086956521737
450,"recent findings recent, cell multi omics, complex microbial, crispr cas based",0.0
450,"related morbidity, stage diagnosis, combination strategies, clinical intervention",0.41086956521739126
450,"role intercellular communication, testicular torsion, nanoparticle tracking analysis, mir 21 5p",0.0
450,"therapeutic strategies including, exosomes emerging, epigenetic modulation, solid cancers",0.02391304347826087
450,"transgene expression, metabolite production, study illustrates, precise genome",0.16521739130434782
450,"web science core, mean sd age, research hotspots, 28 day mortality",0.0
451,"bla ctx, spectrum lactamase esbl, sequence types sts, coli isolates",0.021739130434782608
451,"details use execution, myosin motors, nascent chain, origin life",0.30434782608695654
451,"editorial emerging, author correction, g2 phase, model pd",0.03260869565217391
451,"fetal liver, stalled replication forks, pulmonary vascular, chromatin state",0.05217391304347827
451,"recent findings recent, cell multi omics, complex microbial, crispr cas based",0.0
451,"related morbidity, stage diagnosis, combination strategies, clinical intervention",0.391304347826087
451,"role intercellular communication, testicular torsion, nanoparticle tracking analysis, mir 21 5p",0.006521739130434782
451,"therapeutic strategies including, exosomes emerging, epigenetic modulation, solid cancers",0.08260869565217392
451,"transgene expression, metabolite production, study illustrates, precise genome",0.09347826086956523
451,"web science core, mean sd age, research hotspots, 28 day mortality",0.015217391304347825
452,"bla ctx, spectrum lactamase esbl, sequence types sts, coli isolates",0.006521739130434784
452,"details use execution, myosin motors, nascent chain, origin life",0.4673913043478261
452,"editorial emerging, author correction, g2 phase, model pd",0.021739130434782608
452,"fetal liver, stalled replication forks, pulmonary vascular, chromatin state",0.03695652173913044
452,"recent findings recent, cell multi omics, complex microbial, crispr cas based",0.0
452,"related morbidity, stage diagnosis, combination strategies, clinical intervention",0.36086956521739133
452,"role intercellular communication, testicular torsion, nanoparticle tracking analysis, mir 21 5p",0.004347826086956522
452,"therapeutic strategies including, exosomes emerging, epigenetic modulation, solid cancers",0.07173913043478261
452,"transgene expression, metabolite production, study illustrates, precise genome",0.030434782608695653
452,"web science core, mean sd age, research hotspots, 28 day mortality",0.0
453,"bla ctx, spectrum lactamase esbl, sequence types sts, coli isolates",0.004347826086956522
453,"details use execution, myosin motors, nascent chain, origin life",0.29782608695652174
453,"editorial emerging, author correction, g2 phase, model pd",0.002173913043478261
453,"fetal liver, stalled replication forks, pulmonary vascular, chromatin state",0.08695652173913043
453,"recent findings recent, cell multi omics, complex microbial, crispr cas based",0.0
453,"related morbidity, stage diagnosis, combination strategies, clinical intervention",0.47391304347826096
453,"role intercellular communication, testicular torsion, nanoparticle tracking analysis, mir 21 5p",0.002173913043478261
453,"therapeutic strategies including, exosomes emerging, epigenetic modulation, solid cancers",0.049999999999999996
453,"transgene expression, metabolite production, study illustrates, precise genome",0.08260869565217392
453,"web science core, mean sd age, research hotspots, 28 day mortality",0.0
454,"bla ctx, spectrum lactamase esbl, sequence types sts, coli isolates",0.015217391304347825
454,"details use execution, myosin motors, nascent chain, origin life",0.3065217391304348
454,"editorial emerging, author correction, g2 phase, model pd",0.02391304347826087
454,"fetal liver, stalled replication forks, pulmonary vascular, chromatin state",0.07826086956521738
454,"recent findings recent, cell multi omics, complex microbial, crispr cas based",0.0
454,"related morbidity, stage diagnosis, combination strategies, clinical intervention",0.40217391304347816
454,"role intercellular communication, testicular torsion, nanoparticle tracking analysis, mir 21 5p",0.010869565217391304
454,"therapeutic strategies including, exosomes emerging, epigenetic modulation, solid cancers",0.03913043478260869
454,"transgene expression, metabolite production, study illustrates, precise genome",0.10869565217391304
454,"web science core, mean sd age, research hotspots, 28 day mortality",0.015217391304347825
455,"bla ctx, spectrum lactamase esbl, sequence types sts, coli isolates",0.013043478260869565
455,"details use execution, myosin motors, nascent chain, origin life",0.26956521739130435
455,"editorial emerging, author correction, g2 phase, model pd",0.002173913043478261
455,"fetal liver, stalled replication forks, pulmonary vascular, chromatin state",0.05217391304347827
455,"recent findings recent, cell multi omics, complex microbial, crispr cas based",0.0
455,"related morbidity, stage diagnosis, combination strategies, clinical intervention",0.45869565217391306
455,"role intercellular communication, testicular torsion, nanoparticle tracking analysis, mir 21 5p",0.006521739130434782
455,"therapeutic strategies including, exosomes emerging, epigenetic modulation, solid cancers",0.08043478260869565
455,"transgene expression, metabolite production, study illustrates, precise genome",0.10217391304347827
455,"web science core, mean sd age, research hotspots, 28 day mortality",0.015217391304347825
456,"bla ctx, spectrum lactamase esbl, sequence types sts, coli isolates",0.013043478260869568
456,"details use execution, myosin motors, nascent chain, origin life",0.20434782608695654
456,"editorial emerging, author correction, g2 phase, model pd",0.05652173913043478
456,"fetal liver, stalled replication forks, pulmonary vascular, chromatin state",0.10434782608695652
456,"recent findings recent, cell multi omics, complex microbial, crispr cas based",0.0
456,"related morbidity, stage diagnosis, combination strategies, clinical intervention",0.43913043478260866
456,"role intercellular communication, testicular torsion, nanoparticle tracking analysis, mir 21 5p",0.0
456,"therapeutic strategies including, exosomes emerging, epigenetic modulation, solid cancers",0.05217391304347827
456,"transgene expression, metabolite production, study illustrates, precise genome",0.13043478260869565
456,"web science core, mean sd age, research hotspots, 28 day mortality",0.0
457,"bla ctx, spectrum lactamase esbl, sequence types sts, coli isolates",0.013043478260869568
457,"details use execution, myosin motors, nascent chain, origin life",0.258695652173913
457,"editorial emerging, author correction, g2 phase, model pd",0.002173913043478261
457,"fetal liver, stalled replication forks, pulmonary vascular, chromatin state",0.09565217391304348
457,"recent findings recent, cell multi omics, complex microbial, crispr cas based",0.0
457,"related morbidity, stage diagnosis, combination strategies, clinical intervention",0.3760869565217391
457,"role intercellular communication, testicular torsion, nanoparticle tracking analysis, mir 21 5p",0.03260869565217391
457,"therapeutic strategies including, exosomes emerging, epigenetic modulation, solid cancers",0.08478260869565217
457,"transgene expression, metabolite production, study illustrates, precise genome",0.13695652173913042
457,"web science core, mean sd age, research hotspots, 28 day mortality",0.0
458,"bla ctx, spectrum lactamase esbl, sequence types sts, coli isolates",0.006521739130434782
458,"details use execution, myosin motors, nascent chain, origin life",0.2652173913043478
458,"editorial emerging, author correction, g2 phase, model pd",0.034782608695652174
458,"fetal liver, stalled replication forks, pulmonary vascular, chromatin state",0.05869565217391304
458,"recent findings recent, cell multi omics, complex microbial, crispr cas based",0.0
458,"related morbidity, stage diagnosis, combination strategies, clinical intervention",0.45652173913043476
458,"role intercellular communication, testicular torsion, nanoparticle tracking analysis, mir 21 5p",0.03260869565217391
458,"therapeutic strategies including, exosomes emerging, epigenetic modulation, solid cancers",0.05434782608695652
458,"transgene expression, metabolite production, study illustrates, precise genome",0.09130434782608696
458,"web science core, mean sd age, research hotspots, 28 day mortality",0.0
459,"bla ctx, spectrum lactamase esbl, sequence types sts, coli isolates",0.01956521739130435
459,"details use execution, myosin motors, nascent chain, origin life",0.34782608695652173
459,"editorial emerging, author correction, g2 phase, model pd",0.02391304347826087
459,"fetal liver, stalled replication forks, pulmonary vascular, chromatin state",0.0891304347826087
459,"recent findings recent, cell multi omics, complex microbial, crispr cas based",0.0
459,"related morbidity, stage diagnosis, combination strategies, clinical intervention",0.26739130434782604
459,"role intercellular communication, testicular torsion, nanoparticle tracking analysis, mir 21 5p",0.008695652173913044
459,"therapeutic strategies including, exosomes emerging, epigenetic modulation, solid cancers",0.06521739130434782
459,"transgene expression, metabolite production, study illustrates, precise genome",0.16304347826086957
459,"web science core, mean sd age, research hotspots, 28 day mortality",0.015217391304347825
460,"bla ctx, spectrum lactamase esbl, sequence types sts, coli isolates",0.006521739130434784
460,"details use execution, myosin motors, nascent chain, origin life",0.391304347826087
460,"editorial emerging, author correction, g2 phase, model pd",0.021739130434782608
460,"fetal liver, stalled replication forks, pulmonary vascular, chromatin state",0.0782608695652174
460,"recent findings recent, cell multi omics, complex microbial, crispr cas based",0.0
460,"related morbidity, stage diagnosis, combination strategies, clinical intervention",0.29782608695652174
460,"role intercellular communication, testicular torsion, nanoparticle tracking analysis, mir 21 5p",0.03695652173913044
460,"therapeutic strategies including, exosomes emerging, epigenetic modulation, solid cancers",0.05217391304347826
460,"transgene expression, metabolite production, study illustrates, precise genome",0.11521739130434783
460,"web science core, mean sd age, research hotspots, 28 day mortality",0.0
461,"bla ctx, spectrum lactamase esbl, sequence types sts, coli isolates",0.015217391304347825
461,"details use execution, myosin motors, nascent chain, origin life",0.13478260869565217
461,"editorial emerging, author correction, g2 phase, model pd",0.03260869565217391
461,"fetal liver, stalled replication forks, pulmonary vascular, chromatin state",0.09565217391304347
461,"recent findings recent, cell multi omics, complex microbial, crispr cas based",0.0
461,"related morbidity, stage diagnosis, combination strategies, clinical intervention",0.5391304347826086
461,"role intercellular communication, testicular torsion, nanoparticle tracking analysis, mir 21 5p",0.008695652173913044
461,"therapeutic strategies including, exosomes emerging, epigenetic modulation, solid cancers",0.06739130434782609
461,"transgene expression, metabolite production, study illustrates, precise genome",0.09130434782608696
461,"web science core, mean sd age, research hotspots, 28 day mortality",0.015217391304347825
462,"bla ctx, spectrum lactamase esbl, sequence types sts, coli isolates",0.010869565217391304
462,"details use execution, myosin motors, nascent chain, origin life",0.18478260869565216
462,"editorial emerging, author correction, g2 phase, model pd",0.021739130434782608
462,"fetal liver, stalled replication forks, pulmonary vascular, chromatin state",0.1565217391304348
462,"recent findings recent, cell multi omics, complex microbial, crispr cas based",0.0
462,"related morbidity, stage diagnosis, combination strategies, clinical intervention",0.38478260869565223
462,"role intercellular communication, testicular torsion, nanoparticle tracking analysis, mir 21 5p",0.006521739130434782
462,"therapeutic strategies including, exosomes emerging, epigenetic modulation, solid cancers",0.0673913043478261
462,"transgene expression, metabolite production, study illustrates, precise genome",0.15217391304347827
462,"web science core, mean sd age, research hotspots, 28 day mortality",0.015217391304347825
463,"bla ctx, spectrum lactamase esbl, sequence types sts, coli isolates",0.010869565217391304
463,"details use execution, myosin motors, nascent chain, origin life",0.2391304347826087
463,"editorial emerging, author correction, g2 phase, model pd",0.05652173913043478
463,"fetal liver, stalled replication forks, pulmonary vascular, chromatin state",0.1
463,"recent findings recent, cell multi omics, complex microbial, crispr cas based",0.0
463,"related morbidity, stage diagnosis, combination strategies, clinical intervention",0.3782608695652174
463,"role intercellular communication, testicular torsion, nanoparticle tracking analysis, mir 21 5p",0.0391304347826087
463,"therapeutic strategies including, exosomes emerging, epigenetic modulation, solid cancers",0.043478260869565216
463,"transgene expression, metabolite production, study illustrates, precise genome",0.11739130434782609
463,"web science core, mean sd age, research hotspots, 28 day mortality",0.015217391304347825
464,"bla ctx, spectrum lactamase esbl, sequence types sts, coli isolates",0.021739130434782605
464,"details use execution, myosin motors, nascent chain, origin life",0.3021739130434783
464,"editorial emerging, author correction, g2 phase, model pd",0.002173913043478261
464,"fetal liver, stalled replication forks, pulmonary vascular, chromatin state",0.04130434782608696
464,"recent findings recent, cell multi omics, complex microbial, crispr cas based",0.0
464,"related morbidity, stage diagnosis, combination strategies, clinical intervention",0.5282608695652175
464,"role intercellular communication, testicular torsion, nanoparticle tracking analysis, mir 21 5p",0.008695652173913044
464,"therapeutic strategies including, exosomes emerging, epigenetic modulation, solid cancers",0.041304347826086954
464,"transgene expression, metabolite production, study illustrates, precise genome",0.03913043478260869
464,"web science core, mean sd age, research hotspots, 28 day mortality",0.015217391304347825
465,"bla ctx, spectrum lactamase esbl, sequence types sts, coli isolates",0.004347826086956522
465,"details use execution, myosin motors, nascent chain, origin life",0.21304347826086958
465,"editorial emerging, author correction, g2 phase, model pd",0.021739130434782608
465,"fetal liver, stalled replication forks, pulmonary vascular, chromatin state",0.12391304347826083
465,"recent findings recent, cell multi omics, complex microbial, crispr cas based",0.0
465,"related morbidity, stage diagnosis, combination strategies, clinical intervention",0.48695652173913045
465,"role intercellular communication, testicular torsion, nanoparticle tracking analysis, mir 21 5p",0.0
465,"therapeutic strategies including, exosomes emerging, epigenetic modulation, solid cancers",0.004347826086956522
465,"transgene expression, metabolite production, study illustrates, precise genome",0.14565217391304344
465,"web science core, mean sd age, research hotspots, 28 day mortality",0.0
466,"bla ctx, spectrum lactamase esbl, sequence types sts, coli isolates",0.002173913043478261
466,"details use execution, myosin motors, nascent chain, origin life",0.25869565217391305
466,"editorial emerging, author correction, g2 phase, model pd",0.002173913043478261
466,"fetal liver, stalled replication forks, pulmonary vascular, chromatin state",0.15869565217391304
466,"recent findings recent, cell multi omics, complex microbial, crispr cas based",0.0
466,"related morbidity, stage diagnosis, combination strategies, clinical intervention",0.4369565217391304
466,"role intercellular communication, testicular torsion, nanoparticle tracking analysis, mir 21 5p",0.0
466,"therapeutic strategies including, exosomes emerging, epigenetic modulation, solid cancers",0.004347826086956522
466,"transgene expression, metabolite production, study illustrates, precise genome",0.13695652173913042
466,"web science core, mean sd age, research hotspots, 28 day mortality",0.0
467,"bla ctx, spectrum lactamase esbl, sequence types sts, coli isolates",0.010869565217391304
467,"details use execution, myosin motors, nascent chain, origin life",0.31086956521739134
467,"editorial emerging, author correction, g2 phase, model pd",0.002173913043478261
467,"fetal liver, stalled replication forks, pulmonary vascular, chromatin state",0.08695652173913043
467,"recent findings recent, cell multi omics, complex microbial, crispr cas based",0.0
467,"related morbidity, stage diagnosis, combination strategies, clinical intervention",0.4608695652173912
467,"role intercellular communication, testicular torsion, nanoparticle tracking analysis, mir 21 5p",0.010869565217391304
467,"therapeutic strategies including, exosomes emerging, epigenetic modulation, solid cancers",0.03260869565217391
467,"transgene expression, metabolite production, study illustrates, precise genome",0.06956521739130435
467,"web science core, mean sd age, research hotspots, 28 day mortality",0.015217391304347825
468,"bla ctx, spectrum lactamase esbl, sequence types sts, coli isolates",0.006521739130434784
468,"details use execution, myosin motors, nascent chain, origin life",0.2543478260869565
468,"editorial emerging, author correction, g2 phase, model pd",0.034782608695652174
468,"fetal liver, stalled replication forks, pulmonary vascular, chromatin state",0.07173913043478262
468,"recent findings recent, cell multi omics, complex microbial, crispr cas based",0.0
468,"related morbidity, stage diagnosis, combination strategies, clinical intervention",0.49347826086956514
468,"role intercellular communication, testicular torsion, nanoparticle tracking analysis, mir 21 5p",0.0
468,"therapeutic strategies including, exosomes emerging, epigenetic modulation, solid cancers",0.05
468,"transgene expression, metabolite production, study illustrates, precise genome",0.0891304347826087
468,"web science core, mean sd age, research hotspots, 28 day mortality",0.0
469,"bla ctx, spectrum lactamase esbl, sequence types sts, coli isolates",0.002173913043478261
469,"details use execution, myosin motors, nascent chain, origin life",0.2543478260869565
469,"editorial emerging, author correction, g2 phase, model pd",0.0
469,"fetal liver, stalled replication forks, pulmonary vascular, chromatin state",0.10869565217391304
469,"recent findings recent, cell multi omics, complex microbial, crispr cas based",0.0
469,"related morbidity, stage diagnosis, combination strategies, clinical intervention",0.4826086956521739
469,"role intercellular communication, testicular torsion, nanoparticle tracking analysis, mir 21 5p",0.004347826086956522
469,"therapeutic strategies including, exosomes emerging, epigenetic modulation, solid cancers",0.0673913043478261
469,"transgene expression, metabolite production, study illustrates, precise genome",0.08043478260869565
469,"web science core, mean sd age, research hotspots, 28 day mortality",0.0
470,"bla ctx, spectrum lactamase esbl, sequence types sts, coli isolates",0.015217391304347825
470,"details use execution, myosin motors, nascent chain, origin life",0.18043478260869567
470,"editorial emerging, author correction, g2 phase, model pd",0.021739130434782608
470,"fetal liver, stalled replication forks, pulmonary vascular, chromatin state",0.08043478260869566
470,"recent findings recent, cell multi omics, complex microbial, crispr cas based",0.0
470,"related morbidity, stage diagnosis, combination strategies, clinical intervention",0.458695652173913
470,"role intercellular communication, testicular torsion, nanoparticle tracking analysis, mir 21 5p",0.006521739130434782
470,"therapeutic strategies including, exosomes emerging, epigenetic modulation, solid cancers",0.09347826086956519
470,"transgene expression, metabolite production, study illustrates, precise genome",0.1282608695652174
470,"web science core, mean sd age, research hotspots, 28 day mortality",0.015217391304347825
471,"bla ctx, spectrum lactamase esbl, sequence types sts, coli isolates",0.010869565217391304
471,"details use execution, myosin motors, nascent chain, origin life",0.30434782608695654
471,"editorial emerging, author correction, g2 phase, model pd",0.02391304347826087
471,"fetal liver, stalled replication forks, pulmonary vascular, chromatin state",0.15652173913043477
471,"recent findings recent, cell multi omics, complex microbial, crispr cas based",0.0
471,"related morbidity, stage diagnosis, combination strategies, clinical intervention",0.28478260869565214
471,"role intercellular communication, testicular torsion, nanoparticle tracking analysis, mir 21 5p",0.03260869565217391
471,"therapeutic strategies including, exosomes emerging, epigenetic modulation, solid cancers",0.06739130434782607
471,"transgene expression, metabolite production, study illustrates, precise genome",0.11956521739130437
471,"web science core, mean sd age, research hotspots, 28 day mortality",0.0
472,"bla ctx, spectrum lactamase esbl, sequence types sts, coli isolates",0.002173913043478261
472,"details use execution, myosin motors, nascent chain, origin life",0.21304347826086958
472,"editorial emerging, author correction, g2 phase, model pd",0.002173913043478261
472,"fetal liver, stalled replication forks, pulmonary vascular, chromatin state",0.13260869565217392
472,"recent findings recent, cell multi omics, complex microbial, crispr cas based",0.0
472,"related morbidity, stage diagnosis, combination strategies, clinical intervention",0.44565217391304346
472,"role intercellular communication, testicular torsion, nanoparticle tracking analysis, mir 21 5p",0.002173913043478261
472,"therapeutic strategies including, exosomes emerging, epigenetic modulation, solid cancers",0.07173913043478261
472,"transgene expression, metabolite production, study illustrates, precise genome",0.13043478260869568
472,"web science core, mean sd age, research hotspots, 28 day mortality",0.0
473,"bla ctx, spectrum lactamase esbl, sequence types sts, coli isolates",0.006521739130434784
473,"details use execution, myosin motors, nascent chain, origin life",0.2543478260869565
473,"editorial emerging, author correction, g2 phase, model pd",0.05434782608695652
473,"fetal liver, stalled replication forks, pulmonary vascular, chromatin state",0.15434782608695652
473,"recent findings recent, cell multi omics, complex microbial, crispr cas based",0.0
473,"related morbidity, stage diagnosis, combination strategies, clinical intervention",0.3217391304347826
473,"role intercellular communication, testicular torsion, nanoparticle tracking analysis, mir 21 5p",0.0
473,"therapeutic strategies including, exosomes emerging, epigenetic modulation, solid cancers",0.04782608695652174
473,"transgene expression, metabolite production, study illustrates, precise genome",0.1608695652173913
473,"web science core, mean sd age, research hotspots, 28 day mortality",0.0
474,"bla ctx, spectrum lactamase esbl, sequence types sts, coli isolates",0.004347826086956522
474,"details use execution, myosin motors, nascent chain, origin life",0.25434782608695655
474,"editorial emerging, author correction, g2 phase, model pd",0.021739130434782608
474,"fetal liver, stalled replication forks, pulmonary vascular, chromatin state",0.11956521739130437
474,"recent findings recent, cell multi omics, complex microbial, crispr cas based",0.0
474,"related morbidity, stage diagnosis, combination strategies, clinical intervention",0.4456521739130434
474,"role intercellular communication, testicular torsion, nanoparticle tracking analysis, mir 21 5p",0.002173913043478261
474,"therapeutic strategies including, exosomes emerging, epigenetic modulation, solid cancers",0.015217391304347825
474,"transgene expression, metabolite production, study illustrates, precise genome",0.13695652173913045
474,"web science core, mean sd age, research hotspots, 28 day mortality",0.0
475,"bla ctx, spectrum lactamase esbl, sequence types sts, coli isolates",0.006521739130434784
475,"details use execution, myosin motors, nascent chain, origin life",0.13478260869565215
475,"editorial emerging, author correction, g2 phase, model pd",0.002173913043478261
475,"fetal liver, stalled replication forks, pulmonary vascular, chromatin state",0.09565217391304347
475,"recent findings recent, cell multi omics, complex microbial, crispr cas based",0.0
475,"related morbidity, stage diagnosis, combination strategies, clinical intervention",0.5695652173913043
475,"role intercellular communication, testicular torsion, nanoparticle tracking analysis, mir 21 5p",0.03260869565217391
475,"therapeutic strategies including, exosomes emerging, epigenetic modulation, solid cancers",0.06956521739130435
475,"transgene expression, metabolite production, study illustrates, precise genome",0.0891304347826087
475,"web science core, mean sd age, research hotspots, 28 day mortality",0.0
476,"bla ctx, spectrum lactamase esbl, sequence types sts, coli isolates",0.004347826086956522
476,"details use execution, myosin motors, nascent chain, origin life",0.25217391304347825
476,"editorial emerging, author correction, g2 phase, model pd",0.0
476,"fetal liver, stalled replication forks, pulmonary vascular, chromatin state",0.09782608695652174
476,"recent findings recent, cell multi omics, complex microbial, crispr cas based",0.0
476,"related morbidity, stage diagnosis, combination strategies, clinical intervention",0.5021739130434782
476,"role intercellular communication, testicular torsion, nanoparticle tracking analysis, mir 21 5p",0.004347826086956522
476,"therapeutic strategies including, exosomes emerging, epigenetic modulation, solid cancers",0.02826086956521739
476,"transgene expression, metabolite production, study illustrates, precise genome",0.11086956521739132
476,"web science core, mean sd age, research hotspots, 28 day mortality",0.0
477,"bla ctx, spectrum lactamase esbl, sequence types sts, coli isolates",0.006521739130434784
477,"details use execution, myosin motors, nascent chain, origin life",0.33913043478260874
477,"editorial emerging, author correction, g2 phase, model pd",0.0
477,"fetal liver, stalled replication forks, pulmonary vascular, chromatin state",0.08695652173913043
477,"recent findings recent, cell multi omics, complex microbial, crispr cas based",0.0
477,"related morbidity, stage diagnosis, combination strategies, clinical intervention",0.42173913043478256
477,"role intercellular communication, testicular torsion, nanoparticle tracking analysis, mir 21 5p",0.002173913043478261
477,"therapeutic strategies including, exosomes emerging, epigenetic modulation, solid cancers",0.07173913043478261
477,"transgene expression, metabolite production, study illustrates, precise genome",0.07173913043478261
477,"web science core, mean sd age, research hotspots, 28 day mortality",0.0
478,"bla ctx, spectrum lactamase esbl, sequence types sts, coli isolates",0.015217391304347825
478,"details use execution, myosin motors, nascent chain, origin life",0.31956521739130433
478,"editorial emerging, author correction, g2 phase, model pd",0.0
478,"fetal liver, stalled replication forks, pulmonary vascular, chromatin state",0.08260869565217392
478,"recent findings recent, cell multi omics, complex microbial, crispr cas based",0.0
478,"related morbidity, stage diagnosis, combination strategies, clinical intervention",0.3608695652173913
478,"role intercellular communication, testicular torsion, nanoparticle tracking analysis, mir 21 5p",0.04130434782608696
478,"therapeutic strategies including, exosomes emerging, epigenetic modulation, solid cancers",0.06739130434782609
478,"transgene expression, metabolite production, study illustrates, precise genome",0.09782608695652174
478,"web science core, mean sd age, research hotspots, 28 day mortality",0.015217391304347825
479,"bla ctx, spectrum lactamase esbl, sequence types sts, coli isolates",0.010869565217391304
479,"details use execution, myosin motors, nascent chain, origin life",0.18478260869565216
479,"editorial emerging, author correction, g2 phase, model pd",0.021739130434782608
479,"fetal liver, stalled replication forks, pulmonary vascular, chromatin state",0.03260869565217391
479,"recent findings recent, cell multi omics, complex microbial, crispr cas based",0.0
479,"related morbidity, stage diagnosis, combination strategies, clinical intervention",0.4891304347826086
479,"role intercellular communication, testicular torsion, nanoparticle tracking analysis, mir 21 5p",0.006521739130434782
479,"therapeutic strategies including, exosomes emerging, epigenetic modulation, solid cancers",0.11304347826086955
479,"transgene expression, metabolite production, study illustrates, precise genome",0.1260869565217391
479,"web science core, mean sd age, research hotspots, 28 day mortality",0.015217391304347825
480,"bla ctx, spectrum lactamase esbl, sequence types sts, coli isolates",0.013043478260869565
480,"details use execution, myosin motors, nascent chain, origin life",0.2782608695652174
480,"editorial emerging, author correction, g2 phase, model pd",0.002173913043478261
480,"fetal liver, stalled replication forks, pulmonary vascular, chromatin state",0.06521739130434784
480,"recent findings recent, cell multi omics, complex microbial, crispr cas based",0.0
480,"related morbidity, stage diagnosis, combination strategies, clinical intervention",0.46521739130434786
480,"role intercellular communication, testicular torsion, nanoparticle tracking analysis, mir 21 5p",0.041304347826086954
480,"therapeutic strategies including, exosomes emerging, epigenetic modulation, solid cancers",0.03695652173913044
480,"transgene expression, metabolite production, study illustrates, precise genome",0.08260869565217391
480,"web science core, mean sd age, research hotspots, 28 day mortality",0.015217391304347825
481,"bla ctx, spectrum lactamase esbl, sequence types sts, coli isolates",0.010869565217391304
481,"details use execution, myosin motors, nascent chain, origin life",0.18478260869565216
481,"editorial emerging, author correction, g2 phase, model pd",0.03260869565217391
481,"fetal liver, stalled replication forks, pulmonary vascular, chromatin state",0.05217391304347826
481,"recent findings recent, cell multi omics, complex microbial, crispr cas based",0.0
481,"related morbidity, stage diagnosis, combination strategies, clinical intervention",0.5239130434782608
481,"role intercellular communication, testicular torsion, nanoparticle tracking analysis, mir 21 5p",0.006521739130434782
481,"therapeutic strategies including, exosomes emerging, epigenetic modulation, solid cancers",0.05217391304347826
481,"transgene expression, metabolite production, study illustrates, precise genome",0.12173913043478261
481,"web science core, mean sd age, research hotspots, 28 day mortality",0.015217391304347825
482,"bla ctx, spectrum lactamase esbl, sequence types sts, coli isolates",0.023913043478260867
482,"details use execution, myosin motors, nascent chain, origin life",0.3
482,"editorial emerging, author correction, g2 phase, model pd",0.0
482,"fetal liver, stalled replication forks, pulmonary vascular, chromatin state",0.09130434782608696
482,"recent findings recent, cell multi omics, complex microbial, crispr cas based",0.0
482,"related morbidity, stage diagnosis, combination strategies, clinical intervention",0.40652173913043477
482,"role intercellular communication, testicular torsion, nanoparticle tracking analysis, mir 21 5p",0.008695652173913044
482,"therapeutic strategies including, exosomes emerging, epigenetic modulation, solid cancers",0.06521739130434782
482,"transgene expression, metabolite production, study illustrates, precise genome",0.0891304347826087
482,"web science core, mean sd age, research hotspots, 28 day mortality",0.015217391304347825
483,"bla ctx, spectrum lactamase esbl, sequence types sts, coli isolates",0.01956521739130435
483,"details use execution, myosin motors, nascent chain, origin life",0.26304347826086955
483,"editorial emerging, author correction, g2 phase, model pd",0.002173913043478261
483,"fetal liver, stalled replication forks, pulmonary vascular, chromatin state",0.07608695652173914
483,"recent findings recent, cell multi omics, complex microbial, crispr cas based",0.0
483,"related morbidity, stage diagnosis, combination strategies, clinical intervention",0.4782608695652174
483,"role intercellular communication, testicular torsion, nanoparticle tracking analysis, mir 21 5p",0.006521739130434782
483,"therapeutic strategies including, exosomes emerging, epigenetic modulation, solid cancers",0.05652173913043478
483,"transgene expression, metabolite production, study illustrates, precise genome",0.08260869565217392
483,"web science core, mean sd age, research hotspots, 28 day mortality",0.015217391304347825
484,"bla ctx, spectrum lactamase esbl, sequence types sts, coli isolates",0.004347826086956522
484,"details use execution, myosin motors, nascent chain, origin life",0.21304347826086958
484,"editorial emerging, author correction, g2 phase, model pd",0.05434782608695652
484,"fetal liver, stalled replication forks, pulmonary vascular, chromatin state",0.0608695652173913
484,"recent findings recent, cell multi omics, complex microbial, crispr cas based",0.0
484,"related morbidity, stage diagnosis, combination strategies, clinical intervention",0.4630434782608695
484,"role intercellular communication, testicular torsion, nanoparticle tracking analysis, mir 21 5p",0.0
484,"therapeutic strategies including, exosomes emerging, epigenetic modulation, solid cancers",0.06086956521739131
484,"transgene expression, metabolite production, study illustrates, precise genome",0.14347826086956522
484,"web science core, mean sd age, research hotspots, 28 day mortality",0.0
485,"bla ctx, spectrum lactamase esbl, sequence types sts, coli isolates",0.008695652173913044
485,"details use execution, myosin motors, nascent chain, origin life",0.33913043478260874
485,"editorial emerging, author correction, g2 phase, model pd",0.021739130434782608
485,"fetal liver, stalled replication forks, pulmonary vascular, chromatin state",0.06739130434782607
485,"recent findings recent, cell multi omics, complex microbial, crispr cas based",0.0
485,"related morbidity, stage diagnosis, combination strategies, clinical intervention",0.43478260869565216
485,"role intercellular communication, testicular torsion, nanoparticle tracking analysis, mir 21 5p",0.0
485,"therapeutic strategies including, exosomes emerging, epigenetic modulation, solid cancers",0.06086956521739131
485,"transgene expression, metabolite production, study illustrates, precise genome",0.06739130434782609
485,"web science core, mean sd age, research hotspots, 28 day mortality",0.0
486,"bla ctx, spectrum lactamase esbl, sequence types sts, coli isolates",0.0
486,"details use execution, myosin motors, nascent chain, origin life",0.3021739130434783
486,"editorial emerging, author correction, g2 phase, model pd",0.0
486,"fetal liver, stalled replication forks, pulmonary vascular, chromatin state",0.12391304347826088
486,"recent findings recent, cell multi omics, complex microbial, crispr cas based",0.0
486,"related morbidity, stage diagnosis, combination strategies, clinical intervention",0.34347826086956523
486,"role intercellular communication, testicular torsion, nanoparticle tracking analysis, mir 21 5p",0.002173913043478261
486,"therapeutic strategies including, exosomes emerging, epigenetic modulation, solid cancers",0.09999999999999999
486,"transgene expression, metabolite production, study illustrates, precise genome",0.1282608695652174
486,"web science core, mean sd age, research hotspots, 28 day mortality",0.0
487,"bla ctx, spectrum lactamase esbl, sequence types sts, coli isolates",0.004347826086956522
487,"details use execution, myosin motors, nascent chain, origin life",0.29782608695652174
487,"editorial emerging, author correction, g2 phase, model pd",0.0
487,"fetal liver, stalled replication forks, pulmonary vascular, chromatin state",0.03478260869565218
487,"recent findings recent, cell multi omics, complex microbial, crispr cas based",0.0
487,"related morbidity, stage diagnosis, combination strategies, clinical intervention",0.5021739130434782
487,"role intercellular communication, testicular torsion, nanoparticle tracking analysis, mir 21 5p",0.002173913043478261
487,"therapeutic strategies including, exosomes emerging, epigenetic modulation, solid cancers",0.05652173913043478
487,"transgene expression, metabolite production, study illustrates, precise genome",0.10217391304347824
487,"web science core, mean sd age, research hotspots, 28 day mortality",0.0
488,"bla ctx, spectrum lactamase esbl, sequence types sts, coli isolates",0.008695652173913044
488,"details use execution, myosin motors, nascent chain, origin life",0.3021739130434783
488,"editorial emerging, author correction, g2 phase, model pd",0.034782608695652174
488,"fetal liver, stalled replication forks, pulmonary vascular, chromatin state",0.09347826086956522
488,"recent findings recent, cell multi omics, complex microbial, crispr cas based",0.0
488,"related morbidity, stage diagnosis, combination strategies, clinical intervention",0.391304347826087
488,"role intercellular communication, testicular torsion, nanoparticle tracking analysis, mir 21 5p",0.03695652173913044
488,"therapeutic strategies including, exosomes emerging, epigenetic modulation, solid cancers",0.05217391304347826
488,"transgene expression, metabolite production, study illustrates, precise genome",0.08043478260869566
488,"web science core, mean sd age, research hotspots, 28 day mortality",0.0
489,"bla ctx, spectrum lactamase esbl, sequence types sts, coli isolates",0.013043478260869565
489,"details use execution, myosin motors, nascent chain, origin life",0.2673913043478261
489,"editorial emerging, author correction, g2 phase, model pd",0.05434782608695652
489,"fetal liver, stalled replication forks, pulmonary vascular, chromatin state",0.08695652173913043
489,"recent findings recent, cell multi omics, complex microbial, crispr cas based",0.0
489,"related morbidity, stage diagnosis, combination strategies, clinical intervention",0.39347826086956517
489,"role intercellular communication, testicular torsion, nanoparticle tracking analysis, mir 21 5p",0.008695652173913044
489,"therapeutic strategies including, exosomes emerging, epigenetic modulation, solid cancers",0.034782608695652174
489,"transgene expression, metabolite production, study illustrates, precise genome",0.1260869565217391
489,"web science core, mean sd age, research hotspots, 28 day mortality",0.015217391304347825
490,"bla ctx, spectrum lactamase esbl, sequence types sts, coli isolates",0.002173913043478261
490,"details use execution, myosin motors, nascent chain, origin life",0.3021739130434783
490,"editorial emerging, author correction, g2 phase, model pd",0.0
490,"fetal liver, stalled replication forks, pulmonary vascular, chromatin state",0.1326086956521739
490,"recent findings recent, cell multi omics, complex microbial, crispr cas based",0.0
490,"related morbidity, stage diagnosis, combination strategies, clinical intervention",0.45652173913043487
490,"role intercellular communication, testicular torsion, nanoparticle tracking analysis, mir 21 5p",0.0
490,"therapeutic strategies including, exosomes emerging, epigenetic modulation, solid cancers",0.03043478260869565
490,"transgene expression, metabolite production, study illustrates, precise genome",0.07608695652173914
490,"web science core, mean sd age, research hotspots, 28 day mortality",0.0
491,"bla ctx, spectrum lactamase esbl, sequence types sts, coli isolates",0.006521739130434784
491,"details use execution, myosin motors, nascent chain, origin life",0.26521739130434785
491,"editorial emerging, author correction, g2 phase, model pd",0.002173913043478261
491,"fetal liver, stalled replication forks, pulmonary vascular, chromatin state",0.049999999999999996
491,"recent findings recent, cell multi omics, complex microbial, crispr cas based",0.0
491,"related morbidity, stage diagnosis, combination strategies, clinical intervention",0.4521739130434782
491,"role intercellular communication, testicular torsion, nanoparticle tracking analysis, mir 21 5p",0.03260869565217391
491,"therapeutic strategies including, exosomes emerging, epigenetic modulation, solid cancers",0.07391304347826087
491,"transgene expression, metabolite production, study illustrates, precise genome",0.11739130434782608
491,"web science core, mean sd age, research hotspots, 28 day mortality",0.0
492,"bla ctx, spectrum lactamase esbl, sequence types sts, coli isolates",0.006521739130434784
492,"details use execution, myosin motors, nascent chain, origin life",0.25434782608695655
492,"editorial emerging, author correction, g2 phase, model pd",0.05434782608695652
492,"fetal liver, stalled replication forks, pulmonary vascular, chromatin state",0.07608695652173914
492,"recent findings recent, cell multi omics, complex microbial, crispr cas based",0.0
492,"related morbidity, stage diagnosis, combination strategies, clinical intervention",0.41956521739130437
492,"role intercellular communication, testicular torsion, nanoparticle tracking analysis, mir 21 5p",0.0
492,"therapeutic strategies including, exosomes emerging, epigenetic modulation, solid cancers",0.05652173913043478
492,"transgene expression, metabolite production, study illustrates, precise genome",0.1326086956521739
492,"web science core, mean sd age, research hotspots, 28 day mortality",0.0
493,"bla ctx, spectrum lactamase esbl, sequence types sts, coli isolates",0.028260869565217388
493,"details use execution, myosin motors, nascent chain, origin life",0.3804347826086957
493,"editorial emerging, author correction, g2 phase, model pd",0.0
493,"fetal liver, stalled replication forks, pulmonary vascular, chromatin state",0.09565217391304348
493,"recent findings recent, cell multi omics, complex microbial, crispr cas based",0.0
493,"related morbidity, stage diagnosis, combination strategies, clinical intervention",0.3347826086956522
493,"role intercellular communication, testicular torsion, nanoparticle tracking analysis, mir 21 5p",0.010869565217391304
493,"therapeutic strategies including, exosomes emerging, epigenetic modulation, solid cancers",0.0391304347826087
493,"transgene expression, metabolite production, study illustrates, precise genome",0.09565217391304347
493,"web science core, mean sd age, research hotspots, 28 day mortality",0.015217391304347825
494,"bla ctx, spectrum lactamase esbl, sequence types sts, coli isolates",0.017391304347826087
494,"details use execution, myosin motors, nascent chain, origin life",0.35217391304347834
494,"editorial emerging, author correction, g2 phase, model pd",0.03260869565217391
494,"fetal liver, stalled replication forks, pulmonary vascular, chromatin state",0.09347826086956522
494,"recent findings recent, cell multi omics, complex microbial, crispr cas based",0.0
494,"related morbidity, stage diagnosis, combination strategies, clinical intervention",0.33695652173913043
494,"role intercellular communication, testicular torsion, nanoparticle tracking analysis, mir 21 5p",0.006521739130434782
494,"therapeutic strategies including, exosomes emerging, epigenetic modulation, solid cancers",0.05217391304347826
494,"transgene expression, metabolite production, study illustrates, precise genome",0.09347826086956522
494,"web science core, mean sd age, research hotspots, 28 day mortality",0.015217391304347825
495,"bla ctx, spectrum lactamase esbl, sequence types sts, coli isolates",0.010869565217391304
495,"details use execution, myosin motors, nascent chain, origin life",0.38913043478260867
495,"editorial emerging, author correction, g2 phase, model pd",0.002173913043478261
495,"fetal liver, stalled replication forks, pulmonary vascular, chromatin state",0.058695652173913045
495,"recent findings recent, cell multi omics, complex microbial, crispr cas based",0.0
495,"related morbidity, stage diagnosis, combination strategies, clinical intervention",0.4282608695652173
495,"role intercellular communication, testicular torsion, nanoparticle tracking analysis, mir 21 5p",0.034782608695652174
495,"therapeutic strategies including, exosomes emerging, epigenetic modulation, solid cancers",0.03260869565217391
495,"transgene expression, metabolite production, study illustrates, precise genome",0.043478260869565216
495,"web science core, mean sd age, research hotspots, 28 day mortality",0.0
496,"bla ctx, spectrum lactamase esbl, sequence types sts, coli isolates",0.019565217391304346
496,"details use execution, myosin motors, nascent chain, origin life",0.35000000000000003
496,"editorial emerging, author correction, g2 phase, model pd",0.0
496,"fetal liver, stalled replication forks, pulmonary vascular, chromatin state",0.11739130434782609
496,"recent findings recent, cell multi omics, complex microbial, crispr cas based",0.0
496,"related morbidity, stage diagnosis, combination strategies, clinical intervention",0.37608695652173907
496,"role intercellular communication, testicular torsion, nanoparticle tracking analysis, mir 21 5p",0.006521739130434782
496,"therapeutic strategies including, exosomes emerging, epigenetic modulation, solid cancers",0.02391304347826087
496,"transgene expression, metabolite production, study illustrates, precise genome",0.09130434782608696
496,"web science core, mean sd age, research hotspots, 28 day mortality",0.015217391304347825
497,"bla ctx, spectrum lactamase esbl, sequence types sts, coli isolates",0.006521739130434782
497,"details use execution, myosin motors, nascent chain, origin life",0.1782608695652174
497,"editorial emerging, author correction, g2 phase, model pd",0.002173913043478261
497,"fetal liver, stalled replication forks, pulmonary vascular, chromatin state",0.07391304347826087
497,"recent findings recent, cell multi omics, complex microbial, crispr cas based",0.0
497,"related morbidity, stage diagnosis, combination strategies, clinical intervention",0.5217391304347826
497,"role intercellular communication, testicular torsion, nanoparticle tracking analysis, mir 21 5p",0.03260869565217391
497,"therapeutic strategies including, exosomes emerging, epigenetic modulation, solid cancers",0.06956521739130436
497,"transgene expression, metabolite production, study illustrates, precise genome",0.11521739130434783
497,"web science core, mean sd age, research hotspots, 28 day mortality",0.0
498,"bla ctx, spectrum lactamase esbl, sequence types sts, coli isolates",0.006521739130434784
498,"details use execution, myosin motors, nascent chain, origin life",0.21956521739130433
498,"editorial emerging, author correction, g2 phase, model pd",0.03260869565217391
498,"fetal liver, stalled replication forks, pulmonary vascular, chromatin state",0.1565217391304348
498,"recent findings recent, cell multi omics, complex microbial, crispr cas based",0.0
498,"related morbidity, stage diagnosis, combination strategies, clinical intervention",0.32391304347826083
498,"role intercellular communication, testicular torsion, nanoparticle tracking analysis, mir 21 5p",0.034782608695652174
498,"therapeutic strategies including, exosomes emerging, epigenetic modulation, solid cancers",0.05217391304347826
498,"transgene expression, metabolite production, study illustrates, precise genome",0.17391304347826086
498,"web science core, mean sd age, research hotspots, 28 day mortality",0.0
499,"bla ctx, spectrum lactamase esbl, sequence types sts, coli isolates",0.017391304347826087
499,"details use execution, myosin motors, nascent chain, origin life",0.2217391304347826
499,"editorial emerging, author correction, g2 phase, model pd",0.02391304347826087
499,"fetal liver, stalled replication forks, pulmonary vascular, chromatin state",0.05
499,"recent findings recent, cell multi omics, complex microbial, crispr cas based",0.0
499,"related morbidity, stage diagnosis, combination strategies, clinical intervention",0.5304347826086956
499,"role intercellular communication, testicular torsion, nanoparticle tracking analysis, mir 21 5p",0.006521739130434782
499,"therapeutic strategies including, exosomes emerging, epigenetic modulation, solid cancers",0.049999999999999996
499,"transgene expression, metabolite production, study illustrates, precise genome",0.08478260869565218
499,"web science core, mean sd age, research hotspots, 28 day mortality",0.015217391304347825
500,"bla ctx, spectrum lactamase esbl, sequence types sts, coli isolates",0.017391304347826087
500,"details use execution, myosin motors, nascent chain, origin life",0.2630434782608696
500,"editorial emerging, author correction, g2 phase, model pd",0.05652173913043478
500,"fetal liver, stalled replication forks, pulmonary vascular, chromatin state",0.11304347826086956
500,"recent findings recent, cell multi omics, complex microbial, crispr cas based",0.0
500,"related morbidity, stage diagnosis, combination strategies, clinical intervention",0.40652173913043477
500,"role intercellular communication, testicular torsion, nanoparticle tracking analysis, mir 21 5p",0.008695652173913044
500,"therapeutic strategies including, exosomes emerging, epigenetic modulation, solid cancers",0.043478260869565216
500,"transgene expression, metabolite production, study illustrates, precise genome",0.07608695652173914
500,"web science core, mean sd age, research hotspots, 28 day mortality",0.015217391304347825
501,"bla ctx, spectrum lactamase esbl, sequence types sts, coli isolates",0.02391304347826087
501,"details use execution, myosin motors, nascent chain, origin life",0.2673913043478261
501,"editorial emerging, author correction, g2 phase, model pd",0.05652173913043478
501,"fetal liver, stalled replication forks, pulmonary vascular, chromatin state",0.06304347826086955
501,"recent findings recent, cell multi omics, complex microbial, crispr cas based",0.0
501,"related morbidity, stage diagnosis, combination strategies, clinical intervention",0.40434782608695646
501,"role intercellular communication, testicular torsion, nanoparticle tracking analysis, mir 21 5p",0.04130434782608696
501,"therapeutic strategies including, exosomes emerging, epigenetic modulation, solid cancers",0.049999999999999996
501,"transgene expression, metabolite production, study illustrates, precise genome",0.0782608695652174
501,"web science core, mean sd age, research hotspots, 28 day mortality",0.015217391304347825
502,"bla ctx, spectrum lactamase esbl, sequence types sts, coli isolates",0.006521739130434782
502,"details use execution, myosin motors, nascent chain, origin life",0.16521739130434782
502,"editorial emerging, author correction, g2 phase, model pd",0.05434782608695652
502,"fetal liver, stalled replication forks, pulmonary vascular, chromatin state",0.15
502,"recent findings recent, cell multi omics, complex microbial, crispr cas based",0.0
502,"related morbidity, stage diagnosis, combination strategies, clinical intervention",0.39130434782608703
502,"role intercellular communication, testicular torsion, nanoparticle tracking analysis, mir 21 5p",0.002173913043478261
502,"therapeutic strategies including, exosomes emerging, epigenetic modulation, solid cancers",0.047826086956521734
502,"transgene expression, metabolite production, study illustrates, precise genome",0.1826086956521739
502,"web science core, mean sd age, research hotspots, 28 day mortality",0.0
503,"bla ctx, spectrum lactamase esbl, sequence types sts, coli isolates",0.015217391304347825
503,"details use execution, myosin motors, nascent chain, origin life",0.3521739130434782
503,"editorial emerging, author correction, g2 phase, model pd",0.03260869565217391
503,"fetal liver, stalled replication forks, pulmonary vascular, chromatin state",0.10434782608695652
503,"recent findings recent, cell multi omics, complex microbial, crispr cas based",0.0
503,"related morbidity, stage diagnosis, combination strategies, clinical intervention",0.29347826086956524
503,"role intercellular communication, testicular torsion, nanoparticle tracking analysis, mir 21 5p",0.008695652173913044
503,"therapeutic strategies including, exosomes emerging, epigenetic modulation, solid cancers",0.010869565217391304
503,"transgene expression, metabolite production, study illustrates, precise genome",0.16739130434782612
503,"web science core, mean sd age, research hotspots, 28 day mortality",0.015217391304347825
504,"bla ctx, spectrum lactamase esbl, sequence types sts, coli isolates",0.017391304347826087
504,"details use execution, myosin motors, nascent chain, origin life",0.3065217391304348
504,"editorial emerging, author correction, g2 phase, model pd",0.002173913043478261
504,"fetal liver, stalled replication forks, pulmonary vascular, chromatin state",0.1326086956521739
504,"recent findings recent, cell multi omics, complex microbial, crispr cas based",0.0
504,"related morbidity, stage diagnosis, combination strategies, clinical intervention",0.36086956521739133
504,"role intercellular communication, testicular torsion, nanoparticle tracking analysis, mir 21 5p",0.008695652173913044
504,"therapeutic strategies including, exosomes emerging, epigenetic modulation, solid cancers",0.041304347826086954
504,"transgene expression, metabolite production, study illustrates, precise genome",0.11521739130434784
504,"web science core, mean sd age, research hotspots, 28 day mortality",0.015217391304347825
505,"bla ctx, spectrum lactamase esbl, sequence types sts, coli isolates",0.010869565217391304
505,"details use execution, myosin motors, nascent chain, origin life",0.29347826086956524
505,"editorial emerging, author correction, g2 phase, model pd",0.021739130434782608
505,"fetal liver, stalled replication forks, pulmonary vascular, chromatin state",0.13043478260869565
505,"recent findings recent, cell multi omics, complex microbial, crispr cas based",0.0
505,"related morbidity, stage diagnosis, combination strategies, clinical intervention",0.42826086956521736
505,"role intercellular communication, testicular torsion, nanoparticle tracking analysis, mir 21 5p",0.0
505,"therapeutic strategies including, exosomes emerging, epigenetic modulation, solid cancers",0.015217391304347825
505,"transgene expression, metabolite production, study illustrates, precise genome",0.09999999999999999
505,"web science core, mean sd age, research hotspots, 28 day mortality",0.0
506,"bla ctx, spectrum lactamase esbl, sequence types sts, coli isolates",0.013043478260869568
506,"details use execution, myosin motors, nascent chain, origin life",0.3
506,"editorial emerging, author correction, g2 phase, model pd",0.03260869565217391
506,"fetal liver, stalled replication forks, pulmonary vascular, chromatin state",0.15652173913043477
506,"recent findings recent, cell multi omics, complex microbial, crispr cas based",0.0
506,"related morbidity, stage diagnosis, combination strategies, clinical intervention",0.2891304347826087
506,"role intercellular communication, testicular torsion, nanoparticle tracking analysis, mir 21 5p",0.034782608695652174
506,"therapeutic strategies including, exosomes emerging, epigenetic modulation, solid cancers",0.047826086956521734
506,"transgene expression, metabolite production, study illustrates, precise genome",0.12608695652173912
506,"web science core, mean sd age, research hotspots, 28 day mortality",0.0
507,"bla ctx, spectrum lactamase esbl, sequence types sts, coli isolates",0.015217391304347825
507,"details use execution, myosin motors, nascent chain, origin life",0.2673913043478261
507,"editorial emerging, author correction, g2 phase, model pd",0.002173913043478261
507,"fetal liver, stalled replication forks, pulmonary vascular, chromatin state",0.06521739130434784
507,"recent findings recent, cell multi omics, complex microbial, crispr cas based",0.0
507,"related morbidity, stage diagnosis, combination strategies, clinical intervention",0.4608695652173913
507,"role intercellular communication, testicular torsion, nanoparticle tracking analysis, mir 21 5p",0.006521739130434782
507,"therapeutic strategies including, exosomes emerging, epigenetic modulation, solid cancers",0.02826086956521739
507,"transgene expression, metabolite production, study illustrates, precise genome",0.1391304347826087
507,"web science core, mean sd age, research hotspots, 28 day mortality",0.015217391304347825
508,"bla ctx, spectrum lactamase esbl, sequence types sts, coli isolates",0.002173913043478261
508,"details use execution, myosin motors, nascent chain, origin life",0.22608695652173913
508,"editorial emerging, author correction, g2 phase, model pd",0.021739130434782608
508,"fetal liver, stalled replication forks, pulmonary vascular, chromatin state",0.043478260869565216
508,"recent findings recent, cell multi omics, complex microbial, crispr cas based",0.0
508,"related morbidity, stage diagnosis, combination strategies, clinical intervention",0.4739130434782608
508,"role intercellular communication, testicular torsion, nanoparticle tracking analysis, mir 21 5p",0.03260869565217391
508,"therapeutic strategies including, exosomes emerging, epigenetic modulation, solid cancers",0.09782608695652174
508,"transgene expression, metabolite production, study illustrates, precise genome",0.10217391304347827
508,"web science core, mean sd age, research hotspots, 28 day mortality",0.0
509,"bla ctx, spectrum lactamase esbl, sequence types sts, coli isolates",0.004347826086956522
509,"details use execution, myosin motors, nascent chain, origin life",0.341304347826087
509,"editorial emerging, author correction, g2 phase, model pd",0.002173913043478261
509,"fetal liver, stalled replication forks, pulmonary vascular, chromatin state",0.1282608695652174
509,"recent findings recent, cell multi omics, complex microbial, crispr cas based",0.0
509,"related morbidity, stage diagnosis, combination strategies, clinical intervention",0.35434782608695653
509,"role intercellular communication, testicular torsion, nanoparticle tracking analysis, mir 21 5p",0.002173913043478261
509,"therapeutic strategies including, exosomes emerging, epigenetic modulation, solid cancers",0.05434782608695652
509,"transgene expression, metabolite production, study illustrates, precise genome",0.11304347826086956
509,"web science core, mean sd age, research hotspots, 28 day mortality",0.0
510,"bla ctx, spectrum lactamase esbl, sequence types sts, coli isolates",0.004347826086956522
510,"details use execution, myosin motors, nascent chain, origin life",0.35217391304347834
510,"editorial emerging, author correction, g2 phase, model pd",0.021739130434782608
510,"fetal liver, stalled replication forks, pulmonary vascular, chromatin state",0.10217391304347827
510,"recent findings recent, cell multi omics, complex microbial, crispr cas based",0.0
510,"related morbidity, stage diagnosis, combination strategies, clinical intervention",0.35434782608695653
510,"role intercellular communication, testicular torsion, nanoparticle tracking analysis, mir 21 5p",0.034782608695652174
510,"therapeutic strategies including, exosomes emerging, epigenetic modulation, solid cancers",0.04782608695652174
510,"transgene expression, metabolite production, study illustrates, precise genome",0.08260869565217392
510,"web science core, mean sd age, research hotspots, 28 day mortality",0.0
511,"bla ctx, spectrum lactamase esbl, sequence types sts, coli isolates",0.004347826086956522
511,"details use execution, myosin motors, nascent chain, origin life",0.2543478260869565
511,"editorial emerging, author correction, g2 phase, model pd",0.0
511,"fetal liver, stalled replication forks, pulmonary vascular, chromatin state",0.08260869565217391
511,"recent findings recent, cell multi omics, complex microbial, crispr cas based",0.0
511,"related morbidity, stage diagnosis, combination strategies, clinical intervention",0.4782608695652173
511,"role intercellular communication, testicular torsion, nanoparticle tracking analysis, mir 21 5p",0.002173913043478261
511,"therapeutic strategies including, exosomes emerging, epigenetic modulation, solid cancers",0.08478260869565218
511,"transgene expression, metabolite production, study illustrates, precise genome",0.09347826086956522
511,"web science core, mean sd age, research hotspots, 28 day mortality",0.0
512,"bla ctx, spectrum lactamase esbl, sequence types sts, coli isolates",0.010869565217391304
512,"details use execution, myosin motors, nascent chain, origin life",0.22608695652173913
512,"editorial emerging, author correction, g2 phase, model pd",0.021739130434782608
512,"fetal liver, stalled replication forks, pulmonary vascular, chromatin state",0.10652173913043479
512,"recent findings recent, cell multi omics, complex microbial, crispr cas based",0.0
512,"related morbidity, stage diagnosis, combination strategies, clinical intervention",0.43043478260869567
512,"role intercellular communication, testicular torsion, nanoparticle tracking analysis, mir 21 5p",0.008695652173913044
512,"therapeutic strategies including, exosomes emerging, epigenetic modulation, solid cancers",0.06521739130434782
512,"transgene expression, metabolite production, study illustrates, precise genome",0.11521739130434784
512,"web science core, mean sd age, research hotspots, 28 day mortality",0.015217391304347825
513,"bla ctx, spectrum lactamase esbl, sequence types sts, coli isolates",0.021739130434782608
513,"details use execution, myosin motors, nascent chain, origin life",0.35434782608695653
513,"editorial emerging, author correction, g2 phase, model pd",0.0
513,"fetal liver, stalled replication forks, pulmonary vascular, chromatin state",0.06304347826086956
513,"recent findings recent, cell multi omics, complex microbial, crispr cas based",0.0
513,"related morbidity, stage diagnosis, combination strategies, clinical intervention",0.34782608695652173
513,"role intercellular communication, testicular torsion, nanoparticle tracking analysis, mir 21 5p",0.043478260869565216
513,"therapeutic strategies including, exosomes emerging, epigenetic modulation, solid cancers",0.04782608695652174
513,"transgene expression, metabolite production, study illustrates, precise genome",0.10652173913043476
513,"web science core, mean sd age, research hotspots, 28 day mortality",0.015217391304347825
514,"bla ctx, spectrum lactamase esbl, sequence types sts, coli isolates",0.004347826086956522
514,"details use execution, myosin motors, nascent chain, origin life",0.29782608695652174
514,"editorial emerging, author correction, g2 phase, model pd",0.0
514,"fetal liver, stalled replication forks, pulmonary vascular, chromatin state",0.09565217391304348
514,"recent findings recent, cell multi omics, complex microbial, crispr cas based",0.0
514,"related morbidity, stage diagnosis, combination strategies, clinical intervention",0.41739130434782606
514,"role intercellular communication, testicular torsion, nanoparticle tracking analysis, mir 21 5p",0.002173913043478261
514,"therapeutic strategies including, exosomes emerging, epigenetic modulation, solid cancers",0.07391304347826087
514,"transgene expression, metabolite production, study illustrates, precise genome",0.10869565217391304
514,"web science core, mean sd age, research hotspots, 28 day mortality",0.0
515,"bla ctx, spectrum lactamase esbl, sequence types sts, coli isolates",0.002173913043478261
515,"details use execution, myosin motors, nascent chain, origin life",0.21304347826086958
515,"editorial emerging, author correction, g2 phase, model pd",0.0
515,"fetal liver, stalled replication forks, pulmonary vascular, chromatin state",0.06304347826086958
515,"recent findings recent, cell multi omics, complex microbial, crispr cas based",0.0
515,"related morbidity, stage diagnosis, combination strategies, clinical intervention",0.4978260869565217
515,"role intercellular communication, testicular torsion, nanoparticle tracking analysis, mir 21 5p",0.002173913043478261
515,"therapeutic strategies including, exosomes emerging, epigenetic modulation, solid cancers",0.0891304347826087
515,"transgene expression, metabolite production, study illustrates, precise genome",0.1326086956521739
515,"web science core, mean sd age, research hotspots, 28 day mortality",0.0
516,"bla ctx, spectrum lactamase esbl, sequence types sts, coli isolates",0.002173913043478261
516,"details use execution, myosin motors, nascent chain, origin life",0.21521739130434783
516,"editorial emerging, author correction, g2 phase, model pd",0.002173913043478261
516,"fetal liver, stalled replication forks, pulmonary vascular, chromatin state",0.0891304347826087
516,"recent findings recent, cell multi omics, complex microbial, crispr cas based",0.0
516,"related morbidity, stage diagnosis, combination strategies, clinical intervention",0.5413043478260869
516,"role intercellular communication, testicular torsion, nanoparticle tracking analysis, mir 21 5p",0.0
516,"therapeutic strategies including, exosomes emerging, epigenetic modulation, solid cancers",0.05434782608695652
516,"transgene expression, metabolite production, study illustrates, precise genome",0.09565217391304348
516,"web science core, mean sd age, research hotspots, 28 day mortality",0.0
517,"bla ctx, spectrum lactamase esbl, sequence types sts, coli isolates",0.002173913043478261
517,"details use execution, myosin motors, nascent chain, origin life",0.25869565217391305
517,"editorial emerging, author correction, g2 phase, model pd",0.05434782608695652
517,"fetal liver, stalled replication forks, pulmonary vascular, chromatin state",0.14782608695652175
517,"recent findings recent, cell multi omics, complex microbial, crispr cas based",0.0
517,"related morbidity, stage diagnosis, combination strategies, clinical intervention",0.3391304347826087
517,"role intercellular communication, testicular torsion, nanoparticle tracking analysis, mir 21 5p",0.0
517,"therapeutic strategies including, exosomes emerging, epigenetic modulation, solid cancers",0.041304347826086954
517,"transgene expression, metabolite production, study illustrates, precise genome",0.1565217391304348
517,"web science core, mean sd age, research hotspots, 28 day mortality",0.0
518,"bla ctx, spectrum lactamase esbl, sequence types sts, coli isolates",0.008695652173913044
518,"details use execution, myosin motors, nascent chain, origin life",0.2608695652173913
518,"editorial emerging, author correction, g2 phase, model pd",0.034782608695652174
518,"fetal liver, stalled replication forks, pulmonary vascular, chromatin state",0.06304347826086958
518,"recent findings recent, cell multi omics, complex microbial, crispr cas based",0.0
518,"related morbidity, stage diagnosis, combination strategies, clinical intervention",0.45
518,"role intercellular communication, testicular torsion, nanoparticle tracking analysis, mir 21 5p",0.034782608695652174
518,"therapeutic strategies including, exosomes emerging, epigenetic modulation, solid cancers",0.05217391304347826
518,"transgene expression, metabolite production, study illustrates, precise genome",0.09565217391304347
518,"web science core, mean sd age, research hotspots, 28 day mortality",0.0
519,"bla ctx, spectrum lactamase esbl, sequence types sts, coli isolates",0.002173913043478261
519,"details use execution, myosin motors, nascent chain, origin life",0.1826086956521739
519,"editorial emerging, author correction, g2 phase, model pd",0.03260869565217391
519,"fetal liver, stalled replication forks, pulmonary vascular, chromatin state",0.16304347826086957
519,"recent findings recent, cell multi omics, complex microbial, crispr cas based",0.0
519,"related morbidity, stage diagnosis, combination strategies, clinical intervention",0.40869565217391296
519,"role intercellular communication, testicular torsion, nanoparticle tracking analysis, mir 21 5p",0.03260869565217391
519,"therapeutic strategies including, exosomes emerging, epigenetic modulation, solid cancers",0.05652173913043478
519,"transgene expression, metabolite production, study illustrates, precise genome",0.1217391304347826
519,"web science core, mean sd age, research hotspots, 28 day mortality",0.0
520,"bla ctx, spectrum lactamase esbl, sequence types sts, coli isolates",0.019565217391304346
520,"details use execution, myosin motors, nascent chain, origin life",0.38913043478260867
520,"editorial emerging, author correction, g2 phase, model pd",0.0
520,"fetal liver, stalled replication forks, pulmonary vascular, chromatin state",0.056521739130434796
520,"recent findings recent, cell multi omics, complex microbial, crispr cas based",0.0
520,"related morbidity, stage diagnosis, combination strategies, clinical intervention",0.3695652173913043
520,"role intercellular communication, testicular torsion, nanoparticle tracking analysis, mir 21 5p",0.010869565217391304
520,"therapeutic strategies including, exosomes emerging, epigenetic modulation, solid cancers",0.06739130434782609
520,"transgene expression, metabolite production, study illustrates, precise genome",0.07173913043478262
520,"web science core, mean sd age, research hotspots, 28 day mortality",0.015217391304347825
521,"bla ctx, spectrum lactamase esbl, sequence types sts, coli isolates",0.013043478260869565
521,"details use execution, myosin motors, nascent chain, origin life",0.2782608695652174
521,"editorial emerging, author correction, g2 phase, model pd",0.0
521,"fetal liver, stalled replication forks, pulmonary vascular, chromatin state",0.08043478260869566
521,"recent findings recent, cell multi omics, complex microbial, crispr cas based",0.0
521,"related morbidity, stage diagnosis, combination strategies, clinical intervention",0.41304347826086957
521,"role intercellular communication, testicular torsion, nanoparticle tracking analysis, mir 21 5p",0.04130434782608696
521,"therapeutic strategies including, exosomes emerging, epigenetic modulation, solid cancers",0.06304347826086956
521,"transgene expression, metabolite production, study illustrates, precise genome",0.09565217391304347
521,"web science core, mean sd age, research hotspots, 28 day mortality",0.015217391304347825
522,"bla ctx, spectrum lactamase esbl, sequence types sts, coli isolates",0.006521739130434782
522,"details use execution, myosin motors, nascent chain, origin life",0.1760869565217391
522,"editorial emerging, author correction, g2 phase, model pd",0.021739130434782608
522,"fetal liver, stalled replication forks, pulmonary vascular, chromatin state",0.16086956521739126
522,"recent findings recent, cell multi omics, complex microbial, crispr cas based",0.0
522,"related morbidity, stage diagnosis, combination strategies, clinical intervention",0.3673913043478261
522,"role intercellular communication, testicular torsion, nanoparticle tracking analysis, mir 21 5p",0.034782608695652174
522,"therapeutic strategies including, exosomes emerging, epigenetic modulation, solid cancers",0.04782608695652174
522,"transgene expression, metabolite production, study illustrates, precise genome",0.18478260869565216
522,"web science core, mean sd age, research hotspots, 28 day mortality",0.0
523,"bla ctx, spectrum lactamase esbl, sequence types sts, coli isolates",0.006521739130434784
523,"details use execution, myosin motors, nascent chain, origin life",0.25434782608695655
523,"editorial emerging, author correction, g2 phase, model pd",0.03260869565217391
523,"fetal liver, stalled replication forks, pulmonary vascular, chromatin state",0.13478260869565215
523,"recent findings recent, cell multi omics, complex microbial, crispr cas based",0.0
523,"related morbidity, stage diagnosis, combination strategies, clinical intervention",0.43260869565217397
523,"role intercellular communication, testicular torsion, nanoparticle tracking analysis, mir 21 5p",0.0
523,"therapeutic strategies including, exosomes emerging, epigenetic modulation, solid cancers",0.056521739130434775
523,"transgene expression, metabolite production, study illustrates, precise genome",0.08260869565217392
523,"web science core, mean sd age, research hotspots, 28 day mortality",0.0
524,"bla ctx, spectrum lactamase esbl, sequence types sts, coli isolates",0.0
524,"details use execution, myosin motors, nascent chain, origin life",0.21521739130434783
524,"editorial emerging, author correction, g2 phase, model pd",0.034782608695652174
524,"fetal liver, stalled replication forks, pulmonary vascular, chromatin state",0.09130434782608694
524,"recent findings recent, cell multi omics, complex microbial, crispr cas based",0.0
524,"related morbidity, stage diagnosis, combination strategies, clinical intervention",0.43695652173913047
524,"role intercellular communication, testicular torsion, nanoparticle tracking analysis, mir 21 5p",0.002173913043478261
524,"therapeutic strategies including, exosomes emerging, epigenetic modulation, solid cancers",0.08478260869565218
524,"transgene expression, metabolite production, study illustrates, precise genome",0.13478260869565217
524,"web science core, mean sd age, research hotspots, 28 day mortality",0.0
525,"bla ctx, spectrum lactamase esbl, sequence types sts, coli isolates",0.010869565217391304
525,"details use execution, myosin motors, nascent chain, origin life",0.1826086956521739
525,"editorial emerging, author correction, g2 phase, model pd",0.02391304347826087
525,"fetal liver, stalled replication forks, pulmonary vascular, chromatin state",0.13260869565217392
525,"recent findings recent, cell multi omics, complex microbial, crispr cas based",0.0
525,"related morbidity, stage diagnosis, combination strategies, clinical intervention",0.4891304347826087
525,"role intercellular communication, testicular torsion, nanoparticle tracking analysis, mir 21 5p",0.008695652173913044
525,"therapeutic strategies including, exosomes emerging, epigenetic modulation, solid cancers",0.041304347826086954
525,"transgene expression, metabolite production, study illustrates, precise genome",0.09565217391304348
525,"web science core, mean sd age, research hotspots, 28 day mortality",0.015217391304347825
526,"bla ctx, spectrum lactamase esbl, sequence types sts, coli isolates",0.002173913043478261
526,"details use execution, myosin motors, nascent chain, origin life",0.34130434782608693
526,"editorial emerging, author correction, g2 phase, model pd",0.05434782608695652
526,"fetal liver, stalled replication forks, pulmonary vascular, chromatin state",0.07608695652173914
526,"recent findings recent, cell multi omics, complex microbial, crispr cas based",0.0
526,"related morbidity, stage diagnosis, combination strategies, clinical intervention",0.43478260869565216
526,"role intercellular communication, testicular torsion, nanoparticle tracking analysis, mir 21 5p",0.004347826086956522
526,"therapeutic strategies including, exosomes emerging, epigenetic modulation, solid cancers",0.010869565217391304
526,"transgene expression, metabolite production, study illustrates, precise genome",0.07608695652173914
526,"web science core, mean sd age, research hotspots, 28 day mortality",0.0
527,"bla ctx, spectrum lactamase esbl, sequence types sts, coli isolates",0.004347826086956522
527,"details use execution, myosin motors, nascent chain, origin life",0.34130434782608693
527,"editorial emerging, author correction, g2 phase, model pd",0.021739130434782608
527,"fetal liver, stalled replication forks, pulmonary vascular, chromatin state",0.11739130434782609
527,"recent findings recent, cell multi omics, complex microbial, crispr cas based",0.0
527,"related morbidity, stage diagnosis, combination strategies, clinical intervention",0.3695652173913043
527,"role intercellular communication, testicular torsion, nanoparticle tracking analysis, mir 21 5p",0.002173913043478261
527,"therapeutic strategies including, exosomes emerging, epigenetic modulation, solid cancers",0.021739130434782608
527,"transgene expression, metabolite production, study illustrates, precise genome",0.12173913043478261
527,"web science core, mean sd age, research hotspots, 28 day mortality",0.0
528,"bla ctx, spectrum lactamase esbl, sequence types sts, coli isolates",0.002173913043478261
528,"details use execution, myosin motors, nascent chain, origin life",0.43043478260869567
528,"editorial emerging, author correction, g2 phase, model pd",0.03260869565217391
528,"fetal liver, stalled replication forks, pulmonary vascular, chromatin state",0.05434782608695652
528,"recent findings recent, cell multi omics, complex microbial, crispr cas based",0.0
528,"related morbidity, stage diagnosis, combination strategies, clinical intervention",0.3760869565217391
528,"role intercellular communication, testicular torsion, nanoparticle tracking analysis, mir 21 5p",0.002173913043478261
528,"therapeutic strategies including, exosomes emerging, epigenetic modulation, solid cancers",0.010869565217391304
528,"transgene expression, metabolite production, study illustrates, precise genome",0.09130434782608696
528,"web science core, mean sd age, research hotspots, 28 day mortality",0.0
529,"bla ctx, spectrum lactamase esbl, sequence types sts, coli isolates",0.008695652173913044
529,"details use execution, myosin motors, nascent chain, origin life",0.2956521739130435
529,"editorial emerging, author correction, g2 phase, model pd",0.0
529,"fetal liver, stalled replication forks, pulmonary vascular, chromatin state",0.07391304347826087
529,"recent findings recent, cell multi omics, complex microbial, crispr cas based",0.0
529,"related morbidity, stage diagnosis, combination strategies, clinical intervention",0.44130434782608696
529,"role intercellular communication, testicular torsion, nanoparticle tracking analysis, mir 21 5p",0.0
529,"therapeutic strategies including, exosomes emerging, epigenetic modulation, solid cancers",0.041304347826086954
529,"transgene expression, metabolite production, study illustrates, precise genome",0.1391304347826087
529,"web science core, mean sd age, research hotspots, 28 day mortality",0.0
530,"bla ctx, spectrum lactamase esbl, sequence types sts, coli isolates",0.013043478260869568
530,"details use execution, myosin motors, nascent chain, origin life",0.33043478260869563
530,"editorial emerging, author correction, g2 phase, model pd",0.021739130434782608
530,"fetal liver, stalled replication forks, pulmonary vascular, chromatin state",0.1
530,"recent findings recent, cell multi omics, complex microbial, crispr cas based",0.0
530,"related morbidity, stage diagnosis, combination strategies, clinical intervention",0.3673913043478261
530,"role intercellular communication, testicular torsion, nanoparticle tracking analysis, mir 21 5p",0.004347826086956522
530,"therapeutic strategies including, exosomes emerging, epigenetic modulation, solid cancers",0.03043478260869565
530,"transgene expression, metabolite production, study illustrates, precise genome",0.13260869565217392
530,"web science core, mean sd age, research hotspots, 28 day mortality",0.0
531,"bla ctx, spectrum lactamase esbl, sequence types sts, coli isolates",0.004347826086956522
531,"details use execution, myosin motors, nascent chain, origin life",0.29782608695652174
531,"editorial emerging, author correction, g2 phase, model pd",0.021739130434782608
531,"fetal liver, stalled replication forks, pulmonary vascular, chromatin state",0.056521739130434796
531,"recent findings recent, cell multi omics, complex microbial, crispr cas based",0.0
531,"related morbidity, stage diagnosis, combination strategies, clinical intervention",0.4434782608695652
531,"role intercellular communication, testicular torsion, nanoparticle tracking analysis, mir 21 5p",0.002173913043478261
531,"therapeutic strategies including, exosomes emerging, epigenetic modulation, solid cancers",0.08043478260869566
531,"transgene expression, metabolite production, study illustrates, precise genome",0.09347826086956522
531,"web science core, mean sd age, research hotspots, 28 day mortality",0.0
532,"bla ctx, spectrum lactamase esbl, sequence types sts, coli isolates",0.017391304347826087
532,"details use execution, myosin motors, nascent chain, origin life",0.2652173913043478
532,"editorial emerging, author correction, g2 phase, model pd",0.0
532,"fetal liver, stalled replication forks, pulmonary vascular, chromatin state",0.0782608695652174
532,"recent findings recent, cell multi omics, complex microbial, crispr cas based",0.0
532,"related morbidity, stage diagnosis, combination strategies, clinical intervention",0.5152173913043478
532,"role intercellular communication, testicular torsion, nanoparticle tracking analysis, mir 21 5p",0.006521739130434782
532,"therapeutic strategies including, exosomes emerging, epigenetic modulation, solid cancers",0.02608695652173913
532,"transgene expression, metabolite production, study illustrates, precise genome",0.07608695652173914
532,"web science core, mean sd age, research hotspots, 28 day mortality",0.015217391304347825
533,"bla ctx, spectrum lactamase esbl, sequence types sts, coli isolates",0.006521739130434784
533,"details use execution, myosin motors, nascent chain, origin life",0.4804347826086957
533,"editorial emerging, author correction, g2 phase, model pd",0.034782608695652174
533,"fetal liver, stalled replication forks, pulmonary vascular, chromatin state",0.05652173913043478
533,"recent findings recent, cell multi omics, complex microbial, crispr cas based",0.0
533,"related morbidity, stage diagnosis, combination strategies, clinical intervention",0.3217391304347826
533,"role intercellular communication, testicular torsion, nanoparticle tracking analysis, mir 21 5p",0.034782608695652174
533,"therapeutic strategies including, exosomes emerging, epigenetic modulation, solid cancers",0.015217391304347825
533,"transgene expression, metabolite production, study illustrates, precise genome",0.05
533,"web science core, mean sd age, research hotspots, 28 day mortality",0.0
534,"bla ctx, spectrum lactamase esbl, sequence types sts, coli isolates",0.019565217391304346
534,"details use execution, myosin motors, nascent chain, origin life",0.21739130434782608
534,"editorial emerging, author correction, g2 phase, model pd",0.03260869565217391
534,"fetal liver, stalled replication forks, pulmonary vascular, chromatin state",0.12391304347826088
534,"recent findings recent, cell multi omics, complex microbial, crispr cas based",0.0
534,"related morbidity, stage diagnosis, combination strategies, clinical intervention",0.4043478260869566
534,"role intercellular communication, testicular torsion, nanoparticle tracking analysis, mir 21 5p",0.008695652173913044
534,"therapeutic strategies including, exosomes emerging, epigenetic modulation, solid cancers",0.07173913043478261
534,"transgene expression, metabolite production, study illustrates, precise genome",0.10652173913043479
534,"web science core, mean sd age, research hotspots, 28 day mortality",0.015217391304347825
535,"bla ctx, spectrum lactamase esbl, sequence types sts, coli isolates",0.004347826086956522
535,"details use execution, myosin motors, nascent chain, origin life",0.3956521739130435
535,"editorial emerging, author correction, g2 phase, model pd",0.034782608695652174
535,"fetal liver, stalled replication forks, pulmonary vascular, chromatin state",0.09782608695652174
535,"recent findings recent, cell multi omics, complex microbial, crispr cas based",0.0
535,"related morbidity, stage diagnosis, combination strategies, clinical intervention",0.3391304347826086
535,"role intercellular communication, testicular torsion, nanoparticle tracking analysis, mir 21 5p",0.034782608695652174
535,"therapeutic strategies including, exosomes emerging, epigenetic modulation, solid cancers",0.04565217391304347
535,"transgene expression, metabolite production, study illustrates, precise genome",0.04782608695652174
535,"web science core, mean sd age, research hotspots, 28 day mortality",0.0
536,"bla ctx, spectrum lactamase esbl, sequence types sts, coli isolates",0.015217391304347825
536,"details use execution, myosin motors, nascent chain, origin life",0.18043478260869567
536,"editorial emerging, author correction, g2 phase, model pd",0.0
536,"fetal liver, stalled replication forks, pulmonary vascular, chromatin state",0.15
536,"recent findings recent, cell multi omics, complex microbial, crispr cas based",0.0
536,"related morbidity, stage diagnosis, combination strategies, clinical intervention",0.42826086956521736
536,"role intercellular communication, testicular torsion, nanoparticle tracking analysis, mir 21 5p",0.006521739130434782
536,"therapeutic strategies including, exosomes emerging, epigenetic modulation, solid cancers",0.04782608695652174
536,"transgene expression, metabolite production, study illustrates, precise genome",0.15652173913043477
536,"web science core, mean sd age, research hotspots, 28 day mortality",0.015217391304347825
537,"bla ctx, spectrum lactamase esbl, sequence types sts, coli isolates",0.0
537,"details use execution, myosin motors, nascent chain, origin life",0.22608695652173913
537,"editorial emerging, author correction, g2 phase, model pd",0.021739130434782608
537,"fetal liver, stalled replication forks, pulmonary vascular, chromatin state",0.1326086956521739
537,"recent findings recent, cell multi omics, complex microbial, crispr cas based",0.0
537,"related morbidity, stage diagnosis, combination strategies, clinical intervention",0.3652173913043478
537,"role intercellular communication, testicular torsion, nanoparticle tracking analysis, mir 21 5p",0.034782608695652174
537,"therapeutic strategies including, exosomes emerging, epigenetic modulation, solid cancers",0.0673913043478261
537,"transgene expression, metabolite production, study illustrates, precise genome",0.15217391304347827
537,"web science core, mean sd age, research hotspots, 28 day mortality",0.0
538,"bla ctx, spectrum lactamase esbl, sequence types sts, coli isolates",0.015217391304347825
538,"details use execution, myosin motors, nascent chain, origin life",0.25652173913043474
538,"editorial emerging, author correction, g2 phase, model pd",0.02391304347826087
538,"fetal liver, stalled replication forks, pulmonary vascular, chromatin state",0.06304347826086958
538,"recent findings recent, cell multi omics, complex microbial, crispr cas based",0.0
538,"related morbidity, stage diagnosis, combination strategies, clinical intervention",0.4478260869565217
538,"role intercellular communication, testicular torsion, nanoparticle tracking analysis, mir 21 5p",0.03260869565217391
538,"therapeutic strategies including, exosomes emerging, epigenetic modulation, solid cancers",0.03043478260869565
538,"transgene expression, metabolite production, study illustrates, precise genome",0.13043478260869562
538,"web science core, mean sd age, research hotspots, 28 day mortality",0.0
539,"bla ctx, spectrum lactamase esbl, sequence types sts, coli isolates",0.008695652173913044
539,"details use execution, myosin motors, nascent chain, origin life",0.20869565217391303
539,"editorial emerging, author correction, g2 phase, model pd",0.03260869565217391
539,"fetal liver, stalled replication forks, pulmonary vascular, chromatin state",0.13043478260869565
539,"recent findings recent, cell multi omics, complex microbial, crispr cas based",0.0
539,"related morbidity, stage diagnosis, combination strategies, clinical intervention",0.4195652173913043
539,"role intercellular communication, testicular torsion, nanoparticle tracking analysis, mir 21 5p",0.0
539,"therapeutic strategies including, exosomes emerging, epigenetic modulation, solid cancers",0.05
539,"transgene expression, metabolite production, study illustrates, precise genome",0.15
539,"web science core, mean sd age, research hotspots, 28 day mortality",0.0
540,"bla ctx, spectrum lactamase esbl, sequence types sts, coli isolates",0.013043478260869565
540,"details use execution, myosin motors, nascent chain, origin life",0.32173913043478264
540,"editorial emerging, author correction, g2 phase, model pd",0.03260869565217391
540,"fetal liver, stalled replication forks, pulmonary vascular, chromatin state",0.10652173913043479
540,"recent findings recent, cell multi omics, complex microbial, crispr cas based",0.0
540,"related morbidity, stage diagnosis, combination strategies, clinical intervention",0.3630434782608695
540,"role intercellular communication, testicular torsion, nanoparticle tracking analysis, mir 21 5p",0.04130434782608696
540,"therapeutic strategies including, exosomes emerging, epigenetic modulation, solid cancers",0.006521739130434784
540,"transgene expression, metabolite production, study illustrates, precise genome",0.09999999999999999
540,"web science core, mean sd age, research hotspots, 28 day mortality",0.015217391304347825
541,"bla ctx, spectrum lactamase esbl, sequence types sts, coli isolates",0.015217391304347825
541,"details use execution, myosin motors, nascent chain, origin life",0.30869565217391304
541,"editorial emerging, author correction, g2 phase, model pd",0.05434782608695652
541,"fetal liver, stalled replication forks, pulmonary vascular, chromatin state",0.1217391304347826
541,"recent findings recent, cell multi omics, complex microbial, crispr cas based",0.0
541,"related morbidity, stage diagnosis, combination strategies, clinical intervention",0.29130434782608694
541,"role intercellular communication, testicular torsion, nanoparticle tracking analysis, mir 21 5p",0.008695652173913044
541,"therapeutic strategies including, exosomes emerging, epigenetic modulation, solid cancers",0.06304347826086958
541,"transgene expression, metabolite production, study illustrates, precise genome",0.1217391304347826
541,"web science core, mean sd age, research hotspots, 28 day mortality",0.015217391304347825
542,"bla ctx, spectrum lactamase esbl, sequence types sts, coli isolates",0.010869565217391304
542,"details use execution, myosin motors, nascent chain, origin life",0.23695652173913045
542,"editorial emerging, author correction, g2 phase, model pd",0.021739130434782608
542,"fetal liver, stalled replication forks, pulmonary vascular, chromatin state",0.08043478260869566
542,"recent findings recent, cell multi omics, complex microbial, crispr cas based",0.0
542,"related morbidity, stage diagnosis, combination strategies, clinical intervention",0.41521739130434776
542,"role intercellular communication, testicular torsion, nanoparticle tracking analysis, mir 21 5p",0.04130434782608696
542,"therapeutic strategies including, exosomes emerging, epigenetic modulation, solid cancers",0.06739130434782609
542,"transgene expression, metabolite production, study illustrates, precise genome",0.1108695652173913
542,"web science core, mean sd age, research hotspots, 28 day mortality",0.015217391304347825
543,"bla ctx, spectrum lactamase esbl, sequence types sts, coli isolates",0.008695652173913044
543,"details use execution, myosin motors, nascent chain, origin life",0.16521739130434782
543,"editorial emerging, author correction, g2 phase, model pd",0.002173913043478261
543,"fetal liver, stalled replication forks, pulmonary vascular, chromatin state",0.08478260869565217
543,"recent findings recent, cell multi omics, complex microbial, crispr cas based",0.0
543,"related morbidity, stage diagnosis, combination strategies, clinical intervention",0.532608695652174
543,"role intercellular communication, testicular torsion, nanoparticle tracking analysis, mir 21 5p",0.0
543,"therapeutic strategies including, exosomes emerging, epigenetic modulation, solid cancers",0.1152173913043478
543,"transgene expression, metabolite production, study illustrates, precise genome",0.09130434782608696
543,"web science core, mean sd age, research hotspots, 28 day mortality",0.0
544,"bla ctx, spectrum lactamase esbl, sequence types sts, coli isolates",0.0
544,"details use execution, myosin motors, nascent chain, origin life",0.25869565217391305
544,"editorial emerging, author correction, g2 phase, model pd",0.03260869565217391
544,"fetal liver, stalled replication forks, pulmonary vascular, chromatin state",0.15434782608695652
544,"recent findings recent, cell multi omics, complex microbial, crispr cas based",0.0
544,"related morbidity, stage diagnosis, combination strategies, clinical intervention",0.3739130434782609
544,"role intercellular communication, testicular torsion, nanoparticle tracking analysis, mir 21 5p",0.002173913043478261
544,"therapeutic strategies including, exosomes emerging, epigenetic modulation, solid cancers",0.08478260869565218
544,"transgene expression, metabolite production, study illustrates, precise genome",0.09347826086956523
544,"web science core, mean sd age, research hotspots, 28 day mortality",0.0
545,"bla ctx, spectrum lactamase esbl, sequence types sts, coli isolates",0.013043478260869565
545,"details use execution, myosin motors, nascent chain, origin life",0.18043478260869567
545,"editorial emerging, author correction, g2 phase, model pd",0.05652173913043478
545,"fetal liver, stalled replication forks, pulmonary vascular, chromatin state",0.15434782608695652
545,"recent findings recent, cell multi omics, complex microbial, crispr cas based",0.0
545,"related morbidity, stage diagnosis, combination strategies, clinical intervention",0.3847826086956522
545,"role intercellular communication, testicular torsion, nanoparticle tracking analysis, mir 21 5p",0.008695652173913044
545,"therapeutic strategies including, exosomes emerging, epigenetic modulation, solid cancers",0.05434782608695652
545,"transgene expression, metabolite production, study illustrates, precise genome",0.1326086956521739
545,"web science core, mean sd age, research hotspots, 28 day mortality",0.015217391304347825
546,"bla ctx, spectrum lactamase esbl, sequence types sts, coli isolates",0.002173913043478261
546,"details use execution, myosin motors, nascent chain, origin life",0.22391304347826088
546,"editorial emerging, author correction, g2 phase, model pd",0.03260869565217391
546,"fetal liver, stalled replication forks, pulmonary vascular, chromatin state",0.10217391304347827
546,"recent findings recent, cell multi omics, complex microbial, crispr cas based",0.0
546,"related morbidity, stage diagnosis, combination strategies, clinical intervention",0.4695652173913043
546,"role intercellular communication, testicular torsion, nanoparticle tracking analysis, mir 21 5p",0.034782608695652174
546,"therapeutic strategies including, exosomes emerging, epigenetic modulation, solid cancers",0.017391304347826087
546,"transgene expression, metabolite production, study illustrates, precise genome",0.11739130434782608
546,"web science core, mean sd age, research hotspots, 28 day mortality",0.0
547,"bla ctx, spectrum lactamase esbl, sequence types sts, coli isolates",0.019565217391304346
547,"details use execution, myosin motors, nascent chain, origin life",0.34782608695652173
547,"editorial emerging, author correction, g2 phase, model pd",0.03260869565217391
547,"fetal liver, stalled replication forks, pulmonary vascular, chromatin state",0.10434782608695652
547,"recent findings recent, cell multi omics, complex microbial, crispr cas based",0.0
547,"related morbidity, stage diagnosis, combination strategies, clinical intervention",0.3260869565217392
547,"role intercellular communication, testicular torsion, nanoparticle tracking analysis, mir 21 5p",0.008695652173913044
547,"therapeutic strategies including, exosomes emerging, epigenetic modulation, solid cancers",0.043478260869565216
547,"transgene expression, metabolite production, study illustrates, precise genome",0.10217391304347827
547,"web science core, mean sd age, research hotspots, 28 day mortality",0.015217391304347825
548,"bla ctx, spectrum lactamase esbl, sequence types sts, coli isolates",0.010869565217391304
548,"details use execution, myosin motors, nascent chain, origin life",0.25
548,"editorial emerging, author correction, g2 phase, model pd",0.05434782608695652
548,"fetal liver, stalled replication forks, pulmonary vascular, chromatin state",0.11304347826086955
548,"recent findings recent, cell multi omics, complex microbial, crispr cas based",0.0
548,"related morbidity, stage diagnosis, combination strategies, clinical intervention",0.4043478260869566
548,"role intercellular communication, testicular torsion, nanoparticle tracking analysis, mir 21 5p",0.0
548,"therapeutic strategies including, exosomes emerging, epigenetic modulation, solid cancers",0.03695652173913044
548,"transgene expression, metabolite production, study illustrates, precise genome",0.13043478260869562
548,"web science core, mean sd age, research hotspots, 28 day mortality",0.0
549,"bla ctx, spectrum lactamase esbl, sequence types sts, coli isolates",0.002173913043478261
549,"details use execution, myosin motors, nascent chain, origin life",0.17173913043478262
549,"editorial emerging, author correction, g2 phase, model pd",0.002173913043478261
549,"fetal liver, stalled replication forks, pulmonary vascular, chromatin state",0.11304347826086955
549,"recent findings recent, cell multi omics, complex microbial, crispr cas based",0.0
549,"related morbidity, stage diagnosis, combination strategies, clinical intervention",0.558695652173913
549,"role intercellular communication, testicular torsion, nanoparticle tracking analysis, mir 21 5p",0.0
549,"therapeutic strategies including, exosomes emerging, epigenetic modulation, solid cancers",0.04130434782608696
549,"transgene expression, metabolite production, study illustrates, precise genome",0.1108695652173913
549,"web science core, mean sd age, research hotspots, 28 day mortality",0.0
550,"bla ctx, spectrum lactamase esbl, sequence types sts, coli isolates",0.013043478260869565
550,"details use execution, myosin motors, nascent chain, origin life",0.1826086956521739
550,"editorial emerging, author correction, g2 phase, model pd",0.05652173913043478
550,"fetal liver, stalled replication forks, pulmonary vascular, chromatin state",0.06521739130434782
550,"recent findings recent, cell multi omics, complex microbial, crispr cas based",0.0
550,"related morbidity, stage diagnosis, combination strategies, clinical intervention",0.5282608695652175
550,"role intercellular communication, testicular torsion, nanoparticle tracking analysis, mir 21 5p",0.006521739130434782
550,"therapeutic strategies including, exosomes emerging, epigenetic modulation, solid cancers",0.0391304347826087
550,"transgene expression, metabolite production, study illustrates, precise genome",0.09347826086956522
550,"web science core, mean sd age, research hotspots, 28 day mortality",0.015217391304347825
551,"bla ctx, spectrum lactamase esbl, sequence types sts, coli isolates",0.015217391304347825
551,"details use execution, myosin motors, nascent chain, origin life",0.3086956521739131
551,"editorial emerging, author correction, g2 phase, model pd",0.021739130434782608
551,"fetal liver, stalled replication forks, pulmonary vascular, chromatin state",0.06304347826086958
551,"recent findings recent, cell multi omics, complex microbial, crispr cas based",0.0
551,"related morbidity, stage diagnosis, combination strategies, clinical intervention",0.4826086956521739
551,"role intercellular communication, testicular torsion, nanoparticle tracking analysis, mir 21 5p",0.008695652173913044
551,"therapeutic strategies including, exosomes emerging, epigenetic modulation, solid cancers",0.02391304347826087
551,"transgene expression, metabolite production, study illustrates, precise genome",0.0608695652173913
551,"web science core, mean sd age, research hotspots, 28 day mortality",0.015217391304347825
552,"bla ctx, spectrum lactamase esbl, sequence types sts, coli isolates",0.002173913043478261
552,"details use execution, myosin motors, nascent chain, origin life",0.29782608695652174
552,"editorial emerging, author correction, g2 phase, model pd",0.002173913043478261
552,"fetal liver, stalled replication forks, pulmonary vascular, chromatin state",0.06956521739130435
552,"recent findings recent, cell multi omics, complex microbial, crispr cas based",0.0
552,"related morbidity, stage diagnosis, combination strategies, clinical intervention",0.43913043478260866
552,"role intercellular communication, testicular torsion, nanoparticle tracking analysis, mir 21 5p",0.004347826086956522
552,"therapeutic strategies including, exosomes emerging, epigenetic modulation, solid cancers",0.04130434782608696
552,"transgene expression, metabolite production, study illustrates, precise genome",0.14347826086956522
552,"web science core, mean sd age, research hotspots, 28 day mortality",0.0
553,"bla ctx, spectrum lactamase esbl, sequence types sts, coli isolates",0.006521739130434784
553,"details use execution, myosin motors, nascent chain, origin life",0.21086956521739128
553,"editorial emerging, author correction, g2 phase, model pd",0.0
553,"fetal liver, stalled replication forks, pulmonary vascular, chromatin state",0.11086956521739132
553,"recent findings recent, cell multi omics, complex microbial, crispr cas based",0.0
553,"related morbidity, stage diagnosis, combination strategies, clinical intervention",0.5065217391304347
553,"role intercellular communication, testicular torsion, nanoparticle tracking analysis, mir 21 5p",0.0
553,"therapeutic strategies including, exosomes emerging, epigenetic modulation, solid cancers",0.08695652173913043
553,"transgene expression, metabolite production, study illustrates, precise genome",0.0782608695652174
553,"web science core, mean sd age, research hotspots, 28 day mortality",0.0
554,"bla ctx, spectrum lactamase esbl, sequence types sts, coli isolates",0.021739130434782608
554,"details use execution, myosin motors, nascent chain, origin life",0.2565217391304348
554,"editorial emerging, author correction, g2 phase, model pd",0.0
554,"fetal liver, stalled replication forks, pulmonary vascular, chromatin state",0.10652173913043479
554,"recent findings recent, cell multi omics, complex microbial, crispr cas based",0.0
554,"related morbidity, stage diagnosis, combination strategies, clinical intervention",0.3869565217391305
554,"role intercellular communication, testicular torsion, nanoparticle tracking analysis, mir 21 5p",0.010869565217391304
554,"therapeutic strategies including, exosomes emerging, epigenetic modulation, solid cancers",0.07173913043478261
554,"transgene expression, metabolite production, study illustrates, precise genome",0.13043478260869565
554,"web science core, mean sd age, research hotspots, 28 day mortality",0.015217391304347825
555,"bla ctx, spectrum lactamase esbl, sequence types sts, coli isolates",0.006521739130434784
555,"details use execution, myosin motors, nascent chain, origin life",0.30434782608695654
555,"editorial emerging, author correction, g2 phase, model pd",0.0
555,"fetal liver, stalled replication forks, pulmonary vascular, chromatin state",0.12608695652173912
555,"recent findings recent, cell multi omics, complex microbial, crispr cas based",0.0
555,"related morbidity, stage diagnosis, combination strategies, clinical intervention",0.41739130434782606
555,"role intercellular communication, testicular torsion, nanoparticle tracking analysis, mir 21 5p",0.03695652173913044
555,"therapeutic strategies including, exosomes emerging, epigenetic modulation, solid cancers",0.03260869565217391
555,"transgene expression, metabolite production, study illustrates, precise genome",0.07608695652173914
555,"web science core, mean sd age, research hotspots, 28 day mortality",0.0
556,"bla ctx, spectrum lactamase esbl, sequence types sts, coli isolates",0.0
556,"details use execution, myosin motors, nascent chain, origin life",0.09565217391304348
556,"editorial emerging, author correction, g2 phase, model pd",0.021739130434782608
556,"fetal liver, stalled replication forks, pulmonary vascular, chromatin state",0.1217391304347826
556,"recent findings recent, cell multi omics, complex microbial, crispr cas based",0.0
556,"related morbidity, stage diagnosis, combination strategies, clinical intervention",0.5065217391304347
556,"role intercellular communication, testicular torsion, nanoparticle tracking analysis, mir 21 5p",0.034782608695652174
556,"therapeutic strategies including, exosomes emerging, epigenetic modulation, solid cancers",0.09130434782608696
556,"transgene expression, metabolite production, study illustrates, precise genome",0.12826086956521737
556,"web science core, mean sd age, research hotspots, 28 day mortality",0.0
557,"bla ctx, spectrum lactamase esbl, sequence types sts, coli isolates",0.013043478260869565
557,"details use execution, myosin motors, nascent chain, origin life",0.22608695652173913
557,"editorial emerging, author correction, g2 phase, model pd",0.0
557,"fetal liver, stalled replication forks, pulmonary vascular, chromatin state",0.12608695652173912
557,"recent findings recent, cell multi omics, complex microbial, crispr cas based",0.0
557,"related morbidity, stage diagnosis, combination strategies, clinical intervention",0.45
557,"role intercellular communication, testicular torsion, nanoparticle tracking analysis, mir 21 5p",0.006521739130434782
557,"therapeutic strategies including, exosomes emerging, epigenetic modulation, solid cancers",0.03695652173913044
557,"transgene expression, metabolite production, study illustrates, precise genome",0.12608695652173912
557,"web science core, mean sd age, research hotspots, 28 day mortality",0.015217391304347825
558,"bla ctx, spectrum lactamase esbl, sequence types sts, coli isolates",0.013043478260869565
558,"details use execution, myosin motors, nascent chain, origin life",0.2891304347826087
558,"editorial emerging, author correction, g2 phase, model pd",0.02391304347826087
558,"fetal liver, stalled replication forks, pulmonary vascular, chromatin state",0.043478260869565216
558,"recent findings recent, cell multi omics, complex microbial, crispr cas based",0.0
558,"related morbidity, stage diagnosis, combination strategies, clinical intervention",0.49347826086956514
558,"role intercellular communication, testicular torsion, nanoparticle tracking analysis, mir 21 5p",0.002173913043478261
558,"therapeutic strategies including, exosomes emerging, epigenetic modulation, solid cancers",0.05217391304347827
558,"transgene expression, metabolite production, study illustrates, precise genome",0.08260869565217391
558,"web science core, mean sd age, research hotspots, 28 day mortality",0.0
559,"bla ctx, spectrum lactamase esbl, sequence types sts, coli isolates",0.013043478260869568
559,"details use execution, myosin motors, nascent chain, origin life",0.24782608695652175
559,"editorial emerging, author correction, g2 phase, model pd",0.034782608695652174
559,"fetal liver, stalled replication forks, pulmonary vascular, chromatin state",0.1217391304347826
559,"recent findings recent, cell multi omics, complex microbial, crispr cas based",0.0
559,"related morbidity, stage diagnosis, combination strategies, clinical intervention",0.3978260869565218
559,"role intercellular communication, testicular torsion, nanoparticle tracking analysis, mir 21 5p",0.0
559,"therapeutic strategies including, exosomes emerging, epigenetic modulation, solid cancers",0.09782608695652174
559,"transgene expression, metabolite production, study illustrates, precise genome",0.08695652173913043
559,"web science core, mean sd age, research hotspots, 28 day mortality",0.0
560,"bla ctx, spectrum lactamase esbl, sequence types sts, coli isolates",0.004347826086956522
560,"details use execution, myosin motors, nascent chain, origin life",0.22173913043478263
560,"editorial emerging, author correction, g2 phase, model pd",0.021739130434782608
560,"fetal liver, stalled replication forks, pulmonary vascular, chromatin state",0.06521739130434784
560,"recent findings recent, cell multi omics, complex microbial, crispr cas based",0.0
560,"related morbidity, stage diagnosis, combination strategies, clinical intervention",0.45652173913043476
560,"role intercellular communication, testicular torsion, nanoparticle tracking analysis, mir 21 5p",0.034782608695652174
560,"therapeutic strategies including, exosomes emerging, epigenetic modulation, solid cancers",0.058695652173913045
560,"transgene expression, metabolite production, study illustrates, precise genome",0.13695652173913042
560,"web science core, mean sd age, research hotspots, 28 day mortality",0.0
561,"bla ctx, spectrum lactamase esbl, sequence types sts, coli isolates",0.006521739130434782
561,"details use execution, myosin motors, nascent chain, origin life",0.3391304347826087
561,"editorial emerging, author correction, g2 phase, model pd",0.03260869565217391
561,"fetal liver, stalled replication forks, pulmonary vascular, chromatin state",0.07173913043478261
561,"recent findings recent, cell multi omics, complex microbial, crispr cas based",0.0
561,"related morbidity, stage diagnosis, combination strategies, clinical intervention",0.43043478260869567
561,"role intercellular communication, testicular torsion, nanoparticle tracking analysis, mir 21 5p",0.002173913043478261
561,"therapeutic strategies including, exosomes emerging, epigenetic modulation, solid cancers",0.047826086956521734
561,"transgene expression, metabolite production, study illustrates, precise genome",0.06956521739130435
561,"web science core, mean sd age, research hotspots, 28 day mortality",0.0
562,"bla ctx, spectrum lactamase esbl, sequence types sts, coli isolates",0.01956521739130435
562,"details use execution, myosin motors, nascent chain, origin life",0.3173913043478261
562,"editorial emerging, author correction, g2 phase, model pd",0.05434782608695652
562,"fetal liver, stalled replication forks, pulmonary vascular, chromatin state",0.06304347826086958
562,"recent findings recent, cell multi omics, complex microbial, crispr cas based",0.0
562,"related morbidity, stage diagnosis, combination strategies, clinical intervention",0.3195652173913044
562,"role intercellular communication, testicular torsion, nanoparticle tracking analysis, mir 21 5p",0.0391304347826087
562,"therapeutic strategies including, exosomes emerging, epigenetic modulation, solid cancers",0.05217391304347827
562,"transgene expression, metabolite production, study illustrates, precise genome",0.11956521739130432
562,"web science core, mean sd age, research hotspots, 28 day mortality",0.015217391304347825
563,"bla ctx, spectrum lactamase esbl, sequence types sts, coli isolates",0.019565217391304346
563,"details use execution, myosin motors, nascent chain, origin life",0.30434782608695654
563,"editorial emerging, author correction, g2 phase, model pd",0.02391304347826087
563,"fetal liver, stalled replication forks, pulmonary vascular, chromatin state",0.09565217391304348
563,"recent findings recent, cell multi omics, complex microbial, crispr cas based",0.0
563,"related morbidity, stage diagnosis, combination strategies, clinical intervention",0.3782608695652174
563,"role intercellular communication, testicular torsion, nanoparticle tracking analysis, mir 21 5p",0.008695652173913044
563,"therapeutic strategies including, exosomes emerging, epigenetic modulation, solid cancers",0.03913043478260869
563,"transgene expression, metabolite production, study illustrates, precise genome",0.11521739130434784
563,"web science core, mean sd age, research hotspots, 28 day mortality",0.015217391304347825
564,"bla ctx, spectrum lactamase esbl, sequence types sts, coli isolates",0.004347826086956522
564,"details use execution, myosin motors, nascent chain, origin life",0.12608695652173912
564,"editorial emerging, author correction, g2 phase, model pd",0.02391304347826087
564,"fetal liver, stalled replication forks, pulmonary vascular, chromatin state",0.11521739130434783
564,"recent findings recent, cell multi omics, complex microbial, crispr cas based",0.0
564,"related morbidity, stage diagnosis, combination strategies, clinical intervention",0.5130434782608695
564,"role intercellular communication, testicular torsion, nanoparticle tracking analysis, mir 21 5p",0.0
564,"therapeutic strategies including, exosomes emerging, epigenetic modulation, solid cancers",0.06956521739130435
564,"transgene expression, metabolite production, study illustrates, precise genome",0.14782608695652172
564,"web science core, mean sd age, research hotspots, 28 day mortality",0.0
565,"bla ctx, spectrum lactamase esbl, sequence types sts, coli isolates",0.004347826086956522
565,"details use execution, myosin motors, nascent chain, origin life",0.22391304347826088
565,"editorial emerging, author correction, g2 phase, model pd",0.021739130434782608
565,"fetal liver, stalled replication forks, pulmonary vascular, chromatin state",0.06956521739130436
565,"recent findings recent, cell multi omics, complex microbial, crispr cas based",0.0
565,"related morbidity, stage diagnosis, combination strategies, clinical intervention",0.532608695652174
565,"role intercellular communication, testicular torsion, nanoparticle tracking analysis, mir 21 5p",0.03260869565217391
565,"therapeutic strategies including, exosomes emerging, epigenetic modulation, solid cancers",0.023913043478260867
565,"transgene expression, metabolite production, study illustrates, precise genome",0.09130434782608696
565,"web science core, mean sd age, research hotspots, 28 day mortality",0.0
566,"bla ctx, spectrum lactamase esbl, sequence types sts, coli isolates",0.006521739130434784
566,"details use execution, myosin motors, nascent chain, origin life",0.34782608695652173
566,"editorial emerging, author correction, g2 phase, model pd",0.03260869565217391
566,"fetal liver, stalled replication forks, pulmonary vascular, chromatin state",0.06304347826086958
566,"recent findings recent, cell multi omics, complex microbial, crispr cas based",0.0
566,"related morbidity, stage diagnosis, combination strategies, clinical intervention",0.358695652173913
566,"role intercellular communication, testicular torsion, nanoparticle tracking analysis, mir 21 5p",0.03695652173913044
566,"therapeutic strategies including, exosomes emerging, epigenetic modulation, solid cancers",0.015217391304347825
566,"transgene expression, metabolite production, study illustrates, precise genome",0.1391304347826087
566,"web science core, mean sd age, research hotspots, 28 day mortality",0.0
567,"bla ctx, spectrum lactamase esbl, sequence types sts, coli isolates",0.004347826086956522
567,"details use execution, myosin motors, nascent chain, origin life",0.26521739130434785
567,"editorial emerging, author correction, g2 phase, model pd",0.05434782608695652
567,"fetal liver, stalled replication forks, pulmonary vascular, chromatin state",0.08260869565217392
567,"recent findings recent, cell multi omics, complex microbial, crispr cas based",0.0
567,"related morbidity, stage diagnosis, combination strategies, clinical intervention",0.34782608695652173
567,"role intercellular communication, testicular torsion, nanoparticle tracking analysis, mir 21 5p",0.034782608695652174
567,"therapeutic strategies including, exosomes emerging, epigenetic modulation, solid cancers",0.12608695652173912
567,"transgene expression, metabolite production, study illustrates, precise genome",0.08478260869565218
567,"web science core, mean sd age, research hotspots, 28 day mortality",0.0
568,"bla ctx, spectrum lactamase esbl, sequence types sts, coli isolates",0.017391304347826087
568,"details use execution, myosin motors, nascent chain, origin life",0.2217391304347826
568,"editorial emerging, author correction, g2 phase, model pd",0.0
568,"fetal liver, stalled replication forks, pulmonary vascular, chromatin state",0.08043478260869566
568,"recent findings recent, cell multi omics, complex microbial, crispr cas based",0.0
568,"related morbidity, stage diagnosis, combination strategies, clinical intervention",0.523913043478261
568,"role intercellular communication, testicular torsion, nanoparticle tracking analysis, mir 21 5p",0.006521739130434782
568,"therapeutic strategies including, exosomes emerging, epigenetic modulation, solid cancers",0.06521739130434784
568,"transgene expression, metabolite production, study illustrates, precise genome",0.06956521739130435
568,"web science core, mean sd age, research hotspots, 28 day mortality",0.015217391304347825
569,"bla ctx, spectrum lactamase esbl, sequence types sts, coli isolates",0.013043478260869565
569,"details use execution, myosin motors, nascent chain, origin life",0.3652173913043478
569,"editorial emerging, author correction, g2 phase, model pd",0.02391304347826087
569,"fetal liver, stalled replication forks, pulmonary vascular, chromatin state",0.054347826086956534
569,"recent findings recent, cell multi omics, complex microbial, crispr cas based",0.0
569,"related morbidity, stage diagnosis, combination strategies, clinical intervention",0.32826086956521733
569,"role intercellular communication, testicular torsion, nanoparticle tracking analysis, mir 21 5p",0.04130434782608696
569,"therapeutic strategies including, exosomes emerging, epigenetic modulation, solid cancers",0.006521739130434784
569,"transgene expression, metabolite production, study illustrates, precise genome",0.15217391304347827
569,"web science core, mean sd age, research hotspots, 28 day mortality",0.015217391304347825
570,"bla ctx, spectrum lactamase esbl, sequence types sts, coli isolates",0.006521739130434784
570,"details use execution, myosin motors, nascent chain, origin life",0.3065217391304348
570,"editorial emerging, author correction, g2 phase, model pd",0.034782608695652174
570,"fetal liver, stalled replication forks, pulmonary vascular, chromatin state",0.08478260869565218
570,"recent findings recent, cell multi omics, complex microbial, crispr cas based",0.0
570,"related morbidity, stage diagnosis, combination strategies, clinical intervention",0.4521739130434782
570,"role intercellular communication, testicular torsion, nanoparticle tracking analysis, mir 21 5p",0.034782608695652174
570,"therapeutic strategies including, exosomes emerging, epigenetic modulation, solid cancers",0.019565217391304346
570,"transgene expression, metabolite production, study illustrates, precise genome",0.06086956521739131
570,"web science core, mean sd age, research hotspots, 28 day mortality",0.0
571,"bla ctx, spectrum lactamase esbl, sequence types sts, coli isolates",0.017391304347826087
571,"details use execution, myosin motors, nascent chain, origin life",0.21956521739130433
571,"editorial emerging, author correction, g2 phase, model pd",0.0
571,"fetal liver, stalled replication forks, pulmonary vascular, chromatin state",0.08695652173913043
571,"recent findings recent, cell multi omics, complex microbial, crispr cas based",0.0
571,"related morbidity, stage diagnosis, combination strategies, clinical intervention",0.43695652173913047
571,"role intercellular communication, testicular torsion, nanoparticle tracking analysis, mir 21 5p",0.008695652173913044
571,"therapeutic strategies including, exosomes emerging, epigenetic modulation, solid cancers",0.06739130434782609
571,"transgene expression, metabolite production, study illustrates, precise genome",0.14782608695652175
571,"web science core, mean sd age, research hotspots, 28 day mortality",0.015217391304347825
572,"bla ctx, spectrum lactamase esbl, sequence types sts, coli isolates",0.002173913043478261
572,"details use execution, myosin motors, nascent chain, origin life",0.2673913043478261
572,"editorial emerging, author correction, g2 phase, model pd",0.0
572,"fetal liver, stalled replication forks, pulmonary vascular, chromatin state",0.07173913043478261
572,"recent findings recent, cell multi omics, complex microbial, crispr cas based",0.0
572,"related morbidity, stage diagnosis, combination strategies, clinical intervention",0.4369565217391304
572,"role intercellular communication, testicular torsion, nanoparticle tracking analysis, mir 21 5p",0.034782608695652174
572,"therapeutic strategies including, exosomes emerging, epigenetic modulation, solid cancers",0.0782608695652174
572,"transgene expression, metabolite production, study illustrates, precise genome",0.10869565217391304
572,"web science core, mean sd age, research hotspots, 28 day mortality",0.0
573,"bla ctx, spectrum lactamase esbl, sequence types sts, coli isolates",0.004347826086956522
573,"details use execution, myosin motors, nascent chain, origin life",0.3869565217391305
573,"editorial emerging, author correction, g2 phase, model pd",0.0
573,"fetal liver, stalled replication forks, pulmonary vascular, chromatin state",0.0782608695652174
573,"recent findings recent, cell multi omics, complex microbial, crispr cas based",0.0
573,"related morbidity, stage diagnosis, combination strategies, clinical intervention",0.32608695652173914
573,"role intercellular communication, testicular torsion, nanoparticle tracking analysis, mir 21 5p",0.0
573,"therapeutic strategies including, exosomes emerging, epigenetic modulation, solid cancers",0.09565217391304347
573,"transgene expression, metabolite production, study illustrates, precise genome",0.10869565217391304
573,"web science core, mean sd age, research hotspots, 28 day mortality",0.0
574,"bla ctx, spectrum lactamase esbl, sequence types sts, coli isolates",0.006521739130434784
574,"details use execution, myosin motors, nascent chain, origin life",0.35000000000000003
574,"editorial emerging, author correction, g2 phase, model pd",0.0
574,"fetal liver, stalled replication forks, pulmonary vascular, chromatin state",0.14782608695652175
574,"recent findings recent, cell multi omics, complex microbial, crispr cas based",0.0
574,"related morbidity, stage diagnosis, combination strategies, clinical intervention",0.2434782608695652
574,"role intercellular communication, testicular torsion, nanoparticle tracking analysis, mir 21 5p",0.034782608695652174
574,"therapeutic strategies including, exosomes emerging, epigenetic modulation, solid cancers",0.05434782608695652
574,"transgene expression, metabolite production, study illustrates, precise genome",0.16304347826086957
574,"web science core, mean sd age, research hotspots, 28 day mortality",0.0
575,"bla ctx, spectrum lactamase esbl, sequence types sts, coli isolates",0.008695652173913044
575,"details use execution, myosin motors, nascent chain, origin life",0.2086956521739131
575,"editorial emerging, author correction, g2 phase, model pd",0.002173913043478261
575,"fetal liver, stalled replication forks, pulmonary vascular, chromatin state",0.1108695652173913
575,"recent findings recent, cell multi omics, complex microbial, crispr cas based",0.0
575,"related morbidity, stage diagnosis, combination strategies, clinical intervention",0.5130434782608695
575,"role intercellular communication, testicular torsion, nanoparticle tracking analysis, mir 21 5p",0.0
575,"therapeutic strategies including, exosomes emerging, epigenetic modulation, solid cancers",0.09565217391304348
575,"transgene expression, metabolite production, study illustrates, precise genome",0.06086956521739131
575,"web science core, mean sd age, research hotspots, 28 day mortality",0.0
576,"bla ctx, spectrum lactamase esbl, sequence types sts, coli isolates",0.0
576,"details use execution, myosin motors, nascent chain, origin life",0.14130434782608695
576,"editorial emerging, author correction, g2 phase, model pd",0.05652173913043478
576,"fetal liver, stalled replication forks, pulmonary vascular, chromatin state",0.17173913043478262
576,"recent findings recent, cell multi omics, complex microbial, crispr cas based",0.0
576,"related morbidity, stage diagnosis, combination strategies, clinical intervention",0.45
576,"role intercellular communication, testicular torsion, nanoparticle tracking analysis, mir 21 5p",0.03260869565217391
576,"therapeutic strategies including, exosomes emerging, epigenetic modulation, solid cancers",0.04565217391304348
576,"transgene expression, metabolite production, study illustrates, precise genome",0.10217391304347824
576,"web science core, mean sd age, research hotspots, 28 day mortality",0.0
577,"bla ctx, spectrum lactamase esbl, sequence types sts, coli isolates",0.006521739130434784
577,"details use execution, myosin motors, nascent chain, origin life",0.3065217391304348
577,"editorial emerging, author correction, g2 phase, model pd",0.03260869565217391
577,"fetal liver, stalled replication forks, pulmonary vascular, chromatin state",0.09130434782608698
577,"recent findings recent, cell multi omics, complex microbial, crispr cas based",0.0
577,"related morbidity, stage diagnosis, combination strategies, clinical intervention",0.4130434782608696
577,"role intercellular communication, testicular torsion, nanoparticle tracking analysis, mir 21 5p",0.034782608695652174
577,"therapeutic strategies including, exosomes emerging, epigenetic modulation, solid cancers",0.02826086956521739
577,"transgene expression, metabolite production, study illustrates, precise genome",0.08695652173913043
577,"web science core, mean sd age, research hotspots, 28 day mortality",0.0
578,"bla ctx, spectrum lactamase esbl, sequence types sts, coli isolates",0.010869565217391304
578,"details use execution, myosin motors, nascent chain, origin life",0.29130434782608694
578,"editorial emerging, author correction, g2 phase, model pd",0.0
578,"fetal liver, stalled replication forks, pulmonary vascular, chromatin state",0.10434782608695654
578,"recent findings recent, cell multi omics, complex microbial, crispr cas based",0.0
578,"related morbidity, stage diagnosis, combination strategies, clinical intervention",0.3782608695652174
578,"role intercellular communication, testicular torsion, nanoparticle tracking analysis, mir 21 5p",0.002173913043478261
578,"therapeutic strategies including, exosomes emerging, epigenetic modulation, solid cancers",0.06956521739130435
578,"transgene expression, metabolite production, study illustrates, precise genome",0.14347826086956522
578,"web science core, mean sd age, research hotspots, 28 day mortality",0.0
579,"bla ctx, spectrum lactamase esbl, sequence types sts, coli isolates",0.006521739130434782
579,"details use execution, myosin motors, nascent chain, origin life",0.34782608695652173
579,"editorial emerging, author correction, g2 phase, model pd",0.03260869565217391
579,"fetal liver, stalled replication forks, pulmonary vascular, chromatin state",0.10217391304347827
579,"recent findings recent, cell multi omics, complex microbial, crispr cas based",0.0
579,"related morbidity, stage diagnosis, combination strategies, clinical intervention",0.27391304347826084
579,"role intercellular communication, testicular torsion, nanoparticle tracking analysis, mir 21 5p",0.03695652173913044
579,"therapeutic strategies including, exosomes emerging, epigenetic modulation, solid cancers",0.017391304347826087
579,"transgene expression, metabolite production, study illustrates, precise genome",0.1826086956521739
579,"web science core, mean sd age, research hotspots, 28 day mortality",0.0
580,"bla ctx, spectrum lactamase esbl, sequence types sts, coli isolates",0.013043478260869565
580,"details use execution, myosin motors, nascent chain, origin life",0.19347826086956524
580,"editorial emerging, author correction, g2 phase, model pd",0.0
580,"fetal liver, stalled replication forks, pulmonary vascular, chromatin state",0.07608695652173914
580,"recent findings recent, cell multi omics, complex microbial, crispr cas based",0.0
580,"related morbidity, stage diagnosis, combination strategies, clinical intervention",0.5347826086956522
580,"role intercellular communication, testicular torsion, nanoparticle tracking analysis, mir 21 5p",0.0391304347826087
580,"therapeutic strategies including, exosomes emerging, epigenetic modulation, solid cancers",0.05434782608695652
580,"transgene expression, metabolite production, study illustrates, precise genome",0.07391304347826087
580,"web science core, mean sd age, research hotspots, 28 day mortality",0.015217391304347825
581,"bla ctx, spectrum lactamase esbl, sequence types sts, coli isolates",0.004347826086956522
581,"details use execution, myosin motors, nascent chain, origin life",0.21086956521739128
581,"editorial emerging, author correction, g2 phase, model pd",0.021739130434782608
581,"fetal liver, stalled replication forks, pulmonary vascular, chromatin state",0.14565217391304347
581,"recent findings recent, cell multi omics, complex microbial, crispr cas based",0.0
581,"related morbidity, stage diagnosis, combination strategies, clinical intervention",0.3978260869565218
581,"role intercellular communication, testicular torsion, nanoparticle tracking analysis, mir 21 5p",0.002173913043478261
581,"therapeutic strategies including, exosomes emerging, epigenetic modulation, solid cancers",0.008695652173913044
581,"transgene expression, metabolite production, study illustrates, precise genome",0.2086956521739131
581,"web science core, mean sd age, research hotspots, 28 day mortality",0.0
582,"bla ctx, spectrum lactamase esbl, sequence types sts, coli isolates",0.013043478260869565
582,"details use execution, myosin motors, nascent chain, origin life",0.1391304347826087
582,"editorial emerging, author correction, g2 phase, model pd",0.05434782608695652
582,"fetal liver, stalled replication forks, pulmonary vascular, chromatin state",0.10652173913043475
582,"recent findings recent, cell multi omics, complex microbial, crispr cas based",0.0
582,"related morbidity, stage diagnosis, combination strategies, clinical intervention",0.467391304347826
582,"role intercellular communication, testicular torsion, nanoparticle tracking analysis, mir 21 5p",0.006521739130434782
582,"therapeutic strategies including, exosomes emerging, epigenetic modulation, solid cancers",0.019565217391304346
582,"transgene expression, metabolite production, study illustrates, precise genome",0.1782608695652174
582,"web science core, mean sd age, research hotspots, 28 day mortality",0.015217391304347825
583,"bla ctx, spectrum lactamase esbl, sequence types sts, coli isolates",0.002173913043478261
583,"details use execution, myosin motors, nascent chain, origin life",0.3456521739130435
583,"editorial emerging, author correction, g2 phase, model pd",0.03260869565217391
583,"fetal liver, stalled replication forks, pulmonary vascular, chromatin state",0.12608695652173912
583,"recent findings recent, cell multi omics, complex microbial, crispr cas based",0.0
583,"related morbidity, stage diagnosis, combination strategies, clinical intervention",0.29782608695652174
583,"role intercellular communication, testicular torsion, nanoparticle tracking analysis, mir 21 5p",0.0
583,"therapeutic strategies including, exosomes emerging, epigenetic modulation, solid cancers",0.03695652173913044
583,"transgene expression, metabolite production, study illustrates, precise genome",0.15869565217391304
583,"web science core, mean sd age, research hotspots, 28 day mortality",0.0
584,"bla ctx, spectrum lactamase esbl, sequence types sts, coli isolates",0.010869565217391304
584,"details use execution, myosin motors, nascent chain, origin life",0.29130434782608694
584,"editorial emerging, author correction, g2 phase, model pd",0.0
584,"fetal liver, stalled replication forks, pulmonary vascular, chromatin state",0.11739130434782608
584,"recent findings recent, cell multi omics, complex microbial, crispr cas based",0.0
584,"related morbidity, stage diagnosis, combination strategies, clinical intervention",0.38695652173913037
584,"role intercellular communication, testicular torsion, nanoparticle tracking analysis, mir 21 5p",0.002173913043478261
584,"therapeutic strategies including, exosomes emerging, epigenetic modulation, solid cancers",0.04565217391304348
584,"transgene expression, metabolite production, study illustrates, precise genome",0.14565217391304347
584,"web science core, mean sd age, research hotspots, 28 day mortality",0.0
585,"bla ctx, spectrum lactamase esbl, sequence types sts, coli isolates",0.002173913043478261
585,"details use execution, myosin motors, nascent chain, origin life",0.2673913043478261
585,"editorial emerging, author correction, g2 phase, model pd",0.002173913043478261
585,"fetal liver, stalled replication forks, pulmonary vascular, chromatin state",0.09565217391304348
585,"recent findings recent, cell multi omics, complex microbial, crispr cas based",0.0
585,"related morbidity, stage diagnosis, combination strategies, clinical intervention",0.4804347826086956
585,"role intercellular communication, testicular torsion, nanoparticle tracking analysis, mir 21 5p",0.034782608695652174
585,"therapeutic strategies including, exosomes emerging, epigenetic modulation, solid cancers",0.03913043478260869
585,"transgene expression, metabolite production, study illustrates, precise genome",0.07826086956521738
585,"web science core, mean sd age, research hotspots, 28 day mortality",0.0
586,"bla ctx, spectrum lactamase esbl, sequence types sts, coli isolates",0.008695652173913044
586,"details use execution, myosin motors, nascent chain, origin life",0.29347826086956524
586,"editorial emerging, author correction, g2 phase, model pd",0.05434782608695652
586,"fetal liver, stalled replication forks, pulmonary vascular, chromatin state",0.08043478260869566
586,"recent findings recent, cell multi omics, complex microbial, crispr cas based",0.0
586,"related morbidity, stage diagnosis, combination strategies, clinical intervention",0.34782608695652173
586,"role intercellular communication, testicular torsion, nanoparticle tracking analysis, mir 21 5p",0.002173913043478261
586,"therapeutic strategies including, exosomes emerging, epigenetic modulation, solid cancers",0.0782608695652174
586,"transgene expression, metabolite production, study illustrates, precise genome",0.13478260869565215
586,"web science core, mean sd age, research hotspots, 28 day mortality",0.0
587,"bla ctx, spectrum lactamase esbl, sequence types sts, coli isolates",0.006521739130434784
587,"details use execution, myosin motors, nascent chain, origin life",0.1217391304347826
587,"editorial emerging, author correction, g2 phase, model pd",0.002173913043478261
587,"fetal liver, stalled replication forks, pulmonary vascular, chromatin state",0.09347826086956523
587,"recent findings recent, cell multi omics, complex microbial, crispr cas based",0.0
587,"related morbidity, stage diagnosis, combination strategies, clinical intervention",0.5978260869565218
587,"role intercellular communication, testicular torsion, nanoparticle tracking analysis, mir 21 5p",0.002173913043478261
587,"therapeutic strategies including, exosomes emerging, epigenetic modulation, solid cancers",0.058695652173913045
587,"transgene expression, metabolite production, study illustrates, precise genome",0.11739130434782608
587,"web science core, mean sd age, research hotspots, 28 day mortality",0.0
588,"bla ctx, spectrum lactamase esbl, sequence types sts, coli isolates",0.004347826086956522
588,"details use execution, myosin motors, nascent chain, origin life",0.3956521739130435
588,"editorial emerging, author correction, g2 phase, model pd",0.0
588,"fetal liver, stalled replication forks, pulmonary vascular, chromatin state",0.18043478260869567
588,"recent findings recent, cell multi omics, complex microbial, crispr cas based",0.0
588,"related morbidity, stage diagnosis, combination strategies, clinical intervention",0.24999999999999997
588,"role intercellular communication, testicular torsion, nanoparticle tracking analysis, mir 21 5p",0.034782608695652174
588,"therapeutic strategies including, exosomes emerging, epigenetic modulation, solid cancers",0.034782608695652174
588,"transgene expression, metabolite production, study illustrates, precise genome",0.09999999999999999
588,"web science core, mean sd age, research hotspots, 28 day mortality",0.0
589,"bla ctx, spectrum lactamase esbl, sequence types sts, coli isolates",0.01956521739130435
589,"details use execution, myosin motors, nascent chain, origin life",0.34782608695652173
589,"editorial emerging, author correction, g2 phase, model pd",0.002173913043478261
589,"fetal liver, stalled replication forks, pulmonary vascular, chromatin state",0.08695652173913043
589,"recent findings recent, cell multi omics, complex microbial, crispr cas based",0.0
589,"related morbidity, stage diagnosis, combination strategies, clinical intervention",0.38260869565217387
589,"role intercellular communication, testicular torsion, nanoparticle tracking analysis, mir 21 5p",0.008695652173913044
589,"therapeutic strategies including, exosomes emerging, epigenetic modulation, solid cancers",0.02391304347826087
589,"transgene expression, metabolite production, study illustrates, precise genome",0.11304347826086955
589,"web science core, mean sd age, research hotspots, 28 day mortality",0.015217391304347825
590,"bla ctx, spectrum lactamase esbl, sequence types sts, coli isolates",0.010869565217391304
590,"details use execution, myosin motors, nascent chain, origin life",0.33695652173913043
590,"editorial emerging, author correction, g2 phase, model pd",0.021739130434782608
590,"fetal liver, stalled replication forks, pulmonary vascular, chromatin state",0.10652173913043476
590,"recent findings recent, cell multi omics, complex microbial, crispr cas based",0.0
590,"related morbidity, stage diagnosis, combination strategies, clinical intervention",0.3934782608695652
590,"role intercellular communication, testicular torsion, nanoparticle tracking analysis, mir 21 5p",0.0
590,"therapeutic strategies including, exosomes emerging, epigenetic modulation, solid cancers",0.0391304347826087
590,"transgene expression, metabolite production, study illustrates, precise genome",0.09130434782608694
590,"web science core, mean sd age, research hotspots, 28 day mortality",0.0
591,"bla ctx, spectrum lactamase esbl, sequence types sts, coli isolates",0.0
591,"details use execution, myosin motors, nascent chain, origin life",0.17173913043478262
591,"editorial emerging, author correction, g2 phase, model pd",0.03260869565217391
591,"fetal liver, stalled replication forks, pulmonary vascular, chromatin state",0.14130434782608697
591,"recent findings recent, cell multi omics, complex microbial, crispr cas based",0.0
591,"related morbidity, stage diagnosis, combination strategies, clinical intervention",0.44782608695652176
591,"role intercellular communication, testicular torsion, nanoparticle tracking analysis, mir 21 5p",0.002173913043478261
591,"therapeutic strategies including, exosomes emerging, epigenetic modulation, solid cancers",0.019565217391304346
591,"transgene expression, metabolite production, study illustrates, precise genome",0.18478260869565216
591,"web science core, mean sd age, research hotspots, 28 day mortality",0.0
592,"bla ctx, spectrum lactamase esbl, sequence types sts, coli isolates",0.006521739130434784
592,"details use execution, myosin motors, nascent chain, origin life",0.1782608695652174
592,"editorial emerging, author correction, g2 phase, model pd",0.002173913043478261
592,"fetal liver, stalled replication forks, pulmonary vascular, chromatin state",0.10434782608695652
592,"recent findings recent, cell multi omics, complex microbial, crispr cas based",0.0
592,"related morbidity, stage diagnosis, combination strategies, clinical intervention",0.4869565217391304
592,"role intercellular communication, testicular torsion, nanoparticle tracking analysis, mir 21 5p",0.03260869565217391
592,"therapeutic strategies including, exosomes emerging, epigenetic modulation, solid cancers",0.026086956521739136
592,"transgene expression, metabolite production, study illustrates, precise genome",0.16304347826086957
592,"web science core, mean sd age, research hotspots, 28 day mortality",0.0
593,"bla ctx, spectrum lactamase esbl, sequence types sts, coli isolates",0.021739130434782608
593,"details use execution, myosin motors, nascent chain, origin life",0.21739130434782608
593,"editorial emerging, author correction, g2 phase, model pd",0.021739130434782608
593,"fetal liver, stalled replication forks, pulmonary vascular, chromatin state",0.14347826086956522
593,"recent findings recent, cell multi omics, complex microbial, crispr cas based",0.0
593,"related morbidity, stage diagnosis, combination strategies, clinical intervention",0.3630434782608695
593,"role intercellular communication, testicular torsion, nanoparticle tracking analysis, mir 21 5p",0.006521739130434782
593,"therapeutic strategies including, exosomes emerging, epigenetic modulation, solid cancers",0.03043478260869565
593,"transgene expression, metabolite production, study illustrates, precise genome",0.18043478260869567
593,"web science core, mean sd age, research hotspots, 28 day mortality",0.015217391304347825
594,"bla ctx, spectrum lactamase esbl, sequence types sts, coli isolates",0.013043478260869565
594,"details use execution, myosin motors, nascent chain, origin life",0.2652173913043478
594,"editorial emerging, author correction, g2 phase, model pd",0.0
594,"fetal liver, stalled replication forks, pulmonary vascular, chromatin state",0.09782608695652174
594,"recent findings recent, cell multi omics, complex microbial, crispr cas based",0.0
594,"related morbidity, stage diagnosis, combination strategies, clinical intervention",0.4521739130434782
594,"role intercellular communication, testicular torsion, nanoparticle tracking analysis, mir 21 5p",0.010869565217391304
594,"therapeutic strategies including, exosomes emerging, epigenetic modulation, solid cancers",0.07173913043478261
594,"transgene expression, metabolite production, study illustrates, precise genome",0.07391304347826087
594,"web science core, mean sd age, research hotspots, 28 day mortality",0.015217391304347825
595,"bla ctx, spectrum lactamase esbl, sequence types sts, coli isolates",0.006521739130434784
595,"details use execution, myosin motors, nascent chain, origin life",0.35000000000000003
595,"editorial emerging, author correction, g2 phase, model pd",0.034782608695652174
595,"fetal liver, stalled replication forks, pulmonary vascular, chromatin state",0.06304347826086956
595,"recent findings recent, cell multi omics, complex microbial, crispr cas based",0.0
595,"related morbidity, stage diagnosis, combination strategies, clinical intervention",0.3847826086956522
595,"role intercellular communication, testicular torsion, nanoparticle tracking analysis, mir 21 5p",0.034782608695652174
595,"therapeutic strategies including, exosomes emerging, epigenetic modulation, solid cancers",0.043478260869565216
595,"transgene expression, metabolite production, study illustrates, precise genome",0.08260869565217391
595,"web science core, mean sd age, research hotspots, 28 day mortality",0.0
596,"bla ctx, spectrum lactamase esbl, sequence types sts, coli isolates",0.002173913043478261
596,"details use execution, myosin motors, nascent chain, origin life",0.3
596,"editorial emerging, author correction, g2 phase, model pd",0.0
596,"fetal liver, stalled replication forks, pulmonary vascular, chromatin state",0.10652173913043476
596,"recent findings recent, cell multi omics, complex microbial, crispr cas based",0.0
596,"related morbidity, stage diagnosis, combination strategies, clinical intervention",0.3934782608695652
596,"role intercellular communication, testicular torsion, nanoparticle tracking analysis, mir 21 5p",0.002173913043478261
596,"therapeutic strategies including, exosomes emerging, epigenetic modulation, solid cancers",0.03913043478260869
596,"transgene expression, metabolite production, study illustrates, precise genome",0.1565217391304348
596,"web science core, mean sd age, research hotspots, 28 day mortality",0.0
597,"bla ctx, spectrum lactamase esbl, sequence types sts, coli isolates",0.01956521739130435
597,"details use execution, myosin motors, nascent chain, origin life",0.23043478260869565
597,"editorial emerging, author correction, g2 phase, model pd",0.03260869565217391
597,"fetal liver, stalled replication forks, pulmonary vascular, chromatin state",0.15434782608695652
597,"recent findings recent, cell multi omics, complex microbial, crispr cas based",0.0
597,"related morbidity, stage diagnosis, combination strategies, clinical intervention",0.32391304347826094
597,"role intercellular communication, testicular torsion, nanoparticle tracking analysis, mir 21 5p",0.0391304347826087
597,"therapeutic strategies including, exosomes emerging, epigenetic modulation, solid cancers",0.0608695652173913
597,"transgene expression, metabolite production, study illustrates, precise genome",0.12391304347826085
597,"web science core, mean sd age, research hotspots, 28 day mortality",0.015217391304347825
598,"bla ctx, spectrum lactamase esbl, sequence types sts, coli isolates",0.015217391304347825
598,"details use execution, myosin motors, nascent chain, origin life",0.39565217391304347
598,"editorial emerging, author correction, g2 phase, model pd",0.002173913043478261
598,"fetal liver, stalled replication forks, pulmonary vascular, chromatin state",0.05652173913043478
598,"recent findings recent, cell multi omics, complex microbial, crispr cas based",0.0
598,"related morbidity, stage diagnosis, combination strategies, clinical intervention",0.3978260869565218
598,"role intercellular communication, testicular torsion, nanoparticle tracking analysis, mir 21 5p",0.008695652173913044
598,"therapeutic strategies including, exosomes emerging, epigenetic modulation, solid cancers",0.04782608695652174
598,"transgene expression, metabolite production, study illustrates, precise genome",0.06086956521739131
598,"web science core, mean sd age, research hotspots, 28 day mortality",0.015217391304347825
599,"bla ctx, spectrum lactamase esbl, sequence types sts, coli isolates",0.004347826086956522
599,"details use execution, myosin motors, nascent chain, origin life",0.34347826086956523
599,"editorial emerging, author correction, g2 phase, model pd",0.021739130434782608
599,"fetal liver, stalled replication forks, pulmonary vascular, chromatin state",0.13695652173913042
599,"recent findings recent, cell multi omics, complex microbial, crispr cas based",0.0
599,"related morbidity, stage diagnosis, combination strategies, clinical intervention",0.3
599,"role intercellular communication, testicular torsion, nanoparticle tracking analysis, mir 21 5p",0.0
599,"therapeutic strategies including, exosomes emerging, epigenetic modulation, solid cancers",0.05652173913043478
599,"transgene expression, metabolite production, study illustrates, precise genome",0.13695652173913045
599,"web science core, mean sd age, research hotspots, 28 day mortality",0.0
600,"bla ctx, spectrum lactamase esbl, sequence types sts, coli isolates",0.002173913043478261
600,"details use execution, myosin motors, nascent chain, origin life",0.3521739130434782
600,"editorial emerging, author correction, g2 phase, model pd",0.0
600,"fetal liver, stalled replication forks, pulmonary vascular, chromatin state",0.1260869565217391
600,"recent findings recent, cell multi omics, complex microbial, crispr cas based",0.0
600,"related morbidity, stage diagnosis, combination strategies, clinical intervention",0.3760869565217391
600,"role intercellular communication, testicular torsion, nanoparticle tracking analysis, mir 21 5p",0.03695652173913044
600,"therapeutic strategies including, exosomes emerging, epigenetic modulation, solid cancers",0.05
600,"transgene expression, metabolite production, study illustrates, precise genome",0.056521739130434796
600,"web science core, mean sd age, research hotspots, 28 day mortality",0.0
601,"bla ctx, spectrum lactamase esbl, sequence types sts, coli isolates",0.002173913043478261
601,"details use execution, myosin motors, nascent chain, origin life",0.18043478260869567
601,"editorial emerging, author correction, g2 phase, model pd",0.0
601,"fetal liver, stalled replication forks, pulmonary vascular, chromatin state",0.13695652173913042
601,"recent findings recent, cell multi omics, complex microbial, crispr cas based",0.0
601,"related morbidity, stage diagnosis, combination strategies, clinical intervention",0.48260869565217396
601,"role intercellular communication, testicular torsion, nanoparticle tracking analysis, mir 21 5p",0.034782608695652174
601,"therapeutic strategies including, exosomes emerging, epigenetic modulation, solid cancers",0.043478260869565216
601,"transgene expression, metabolite production, study illustrates, precise genome",0.11956521739130435
601,"web science core, mean sd age, research hotspots, 28 day mortality",0.0
602,"bla ctx, spectrum lactamase esbl, sequence types sts, coli isolates",0.002173913043478261
602,"details use execution, myosin motors, nascent chain, origin life",0.26956521739130435
602,"editorial emerging, author correction, g2 phase, model pd",0.002173913043478261
602,"fetal liver, stalled replication forks, pulmonary vascular, chromatin state",0.10869565217391304
602,"recent findings recent, cell multi omics, complex microbial, crispr cas based",0.0
602,"related morbidity, stage diagnosis, combination strategies, clinical intervention",0.42391304347826086
602,"role intercellular communication, testicular torsion, nanoparticle tracking analysis, mir 21 5p",0.03260869565217391
602,"therapeutic strategies including, exosomes emerging, epigenetic modulation, solid cancers",0.03260869565217391
602,"transgene expression, metabolite production, study illustrates, precise genome",0.12826086956521737
602,"web science core, mean sd age, research hotspots, 28 day mortality",0.0
603,"bla ctx, spectrum lactamase esbl, sequence types sts, coli isolates",0.004347826086956522
603,"details use execution, myosin motors, nascent chain, origin life",0.34347826086956523
603,"editorial emerging, author correction, g2 phase, model pd",0.002173913043478261
603,"fetal liver, stalled replication forks, pulmonary vascular, chromatin state",0.11739130434782609
603,"recent findings recent, cell multi omics, complex microbial, crispr cas based",0.0
603,"related morbidity, stage diagnosis, combination strategies, clinical intervention",0.3869565217391305
603,"role intercellular communication, testicular torsion, nanoparticle tracking analysis, mir 21 5p",0.0
603,"therapeutic strategies including, exosomes emerging, epigenetic modulation, solid cancers",0.02391304347826087
603,"transgene expression, metabolite production, study illustrates, precise genome",0.1217391304347826
603,"web science core, mean sd age, research hotspots, 28 day mortality",0.0
604,"bla ctx, spectrum lactamase esbl, sequence types sts, coli isolates",0.017391304347826087
604,"details use execution, myosin motors, nascent chain, origin life",0.2652173913043478
604,"editorial emerging, author correction, g2 phase, model pd",0.0
604,"fetal liver, stalled replication forks, pulmonary vascular, chromatin state",0.054347826086956534
604,"recent findings recent, cell multi omics, complex microbial, crispr cas based",0.0
604,"related morbidity, stage diagnosis, combination strategies, clinical intervention",0.508695652173913
604,"role intercellular communication, testicular torsion, nanoparticle tracking analysis, mir 21 5p",0.006521739130434782
604,"therapeutic strategies including, exosomes emerging, epigenetic modulation, solid cancers",0.07391304347826087
604,"transgene expression, metabolite production, study illustrates, precise genome",0.058695652173913045
604,"web science core, mean sd age, research hotspots, 28 day mortality",0.015217391304347825
605,"bla ctx, spectrum lactamase esbl, sequence types sts, coli isolates",0.0
605,"details use execution, myosin motors, nascent chain, origin life",0.34347826086956523
605,"editorial emerging, author correction, g2 phase, model pd",0.03260869565217391
605,"fetal liver, stalled replication forks, pulmonary vascular, chromatin state",0.06739130434782607
605,"recent findings recent, cell multi omics, complex microbial, crispr cas based",0.0
605,"related morbidity, stage diagnosis, combination strategies, clinical intervention",0.38478260869565223
605,"role intercellular communication, testicular torsion, nanoparticle tracking analysis, mir 21 5p",0.004347826086956522
605,"therapeutic strategies including, exosomes emerging, epigenetic modulation, solid cancers",0.041304347826086954
605,"transgene expression, metabolite production, study illustrates, precise genome",0.12608695652173912
605,"web science core, mean sd age, research hotspots, 28 day mortality",0.0
606,"bla ctx, spectrum lactamase esbl, sequence types sts, coli isolates",0.019565217391304346
606,"details use execution, myosin motors, nascent chain, origin life",0.2739130434782609
606,"editorial emerging, author correction, g2 phase, model pd",0.034782608695652174
606,"fetal liver, stalled replication forks, pulmonary vascular, chromatin state",0.1108695652173913
606,"recent findings recent, cell multi omics, complex microbial, crispr cas based",0.0
606,"related morbidity, stage diagnosis, combination strategies, clinical intervention",0.40652173913043477
606,"role intercellular communication, testicular torsion, nanoparticle tracking analysis, mir 21 5p",0.0391304347826087
606,"therapeutic strategies including, exosomes emerging, epigenetic modulation, solid cancers",0.010869565217391304
606,"transgene expression, metabolite production, study illustrates, precise genome",0.0891304347826087
606,"web science core, mean sd age, research hotspots, 28 day mortality",0.015217391304347825
607,"bla ctx, spectrum lactamase esbl, sequence types sts, coli isolates",0.006521739130434784
607,"details use execution, myosin motors, nascent chain, origin life",0.33913043478260874
607,"editorial emerging, author correction, g2 phase, model pd",0.002173913043478261
607,"fetal liver, stalled replication forks, pulmonary vascular, chromatin state",0.11739130434782609
607,"recent findings recent, cell multi omics, complex microbial, crispr cas based",0.0
607,"related morbidity, stage diagnosis, combination strategies, clinical intervention",0.3630434782608695
607,"role intercellular communication, testicular torsion, nanoparticle tracking analysis, mir 21 5p",0.002173913043478261
607,"therapeutic strategies including, exosomes emerging, epigenetic modulation, solid cancers",0.06739130434782607
607,"transgene expression, metabolite production, study illustrates, precise genome",0.10217391304347827
607,"web science core, mean sd age, research hotspots, 28 day mortality",0.0
608,"bla ctx, spectrum lactamase esbl, sequence types sts, coli isolates",0.004347826086956522
608,"details use execution, myosin motors, nascent chain, origin life",0.30869565217391304
608,"editorial emerging, author correction, g2 phase, model pd",0.0
608,"fetal liver, stalled replication forks, pulmonary vascular, chromatin state",0.06739130434782609
608,"recent findings recent, cell multi omics, complex microbial, crispr cas based",0.0
608,"related morbidity, stage diagnosis, combination strategies, clinical intervention",0.42608695652173906
608,"role intercellular communication, testicular torsion, nanoparticle tracking analysis, mir 21 5p",0.034782608695652174
608,"therapeutic strategies including, exosomes emerging, epigenetic modulation, solid cancers",0.03260869565217391
608,"transgene expression, metabolite production, study illustrates, precise genome",0.12608695652173915
608,"web science core, mean sd age, research hotspots, 28 day mortality",0.0
609,"bla ctx, spectrum lactamase esbl, sequence types sts, coli isolates",0.006521739130434784
609,"details use execution, myosin motors, nascent chain, origin life",0.20869565217391303
609,"editorial emerging, author correction, g2 phase, model pd",0.034782608695652174
609,"fetal liver, stalled replication forks, pulmonary vascular, chromatin state",0.11304347826086956
609,"recent findings recent, cell multi omics, complex microbial, crispr cas based",0.0
609,"related morbidity, stage diagnosis, combination strategies, clinical intervention",0.38478260869565206
609,"role intercellular communication, testicular torsion, nanoparticle tracking analysis, mir 21 5p",0.002173913043478261
609,"therapeutic strategies including, exosomes emerging, epigenetic modulation, solid cancers",0.058695652173913045
609,"transgene expression, metabolite production, study illustrates, precise genome",0.19130434782608696
609,"web science core, mean sd age, research hotspots, 28 day mortality",0.0
610,"bla ctx, spectrum lactamase esbl, sequence types sts, coli isolates",0.008695652173913044
610,"details use execution, myosin motors, nascent chain, origin life",0.25
610,"editorial emerging, author correction, g2 phase, model pd",0.0
610,"fetal liver, stalled replication forks, pulmonary vascular, chromatin state",0.10434782608695652
610,"recent findings recent, cell multi omics, complex microbial, crispr cas based",0.0
610,"related morbidity, stage diagnosis, combination strategies, clinical intervention",0.4304347826086955
610,"role intercellular communication, testicular torsion, nanoparticle tracking analysis, mir 21 5p",0.002173913043478261
610,"therapeutic strategies including, exosomes emerging, epigenetic modulation, solid cancers",0.05434782608695652
610,"transgene expression, metabolite production, study illustrates, precise genome",0.15
610,"web science core, mean sd age, research hotspots, 28 day mortality",0.0
611,"bla ctx, spectrum lactamase esbl, sequence types sts, coli isolates",0.006521739130434784
611,"details use execution, myosin motors, nascent chain, origin life",0.38478260869565223
611,"editorial emerging, author correction, g2 phase, model pd",0.021739130434782608
611,"fetal liver, stalled replication forks, pulmonary vascular, chromatin state",0.0608695652173913
611,"recent findings recent, cell multi omics, complex microbial, crispr cas based",0.0
611,"related morbidity, stage diagnosis, combination strategies, clinical intervention",0.4043478260869566
611,"role intercellular communication, testicular torsion, nanoparticle tracking analysis, mir 21 5p",0.0
611,"therapeutic strategies including, exosomes emerging, epigenetic modulation, solid cancers",0.06739130434782607
611,"transgene expression, metabolite production, study illustrates, precise genome",0.05434782608695652
611,"web science core, mean sd age, research hotspots, 28 day mortality",0.0
612,"bla ctx, spectrum lactamase esbl, sequence types sts, coli isolates",0.008695652173913044
612,"details use execution, myosin motors, nascent chain, origin life",0.3782608695652174
612,"editorial emerging, author correction, g2 phase, model pd",0.021739130434782608
612,"fetal liver, stalled replication forks, pulmonary vascular, chromatin state",0.08695652173913043
612,"recent findings recent, cell multi omics, complex microbial, crispr cas based",0.0
612,"related morbidity, stage diagnosis, combination strategies, clinical intervention",0.34347826086956523
612,"role intercellular communication, testicular torsion, nanoparticle tracking analysis, mir 21 5p",0.004347826086956522
612,"therapeutic strategies including, exosomes emerging, epigenetic modulation, solid cancers",0.07173913043478261
612,"transgene expression, metabolite production, study illustrates, precise genome",0.08478260869565218
612,"web science core, mean sd age, research hotspots, 28 day mortality",0.0
613,"bla ctx, spectrum lactamase esbl, sequence types sts, coli isolates",0.01956521739130435
613,"details use execution, myosin motors, nascent chain, origin life",0.22826086956521738
613,"editorial emerging, author correction, g2 phase, model pd",0.0
613,"fetal liver, stalled replication forks, pulmonary vascular, chromatin state",0.06304347826086956
613,"recent findings recent, cell multi omics, complex microbial, crispr cas based",0.0
613,"related morbidity, stage diagnosis, combination strategies, clinical intervention",0.5021739130434782
613,"role intercellular communication, testicular torsion, nanoparticle tracking analysis, mir 21 5p",0.041304347826086954
613,"therapeutic strategies including, exosomes emerging, epigenetic modulation, solid cancers",0.07173913043478261
613,"transgene expression, metabolite production, study illustrates, precise genome",0.058695652173913045
613,"web science core, mean sd age, research hotspots, 28 day mortality",0.015217391304347825
614,"bla ctx, spectrum lactamase esbl, sequence types sts, coli isolates",0.019565217391304346
614,"details use execution, myosin motors, nascent chain, origin life",0.31521739130434784
614,"editorial emerging, author correction, g2 phase, model pd",0.021739130434782608
614,"fetal liver, stalled replication forks, pulmonary vascular, chromatin state",0.04782608695652174
614,"recent findings recent, cell multi omics, complex microbial, crispr cas based",0.0
614,"related morbidity, stage diagnosis, combination strategies, clinical intervention",0.43478260869565216
614,"role intercellular communication, testicular torsion, nanoparticle tracking analysis, mir 21 5p",0.041304347826086954
614,"therapeutic strategies including, exosomes emerging, epigenetic modulation, solid cancers",0.010869565217391304
614,"transgene expression, metabolite production, study illustrates, precise genome",0.09347826086956523
614,"web science core, mean sd age, research hotspots, 28 day mortality",0.015217391304347825
615,"bla ctx, spectrum lactamase esbl, sequence types sts, coli isolates",0.015217391304347825
615,"details use execution, myosin motors, nascent chain, origin life",0.2782608695652174
615,"editorial emerging, author correction, g2 phase, model pd",0.05434782608695652
615,"fetal liver, stalled replication forks, pulmonary vascular, chromatin state",0.06956521739130435
615,"recent findings recent, cell multi omics, complex microbial, crispr cas based",0.0
615,"related morbidity, stage diagnosis, combination strategies, clinical intervention",0.3695652173913043
615,"role intercellular communication, testicular torsion, nanoparticle tracking analysis, mir 21 5p",0.0391304347826087
615,"therapeutic strategies including, exosomes emerging, epigenetic modulation, solid cancers",0.043478260869565216
615,"transgene expression, metabolite production, study illustrates, precise genome",0.11521739130434783
615,"web science core, mean sd age, research hotspots, 28 day mortality",0.015217391304347825
616,"bla ctx, spectrum lactamase esbl, sequence types sts, coli isolates",0.002173913043478261
616,"details use execution, myosin motors, nascent chain, origin life",0.2673913043478261
616,"editorial emerging, author correction, g2 phase, model pd",0.0
616,"fetal liver, stalled replication forks, pulmonary vascular, chromatin state",0.11521739130434783
616,"recent findings recent, cell multi omics, complex microbial, crispr cas based",0.0
616,"related morbidity, stage diagnosis, combination strategies, clinical intervention",0.40869565217391307
616,"role intercellular communication, testicular torsion, nanoparticle tracking analysis, mir 21 5p",0.034782608695652174
616,"therapeutic strategies including, exosomes emerging, epigenetic modulation, solid cancers",0.06739130434782609
616,"transgene expression, metabolite production, study illustrates, precise genome",0.10434782608695652
616,"web science core, mean sd age, research hotspots, 28 day mortality",0.0
617,"bla ctx, spectrum lactamase esbl, sequence types sts, coli isolates",0.0
617,"details use execution, myosin motors, nascent chain, origin life",0.21739130434782608
617,"editorial emerging, author correction, g2 phase, model pd",0.03260869565217391
617,"fetal liver, stalled replication forks, pulmonary vascular, chromatin state",0.13695652173913042
617,"recent findings recent, cell multi omics, complex microbial, crispr cas based",0.0
617,"related morbidity, stage diagnosis, combination strategies, clinical intervention",0.5043478260869565
617,"role intercellular communication, testicular torsion, nanoparticle tracking analysis, mir 21 5p",0.0
617,"therapeutic strategies including, exosomes emerging, epigenetic modulation, solid cancers",0.03695652173913044
617,"transgene expression, metabolite production, study illustrates, precise genome",0.07173913043478261
617,"web science core, mean sd age, research hotspots, 28 day mortality",0.0
618,"bla ctx, spectrum lactamase esbl, sequence types sts, coli isolates",0.004347826086956522
618,"details use execution, myosin motors, nascent chain, origin life",0.3391304347826087
618,"editorial emerging, author correction, g2 phase, model pd",0.03260869565217391
618,"fetal liver, stalled replication forks, pulmonary vascular, chromatin state",0.11739130434782608
618,"recent findings recent, cell multi omics, complex microbial, crispr cas based",0.0
618,"related morbidity, stage diagnosis, combination strategies, clinical intervention",0.29782608695652174
618,"role intercellular communication, testicular torsion, nanoparticle tracking analysis, mir 21 5p",0.004347826086956522
618,"therapeutic strategies including, exosomes emerging, epigenetic modulation, solid cancers",0.06521739130434782
618,"transgene expression, metabolite production, study illustrates, precise genome",0.1391304347826087
618,"web science core, mean sd age, research hotspots, 28 day mortality",0.0
619,"bla ctx, spectrum lactamase esbl, sequence types sts, coli isolates",0.015217391304347825
619,"details use execution, myosin motors, nascent chain, origin life",0.35434782608695653
619,"editorial emerging, author correction, g2 phase, model pd",0.0
619,"fetal liver, stalled replication forks, pulmonary vascular, chromatin state",0.0782608695652174
619,"recent findings recent, cell multi omics, complex microbial, crispr cas based",0.0
619,"related morbidity, stage diagnosis, combination strategies, clinical intervention",0.3652173913043478
619,"role intercellular communication, testicular torsion, nanoparticle tracking analysis, mir 21 5p",0.006521739130434782
619,"therapeutic strategies including, exosomes emerging, epigenetic modulation, solid cancers",0.028260869565217388
619,"transgene expression, metabolite production, study illustrates, precise genome",0.13695652173913042
619,"web science core, mean sd age, research hotspots, 28 day mortality",0.015217391304347825
620,"bla ctx, spectrum lactamase esbl, sequence types sts, coli isolates",0.004347826086956522
620,"details use execution, myosin motors, nascent chain, origin life",0.2521739130434783
620,"editorial emerging, author correction, g2 phase, model pd",0.021739130434782608
620,"fetal liver, stalled replication forks, pulmonary vascular, chromatin state",0.12608695652173912
620,"recent findings recent, cell multi omics, complex microbial, crispr cas based",0.0
620,"related morbidity, stage diagnosis, combination strategies, clinical intervention",0.3760869565217391
620,"role intercellular communication, testicular torsion, nanoparticle tracking analysis, mir 21 5p",0.004347826086956522
620,"therapeutic strategies including, exosomes emerging, epigenetic modulation, solid cancers",0.06086956521739131
620,"transgene expression, metabolite production, study illustrates, precise genome",0.15434782608695652
620,"web science core, mean sd age, research hotspots, 28 day mortality",0.0
621,"bla ctx, spectrum lactamase esbl, sequence types sts, coli isolates",0.002173913043478261
621,"details use execution, myosin motors, nascent chain, origin life",0.3
621,"editorial emerging, author correction, g2 phase, model pd",0.021739130434782608
621,"fetal liver, stalled replication forks, pulmonary vascular, chromatin state",0.10217391304347827
621,"recent findings recent, cell multi omics, complex microbial, crispr cas based",0.0
621,"related morbidity, stage diagnosis, combination strategies, clinical intervention",0.43043478260869567
621,"role intercellular communication, testicular torsion, nanoparticle tracking analysis, mir 21 5p",0.002173913043478261
621,"therapeutic strategies including, exosomes emerging, epigenetic modulation, solid cancers",0.006521739130434784
621,"transgene expression, metabolite production, study illustrates, precise genome",0.13478260869565217
621,"web science core, mean sd age, research hotspots, 28 day mortality",0.0
622,"bla ctx, spectrum lactamase esbl, sequence types sts, coli isolates",0.015217391304347825
622,"details use execution, myosin motors, nascent chain, origin life",0.26521739130434785
622,"editorial emerging, author correction, g2 phase, model pd",0.0
622,"fetal liver, stalled replication forks, pulmonary vascular, chromatin state",0.09782608695652174
622,"recent findings recent, cell multi omics, complex microbial, crispr cas based",0.0
622,"related morbidity, stage diagnosis, combination strategies, clinical intervention",0.4782608695652174
622,"role intercellular communication, testicular torsion, nanoparticle tracking analysis, mir 21 5p",0.008695652173913044
622,"therapeutic strategies including, exosomes emerging, epigenetic modulation, solid cancers",0.0391304347826087
622,"transgene expression, metabolite production, study illustrates, precise genome",0.08043478260869566
622,"web science core, mean sd age, research hotspots, 28 day mortality",0.015217391304347825
623,"bla ctx, spectrum lactamase esbl, sequence types sts, coli isolates",0.004347826086956522
623,"details use execution, myosin motors, nascent chain, origin life",0.25434782608695655
623,"editorial emerging, author correction, g2 phase, model pd",0.0
623,"fetal liver, stalled replication forks, pulmonary vascular, chromatin state",0.10869565217391303
623,"recent findings recent, cell multi omics, complex microbial, crispr cas based",0.0
623,"related morbidity, stage diagnosis, combination strategies, clinical intervention",0.4717391304347826
623,"role intercellular communication, testicular torsion, nanoparticle tracking analysis, mir 21 5p",0.002173913043478261
623,"therapeutic strategies including, exosomes emerging, epigenetic modulation, solid cancers",0.03913043478260869
623,"transgene expression, metabolite production, study illustrates, precise genome",0.11956521739130435
623,"web science core, mean sd age, research hotspots, 28 day mortality",0.0
624,"bla ctx, spectrum lactamase esbl, sequence types sts, coli isolates",0.010869565217391304
624,"details use execution, myosin motors, nascent chain, origin life",0.20652173913043478
624,"editorial emerging, author correction, g2 phase, model pd",0.05652173913043478
624,"fetal liver, stalled replication forks, pulmonary vascular, chromatin state",0.1152173913043478
624,"recent findings recent, cell multi omics, complex microbial, crispr cas based",0.0
624,"related morbidity, stage diagnosis, combination strategies, clinical intervention",0.4565217391304347
624,"role intercellular communication, testicular torsion, nanoparticle tracking analysis, mir 21 5p",0.0
624,"therapeutic strategies including, exosomes emerging, epigenetic modulation, solid cancers",0.04565217391304347
624,"transgene expression, metabolite production, study illustrates, precise genome",0.10869565217391304
624,"web science core, mean sd age, research hotspots, 28 day mortality",0.0
625,"bla ctx, spectrum lactamase esbl, sequence types sts, coli isolates",0.015217391304347825
625,"details use execution, myosin motors, nascent chain, origin life",0.35000000000000003
625,"editorial emerging, author correction, g2 phase, model pd",0.02391304347826087
625,"fetal liver, stalled replication forks, pulmonary vascular, chromatin state",0.11956521739130435
625,"recent findings recent, cell multi omics, complex microbial, crispr cas based",0.0
625,"related morbidity, stage diagnosis, combination strategies, clinical intervention",0.32826086956521733
625,"role intercellular communication, testicular torsion, nanoparticle tracking analysis, mir 21 5p",0.010869565217391304
625,"therapeutic strategies including, exosomes emerging, epigenetic modulation, solid cancers",0.07173913043478262
625,"transgene expression, metabolite production, study illustrates, precise genome",0.06521739130434782
625,"web science core, mean sd age, research hotspots, 28 day mortality",0.015217391304347825
626,"bla ctx, spectrum lactamase esbl, sequence types sts, coli isolates",0.02391304347826087
626,"details use execution, myosin motors, nascent chain, origin life",0.3456521739130435
626,"editorial emerging, author correction, g2 phase, model pd",0.0
626,"fetal liver, stalled replication forks, pulmonary vascular, chromatin state",0.06521739130434784
626,"recent findings recent, cell multi omics, complex microbial, crispr cas based",0.0
626,"related morbidity, stage diagnosis, combination strategies, clinical intervention",0.43913043478260866
626,"role intercellular communication, testicular torsion, nanoparticle tracking analysis, mir 21 5p",0.006521739130434782
626,"therapeutic strategies including, exosomes emerging, epigenetic modulation, solid cancers",0.034782608695652174
626,"transgene expression, metabolite production, study illustrates, precise genome",0.06956521739130435
626,"web science core, mean sd age, research hotspots, 28 day mortality",0.015217391304347825
627,"bla ctx, spectrum lactamase esbl, sequence types sts, coli isolates",0.002173913043478261
627,"details use execution, myosin motors, nascent chain, origin life",0.1826086956521739
627,"editorial emerging, author correction, g2 phase, model pd",0.002173913043478261
627,"fetal liver, stalled replication forks, pulmonary vascular, chromatin state",0.06304347826086956
627,"recent findings recent, cell multi omics, complex microbial, crispr cas based",0.0
627,"related morbidity, stage diagnosis, combination strategies, clinical intervention",0.5521739130434782
627,"role intercellular communication, testicular torsion, nanoparticle tracking analysis, mir 21 5p",0.03260869565217391
627,"therapeutic strategies including, exosomes emerging, epigenetic modulation, solid cancers",0.05869565217391304
627,"transgene expression, metabolite production, study illustrates, precise genome",0.10652173913043479
627,"web science core, mean sd age, research hotspots, 28 day mortality",0.0
628,"bla ctx, spectrum lactamase esbl, sequence types sts, coli isolates",0.01956521739130435
628,"details use execution, myosin motors, nascent chain, origin life",0.26304347826086955
628,"editorial emerging, author correction, g2 phase, model pd",0.0
628,"fetal liver, stalled replication forks, pulmonary vascular, chromatin state",0.12608695652173912
628,"recent findings recent, cell multi omics, complex microbial, crispr cas based",0.0
628,"related morbidity, stage diagnosis, combination strategies, clinical intervention",0.40217391304347827
628,"role intercellular communication, testicular torsion, nanoparticle tracking analysis, mir 21 5p",0.006521739130434782
628,"therapeutic strategies including, exosomes emerging, epigenetic modulation, solid cancers",0.021739130434782608
628,"transgene expression, metabolite production, study illustrates, precise genome",0.14565217391304347
628,"web science core, mean sd age, research hotspots, 28 day mortality",0.015217391304347825
629,"bla ctx, spectrum lactamase esbl, sequence types sts, coli isolates",0.015217391304347825
629,"details use execution, myosin motors, nascent chain, origin life",0.30869565217391304
629,"editorial emerging, author correction, g2 phase, model pd",0.03260869565217391
629,"fetal liver, stalled replication forks, pulmonary vascular, chromatin state",0.09130434782608696
629,"recent findings recent, cell multi omics, complex microbial, crispr cas based",0.0
629,"related morbidity, stage diagnosis, combination strategies, clinical intervention",0.3391304347826087
629,"role intercellular communication, testicular torsion, nanoparticle tracking analysis, mir 21 5p",0.008695652173913044
629,"therapeutic strategies including, exosomes emerging, epigenetic modulation, solid cancers",0.09347826086956522
629,"transgene expression, metabolite production, study illustrates, precise genome",0.09565217391304347
629,"web science core, mean sd age, research hotspots, 28 day mortality",0.015217391304347825
630,"bla ctx, spectrum lactamase esbl, sequence types sts, coli isolates",0.002173913043478261
630,"details use execution, myosin motors, nascent chain, origin life",0.1282608695652174
630,"editorial emerging, author correction, g2 phase, model pd",0.0
630,"fetal liver, stalled replication forks, pulmonary vascular, chromatin state",0.09130434782608696
630,"recent findings recent, cell multi omics, complex microbial, crispr cas based",0.0
630,"related morbidity, stage diagnosis, combination strategies, clinical intervention",0.6195652173913043
630,"role intercellular communication, testicular torsion, nanoparticle tracking analysis, mir 21 5p",0.0
630,"therapeutic strategies including, exosomes emerging, epigenetic modulation, solid cancers",0.0782608695652174
630,"transgene expression, metabolite production, study illustrates, precise genome",0.08043478260869566
630,"web science core, mean sd age, research hotspots, 28 day mortality",0.0
631,"bla ctx, spectrum lactamase esbl, sequence types sts, coli isolates",0.002173913043478261
631,"details use execution, myosin motors, nascent chain, origin life",0.1391304347826087
631,"editorial emerging, author correction, g2 phase, model pd",0.02391304347826087
631,"fetal liver, stalled replication forks, pulmonary vascular, chromatin state",0.09565217391304345
631,"recent findings recent, cell multi omics, complex microbial, crispr cas based",0.0
631,"related morbidity, stage diagnosis, combination strategies, clinical intervention",0.5695652173913043
631,"role intercellular communication, testicular torsion, nanoparticle tracking analysis, mir 21 5p",0.03260869565217391
631,"therapeutic strategies including, exosomes emerging, epigenetic modulation, solid cancers",0.010869565217391304
631,"transgene expression, metabolite production, study illustrates, precise genome",0.1260869565217391
631,"web science core, mean sd age, research hotspots, 28 day mortality",0.0
632,"bla ctx, spectrum lactamase esbl, sequence types sts, coli isolates",0.015217391304347825
632,"details use execution, myosin motors, nascent chain, origin life",0.2673913043478261
632,"editorial emerging, author correction, g2 phase, model pd",0.021739130434782608
632,"fetal liver, stalled replication forks, pulmonary vascular, chromatin state",0.09130434782608696
632,"recent findings recent, cell multi omics, complex microbial, crispr cas based",0.0
632,"related morbidity, stage diagnosis, combination strategies, clinical intervention",0.3978260869565218
632,"role intercellular communication, testicular torsion, nanoparticle tracking analysis, mir 21 5p",0.006521739130434782
632,"therapeutic strategies including, exosomes emerging, epigenetic modulation, solid cancers",0.030434782608695653
632,"transgene expression, metabolite production, study illustrates, precise genome",0.15434782608695652
632,"web science core, mean sd age, research hotspots, 28 day mortality",0.015217391304347825
633,"bla ctx, spectrum lactamase esbl, sequence types sts, coli isolates",0.02391304347826087
633,"details use execution, myosin motors, nascent chain, origin life",0.21521739130434783
633,"editorial emerging, author correction, g2 phase, model pd",0.02391304347826087
633,"fetal liver, stalled replication forks, pulmonary vascular, chromatin state",0.09347826086956522
633,"recent findings recent, cell multi omics, complex microbial, crispr cas based",0.0
633,"related morbidity, stage diagnosis, combination strategies, clinical intervention",0.45
633,"role intercellular communication, testicular torsion, nanoparticle tracking analysis, mir 21 5p",0.006521739130434782
633,"therapeutic strategies including, exosomes emerging, epigenetic modulation, solid cancers",0.02391304347826087
633,"transgene expression, metabolite production, study illustrates, precise genome",0.14782608695652175
633,"web science core, mean sd age, research hotspots, 28 day mortality",0.015217391304347825
634,"bla ctx, spectrum lactamase esbl, sequence types sts, coli isolates",0.0
634,"details use execution, myosin motors, nascent chain, origin life",0.21521739130434783
634,"editorial emerging, author correction, g2 phase, model pd",0.0
634,"fetal liver, stalled replication forks, pulmonary vascular, chromatin state",0.10652173913043479
634,"recent findings recent, cell multi omics, complex microbial, crispr cas based",0.0
634,"related morbidity, stage diagnosis, combination strategies, clinical intervention",0.5152173913043478
634,"role intercellular communication, testicular torsion, nanoparticle tracking analysis, mir 21 5p",0.002173913043478261
634,"therapeutic strategies including, exosomes emerging, epigenetic modulation, solid cancers",0.02826086956521739
634,"transgene expression, metabolite production, study illustrates, precise genome",0.1326086956521739
634,"web science core, mean sd age, research hotspots, 28 day mortality",0.0
635,"bla ctx, spectrum lactamase esbl, sequence types sts, coli isolates",0.015217391304347825
635,"details use execution, myosin motors, nascent chain, origin life",0.3760869565217391
635,"editorial emerging, author correction, g2 phase, model pd",0.002173913043478261
635,"fetal liver, stalled replication forks, pulmonary vascular, chromatin state",0.05434782608695652
635,"recent findings recent, cell multi omics, complex microbial, crispr cas based",0.0
635,"related morbidity, stage diagnosis, combination strategies, clinical intervention",0.38043478260869573
635,"role intercellular communication, testicular torsion, nanoparticle tracking analysis, mir 21 5p",0.0
635,"therapeutic strategies including, exosomes emerging, epigenetic modulation, solid cancers",0.043478260869565216
635,"transgene expression, metabolite production, study illustrates, precise genome",0.1282608695652174
635,"web science core, mean sd age, research hotspots, 28 day mortality",0.0
636,"bla ctx, spectrum lactamase esbl, sequence types sts, coli isolates",0.008695652173913044
636,"details use execution, myosin motors, nascent chain, origin life",0.20652173913043478
636,"editorial emerging, author correction, g2 phase, model pd",0.0
636,"fetal liver, stalled replication forks, pulmonary vascular, chromatin state",0.10434782608695652
636,"recent findings recent, cell multi omics, complex microbial, crispr cas based",0.0
636,"related morbidity, stage diagnosis, combination strategies, clinical intervention",0.5021739130434782
636,"role intercellular communication, testicular torsion, nanoparticle tracking analysis, mir 21 5p",0.002173913043478261
636,"therapeutic strategies including, exosomes emerging, epigenetic modulation, solid cancers",0.06739130434782609
636,"transgene expression, metabolite production, study illustrates, precise genome",0.10869565217391304
636,"web science core, mean sd age, research hotspots, 28 day mortality",0.0
637,"bla ctx, spectrum lactamase esbl, sequence types sts, coli isolates",0.006521739130434784
637,"details use execution, myosin motors, nascent chain, origin life",0.1782608695652174
637,"editorial emerging, author correction, g2 phase, model pd",0.034782608695652174
637,"fetal liver, stalled replication forks, pulmonary vascular, chromatin state",0.06304347826086956
637,"recent findings recent, cell multi omics, complex microbial, crispr cas based",0.0
637,"related morbidity, stage diagnosis, combination strategies, clinical intervention",0.5152173913043477
637,"role intercellular communication, testicular torsion, nanoparticle tracking analysis, mir 21 5p",0.03260869565217391
637,"therapeutic strategies including, exosomes emerging, epigenetic modulation, solid cancers",0.05434782608695652
637,"transgene expression, metabolite production, study illustrates, precise genome",0.11521739130434783
637,"web science core, mean sd age, research hotspots, 28 day mortality",0.0
638,"bla ctx, spectrum lactamase esbl, sequence types sts, coli isolates",0.002173913043478261
638,"details use execution, myosin motors, nascent chain, origin life",0.22608695652173913
638,"editorial emerging, author correction, g2 phase, model pd",0.0
638,"fetal liver, stalled replication forks, pulmonary vascular, chromatin state",0.09130434782608696
638,"recent findings recent, cell multi omics, complex microbial, crispr cas based",0.0
638,"related morbidity, stage diagnosis, combination strategies, clinical intervention",0.4739130434782608
638,"role intercellular communication, testicular torsion, nanoparticle tracking analysis, mir 21 5p",0.03260869565217391
638,"therapeutic strategies including, exosomes emerging, epigenetic modulation, solid cancers",0.034782608695652174
638,"transgene expression, metabolite production, study illustrates, precise genome",0.1391304347826087
638,"web science core, mean sd age, research hotspots, 28 day mortality",0.0
639,"bla ctx, spectrum lactamase esbl, sequence types sts, coli isolates",0.015217391304347825
639,"details use execution, myosin motors, nascent chain, origin life",0.35217391304347834
639,"editorial emerging, author correction, g2 phase, model pd",0.03260869565217391
639,"fetal liver, stalled replication forks, pulmonary vascular, chromatin state",0.09782608695652174
639,"recent findings recent, cell multi omics, complex microbial, crispr cas based",0.0
639,"related morbidity, stage diagnosis, combination strategies, clinical intervention",0.3521739130434782
639,"role intercellular communication, testicular torsion, nanoparticle tracking analysis, mir 21 5p",0.008695652173913044
639,"therapeutic strategies including, exosomes emerging, epigenetic modulation, solid cancers",0.010869565217391304
639,"transgene expression, metabolite production, study illustrates, precise genome",0.11521739130434783
639,"web science core, mean sd age, research hotspots, 28 day mortality",0.015217391304347825
640,"bla ctx, spectrum lactamase esbl, sequence types sts, coli isolates",0.010869565217391304
640,"details use execution, myosin motors, nascent chain, origin life",0.3782608695652174
640,"editorial emerging, author correction, g2 phase, model pd",0.002173913043478261
640,"fetal liver, stalled replication forks, pulmonary vascular, chromatin state",0.08043478260869565
640,"recent findings recent, cell multi omics, complex microbial, crispr cas based",0.0
640,"related morbidity, stage diagnosis, combination strategies, clinical intervention",0.37173913043478257
640,"role intercellular communication, testicular torsion, nanoparticle tracking analysis, mir 21 5p",0.002173913043478261
640,"therapeutic strategies including, exosomes emerging, epigenetic modulation, solid cancers",0.043478260869565216
640,"transgene expression, metabolite production, study illustrates, precise genome",0.11086956521739132
640,"web science core, mean sd age, research hotspots, 28 day mortality",0.0
641,"bla ctx, spectrum lactamase esbl, sequence types sts, coli isolates",0.006521739130434784
641,"details use execution, myosin motors, nascent chain, origin life",0.3956521739130435
641,"editorial emerging, author correction, g2 phase, model pd",0.021739130434782608
641,"fetal liver, stalled replication forks, pulmonary vascular, chromatin state",0.06521739130434784
641,"recent findings recent, cell multi omics, complex microbial, crispr cas based",0.0
641,"related morbidity, stage diagnosis, combination strategies, clinical intervention",0.3608695652173913
641,"role intercellular communication, testicular torsion, nanoparticle tracking analysis, mir 21 5p",0.03260869565217391
641,"therapeutic strategies including, exosomes emerging, epigenetic modulation, solid cancers",0.034782608695652174
641,"transgene expression, metabolite production, study illustrates, precise genome",0.08260869565217392
641,"web science core, mean sd age, research hotspots, 28 day mortality",0.0
642,"bla ctx, spectrum lactamase esbl, sequence types sts, coli isolates",0.013043478260869565
642,"details use execution, myosin motors, nascent chain, origin life",0.16086956521739132
642,"editorial emerging, author correction, g2 phase, model pd",0.021739130434782608
642,"fetal liver, stalled replication forks, pulmonary vascular, chromatin state",0.09130434782608694
642,"recent findings recent, cell multi omics, complex microbial, crispr cas based",0.0
642,"related morbidity, stage diagnosis, combination strategies, clinical intervention",0.5347826086956521
642,"role intercellular communication, testicular torsion, nanoparticle tracking analysis, mir 21 5p",0.0
642,"therapeutic strategies including, exosomes emerging, epigenetic modulation, solid cancers",0.015217391304347825
642,"transgene expression, metabolite production, study illustrates, precise genome",0.16304347826086954
642,"web science core, mean sd age, research hotspots, 28 day mortality",0.0
643,"bla ctx, spectrum lactamase esbl, sequence types sts, coli isolates",0.0
643,"details use execution, myosin motors, nascent chain, origin life",0.25869565217391305
643,"editorial emerging, author correction, g2 phase, model pd",0.034782608695652174
643,"fetal liver, stalled replication forks, pulmonary vascular, chromatin state",0.03260869565217391
643,"recent findings recent, cell multi omics, complex microbial, crispr cas based",0.0
643,"related morbidity, stage diagnosis, combination strategies, clinical intervention",0.4934782608695652
643,"role intercellular communication, testicular torsion, nanoparticle tracking analysis, mir 21 5p",0.002173913043478261
643,"therapeutic strategies including, exosomes emerging, epigenetic modulation, solid cancers",0.08478260869565218
643,"transgene expression, metabolite production, study illustrates, precise genome",0.09347826086956522
643,"web science core, mean sd age, research hotspots, 28 day mortality",0.0
644,"bla ctx, spectrum lactamase esbl, sequence types sts, coli isolates",0.021739130434782608
644,"details use execution, myosin motors, nascent chain, origin life",0.18478260869565216
644,"editorial emerging, author correction, g2 phase, model pd",0.05652173913043478
644,"fetal liver, stalled replication forks, pulmonary vascular, chromatin state",0.09347826086956522
644,"recent findings recent, cell multi omics, complex microbial, crispr cas based",0.0
644,"related morbidity, stage diagnosis, combination strategies, clinical intervention",0.39999999999999997
644,"role intercellular communication, testicular torsion, nanoparticle tracking analysis, mir 21 5p",0.0391304347826087
644,"therapeutic strategies including, exosomes emerging, epigenetic modulation, solid cancers",0.08478260869565217
644,"transgene expression, metabolite production, study illustrates, precise genome",0.10434782608695652
644,"web science core, mean sd age, research hotspots, 28 day mortality",0.015217391304347825
645,"bla ctx, spectrum lactamase esbl, sequence types sts, coli isolates",0.013043478260869565
645,"details use execution, myosin motors, nascent chain, origin life",0.26956521739130435
645,"editorial emerging, author correction, g2 phase, model pd",0.0
645,"fetal liver, stalled replication forks, pulmonary vascular, chromatin state",0.0673913043478261
645,"recent findings recent, cell multi omics, complex microbial, crispr cas based",0.0
645,"related morbidity, stage diagnosis, combination strategies, clinical intervention",0.43695652173913047
645,"role intercellular communication, testicular torsion, nanoparticle tracking analysis, mir 21 5p",0.006521739130434782
645,"therapeutic strategies including, exosomes emerging, epigenetic modulation, solid cancers",0.06086956521739131
645,"transgene expression, metabolite production, study illustrates, precise genome",0.13043478260869562
645,"web science core, mean sd age, research hotspots, 28 day mortality",0.015217391304347825
646,"bla ctx, spectrum lactamase esbl, sequence types sts, coli isolates",0.0
646,"details use execution, myosin motors, nascent chain, origin life",0.38913043478260867
646,"editorial emerging, author correction, g2 phase, model pd",0.021739130434782608
646,"fetal liver, stalled replication forks, pulmonary vascular, chromatin state",0.08913043478260871
646,"recent findings recent, cell multi omics, complex microbial, crispr cas based",0.0
646,"related morbidity, stage diagnosis, combination strategies, clinical intervention",0.3978260869565218
646,"role intercellular communication, testicular torsion, nanoparticle tracking analysis, mir 21 5p",0.002173913043478261
646,"therapeutic strategies including, exosomes emerging, epigenetic modulation, solid cancers",0.006521739130434784
646,"transgene expression, metabolite production, study illustrates, precise genome",0.09347826086956523
646,"web science core, mean sd age, research hotspots, 28 day mortality",0.0
647,"bla ctx, spectrum lactamase esbl, sequence types sts, coli isolates",0.008695652173913044
647,"details use execution, myosin motors, nascent chain, origin life",0.38913043478260867
647,"editorial emerging, author correction, g2 phase, model pd",0.0
647,"fetal liver, stalled replication forks, pulmonary vascular, chromatin state",0.058695652173913045
647,"recent findings recent, cell multi omics, complex microbial, crispr cas based",0.0
647,"related morbidity, stage diagnosis, combination strategies, clinical intervention",0.43478260869565216
647,"role intercellular communication, testicular torsion, nanoparticle tracking analysis, mir 21 5p",0.03695652173913044
647,"therapeutic strategies including, exosomes emerging, epigenetic modulation, solid cancers",0.021739130434782608
647,"transgene expression, metabolite production, study illustrates, precise genome",0.05
647,"web science core, mean sd age, research hotspots, 28 day mortality",0.0
648,"bla ctx, spectrum lactamase esbl, sequence types sts, coli isolates",0.010869565217391304
648,"details use execution, myosin motors, nascent chain, origin life",0.42173913043478256
648,"editorial emerging, author correction, g2 phase, model pd",0.021739130434782608
648,"fetal liver, stalled replication forks, pulmonary vascular, chromatin state",0.07608695652173914
648,"recent findings recent, cell multi omics, complex microbial, crispr cas based",0.0
648,"related morbidity, stage diagnosis, combination strategies, clinical intervention",0.3521739130434782
648,"role intercellular communication, testicular torsion, nanoparticle tracking analysis, mir 21 5p",0.002173913043478261
648,"therapeutic strategies including, exosomes emerging, epigenetic modulation, solid cancers",0.049999999999999996
648,"transgene expression, metabolite production, study illustrates, precise genome",0.06521739130434782
648,"web science core, mean sd age, research hotspots, 28 day mortality",0.0
649,"bla ctx, spectrum lactamase esbl, sequence types sts, coli isolates",0.0
649,"details use execution, myosin motors, nascent chain, origin life",0.25869565217391305
649,"editorial emerging, author correction, g2 phase, model pd",0.021739130434782608
649,"fetal liver, stalled replication forks, pulmonary vascular, chromatin state",0.11956521739130431
649,"recent findings recent, cell multi omics, complex microbial, crispr cas based",0.0
649,"related morbidity, stage diagnosis, combination strategies, clinical intervention",0.45652173913043476
649,"role intercellular communication, testicular torsion, nanoparticle tracking analysis, mir 21 5p",0.002173913043478261
649,"therapeutic strategies including, exosomes emerging, epigenetic modulation, solid cancers",0.049999999999999996
649,"transgene expression, metabolite production, study illustrates, precise genome",0.09130434782608696
649,"web science core, mean sd age, research hotspots, 28 day mortality",0.0
650,"bla ctx, spectrum lactamase esbl, sequence types sts, coli isolates",0.010869565217391304
650,"details use execution, myosin motors, nascent chain, origin life",0.22608695652173913
650,"editorial emerging, author correction, g2 phase, model pd",0.0
650,"fetal liver, stalled replication forks, pulmonary vascular, chromatin state",0.11304347826086955
650,"recent findings recent, cell multi omics, complex microbial, crispr cas based",0.0
650,"related morbidity, stage diagnosis, combination strategies, clinical intervention",0.4978260869565218
650,"role intercellular communication, testicular torsion, nanoparticle tracking analysis, mir 21 5p",0.008695652173913044
650,"therapeutic strategies including, exosomes emerging, epigenetic modulation, solid cancers",0.05434782608695652
650,"transgene expression, metabolite production, study illustrates, precise genome",0.07391304347826087
650,"web science core, mean sd age, research hotspots, 28 day mortality",0.015217391304347825
651,"bla ctx, spectrum lactamase esbl, sequence types sts, coli isolates",0.015217391304347825
651,"details use execution, myosin motors, nascent chain, origin life",0.31739130434782614
651,"editorial emerging, author correction, g2 phase, model pd",0.03260869565217391
651,"fetal liver, stalled replication forks, pulmonary vascular, chromatin state",0.043478260869565216
651,"recent findings recent, cell multi omics, complex microbial, crispr cas based",0.0
651,"related morbidity, stage diagnosis, combination strategies, clinical intervention",0.33260869565217394
651,"role intercellular communication, testicular torsion, nanoparticle tracking analysis, mir 21 5p",0.043478260869565216
651,"therapeutic strategies including, exosomes emerging, epigenetic modulation, solid cancers",0.0782608695652174
651,"transgene expression, metabolite production, study illustrates, precise genome",0.1217391304347826
651,"web science core, mean sd age, research hotspots, 28 day mortality",0.015217391304347825
652,"bla ctx, spectrum lactamase esbl, sequence types sts, coli isolates",0.006521739130434782
652,"details use execution, myosin motors, nascent chain, origin life",0.3391304347826087
652,"editorial emerging, author correction, g2 phase, model pd",0.03260869565217391
652,"fetal liver, stalled replication forks, pulmonary vascular, chromatin state",0.09130434782608694
652,"recent findings recent, cell multi omics, complex microbial, crispr cas based",0.0
652,"related morbidity, stage diagnosis, combination strategies, clinical intervention",0.3130434782608696
652,"role intercellular communication, testicular torsion, nanoparticle tracking analysis, mir 21 5p",0.002173913043478261
652,"therapeutic strategies including, exosomes emerging, epigenetic modulation, solid cancers",0.09347826086956522
652,"transgene expression, metabolite production, study illustrates, precise genome",0.12173913043478261
652,"web science core, mean sd age, research hotspots, 28 day mortality",0.0
653,"bla ctx, spectrum lactamase esbl, sequence types sts, coli isolates",0.0
653,"details use execution, myosin motors, nascent chain, origin life",0.18043478260869567
653,"editorial emerging, author correction, g2 phase, model pd",0.0
653,"fetal liver, stalled replication forks, pulmonary vascular, chromatin state",0.16739130434782606
653,"recent findings recent, cell multi omics, complex microbial, crispr cas based",0.0
653,"related morbidity, stage diagnosis, combination strategies, clinical intervention",0.41739130434782606
653,"role intercellular communication, testicular torsion, nanoparticle tracking analysis, mir 21 5p",0.03695652173913044
653,"therapeutic strategies including, exosomes emerging, epigenetic modulation, solid cancers",0.03260869565217391
653,"transgene expression, metabolite production, study illustrates, precise genome",0.16521739130434784
653,"web science core, mean sd age, research hotspots, 28 day mortality",0.0
654,"bla ctx, spectrum lactamase esbl, sequence types sts, coli isolates",0.013043478260869565
654,"details use execution, myosin motors, nascent chain, origin life",0.13695652173913045
654,"editorial emerging, author correction, g2 phase, model pd",0.002173913043478261
654,"fetal liver, stalled replication forks, pulmonary vascular, chromatin state",0.09782608695652172
654,"recent findings recent, cell multi omics, complex microbial, crispr cas based",0.0
654,"related morbidity, stage diagnosis, combination strategies, clinical intervention",0.5652173913043478
654,"role intercellular communication, testicular torsion, nanoparticle tracking analysis, mir 21 5p",0.008695652173913044
654,"therapeutic strategies including, exosomes emerging, epigenetic modulation, solid cancers",0.04565217391304348
654,"transgene expression, metabolite production, study illustrates, precise genome",0.11521739130434783
654,"web science core, mean sd age, research hotspots, 28 day mortality",0.015217391304347825
655,"bla ctx, spectrum lactamase esbl, sequence types sts, coli isolates",0.004347826086956522
655,"details use execution, myosin motors, nascent chain, origin life",0.35434782608695653
655,"editorial emerging, author correction, g2 phase, model pd",0.0
655,"fetal liver, stalled replication forks, pulmonary vascular, chromatin state",0.10869565217391304
655,"recent findings recent, cell multi omics, complex microbial, crispr cas based",0.0
655,"related morbidity, stage diagnosis, combination strategies, clinical intervention",0.36739130434782613
655,"role intercellular communication, testicular torsion, nanoparticle tracking analysis, mir 21 5p",0.03260869565217391
655,"therapeutic strategies including, exosomes emerging, epigenetic modulation, solid cancers",0.07826086956521738
655,"transgene expression, metabolite production, study illustrates, precise genome",0.05434782608695652
655,"web science core, mean sd age, research hotspots, 28 day mortality",0.0
656,"bla ctx, spectrum lactamase esbl, sequence types sts, coli isolates",0.008695652173913044
656,"details use execution, myosin motors, nascent chain, origin life",0.3369565217391305
656,"editorial emerging, author correction, g2 phase, model pd",0.0
656,"fetal liver, stalled replication forks, pulmonary vascular, chromatin state",0.04130434782608696
656,"recent findings recent, cell multi omics, complex microbial, crispr cas based",0.0
656,"related morbidity, stage diagnosis, combination strategies, clinical intervention",0.4804347826086956
656,"role intercellular communication, testicular torsion, nanoparticle tracking analysis, mir 21 5p",0.002173913043478261
656,"therapeutic strategies including, exosomes emerging, epigenetic modulation, solid cancers",0.03260869565217391
656,"transgene expression, metabolite production, study illustrates, precise genome",0.09782608695652174
656,"web science core, mean sd age, research hotspots, 28 day mortality",0.0
657,"bla ctx, spectrum lactamase esbl, sequence types sts, coli isolates",0.010869565217391304
657,"details use execution, myosin motors, nascent chain, origin life",0.26956521739130435
657,"editorial emerging, author correction, g2 phase, model pd",0.002173913043478261
657,"fetal liver, stalled replication forks, pulmonary vascular, chromatin state",0.14347826086956522
657,"recent findings recent, cell multi omics, complex microbial, crispr cas based",0.0
657,"related morbidity, stage diagnosis, combination strategies, clinical intervention",0.467391304347826
657,"role intercellular communication, testicular torsion, nanoparticle tracking analysis, mir 21 5p",0.008695652173913044
657,"therapeutic strategies including, exosomes emerging, epigenetic modulation, solid cancers",0.02391304347826087
657,"transgene expression, metabolite production, study illustrates, precise genome",0.05869565217391304
657,"web science core, mean sd age, research hotspots, 28 day mortality",0.015217391304347825
658,"bla ctx, spectrum lactamase esbl, sequence types sts, coli isolates",0.010869565217391304
658,"details use execution, myosin motors, nascent chain, origin life",0.16304347826086957
658,"editorial emerging, author correction, g2 phase, model pd",0.03260869565217391
658,"fetal liver, stalled replication forks, pulmonary vascular, chromatin state",0.1108695652173913
658,"recent findings recent, cell multi omics, complex microbial, crispr cas based",0.0
658,"related morbidity, stage diagnosis, combination strategies, clinical intervention",0.4978260869565217
658,"role intercellular communication, testicular torsion, nanoparticle tracking analysis, mir 21 5p",0.0
658,"therapeutic strategies including, exosomes emerging, epigenetic modulation, solid cancers",0.058695652173913045
658,"transgene expression, metabolite production, study illustrates, precise genome",0.12608695652173912
658,"web science core, mean sd age, research hotspots, 28 day mortality",0.0
659,"bla ctx, spectrum lactamase esbl, sequence types sts, coli isolates",0.008695652173913044
659,"details use execution, myosin motors, nascent chain, origin life",0.25217391304347825
659,"editorial emerging, author correction, g2 phase, model pd",0.05652173913043478
659,"fetal liver, stalled replication forks, pulmonary vascular, chromatin state",0.08043478260869566
659,"recent findings recent, cell multi omics, complex microbial, crispr cas based",0.0
659,"related morbidity, stage diagnosis, combination strategies, clinical intervention",0.45652173913043476
659,"role intercellular communication, testicular torsion, nanoparticle tracking analysis, mir 21 5p",0.0
659,"therapeutic strategies including, exosomes emerging, epigenetic modulation, solid cancers",0.049999999999999996
659,"transgene expression, metabolite production, study illustrates, precise genome",0.09565217391304345
659,"web science core, mean sd age, research hotspots, 28 day mortality",0.0
660,"bla ctx, spectrum lactamase esbl, sequence types sts, coli isolates",0.008695652173913044
660,"details use execution, myosin motors, nascent chain, origin life",0.3021739130434783
660,"editorial emerging, author correction, g2 phase, model pd",0.02391304347826087
660,"fetal liver, stalled replication forks, pulmonary vascular, chromatin state",0.03695652173913044
660,"recent findings recent, cell multi omics, complex microbial, crispr cas based",0.0
660,"related morbidity, stage diagnosis, combination strategies, clinical intervention",0.45869565217391306
660,"role intercellular communication, testicular torsion, nanoparticle tracking analysis, mir 21 5p",0.03695652173913044
660,"therapeutic strategies including, exosomes emerging, epigenetic modulation, solid cancers",0.05652173913043478
660,"transgene expression, metabolite production, study illustrates, precise genome",0.07608695652173914
660,"web science core, mean sd age, research hotspots, 28 day mortality",0.0
661,"bla ctx, spectrum lactamase esbl, sequence types sts, coli isolates",0.021739130434782608
661,"details use execution, myosin motors, nascent chain, origin life",0.18478260869565216
661,"editorial emerging, author correction, g2 phase, model pd",0.03260869565217391
661,"fetal liver, stalled replication forks, pulmonary vascular, chromatin state",0.10434782608695652
661,"recent findings recent, cell multi omics, complex microbial, crispr cas based",0.0
661,"related morbidity, stage diagnosis, combination strategies, clinical intervention",0.45
661,"role intercellular communication, testicular torsion, nanoparticle tracking analysis, mir 21 5p",0.0391304347826087
661,"therapeutic strategies including, exosomes emerging, epigenetic modulation, solid cancers",0.03043478260869565
661,"transgene expression, metabolite production, study illustrates, precise genome",0.1217391304347826
661,"web science core, mean sd age, research hotspots, 28 day mortality",0.015217391304347825
662,"bla ctx, spectrum lactamase esbl, sequence types sts, coli isolates",0.019565217391304346
662,"details use execution, myosin motors, nascent chain, origin life",0.26086956521739135
662,"editorial emerging, author correction, g2 phase, model pd",0.002173913043478261
662,"fetal liver, stalled replication forks, pulmonary vascular, chromatin state",0.11304347826086956
662,"recent findings recent, cell multi omics, complex microbial, crispr cas based",0.0
662,"related morbidity, stage diagnosis, combination strategies, clinical intervention",0.43913043478260866
662,"role intercellular communication, testicular torsion, nanoparticle tracking analysis, mir 21 5p",0.008695652173913044
662,"therapeutic strategies including, exosomes emerging, epigenetic modulation, solid cancers",0.04782608695652174
662,"transgene expression, metabolite production, study illustrates, precise genome",0.09347826086956523
662,"web science core, mean sd age, research hotspots, 28 day mortality",0.015217391304347825
663,"bla ctx, spectrum lactamase esbl, sequence types sts, coli isolates",0.004347826086956522
663,"details use execution, myosin motors, nascent chain, origin life",0.21304347826086958
663,"editorial emerging, author correction, g2 phase, model pd",0.03260869565217391
663,"fetal liver, stalled replication forks, pulmonary vascular, chromatin state",0.06521739130434782
663,"recent findings recent, cell multi omics, complex microbial, crispr cas based",0.0
663,"related morbidity, stage diagnosis, combination strategies, clinical intervention",0.46304347826086956
663,"role intercellular communication, testicular torsion, nanoparticle tracking analysis, mir 21 5p",0.0
663,"therapeutic strategies including, exosomes emerging, epigenetic modulation, solid cancers",0.06739130434782609
663,"transgene expression, metabolite production, study illustrates, precise genome",0.15434782608695652
663,"web science core, mean sd age, research hotspots, 28 day mortality",0.0
664,"bla ctx, spectrum lactamase esbl, sequence types sts, coli isolates",0.0
664,"details use execution, myosin motors, nascent chain, origin life",0.17391304347826086
664,"editorial emerging, author correction, g2 phase, model pd",0.021739130434782608
664,"fetal liver, stalled replication forks, pulmonary vascular, chromatin state",0.0891304347826087
664,"recent findings recent, cell multi omics, complex microbial, crispr cas based",0.0
664,"related morbidity, stage diagnosis, combination strategies, clinical intervention",0.5652173913043478
664,"role intercellular communication, testicular torsion, nanoparticle tracking analysis, mir 21 5p",0.0
664,"therapeutic strategies including, exosomes emerging, epigenetic modulation, solid cancers",0.02826086956521739
664,"transgene expression, metabolite production, study illustrates, precise genome",0.12173913043478261
664,"web science core, mean sd age, research hotspots, 28 day mortality",0.0
665,"bla ctx, spectrum lactamase esbl, sequence types sts, coli isolates",0.021739130434782608
665,"details use execution, myosin motors, nascent chain, origin life",0.2586956521739131
665,"editorial emerging, author correction, g2 phase, model pd",0.034782608695652174
665,"fetal liver, stalled replication forks, pulmonary vascular, chromatin state",0.056521739130434796
665,"recent findings recent, cell multi omics, complex microbial, crispr cas based",0.0
665,"related morbidity, stage diagnosis, combination strategies, clinical intervention",0.4239130434782609
665,"role intercellular communication, testicular torsion, nanoparticle tracking analysis, mir 21 5p",0.008695652173913044
665,"therapeutic strategies including, exosomes emerging, epigenetic modulation, solid cancers",0.10869565217391304
665,"transgene expression, metabolite production, study illustrates, precise genome",0.07173913043478261
665,"web science core, mean sd age, research hotspots, 28 day mortality",0.015217391304347825
666,"bla ctx, spectrum lactamase esbl, sequence types sts, coli isolates",0.010869565217391304
666,"details use execution, myosin motors, nascent chain, origin life",0.3978260869565218
666,"editorial emerging, author correction, g2 phase, model pd",0.0
666,"fetal liver, stalled replication forks, pulmonary vascular, chromatin state",0.02608695652173913
666,"recent findings recent, cell multi omics, complex microbial, crispr cas based",0.0
666,"related morbidity, stage diagnosis, combination strategies, clinical intervention",0.3760869565217391
666,"role intercellular communication, testicular torsion, nanoparticle tracking analysis, mir 21 5p",0.010869565217391304
666,"therapeutic strategies including, exosomes emerging, epigenetic modulation, solid cancers",0.06956521739130435
666,"transgene expression, metabolite production, study illustrates, precise genome",0.09347826086956523
666,"web science core, mean sd age, research hotspots, 28 day mortality",0.015217391304347825
667,"bla ctx, spectrum lactamase esbl, sequence types sts, coli isolates",0.021739130434782608
667,"details use execution, myosin motors, nascent chain, origin life",0.34782608695652173
667,"editorial emerging, author correction, g2 phase, model pd",0.0
667,"fetal liver, stalled replication forks, pulmonary vascular, chromatin state",0.08913043478260871
667,"recent findings recent, cell multi omics, complex microbial, crispr cas based",0.0
667,"related morbidity, stage diagnosis, combination strategies, clinical intervention",0.3869565217391305
667,"role intercellular communication, testicular torsion, nanoparticle tracking analysis, mir 21 5p",0.006521739130434782
667,"therapeutic strategies including, exosomes emerging, epigenetic modulation, solid cancers",0.08043478260869565
667,"transgene expression, metabolite production, study illustrates, precise genome",0.05217391304347826
667,"web science core, mean sd age, research hotspots, 28 day mortality",0.015217391304347825
668,"bla ctx, spectrum lactamase esbl, sequence types sts, coli isolates",0.008695652173913044
668,"details use execution, myosin motors, nascent chain, origin life",0.25
668,"editorial emerging, author correction, g2 phase, model pd",0.002173913043478261
668,"fetal liver, stalled replication forks, pulmonary vascular, chromatin state",0.1543478260869565
668,"recent findings recent, cell multi omics, complex microbial, crispr cas based",0.0
668,"related morbidity, stage diagnosis, combination strategies, clinical intervention",0.37608695652173907
668,"role intercellular communication, testicular torsion, nanoparticle tracking analysis, mir 21 5p",0.002173913043478261
668,"therapeutic strategies including, exosomes emerging, epigenetic modulation, solid cancers",0.021739130434782608
668,"transgene expression, metabolite production, study illustrates, precise genome",0.18478260869565216
668,"web science core, mean sd age, research hotspots, 28 day mortality",0.0
669,"bla ctx, spectrum lactamase esbl, sequence types sts, coli isolates",0.006521739130434784
669,"details use execution, myosin motors, nascent chain, origin life",0.25217391304347825
669,"editorial emerging, author correction, g2 phase, model pd",0.02391304347826087
669,"fetal liver, stalled replication forks, pulmonary vascular, chromatin state",0.08695652173913043
669,"recent findings recent, cell multi omics, complex microbial, crispr cas based",0.0
669,"related morbidity, stage diagnosis, combination strategies, clinical intervention",0.46086956521739136
669,"role intercellular communication, testicular torsion, nanoparticle tracking analysis, mir 21 5p",0.002173913043478261
669,"therapeutic strategies including, exosomes emerging, epigenetic modulation, solid cancers",0.06739130434782609
669,"transgene expression, metabolite production, study illustrates, precise genome",0.09999999999999999
669,"web science core, mean sd age, research hotspots, 28 day mortality",0.0
670,"bla ctx, spectrum lactamase esbl, sequence types sts, coli isolates",0.002173913043478261
670,"details use execution, myosin motors, nascent chain, origin life",0.21521739130434783
670,"editorial emerging, author correction, g2 phase, model pd",0.021739130434782608
670,"fetal liver, stalled replication forks, pulmonary vascular, chromatin state",0.08478260869565218
670,"recent findings recent, cell multi omics, complex microbial, crispr cas based",0.0
670,"related morbidity, stage diagnosis, combination strategies, clinical intervention",0.5043478260869565
670,"role intercellular communication, testicular torsion, nanoparticle tracking analysis, mir 21 5p",0.0
670,"therapeutic strategies including, exosomes emerging, epigenetic modulation, solid cancers",0.0782608695652174
670,"transgene expression, metabolite production, study illustrates, precise genome",0.09347826086956522
670,"web science core, mean sd age, research hotspots, 28 day mortality",0.0
671,"bla ctx, spectrum lactamase esbl, sequence types sts, coli isolates",0.002173913043478261
671,"details use execution, myosin motors, nascent chain, origin life",0.3565217391304348
671,"editorial emerging, author correction, g2 phase, model pd",0.0
671,"fetal liver, stalled replication forks, pulmonary vascular, chromatin state",0.07391304347826087
671,"recent findings recent, cell multi omics, complex microbial, crispr cas based",0.0
671,"related morbidity, stage diagnosis, combination strategies, clinical intervention",0.41739130434782606
671,"role intercellular communication, testicular torsion, nanoparticle tracking analysis, mir 21 5p",0.03260869565217391
671,"therapeutic strategies including, exosomes emerging, epigenetic modulation, solid cancers",0.05
671,"transgene expression, metabolite production, study illustrates, precise genome",0.06739130434782607
671,"web science core, mean sd age, research hotspots, 28 day mortality",0.0
672,"bla ctx, spectrum lactamase esbl, sequence types sts, coli isolates",0.0
672,"details use execution, myosin motors, nascent chain, origin life",0.26956521739130435
672,"editorial emerging, author correction, g2 phase, model pd",0.0
672,"fetal liver, stalled replication forks, pulmonary vascular, chromatin state",0.1347826086956522
672,"recent findings recent, cell multi omics, complex microbial, crispr cas based",0.0
672,"related morbidity, stage diagnosis, combination strategies, clinical intervention",0.3717391304347826
672,"role intercellular communication, testicular torsion, nanoparticle tracking analysis, mir 21 5p",0.034782608695652174
672,"therapeutic strategies including, exosomes emerging, epigenetic modulation, solid cancers",0.06086956521739131
672,"transgene expression, metabolite production, study illustrates, precise genome",0.12826086956521737
672,"web science core, mean sd age, research hotspots, 28 day mortality",0.0
673,"bla ctx, spectrum lactamase esbl, sequence types sts, coli isolates",0.017391304347826087
673,"details use execution, myosin motors, nascent chain, origin life",0.4065217391304348
673,"editorial emerging, author correction, g2 phase, model pd",0.0
673,"fetal liver, stalled replication forks, pulmonary vascular, chromatin state",0.04782608695652174
673,"recent findings recent, cell multi omics, complex microbial, crispr cas based",0.0
673,"related morbidity, stage diagnosis, combination strategies, clinical intervention",0.34565217391304354
673,"role intercellular communication, testicular torsion, nanoparticle tracking analysis, mir 21 5p",0.0391304347826087
673,"therapeutic strategies including, exosomes emerging, epigenetic modulation, solid cancers",0.021739130434782608
673,"transgene expression, metabolite production, study illustrates, precise genome",0.10652173913043479
673,"web science core, mean sd age, research hotspots, 28 day mortality",0.015217391304347825
674,"bla ctx, spectrum lactamase esbl, sequence types sts, coli isolates",0.021739130434782605
674,"details use execution, myosin motors, nascent chain, origin life",0.21521739130434783
674,"editorial emerging, author correction, g2 phase, model pd",0.002173913043478261
674,"fetal liver, stalled replication forks, pulmonary vascular, chromatin state",0.13695652173913045
674,"recent findings recent, cell multi omics, complex microbial, crispr cas based",0.0
674,"related morbidity, stage diagnosis, combination strategies, clinical intervention",0.41304347826086957
674,"role intercellular communication, testicular torsion, nanoparticle tracking analysis, mir 21 5p",0.008695652173913044
674,"therapeutic strategies including, exosomes emerging, epigenetic modulation, solid cancers",0.04565217391304347
674,"transgene expression, metabolite production, study illustrates, precise genome",0.14130434782608695
674,"web science core, mean sd age, research hotspots, 28 day mortality",0.015217391304347825
675,"bla ctx, spectrum lactamase esbl, sequence types sts, coli isolates",0.006521739130434784
675,"details use execution, myosin motors, nascent chain, origin life",0.30869565217391304
675,"editorial emerging, author correction, g2 phase, model pd",0.034782608695652174
675,"fetal liver, stalled replication forks, pulmonary vascular, chromatin state",0.017391304347826087
675,"recent findings recent, cell multi omics, complex microbial, crispr cas based",0.0
675,"related morbidity, stage diagnosis, combination strategies, clinical intervention",0.4282608695652173
675,"role intercellular communication, testicular torsion, nanoparticle tracking analysis, mir 21 5p",0.03260869565217391
675,"therapeutic strategies including, exosomes emerging, epigenetic modulation, solid cancers",0.06739130434782609
675,"transgene expression, metabolite production, study illustrates, precise genome",0.10434782608695652
675,"web science core, mean sd age, research hotspots, 28 day mortality",0.0
676,"bla ctx, spectrum lactamase esbl, sequence types sts, coli isolates",0.008695652173913044
676,"details use execution, myosin motors, nascent chain, origin life",0.2956521739130435
676,"editorial emerging, author correction, g2 phase, model pd",0.03260869565217391
676,"fetal liver, stalled replication forks, pulmonary vascular, chromatin state",0.06739130434782609
676,"recent findings recent, cell multi omics, complex microbial, crispr cas based",0.0
676,"related morbidity, stage diagnosis, combination strategies, clinical intervention",0.4195652173913043
676,"role intercellular communication, testicular torsion, nanoparticle tracking analysis, mir 21 5p",0.0
676,"therapeutic strategies including, exosomes emerging, epigenetic modulation, solid cancers",0.06521739130434782
676,"transgene expression, metabolite production, study illustrates, precise genome",0.11086956521739132
676,"web science core, mean sd age, research hotspots, 28 day mortality",0.0
677,"bla ctx, spectrum lactamase esbl, sequence types sts, coli isolates",0.0
677,"details use execution, myosin motors, nascent chain, origin life",0.2565217391304348
677,"editorial emerging, author correction, g2 phase, model pd",0.021739130434782608
677,"fetal liver, stalled replication forks, pulmonary vascular, chromatin state",0.12391304347826085
677,"recent findings recent, cell multi omics, complex microbial, crispr cas based",0.0
677,"related morbidity, stage diagnosis, combination strategies, clinical intervention",0.4565217391304347
677,"role intercellular communication, testicular torsion, nanoparticle tracking analysis, mir 21 5p",0.004347826086956522
677,"therapeutic strategies including, exosomes emerging, epigenetic modulation, solid cancers",0.049999999999999996
677,"transgene expression, metabolite production, study illustrates, precise genome",0.08695652173913043
677,"web science core, mean sd age, research hotspots, 28 day mortality",0.0
678,"bla ctx, spectrum lactamase esbl, sequence types sts, coli isolates",0.008695652173913044
678,"details use execution, myosin motors, nascent chain, origin life",0.20869565217391303
678,"editorial emerging, author correction, g2 phase, model pd",0.05652173913043478
678,"fetal liver, stalled replication forks, pulmonary vascular, chromatin state",0.10434782608695652
678,"recent findings recent, cell multi omics, complex microbial, crispr cas based",0.0
678,"related morbidity, stage diagnosis, combination strategies, clinical intervention",0.42173913043478256
678,"role intercellular communication, testicular torsion, nanoparticle tracking analysis, mir 21 5p",0.0
678,"therapeutic strategies including, exosomes emerging, epigenetic modulation, solid cancers",0.03260869565217391
678,"transgene expression, metabolite production, study illustrates, precise genome",0.1673913043478261
678,"web science core, mean sd age, research hotspots, 28 day mortality",0.0
679,"bla ctx, spectrum lactamase esbl, sequence types sts, coli isolates",0.010869565217391304
679,"details use execution, myosin motors, nascent chain, origin life",0.24782608695652175
679,"editorial emerging, author correction, g2 phase, model pd",0.05434782608695652
679,"fetal liver, stalled replication forks, pulmonary vascular, chromatin state",0.13043478260869565
679,"recent findings recent, cell multi omics, complex microbial, crispr cas based",0.0
679,"related morbidity, stage diagnosis, combination strategies, clinical intervention",0.42173913043478256
679,"role intercellular communication, testicular torsion, nanoparticle tracking analysis, mir 21 5p",0.002173913043478261
679,"therapeutic strategies including, exosomes emerging, epigenetic modulation, solid cancers",0.006521739130434784
679,"transgene expression, metabolite production, study illustrates, precise genome",0.12608695652173912
679,"web science core, mean sd age, research hotspots, 28 day mortality",0.0
680,"bla ctx, spectrum lactamase esbl, sequence types sts, coli isolates",0.004347826086956522
680,"details use execution, myosin motors, nascent chain, origin life",0.12608695652173912
680,"editorial emerging, author correction, g2 phase, model pd",0.034782608695652174
680,"fetal liver, stalled replication forks, pulmonary vascular, chromatin state",0.04565217391304348
680,"recent findings recent, cell multi omics, complex microbial, crispr cas based",0.0
680,"related morbidity, stage diagnosis, combination strategies, clinical intervention",0.6304347826086956
680,"role intercellular communication, testicular torsion, nanoparticle tracking analysis, mir 21 5p",0.0
680,"therapeutic strategies including, exosomes emerging, epigenetic modulation, solid cancers",0.05434782608695652
680,"transgene expression, metabolite production, study illustrates, precise genome",0.1043478260869565
680,"web science core, mean sd age, research hotspots, 28 day mortality",0.0
681,"bla ctx, spectrum lactamase esbl, sequence types sts, coli isolates",0.015217391304347827
681,"details use execution, myosin motors, nascent chain, origin life",0.3304347826086957
681,"editorial emerging, author correction, g2 phase, model pd",0.02391304347826087
681,"fetal liver, stalled replication forks, pulmonary vascular, chromatin state",0.11521739130434783
681,"recent findings recent, cell multi omics, complex microbial, crispr cas based",0.0
681,"related morbidity, stage diagnosis, combination strategies, clinical intervention",0.391304347826087
681,"role intercellular communication, testicular torsion, nanoparticle tracking analysis, mir 21 5p",0.002173913043478261
681,"therapeutic strategies including, exosomes emerging, epigenetic modulation, solid cancers",0.034782608695652174
681,"transgene expression, metabolite production, study illustrates, precise genome",0.08695652173913043
681,"web science core, mean sd age, research hotspots, 28 day mortality",0.0
682,"bla ctx, spectrum lactamase esbl, sequence types sts, coli isolates",0.015217391304347825
682,"details use execution, myosin motors, nascent chain, origin life",0.22391304347826088
682,"editorial emerging, author correction, g2 phase, model pd",0.03260869565217391
682,"fetal liver, stalled replication forks, pulmonary vascular, chromatin state",0.11739130434782608
682,"recent findings recent, cell multi omics, complex microbial, crispr cas based",0.0
682,"related morbidity, stage diagnosis, combination strategies, clinical intervention",0.3826086956521739
682,"role intercellular communication, testicular torsion, nanoparticle tracking analysis, mir 21 5p",0.006521739130434782
682,"therapeutic strategies including, exosomes emerging, epigenetic modulation, solid cancers",0.05434782608695652
682,"transgene expression, metabolite production, study illustrates, precise genome",0.15217391304347827
682,"web science core, mean sd age, research hotspots, 28 day mortality",0.015217391304347825
683,"bla ctx, spectrum lactamase esbl, sequence types sts, coli isolates",0.015217391304347825
683,"details use execution, myosin motors, nascent chain, origin life",0.22391304347826088
683,"editorial emerging, author correction, g2 phase, model pd",0.021739130434782608
683,"fetal liver, stalled replication forks, pulmonary vascular, chromatin state",0.10869565217391304
683,"recent findings recent, cell multi omics, complex microbial, crispr cas based",0.0
683,"related morbidity, stage diagnosis, combination strategies, clinical intervention",0.41304347826086957
683,"role intercellular communication, testicular torsion, nanoparticle tracking analysis, mir 21 5p",0.006521739130434782
683,"therapeutic strategies including, exosomes emerging, epigenetic modulation, solid cancers",0.07391304347826087
683,"transgene expression, metabolite production, study illustrates, precise genome",0.1217391304347826
683,"web science core, mean sd age, research hotspots, 28 day mortality",0.015217391304347825
684,"bla ctx, spectrum lactamase esbl, sequence types sts, coli isolates",0.008695652173913044
684,"details use execution, myosin motors, nascent chain, origin life",0.3804347826086957
684,"editorial emerging, author correction, g2 phase, model pd",0.0
684,"fetal liver, stalled replication forks, pulmonary vascular, chromatin state",0.10652173913043479
684,"recent findings recent, cell multi omics, complex microbial, crispr cas based",0.0
684,"related morbidity, stage diagnosis, combination strategies, clinical intervention",0.3608695652173913
684,"role intercellular communication, testicular torsion, nanoparticle tracking analysis, mir 21 5p",0.002173913043478261
684,"therapeutic strategies including, exosomes emerging, epigenetic modulation, solid cancers",0.019565217391304346
684,"transgene expression, metabolite production, study illustrates, precise genome",0.1217391304347826
684,"web science core, mean sd age, research hotspots, 28 day mortality",0.0
685,"bla ctx, spectrum lactamase esbl, sequence types sts, coli isolates",0.002173913043478261
685,"details use execution, myosin motors, nascent chain, origin life",0.3086956521739131
685,"editorial emerging, author correction, g2 phase, model pd",0.0
685,"fetal liver, stalled replication forks, pulmonary vascular, chromatin state",0.09130434782608696
685,"recent findings recent, cell multi omics, complex microbial, crispr cas based",0.0
685,"related morbidity, stage diagnosis, combination strategies, clinical intervention",0.42608695652173906
685,"role intercellular communication, testicular torsion, nanoparticle tracking analysis, mir 21 5p",0.03695652173913044
685,"therapeutic strategies including, exosomes emerging, epigenetic modulation, solid cancers",0.06521739130434782
685,"transgene expression, metabolite production, study illustrates, precise genome",0.06956521739130435
685,"web science core, mean sd age, research hotspots, 28 day mortality",0.0
686,"bla ctx, spectrum lactamase esbl, sequence types sts, coli isolates",0.004347826086956522
686,"details use execution, myosin motors, nascent chain, origin life",0.3521739130434782
686,"editorial emerging, author correction, g2 phase, model pd",0.0
686,"fetal liver, stalled replication forks, pulmonary vascular, chromatin state",0.06739130434782607
686,"recent findings recent, cell multi omics, complex microbial, crispr cas based",0.0
686,"related morbidity, stage diagnosis, combination strategies, clinical intervention",0.4543478260869565
686,"role intercellular communication, testicular torsion, nanoparticle tracking analysis, mir 21 5p",0.034782608695652174
686,"therapeutic strategies including, exosomes emerging, epigenetic modulation, solid cancers",0.04130434782608696
686,"transgene expression, metabolite production, study illustrates, precise genome",0.04565217391304348
686,"web science core, mean sd age, research hotspots, 28 day mortality",0.0
687,"bla ctx, spectrum lactamase esbl, sequence types sts, coli isolates",0.021739130434782605
687,"details use execution, myosin motors, nascent chain, origin life",0.34565217391304354
687,"editorial emerging, author correction, g2 phase, model pd",0.002173913043478261
687,"fetal liver, stalled replication forks, pulmonary vascular, chromatin state",0.08478260869565217
687,"recent findings recent, cell multi omics, complex microbial, crispr cas based",0.0
687,"related morbidity, stage diagnosis, combination strategies, clinical intervention",0.41739130434782606
687,"role intercellular communication, testicular torsion, nanoparticle tracking analysis, mir 21 5p",0.008695652173913044
687,"therapeutic strategies including, exosomes emerging, epigenetic modulation, solid cancers",0.013043478260869568
687,"transgene expression, metabolite production, study illustrates, precise genome",0.09130434782608694
687,"web science core, mean sd age, research hotspots, 28 day mortality",0.015217391304347825
688,"bla ctx, spectrum lactamase esbl, sequence types sts, coli isolates",0.013043478260869565
688,"details use execution, myosin motors, nascent chain, origin life",0.23695652173913045
688,"editorial emerging, author correction, g2 phase, model pd",0.03260869565217391
688,"fetal liver, stalled replication forks, pulmonary vascular, chromatin state",0.04782608695652174
688,"recent findings recent, cell multi omics, complex microbial, crispr cas based",0.0
688,"related morbidity, stage diagnosis, combination strategies, clinical intervention",0.48695652173913045
688,"role intercellular communication, testicular torsion, nanoparticle tracking analysis, mir 21 5p",0.0391304347826087
688,"therapeutic strategies including, exosomes emerging, epigenetic modulation, solid cancers",0.054347826086956534
688,"transgene expression, metabolite production, study illustrates, precise genome",0.07391304347826087
688,"web science core, mean sd age, research hotspots, 28 day mortality",0.015217391304347825
689,"bla ctx, spectrum lactamase esbl, sequence types sts, coli isolates",0.0
689,"details use execution, myosin motors, nascent chain, origin life",0.3021739130434783
689,"editorial emerging, author correction, g2 phase, model pd",0.0
689,"fetal liver, stalled replication forks, pulmonary vascular, chromatin state",0.11304347826086955
689,"recent findings recent, cell multi omics, complex microbial, crispr cas based",0.0
689,"related morbidity, stage diagnosis, combination strategies, clinical intervention",0.4434782608695652
689,"role intercellular communication, testicular torsion, nanoparticle tracking analysis, mir 21 5p",0.002173913043478261
689,"therapeutic strategies including, exosomes emerging, epigenetic modulation, solid cancers",0.05434782608695652
689,"transgene expression, metabolite production, study illustrates, precise genome",0.08478260869565218
689,"web science core, mean sd age, research hotspots, 28 day mortality",0.0
690,"bla ctx, spectrum lactamase esbl, sequence types sts, coli isolates",0.021739130434782608
690,"details use execution, myosin motors, nascent chain, origin life",0.31521739130434784
690,"editorial emerging, author correction, g2 phase, model pd",0.0
690,"fetal liver, stalled replication forks, pulmonary vascular, chromatin state",0.09130434782608696
690,"recent findings recent, cell multi omics, complex microbial, crispr cas based",0.0
690,"related morbidity, stage diagnosis, combination strategies, clinical intervention",0.3239130434782609
690,"role intercellular communication, testicular torsion, nanoparticle tracking analysis, mir 21 5p",0.0391304347826087
690,"therapeutic strategies including, exosomes emerging, epigenetic modulation, solid cancers",0.05
690,"transgene expression, metabolite production, study illustrates, precise genome",0.14347826086956522
690,"web science core, mean sd age, research hotspots, 28 day mortality",0.015217391304347825
691,"bla ctx, spectrum lactamase esbl, sequence types sts, coli isolates",0.010869565217391304
691,"details use execution, myosin motors, nascent chain, origin life",0.24782608695652175
691,"editorial emerging, author correction, g2 phase, model pd",0.002173913043478261
691,"fetal liver, stalled replication forks, pulmonary vascular, chromatin state",0.1282608695652174
691,"recent findings recent, cell multi omics, complex microbial, crispr cas based",0.0
691,"related morbidity, stage diagnosis, combination strategies, clinical intervention",0.46086956521739136
691,"role intercellular communication, testicular torsion, nanoparticle tracking analysis, mir 21 5p",0.002173913043478261
691,"therapeutic strategies including, exosomes emerging, epigenetic modulation, solid cancers",0.0782608695652174
691,"transgene expression, metabolite production, study illustrates, precise genome",0.06956521739130435
691,"web science core, mean sd age, research hotspots, 28 day mortality",0.0
692,"bla ctx, spectrum lactamase esbl, sequence types sts, coli isolates",0.010869565217391304
692,"details use execution, myosin motors, nascent chain, origin life",0.22608695652173913
692,"editorial emerging, author correction, g2 phase, model pd",0.034782608695652174
692,"fetal liver, stalled replication forks, pulmonary vascular, chromatin state",0.06304347826086956
692,"recent findings recent, cell multi omics, complex microbial, crispr cas based",0.0
692,"related morbidity, stage diagnosis, combination strategies, clinical intervention",0.4673913043478261
692,"role intercellular communication, testicular torsion, nanoparticle tracking analysis, mir 21 5p",0.008695652173913044
692,"therapeutic strategies including, exosomes emerging, epigenetic modulation, solid cancers",0.09565217391304348
692,"transgene expression, metabolite production, study illustrates, precise genome",0.0782608695652174
692,"web science core, mean sd age, research hotspots, 28 day mortality",0.015217391304347825
693,"bla ctx, spectrum lactamase esbl, sequence types sts, coli isolates",0.002173913043478261
693,"details use execution, myosin motors, nascent chain, origin life",0.21304347826086958
693,"editorial emerging, author correction, g2 phase, model pd",0.05652173913043478
693,"fetal liver, stalled replication forks, pulmonary vascular, chromatin state",0.09565217391304348
693,"recent findings recent, cell multi omics, complex microbial, crispr cas based",0.0
693,"related morbidity, stage diagnosis, combination strategies, clinical intervention",0.4608695652173913
693,"role intercellular communication, testicular torsion, nanoparticle tracking analysis, mir 21 5p",0.002173913043478261
693,"therapeutic strategies including, exosomes emerging, epigenetic modulation, solid cancers",0.0391304347826087
693,"transgene expression, metabolite production, study illustrates, precise genome",0.13043478260869562
693,"web science core, mean sd age, research hotspots, 28 day mortality",0.0
694,"bla ctx, spectrum lactamase esbl, sequence types sts, coli isolates",0.013043478260869565
694,"details use execution, myosin motors, nascent chain, origin life",0.22608695652173913
694,"editorial emerging, author correction, g2 phase, model pd",0.021739130434782608
694,"fetal liver, stalled replication forks, pulmonary vascular, chromatin state",0.10217391304347827
694,"recent findings recent, cell multi omics, complex microbial, crispr cas based",0.0
694,"related morbidity, stage diagnosis, combination strategies, clinical intervention",0.45217391304347826
694,"role intercellular communication, testicular torsion, nanoparticle tracking analysis, mir 21 5p",0.006521739130434782
694,"therapeutic strategies including, exosomes emerging, epigenetic modulation, solid cancers",0.047826086956521734
694,"transgene expression, metabolite production, study illustrates, precise genome",0.1152173913043478
694,"web science core, mean sd age, research hotspots, 28 day mortality",0.015217391304347825
695,"bla ctx, spectrum lactamase esbl, sequence types sts, coli isolates",0.008695652173913044
695,"details use execution, myosin motors, nascent chain, origin life",0.3065217391304348
695,"editorial emerging, author correction, g2 phase, model pd",0.0
695,"fetal liver, stalled replication forks, pulmonary vascular, chromatin state",0.08043478260869566
695,"recent findings recent, cell multi omics, complex microbial, crispr cas based",0.0
695,"related morbidity, stage diagnosis, combination strategies, clinical intervention",0.45217391304347837
695,"role intercellular communication, testicular torsion, nanoparticle tracking analysis, mir 21 5p",0.03260869565217391
695,"therapeutic strategies including, exosomes emerging, epigenetic modulation, solid cancers",0.02391304347826087
695,"transgene expression, metabolite production, study illustrates, precise genome",0.09565217391304348
695,"web science core, mean sd age, research hotspots, 28 day mortality",0.0
696,"bla ctx, spectrum lactamase esbl, sequence types sts, coli isolates",0.015217391304347825
696,"details use execution, myosin motors, nascent chain, origin life",0.41956521739130437
696,"editorial emerging, author correction, g2 phase, model pd",0.0
696,"fetal liver, stalled replication forks, pulmonary vascular, chromatin state",0.058695652173913045
696,"recent findings recent, cell multi omics, complex microbial, crispr cas based",0.0
696,"related morbidity, stage diagnosis, combination strategies, clinical intervention",0.3521739130434782
696,"role intercellular communication, testicular torsion, nanoparticle tracking analysis, mir 21 5p",0.0
696,"therapeutic strategies including, exosomes emerging, epigenetic modulation, solid cancers",0.021739130434782608
696,"transgene expression, metabolite production, study illustrates, precise genome",0.13260869565217392
696,"web science core, mean sd age, research hotspots, 28 day mortality",0.0
697,"bla ctx, spectrum lactamase esbl, sequence types sts, coli isolates",0.004347826086956522
697,"details use execution, myosin motors, nascent chain, origin life",0.341304347826087
697,"editorial emerging, author correction, g2 phase, model pd",0.03260869565217391
697,"fetal liver, stalled replication forks, pulmonary vascular, chromatin state",0.043478260869565216
697,"recent findings recent, cell multi omics, complex microbial, crispr cas based",0.0
697,"related morbidity, stage diagnosis, combination strategies, clinical intervention",0.4652173913043478
697,"role intercellular communication, testicular torsion, nanoparticle tracking analysis, mir 21 5p",0.002173913043478261
697,"therapeutic strategies including, exosomes emerging, epigenetic modulation, solid cancers",0.004347826086956522
697,"transgene expression, metabolite production, study illustrates, precise genome",0.10652173913043479
697,"web science core, mean sd age, research hotspots, 28 day mortality",0.0
698,"bla ctx, spectrum lactamase esbl, sequence types sts, coli isolates",0.021739130434782608
698,"details use execution, myosin motors, nascent chain, origin life",0.25869565217391305
698,"editorial emerging, author correction, g2 phase, model pd",0.02391304347826087
698,"fetal liver, stalled replication forks, pulmonary vascular, chromatin state",0.04130434782608696
698,"recent findings recent, cell multi omics, complex microbial, crispr cas based",0.0
698,"related morbidity, stage diagnosis, combination strategies, clinical intervention",0.4739130434782608
698,"role intercellular communication, testicular torsion, nanoparticle tracking analysis, mir 21 5p",0.008695652173913044
698,"therapeutic strategies including, exosomes emerging, epigenetic modulation, solid cancers",0.08478260869565218
698,"transgene expression, metabolite production, study illustrates, precise genome",0.07173913043478261
698,"web science core, mean sd age, research hotspots, 28 day mortality",0.015217391304347825
699,"bla ctx, spectrum lactamase esbl, sequence types sts, coli isolates",0.002173913043478261
699,"details use execution, myosin motors, nascent chain, origin life",0.22608695652173913
699,"editorial emerging, author correction, g2 phase, model pd",0.05434782608695652
699,"fetal liver, stalled replication forks, pulmonary vascular, chromatin state",0.10869565217391307
699,"recent findings recent, cell multi omics, complex microbial, crispr cas based",0.0
699,"related morbidity, stage diagnosis, combination strategies, clinical intervention",0.37608695652173907
699,"role intercellular communication, testicular torsion, nanoparticle tracking analysis, mir 21 5p",0.03260869565217391
699,"therapeutic strategies including, exosomes emerging, epigenetic modulation, solid cancers",0.041304347826086954
699,"transgene expression, metabolite production, study illustrates, precise genome",0.15869565217391307
699,"web science core, mean sd age, research hotspots, 28 day mortality",0.0
700,"bla ctx, spectrum lactamase esbl, sequence types sts, coli isolates",0.021739130434782608
700,"details use execution, myosin motors, nascent chain, origin life",0.3978260869565218
700,"editorial emerging, author correction, g2 phase, model pd",0.02391304347826087
700,"fetal liver, stalled replication forks, pulmonary vascular, chromatin state",0.06956521739130435
700,"recent findings recent, cell multi omics, complex microbial, crispr cas based",0.0
700,"related morbidity, stage diagnosis, combination strategies, clinical intervention",0.28043478260869564
700,"role intercellular communication, testicular torsion, nanoparticle tracking analysis, mir 21 5p",0.043478260869565216
700,"therapeutic strategies including, exosomes emerging, epigenetic modulation, solid cancers",0.07391304347826087
700,"transgene expression, metabolite production, study illustrates, precise genome",0.07391304347826087
700,"web science core, mean sd age, research hotspots, 28 day mortality",0.015217391304347825
701,"bla ctx, spectrum lactamase esbl, sequence types sts, coli isolates",0.002173913043478261
701,"details use execution, myosin motors, nascent chain, origin life",0.21521739130434783
701,"editorial emerging, author correction, g2 phase, model pd",0.002173913043478261
701,"fetal liver, stalled replication forks, pulmonary vascular, chromatin state",0.06521739130434782
701,"recent findings recent, cell multi omics, complex microbial, crispr cas based",0.0
701,"related morbidity, stage diagnosis, combination strategies, clinical intervention",0.5065217391304347
701,"role intercellular communication, testicular torsion, nanoparticle tracking analysis, mir 21 5p",0.0
701,"therapeutic strategies including, exosomes emerging, epigenetic modulation, solid cancers",0.0891304347826087
701,"transgene expression, metabolite production, study illustrates, precise genome",0.11956521739130435
701,"web science core, mean sd age, research hotspots, 28 day mortality",0.0
702,"bla ctx, spectrum lactamase esbl, sequence types sts, coli isolates",0.015217391304347825
702,"details use execution, myosin motors, nascent chain, origin life",0.22391304347826088
702,"editorial emerging, author correction, g2 phase, model pd",0.002173913043478261
702,"fetal liver, stalled replication forks, pulmonary vascular, chromatin state",0.07173913043478261
702,"recent findings recent, cell multi omics, complex microbial, crispr cas based",0.0
702,"related morbidity, stage diagnosis, combination strategies, clinical intervention",0.5695652173913043
702,"role intercellular communication, testicular torsion, nanoparticle tracking analysis, mir 21 5p",0.006521739130434782
702,"therapeutic strategies including, exosomes emerging, epigenetic modulation, solid cancers",0.05
702,"transgene expression, metabolite production, study illustrates, precise genome",0.04565217391304349
702,"web science core, mean sd age, research hotspots, 28 day mortality",0.015217391304347825
703,"bla ctx, spectrum lactamase esbl, sequence types sts, coli isolates",0.0
703,"details use execution, myosin motors, nascent chain, origin life",0.3565217391304348
703,"editorial emerging, author correction, g2 phase, model pd",0.0
703,"fetal liver, stalled replication forks, pulmonary vascular, chromatin state",0.08478260869565218
703,"recent findings recent, cell multi omics, complex microbial, crispr cas based",0.0
703,"related morbidity, stage diagnosis, combination strategies, clinical intervention",0.41739130434782606
703,"role intercellular communication, testicular torsion, nanoparticle tracking analysis, mir 21 5p",0.034782608695652174
703,"therapeutic strategies including, exosomes emerging, epigenetic modulation, solid cancers",0.034782608695652174
703,"transgene expression, metabolite production, study illustrates, precise genome",0.07173913043478261
703,"web science core, mean sd age, research hotspots, 28 day mortality",0.0
704,"bla ctx, spectrum lactamase esbl, sequence types sts, coli isolates",0.006521739130434784
704,"details use execution, myosin motors, nascent chain, origin life",0.391304347826087
704,"editorial emerging, author correction, g2 phase, model pd",0.02391304347826087
704,"fetal liver, stalled replication forks, pulmonary vascular, chromatin state",0.05217391304347827
704,"recent findings recent, cell multi omics, complex microbial, crispr cas based",0.0
704,"related morbidity, stage diagnosis, combination strategies, clinical intervention",0.3434782608695652
704,"role intercellular communication, testicular torsion, nanoparticle tracking analysis, mir 21 5p",0.03695652173913044
704,"therapeutic strategies including, exosomes emerging, epigenetic modulation, solid cancers",0.058695652173913045
704,"transgene expression, metabolite production, study illustrates, precise genome",0.08695652173913046
704,"web science core, mean sd age, research hotspots, 28 day mortality",0.0
705,"bla ctx, spectrum lactamase esbl, sequence types sts, coli isolates",0.017391304347826087
705,"details use execution, myosin motors, nascent chain, origin life",0.21956521739130438
705,"editorial emerging, author correction, g2 phase, model pd",0.05434782608695652
705,"fetal liver, stalled replication forks, pulmonary vascular, chromatin state",0.07608695652173914
705,"recent findings recent, cell multi omics, complex microbial, crispr cas based",0.0
705,"related morbidity, stage diagnosis, combination strategies, clinical intervention",0.41304347826086957
705,"role intercellular communication, testicular torsion, nanoparticle tracking analysis, mir 21 5p",0.008695652173913044
705,"therapeutic strategies including, exosomes emerging, epigenetic modulation, solid cancers",0.07173913043478261
705,"transgene expression, metabolite production, study illustrates, precise genome",0.12391304347826085
705,"web science core, mean sd age, research hotspots, 28 day mortality",0.015217391304347825
706,"bla ctx, spectrum lactamase esbl, sequence types sts, coli isolates",0.006521739130434784
706,"details use execution, myosin motors, nascent chain, origin life",0.3804347826086957
706,"editorial emerging, author correction, g2 phase, model pd",0.0
706,"fetal liver, stalled replication forks, pulmonary vascular, chromatin state",0.08260869565217392
706,"recent findings recent, cell multi omics, complex microbial, crispr cas based",0.0
706,"related morbidity, stage diagnosis, combination strategies, clinical intervention",0.41086956521739126
706,"role intercellular communication, testicular torsion, nanoparticle tracking analysis, mir 21 5p",0.004347826086956522
706,"therapeutic strategies including, exosomes emerging, epigenetic modulation, solid cancers",0.034782608695652174
706,"transgene expression, metabolite production, study illustrates, precise genome",0.08043478260869565
706,"web science core, mean sd age, research hotspots, 28 day mortality",0.0
707,"bla ctx, spectrum lactamase esbl, sequence types sts, coli isolates",0.002173913043478261
707,"details use execution, myosin motors, nascent chain, origin life",0.3565217391304348
707,"editorial emerging, author correction, g2 phase, model pd",0.02391304347826087
707,"fetal liver, stalled replication forks, pulmonary vascular, chromatin state",0.10652173913043479
707,"recent findings recent, cell multi omics, complex microbial, crispr cas based",0.0
707,"related morbidity, stage diagnosis, combination strategies, clinical intervention",0.30869565217391304
707,"role intercellular communication, testicular torsion, nanoparticle tracking analysis, mir 21 5p",0.03260869565217391
707,"therapeutic strategies including, exosomes emerging, epigenetic modulation, solid cancers",0.058695652173913045
707,"transgene expression, metabolite production, study illustrates, precise genome",0.1108695652173913
707,"web science core, mean sd age, research hotspots, 28 day mortality",0.0
708,"bla ctx, spectrum lactamase esbl, sequence types sts, coli isolates",0.004347826086956522
708,"details use execution, myosin motors, nascent chain, origin life",0.08260869565217391
708,"editorial emerging, author correction, g2 phase, model pd",0.021739130434782608
708,"fetal liver, stalled replication forks, pulmonary vascular, chromatin state",0.18260869565217389
708,"recent findings recent, cell multi omics, complex microbial, crispr cas based",0.0
708,"related morbidity, stage diagnosis, combination strategies, clinical intervention",0.49999999999999994
708,"role intercellular communication, testicular torsion, nanoparticle tracking analysis, mir 21 5p",0.0
708,"therapeutic strategies including, exosomes emerging, epigenetic modulation, solid cancers",0.0391304347826087
708,"transgene expression, metabolite production, study illustrates, precise genome",0.1695652173913043
708,"web science core, mean sd age, research hotspots, 28 day mortality",0.0
709,"bla ctx, spectrum lactamase esbl, sequence types sts, coli isolates",0.008695652173913044
709,"details use execution, myosin motors, nascent chain, origin life",0.30434782608695654
709,"editorial emerging, author correction, g2 phase, model pd",0.03260869565217391
709,"fetal liver, stalled replication forks, pulmonary vascular, chromatin state",0.05434782608695652
709,"recent findings recent, cell multi omics, complex microbial, crispr cas based",0.0
709,"related morbidity, stage diagnosis, combination strategies, clinical intervention",0.41956521739130437
709,"role intercellular communication, testicular torsion, nanoparticle tracking analysis, mir 21 5p",0.034782608695652174
709,"therapeutic strategies including, exosomes emerging, epigenetic modulation, solid cancers",0.04565217391304347
709,"transgene expression, metabolite production, study illustrates, precise genome",0.09999999999999999
709,"web science core, mean sd age, research hotspots, 28 day mortality",0.0
710,"bla ctx, spectrum lactamase esbl, sequence types sts, coli isolates",0.004347826086956522
710,"details use execution, myosin motors, nascent chain, origin life",0.34130434782608693
710,"editorial emerging, author correction, g2 phase, model pd",0.021739130434782608
710,"fetal liver, stalled replication forks, pulmonary vascular, chromatin state",0.11739130434782608
710,"recent findings recent, cell multi omics, complex microbial, crispr cas based",0.0
710,"related morbidity, stage diagnosis, combination strategies, clinical intervention",0.39565217391304347
710,"role intercellular communication, testicular torsion, nanoparticle tracking analysis, mir 21 5p",0.002173913043478261
710,"therapeutic strategies including, exosomes emerging, epigenetic modulation, solid cancers",0.02391304347826087
710,"transgene expression, metabolite production, study illustrates, precise genome",0.09347826086956522
710,"web science core, mean sd age, research hotspots, 28 day mortality",0.0
711,"bla ctx, spectrum lactamase esbl, sequence types sts, coli isolates",0.006521739130434782
711,"details use execution, myosin motors, nascent chain, origin life",0.12391304347826088
711,"editorial emerging, author correction, g2 phase, model pd",0.05434782608695652
711,"fetal liver, stalled replication forks, pulmonary vascular, chromatin state",0.10434782608695652
711,"recent findings recent, cell multi omics, complex microbial, crispr cas based",0.0
711,"related morbidity, stage diagnosis, combination strategies, clinical intervention",0.5130434782608696
711,"role intercellular communication, testicular torsion, nanoparticle tracking analysis, mir 21 5p",0.0
711,"therapeutic strategies including, exosomes emerging, epigenetic modulation, solid cancers",0.06521739130434782
711,"transgene expression, metabolite production, study illustrates, precise genome",0.1326086956521739
711,"web science core, mean sd age, research hotspots, 28 day mortality",0.0
712,"bla ctx, spectrum lactamase esbl, sequence types sts, coli isolates",0.008695652173913044
712,"details use execution, myosin motors, nascent chain, origin life",0.20869565217391303
712,"editorial emerging, author correction, g2 phase, model pd",0.021739130434782608
712,"fetal liver, stalled replication forks, pulmonary vascular, chromatin state",0.17173913043478262
712,"recent findings recent, cell multi omics, complex microbial, crispr cas based",0.0
712,"related morbidity, stage diagnosis, combination strategies, clinical intervention",0.3978260869565218
712,"role intercellular communication, testicular torsion, nanoparticle tracking analysis, mir 21 5p",0.0
712,"therapeutic strategies including, exosomes emerging, epigenetic modulation, solid cancers",0.013043478260869568
712,"transgene expression, metabolite production, study illustrates, precise genome",0.1782608695652174
712,"web science core, mean sd age, research hotspots, 28 day mortality",0.0
713,"bla ctx, spectrum lactamase esbl, sequence types sts, coli isolates",0.002173913043478261
713,"details use execution, myosin motors, nascent chain, origin life",0.21304347826086958
713,"editorial emerging, author correction, g2 phase, model pd",0.021739130434782608
713,"fetal liver, stalled replication forks, pulmonary vascular, chromatin state",0.1108695652173913
713,"recent findings recent, cell multi omics, complex microbial, crispr cas based",0.0
713,"related morbidity, stage diagnosis, combination strategies, clinical intervention",0.46304347826086956
713,"role intercellular communication, testicular torsion, nanoparticle tracking analysis, mir 21 5p",0.002173913043478261
713,"therapeutic strategies including, exosomes emerging, epigenetic modulation, solid cancers",0.034782608695652174
713,"transgene expression, metabolite production, study illustrates, precise genome",0.15217391304347827
713,"web science core, mean sd age, research hotspots, 28 day mortality",0.0
714,"bla ctx, spectrum lactamase esbl, sequence types sts, coli isolates",0.013043478260869565
714,"details use execution, myosin motors, nascent chain, origin life",0.31086956521739134
714,"editorial emerging, author correction, g2 phase, model pd",0.021739130434782608
714,"fetal liver, stalled replication forks, pulmonary vascular, chromatin state",0.05652173913043478
714,"recent findings recent, cell multi omics, complex microbial, crispr cas based",0.0
714,"related morbidity, stage diagnosis, combination strategies, clinical intervention",0.3478260869565217
714,"role intercellular communication, testicular torsion, nanoparticle tracking analysis, mir 21 5p",0.008695652173913044
714,"therapeutic strategies including, exosomes emerging, epigenetic modulation, solid cancers",0.07391304347826087
714,"transgene expression, metabolite production, study illustrates, precise genome",0.15217391304347827
714,"web science core, mean sd age, research hotspots, 28 day mortality",0.015217391304347825
715,"bla ctx, spectrum lactamase esbl, sequence types sts, coli isolates",0.0
715,"details use execution, myosin motors, nascent chain, origin life",0.18478260869565216
715,"editorial emerging, author correction, g2 phase, model pd",0.0
715,"fetal liver, stalled replication forks, pulmonary vascular, chromatin state",0.11956521739130432
715,"recent findings recent, cell multi omics, complex microbial, crispr cas based",0.0
715,"related morbidity, stage diagnosis, combination strategies, clinical intervention",0.4673913043478261
715,"role intercellular communication, testicular torsion, nanoparticle tracking analysis, mir 21 5p",0.03260869565217391
715,"therapeutic strategies including, exosomes emerging, epigenetic modulation, solid cancers",0.06956521739130435
715,"transgene expression, metabolite production, study illustrates, precise genome",0.12608695652173912
715,"web science core, mean sd age, research hotspots, 28 day mortality",0.0
716,"bla ctx, spectrum lactamase esbl, sequence types sts, coli isolates",0.017391304347826087
716,"details use execution, myosin motors, nascent chain, origin life",0.3086956521739131
716,"editorial emerging, author correction, g2 phase, model pd",0.021739130434782608
716,"fetal liver, stalled replication forks, pulmonary vascular, chromatin state",0.12608695652173912
716,"recent findings recent, cell multi omics, complex microbial, crispr cas based",0.0
716,"related morbidity, stage diagnosis, combination strategies, clinical intervention",0.33478260869565213
716,"role intercellular communication, testicular torsion, nanoparticle tracking analysis, mir 21 5p",0.006521739130434782
716,"therapeutic strategies including, exosomes emerging, epigenetic modulation, solid cancers",0.05652173913043478
716,"transgene expression, metabolite production, study illustrates, precise genome",0.11304347826086956
716,"web science core, mean sd age, research hotspots, 28 day mortality",0.015217391304347825
717,"bla ctx, spectrum lactamase esbl, sequence types sts, coli isolates",0.010869565217391304
717,"details use execution, myosin motors, nascent chain, origin life",0.25
717,"editorial emerging, author correction, g2 phase, model pd",0.034782608695652174
717,"fetal liver, stalled replication forks, pulmonary vascular, chromatin state",0.06956521739130436
717,"recent findings recent, cell multi omics, complex microbial, crispr cas based",0.0
717,"related morbidity, stage diagnosis, combination strategies, clinical intervention",0.43913043478260866
717,"role intercellular communication, testicular torsion, nanoparticle tracking analysis, mir 21 5p",0.0
717,"therapeutic strategies including, exosomes emerging, epigenetic modulation, solid cancers",0.07608695652173914
717,"transgene expression, metabolite production, study illustrates, precise genome",0.11956521739130435
717,"web science core, mean sd age, research hotspots, 28 day mortality",0.0
718,"bla ctx, spectrum lactamase esbl, sequence types sts, coli isolates",0.015217391304347825
718,"details use execution, myosin motors, nascent chain, origin life",0.1782608695652174
718,"editorial emerging, author correction, g2 phase, model pd",0.002173913043478261
718,"fetal liver, stalled replication forks, pulmonary vascular, chromatin state",0.07173913043478261
718,"recent findings recent, cell multi omics, complex microbial, crispr cas based",0.0
718,"related morbidity, stage diagnosis, combination strategies, clinical intervention",0.5826086956521739
718,"role intercellular communication, testicular torsion, nanoparticle tracking analysis, mir 21 5p",0.008695652173913044
718,"therapeutic strategies including, exosomes emerging, epigenetic modulation, solid cancers",0.04565217391304348
718,"transgene expression, metabolite production, study illustrates, precise genome",0.08043478260869566
718,"web science core, mean sd age, research hotspots, 28 day mortality",0.015217391304347825
719,"bla ctx, spectrum lactamase esbl, sequence types sts, coli isolates",0.010869565217391304
719,"details use execution, myosin motors, nascent chain, origin life",0.22826086956521738
719,"editorial emerging, author correction, g2 phase, model pd",0.0
719,"fetal liver, stalled replication forks, pulmonary vascular, chromatin state",0.13043478260869565
719,"recent findings recent, cell multi omics, complex microbial, crispr cas based",0.0
719,"related morbidity, stage diagnosis, combination strategies, clinical intervention",0.4630434782608695
719,"role intercellular communication, testicular torsion, nanoparticle tracking analysis, mir 21 5p",0.006521739130434782
719,"therapeutic strategies including, exosomes emerging, epigenetic modulation, solid cancers",0.03695652173913044
719,"transgene expression, metabolite production, study illustrates, precise genome",0.10869565217391304
719,"web science core, mean sd age, research hotspots, 28 day mortality",0.015217391304347825
720,"bla ctx, spectrum lactamase esbl, sequence types sts, coli isolates",0.006521739130434782
720,"details use execution, myosin motors, nascent chain, origin life",0.2956521739130435
720,"editorial emerging, author correction, g2 phase, model pd",0.03260869565217391
720,"fetal liver, stalled replication forks, pulmonary vascular, chromatin state",0.10869565217391304
720,"recent findings recent, cell multi omics, complex microbial, crispr cas based",0.0
720,"related morbidity, stage diagnosis, combination strategies, clinical intervention",0.3391304347826087
720,"role intercellular communication, testicular torsion, nanoparticle tracking analysis, mir 21 5p",0.002173913043478261
720,"therapeutic strategies including, exosomes emerging, epigenetic modulation, solid cancers",0.0608695652173913
720,"transgene expression, metabolite production, study illustrates, precise genome",0.15434782608695652
720,"web science core, mean sd age, research hotspots, 28 day mortality",0.0
721,"bla ctx, spectrum lactamase esbl, sequence types sts, coli isolates",0.004347826086956522
721,"details use execution, myosin motors, nascent chain, origin life",0.42826086956521736
721,"editorial emerging, author correction, g2 phase, model pd",0.05434782608695652
721,"fetal liver, stalled replication forks, pulmonary vascular, chromatin state",0.07826086956521738
721,"recent findings recent, cell multi omics, complex microbial, crispr cas based",0.0
721,"related morbidity, stage diagnosis, combination strategies, clinical intervention",0.25652173913043474
721,"role intercellular communication, testicular torsion, nanoparticle tracking analysis, mir 21 5p",0.002173913043478261
721,"therapeutic strategies including, exosomes emerging, epigenetic modulation, solid cancers",0.03043478260869565
721,"transgene expression, metabolite production, study illustrates, precise genome",0.14565217391304347
721,"web science core, mean sd age, research hotspots, 28 day mortality",0.0
722,"bla ctx, spectrum lactamase esbl, sequence types sts, coli isolates",0.017391304347826087
722,"details use execution, myosin motors, nascent chain, origin life",0.26304347826086955
722,"editorial emerging, author correction, g2 phase, model pd",0.02391304347826087
722,"fetal liver, stalled replication forks, pulmonary vascular, chromatin state",0.08695652173913043
722,"recent findings recent, cell multi omics, complex microbial, crispr cas based",0.0
722,"related morbidity, stage diagnosis, combination strategies, clinical intervention",0.4369565217391304
722,"role intercellular communication, testicular torsion, nanoparticle tracking analysis, mir 21 5p",0.008695652173913044
722,"therapeutic strategies including, exosomes emerging, epigenetic modulation, solid cancers",0.05217391304347826
722,"transgene expression, metabolite production, study illustrates, precise genome",0.09565217391304348
722,"web science core, mean sd age, research hotspots, 28 day mortality",0.015217391304347825
723,"bla ctx, spectrum lactamase esbl, sequence types sts, coli isolates",0.02391304347826087
723,"details use execution, myosin motors, nascent chain, origin life",0.22608695652173913
723,"editorial emerging, author correction, g2 phase, model pd",0.002173913043478261
723,"fetal liver, stalled replication forks, pulmonary vascular, chromatin state",0.07173913043478261
723,"recent findings recent, cell multi omics, complex microbial, crispr cas based",0.0
723,"related morbidity, stage diagnosis, combination strategies, clinical intervention",0.4673913043478261
723,"role intercellular communication, testicular torsion, nanoparticle tracking analysis, mir 21 5p",0.0391304347826087
723,"therapeutic strategies including, exosomes emerging, epigenetic modulation, solid cancers",0.06521739130434782
723,"transgene expression, metabolite production, study illustrates, precise genome",0.0891304347826087
723,"web science core, mean sd age, research hotspots, 28 day mortality",0.015217391304347825
724,"bla ctx, spectrum lactamase esbl, sequence types sts, coli isolates",0.013043478260869568
724,"details use execution, myosin motors, nascent chain, origin life",0.3760869565217391
724,"editorial emerging, author correction, g2 phase, model pd",0.0
724,"fetal liver, stalled replication forks, pulmonary vascular, chromatin state",0.06521739130434784
724,"recent findings recent, cell multi omics, complex microbial, crispr cas based",0.0
724,"related morbidity, stage diagnosis, combination strategies, clinical intervention",0.39565217391304347
724,"role intercellular communication, testicular torsion, nanoparticle tracking analysis, mir 21 5p",0.002173913043478261
724,"therapeutic strategies including, exosomes emerging, epigenetic modulation, solid cancers",0.05434782608695652
724,"transgene expression, metabolite production, study illustrates, precise genome",0.09347826086956522
724,"web science core, mean sd age, research hotspots, 28 day mortality",0.0
725,"bla ctx, spectrum lactamase esbl, sequence types sts, coli isolates",0.0
725,"details use execution, myosin motors, nascent chain, origin life",0.08695652173913043
725,"editorial emerging, author correction, g2 phase, model pd",0.034782608695652174
725,"fetal liver, stalled replication forks, pulmonary vascular, chromatin state",0.06304347826086958
725,"recent findings recent, cell multi omics, complex microbial, crispr cas based",0.0
725,"related morbidity, stage diagnosis, combination strategies, clinical intervention",0.5978260869565217
725,"role intercellular communication, testicular torsion, nanoparticle tracking analysis, mir 21 5p",0.0
725,"therapeutic strategies including, exosomes emerging, epigenetic modulation, solid cancers",0.09782608695652174
725,"transgene expression, metabolite production, study illustrates, precise genome",0.11956521739130435
725,"web science core, mean sd age, research hotspots, 28 day mortality",0.0
726,"bla ctx, spectrum lactamase esbl, sequence types sts, coli isolates",0.017391304347826087
726,"details use execution, myosin motors, nascent chain, origin life",0.2326086956521739
726,"editorial emerging, author correction, g2 phase, model pd",0.03260869565217391
726,"fetal liver, stalled replication forks, pulmonary vascular, chromatin state",0.10434782608695652
726,"recent findings recent, cell multi omics, complex microbial, crispr cas based",0.0
726,"related morbidity, stage diagnosis, combination strategies, clinical intervention",0.31956521739130433
726,"role intercellular communication, testicular torsion, nanoparticle tracking analysis, mir 21 5p",0.0391304347826087
726,"therapeutic strategies including, exosomes emerging, epigenetic modulation, solid cancers",0.08695652173913043
726,"transgene expression, metabolite production, study illustrates, precise genome",0.15217391304347827
726,"web science core, mean sd age, research hotspots, 28 day mortality",0.015217391304347825
727,"bla ctx, spectrum lactamase esbl, sequence types sts, coli isolates",0.017391304347826087
727,"details use execution, myosin motors, nascent chain, origin life",0.2652173913043478
727,"editorial emerging, author correction, g2 phase, model pd",0.03260869565217391
727,"fetal liver, stalled replication forks, pulmonary vascular, chromatin state",0.07173913043478262
727,"recent findings recent, cell multi omics, complex microbial, crispr cas based",0.0
727,"related morbidity, stage diagnosis, combination strategies, clinical intervention",0.45434782608695656
727,"role intercellular communication, testicular torsion, nanoparticle tracking analysis, mir 21 5p",0.006521739130434782
727,"therapeutic strategies including, exosomes emerging, epigenetic modulation, solid cancers",0.05217391304347826
727,"transgene expression, metabolite production, study illustrates, precise genome",0.08478260869565216
727,"web science core, mean sd age, research hotspots, 28 day mortality",0.015217391304347825
728,"bla ctx, spectrum lactamase esbl, sequence types sts, coli isolates",0.026086956521739136
728,"details use execution, myosin motors, nascent chain, origin life",0.3521739130434782
728,"editorial emerging, author correction, g2 phase, model pd",0.002173913043478261
728,"fetal liver, stalled replication forks, pulmonary vascular, chromatin state",0.049999999999999996
728,"recent findings recent, cell multi omics, complex microbial, crispr cas based",0.0
728,"related morbidity, stage diagnosis, combination strategies, clinical intervention",0.41086956521739126
728,"role intercellular communication, testicular torsion, nanoparticle tracking analysis, mir 21 5p",0.04130434782608696
728,"therapeutic strategies including, exosomes emerging, epigenetic modulation, solid cancers",0.041304347826086954
728,"transgene expression, metabolite production, study illustrates, precise genome",0.0608695652173913
728,"web science core, mean sd age, research hotspots, 28 day mortality",0.015217391304347825
729,"bla ctx, spectrum lactamase esbl, sequence types sts, coli isolates",0.017391304347826087
729,"details use execution, myosin motors, nascent chain, origin life",0.31956521739130433
729,"editorial emerging, author correction, g2 phase, model pd",0.021739130434782608
729,"fetal liver, stalled replication forks, pulmonary vascular, chromatin state",0.10869565217391304
729,"recent findings recent, cell multi omics, complex microbial, crispr cas based",0.0
729,"related morbidity, stage diagnosis, combination strategies, clinical intervention",0.29347826086956524
729,"role intercellular communication, testicular torsion, nanoparticle tracking analysis, mir 21 5p",0.0391304347826087
729,"therapeutic strategies including, exosomes emerging, epigenetic modulation, solid cancers",0.043478260869565216
729,"transgene expression, metabolite production, study illustrates, precise genome",0.14130434782608695
729,"web science core, mean sd age, research hotspots, 28 day mortality",0.015217391304347825
730,"bla ctx, spectrum lactamase esbl, sequence types sts, coli isolates",0.008695652173913044
730,"details use execution, myosin motors, nascent chain, origin life",0.20434782608695648
730,"editorial emerging, author correction, g2 phase, model pd",0.03260869565217391
730,"fetal liver, stalled replication forks, pulmonary vascular, chromatin state",0.17826086956521742
730,"recent findings recent, cell multi omics, complex microbial, crispr cas based",0.0
730,"related morbidity, stage diagnosis, combination strategies, clinical intervention",0.3782608695652174
730,"role intercellular communication, testicular torsion, nanoparticle tracking analysis, mir 21 5p",0.004347826086956522
730,"therapeutic strategies including, exosomes emerging, epigenetic modulation, solid cancers",0.041304347826086954
730,"transgene expression, metabolite production, study illustrates, precise genome",0.15217391304347827
730,"web science core, mean sd age, research hotspots, 28 day mortality",0.0
731,"bla ctx, spectrum lactamase esbl, sequence types sts, coli isolates",0.0
731,"details use execution, myosin motors, nascent chain, origin life",0.17391304347826086
731,"editorial emerging, author correction, g2 phase, model pd",0.021739130434782608
731,"fetal liver, stalled replication forks, pulmonary vascular, chromatin state",0.08695652173913043
731,"recent findings recent, cell multi omics, complex microbial, crispr cas based",0.0
731,"related morbidity, stage diagnosis, combination strategies, clinical intervention",0.523913043478261
731,"role intercellular communication, testicular torsion, nanoparticle tracking analysis, mir 21 5p",0.0
731,"therapeutic strategies including, exosomes emerging, epigenetic modulation, solid cancers",0.02826086956521739
731,"transgene expression, metabolite production, study illustrates, precise genome",0.16521739130434782
731,"web science core, mean sd age, research hotspots, 28 day mortality",0.0
732,"bla ctx, spectrum lactamase esbl, sequence types sts, coli isolates",0.002173913043478261
732,"details use execution, myosin motors, nascent chain, origin life",0.21304347826086958
732,"editorial emerging, author correction, g2 phase, model pd",0.021739130434782608
732,"fetal liver, stalled replication forks, pulmonary vascular, chromatin state",0.09565217391304347
732,"recent findings recent, cell multi omics, complex microbial, crispr cas based",0.0
732,"related morbidity, stage diagnosis, combination strategies, clinical intervention",0.45652173913043476
732,"role intercellular communication, testicular torsion, nanoparticle tracking analysis, mir 21 5p",0.002173913043478261
732,"therapeutic strategies including, exosomes emerging, epigenetic modulation, solid cancers",0.043478260869565216
732,"transgene expression, metabolite production, study illustrates, precise genome",0.16521739130434782
732,"web science core, mean sd age, research hotspots, 28 day mortality",0.0
733,"bla ctx, spectrum lactamase esbl, sequence types sts, coli isolates",0.002173913043478261
733,"details use execution, myosin motors, nascent chain, origin life",0.3869565217391305
733,"editorial emerging, author correction, g2 phase, model pd",0.021739130434782608
733,"fetal liver, stalled replication forks, pulmonary vascular, chromatin state",0.09130434782608696
733,"recent findings recent, cell multi omics, complex microbial, crispr cas based",0.0
733,"related morbidity, stage diagnosis, combination strategies, clinical intervention",0.3695652173913043
733,"role intercellular communication, testicular torsion, nanoparticle tracking analysis, mir 21 5p",0.002173913043478261
733,"therapeutic strategies including, exosomes emerging, epigenetic modulation, solid cancers",0.02608695652173913
733,"transgene expression, metabolite production, study illustrates, precise genome",0.09999999999999999
733,"web science core, mean sd age, research hotspots, 28 day mortality",0.0
734,"bla ctx, spectrum lactamase esbl, sequence types sts, coli isolates",0.0
734,"details use execution, myosin motors, nascent chain, origin life",0.21521739130434783
734,"editorial emerging, author correction, g2 phase, model pd",0.002173913043478261
734,"fetal liver, stalled replication forks, pulmonary vascular, chromatin state",0.10434782608695652
734,"recent findings recent, cell multi omics, complex microbial, crispr cas based",0.0
734,"related morbidity, stage diagnosis, combination strategies, clinical intervention",0.5173913043478261
734,"role intercellular communication, testicular torsion, nanoparticle tracking analysis, mir 21 5p",0.002173913043478261
734,"therapeutic strategies including, exosomes emerging, epigenetic modulation, solid cancers",0.04565217391304348
734,"transgene expression, metabolite production, study illustrates, precise genome",0.11304347826086956
734,"web science core, mean sd age, research hotspots, 28 day mortality",0.0
735,"bla ctx, spectrum lactamase esbl, sequence types sts, coli isolates",0.002173913043478261
735,"details use execution, myosin motors, nascent chain, origin life",0.4304347826086956
735,"editorial emerging, author correction, g2 phase, model pd",0.0
735,"fetal liver, stalled replication forks, pulmonary vascular, chromatin state",0.07391304347826087
735,"recent findings recent, cell multi omics, complex microbial, crispr cas based",0.0
735,"related morbidity, stage diagnosis, combination strategies, clinical intervention",0.3673913043478261
735,"role intercellular communication, testicular torsion, nanoparticle tracking analysis, mir 21 5p",0.002173913043478261
735,"therapeutic strategies including, exosomes emerging, epigenetic modulation, solid cancers",0.06739130434782609
735,"transgene expression, metabolite production, study illustrates, precise genome",0.05652173913043478
735,"web science core, mean sd age, research hotspots, 28 day mortality",0.0
736,"bla ctx, spectrum lactamase esbl, sequence types sts, coli isolates",0.013043478260869565
736,"details use execution, myosin motors, nascent chain, origin life",0.2652173913043478
736,"editorial emerging, author correction, g2 phase, model pd",0.034782608695652174
736,"fetal liver, stalled replication forks, pulmonary vascular, chromatin state",0.12391304347826088
736,"recent findings recent, cell multi omics, complex microbial, crispr cas based",0.0
736,"related morbidity, stage diagnosis, combination strategies, clinical intervention",0.3869565217391305
736,"role intercellular communication, testicular torsion, nanoparticle tracking analysis, mir 21 5p",0.010869565217391304
736,"therapeutic strategies including, exosomes emerging, epigenetic modulation, solid cancers",0.0391304347826087
736,"transgene expression, metabolite production, study illustrates, precise genome",0.11086956521739127
736,"web science core, mean sd age, research hotspots, 28 day mortality",0.015217391304347825
737,"bla ctx, spectrum lactamase esbl, sequence types sts, coli isolates",0.010869565217391304
737,"details use execution, myosin motors, nascent chain, origin life",0.20434782608695654
737,"editorial emerging, author correction, g2 phase, model pd",0.002173913043478261
737,"fetal liver, stalled replication forks, pulmonary vascular, chromatin state",0.058695652173913045
737,"recent findings recent, cell multi omics, complex microbial, crispr cas based",0.0
737,"related morbidity, stage diagnosis, combination strategies, clinical intervention",0.5543478260869564
737,"role intercellular communication, testicular torsion, nanoparticle tracking analysis, mir 21 5p",0.002173913043478261
737,"therapeutic strategies including, exosomes emerging, epigenetic modulation, solid cancers",0.05652173913043478
737,"transgene expression, metabolite production, study illustrates, precise genome",0.1108695652173913
737,"web science core, mean sd age, research hotspots, 28 day mortality",0.0
738,"bla ctx, spectrum lactamase esbl, sequence types sts, coli isolates",0.004347826086956522
738,"details use execution, myosin motors, nascent chain, origin life",0.22391304347826088
738,"editorial emerging, author correction, g2 phase, model pd",0.0
738,"fetal liver, stalled replication forks, pulmonary vascular, chromatin state",0.11521739130434783
738,"recent findings recent, cell multi omics, complex microbial, crispr cas based",0.0
738,"related morbidity, stage diagnosis, combination strategies, clinical intervention",0.40652173913043477
738,"role intercellular communication, testicular torsion, nanoparticle tracking analysis, mir 21 5p",0.03260869565217391
738,"therapeutic strategies including, exosomes emerging, epigenetic modulation, solid cancers",0.07391304347826087
738,"transgene expression, metabolite production, study illustrates, precise genome",0.14347826086956522
738,"web science core, mean sd age, research hotspots, 28 day mortality",0.0
739,"bla ctx, spectrum lactamase esbl, sequence types sts, coli isolates",0.021739130434782608
739,"details use execution, myosin motors, nascent chain, origin life",0.26956521739130435
739,"editorial emerging, author correction, g2 phase, model pd",0.03260869565217391
739,"fetal liver, stalled replication forks, pulmonary vascular, chromatin state",0.07826086956521738
739,"recent findings recent, cell multi omics, complex microbial, crispr cas based",0.0
739,"related morbidity, stage diagnosis, combination strategies, clinical intervention",0.4543478260869565
739,"role intercellular communication, testicular torsion, nanoparticle tracking analysis, mir 21 5p",0.041304347826086954
739,"therapeutic strategies including, exosomes emerging, epigenetic modulation, solid cancers",0.013043478260869568
739,"transgene expression, metabolite production, study illustrates, precise genome",0.07391304347826087
739,"web science core, mean sd age, research hotspots, 28 day mortality",0.015217391304347825
740,"bla ctx, spectrum lactamase esbl, sequence types sts, coli isolates",0.010869565217391304
740,"details use execution, myosin motors, nascent chain, origin life",0.15
740,"editorial emerging, author correction, g2 phase, model pd",0.021739130434782608
740,"fetal liver, stalled replication forks, pulmonary vascular, chromatin state",0.032608695652173926
740,"recent findings recent, cell multi omics, complex microbial, crispr cas based",0.0
740,"related morbidity, stage diagnosis, combination strategies, clinical intervention",0.5152173913043478
740,"role intercellular communication, testicular torsion, nanoparticle tracking analysis, mir 21 5p",0.04130434782608696
740,"therapeutic strategies including, exosomes emerging, epigenetic modulation, solid cancers",0.08695652173913043
740,"transgene expression, metabolite production, study illustrates, precise genome",0.12608695652173912
740,"web science core, mean sd age, research hotspots, 28 day mortality",0.015217391304347825
741,"bla ctx, spectrum lactamase esbl, sequence types sts, coli isolates",0.019565217391304346
741,"details use execution, myosin motors, nascent chain, origin life",0.43478260869565216
741,"editorial emerging, author correction, g2 phase, model pd",0.0
741,"fetal liver, stalled replication forks, pulmonary vascular, chromatin state",0.07391304347826087
741,"recent findings recent, cell multi omics, complex microbial, crispr cas based",0.0
741,"related morbidity, stage diagnosis, combination strategies, clinical intervention",0.3521739130434782
741,"role intercellular communication, testicular torsion, nanoparticle tracking analysis, mir 21 5p",0.008695652173913044
741,"therapeutic strategies including, exosomes emerging, epigenetic modulation, solid cancers",0.021739130434782608
741,"transgene expression, metabolite production, study illustrates, precise genome",0.07391304347826087
741,"web science core, mean sd age, research hotspots, 28 day mortality",0.015217391304347825
742,"bla ctx, spectrum lactamase esbl, sequence types sts, coli isolates",0.010869565217391304
742,"details use execution, myosin motors, nascent chain, origin life",0.22826086956521738
742,"editorial emerging, author correction, g2 phase, model pd",0.05434782608695652
742,"fetal liver, stalled replication forks, pulmonary vascular, chromatin state",0.05434782608695652
742,"recent findings recent, cell multi omics, complex microbial, crispr cas based",0.0
742,"related morbidity, stage diagnosis, combination strategies, clinical intervention",0.4891304347826087
742,"role intercellular communication, testicular torsion, nanoparticle tracking analysis, mir 21 5p",0.006521739130434782
742,"therapeutic strategies including, exosomes emerging, epigenetic modulation, solid cancers",0.06086956521739131
742,"transgene expression, metabolite production, study illustrates, precise genome",0.08043478260869565
742,"web science core, mean sd age, research hotspots, 28 day mortality",0.015217391304347825
743,"bla ctx, spectrum lactamase esbl, sequence types sts, coli isolates",0.006521739130434782
743,"details use execution, myosin motors, nascent chain, origin life",0.1782608695652174
743,"editorial emerging, author correction, g2 phase, model pd",0.03260869565217391
743,"fetal liver, stalled replication forks, pulmonary vascular, chromatin state",0.17173913043478262
743,"recent findings recent, cell multi omics, complex microbial, crispr cas based",0.0
743,"related morbidity, stage diagnosis, combination strategies, clinical intervention",0.3782608695652174
743,"role intercellular communication, testicular torsion, nanoparticle tracking analysis, mir 21 5p",0.03260869565217391
743,"therapeutic strategies including, exosomes emerging, epigenetic modulation, solid cancers",0.03043478260869565
743,"transgene expression, metabolite production, study illustrates, precise genome",0.1695652173913043
743,"web science core, mean sd age, research hotspots, 28 day mortality",0.0
744,"bla ctx, spectrum lactamase esbl, sequence types sts, coli isolates",0.004347826086956522
744,"details use execution, myosin motors, nascent chain, origin life",0.25217391304347825
744,"editorial emerging, author correction, g2 phase, model pd",0.0
744,"fetal liver, stalled replication forks, pulmonary vascular, chromatin state",0.10217391304347827
744,"recent findings recent, cell multi omics, complex microbial, crispr cas based",0.0
744,"related morbidity, stage diagnosis, combination strategies, clinical intervention",0.42173913043478256
744,"role intercellular communication, testicular torsion, nanoparticle tracking analysis, mir 21 5p",0.004347826086956522
744,"therapeutic strategies including, exosomes emerging, epigenetic modulation, solid cancers",0.07173913043478261
744,"transgene expression, metabolite production, study illustrates, precise genome",0.14347826086956522
744,"web science core, mean sd age, research hotspots, 28 day mortality",0.0
745,"bla ctx, spectrum lactamase esbl, sequence types sts, coli isolates",0.002173913043478261
745,"details use execution, myosin motors, nascent chain, origin life",0.21304347826086958
745,"editorial emerging, author correction, g2 phase, model pd",0.03260869565217391
745,"fetal liver, stalled replication forks, pulmonary vascular, chromatin state",0.14565217391304347
745,"recent findings recent, cell multi omics, complex microbial, crispr cas based",0.0
745,"related morbidity, stage diagnosis, combination strategies, clinical intervention",0.42608695652173906
745,"role intercellular communication, testicular torsion, nanoparticle tracking analysis, mir 21 5p",0.002173913043478261
745,"therapeutic strategies including, exosomes emerging, epigenetic modulation, solid cancers",0.03260869565217391
745,"transgene expression, metabolite production, study illustrates, precise genome",0.14565217391304347
745,"web science core, mean sd age, research hotspots, 28 day mortality",0.0
746,"bla ctx, spectrum lactamase esbl, sequence types sts, coli isolates",0.013043478260869565
746,"details use execution, myosin motors, nascent chain, origin life",0.2673913043478261
746,"editorial emerging, author correction, g2 phase, model pd",0.021739130434782608
746,"fetal liver, stalled replication forks, pulmonary vascular, chromatin state",0.08695652173913043
746,"recent findings recent, cell multi omics, complex microbial, crispr cas based",0.0
746,"related morbidity, stage diagnosis, combination strategies, clinical intervention",0.391304347826087
746,"role intercellular communication, testicular torsion, nanoparticle tracking analysis, mir 21 5p",0.008695652173913044
746,"therapeutic strategies including, exosomes emerging, epigenetic modulation, solid cancers",0.06739130434782609
746,"transgene expression, metabolite production, study illustrates, precise genome",0.12826086956521737
746,"web science core, mean sd age, research hotspots, 28 day mortality",0.015217391304347825
747,"bla ctx, spectrum lactamase esbl, sequence types sts, coli isolates",0.015217391304347825
747,"details use execution, myosin motors, nascent chain, origin life",0.22391304347826088
747,"editorial emerging, author correction, g2 phase, model pd",0.02391304347826087
747,"fetal liver, stalled replication forks, pulmonary vascular, chromatin state",0.13478260869565215
747,"recent findings recent, cell multi omics, complex microbial, crispr cas based",0.0
747,"related morbidity, stage diagnosis, combination strategies, clinical intervention",0.44782608695652176
747,"role intercellular communication, testicular torsion, nanoparticle tracking analysis, mir 21 5p",0.006521739130434782
747,"therapeutic strategies including, exosomes emerging, epigenetic modulation, solid cancers",0.017391304347826087
747,"transgene expression, metabolite production, study illustrates, precise genome",0.1152173913043478
747,"web science core, mean sd age, research hotspots, 28 day mortality",0.015217391304347825
748,"bla ctx, spectrum lactamase esbl, sequence types sts, coli isolates",0.0
748,"details use execution, myosin motors, nascent chain, origin life",0.31521739130434784
748,"editorial emerging, author correction, g2 phase, model pd",0.0
748,"fetal liver, stalled replication forks, pulmonary vascular, chromatin state",0.07608695652173914
748,"recent findings recent, cell multi omics, complex microbial, crispr cas based",0.0
748,"related morbidity, stage diagnosis, combination strategies, clinical intervention",0.4195652173913043
748,"role intercellular communication, testicular torsion, nanoparticle tracking analysis, mir 21 5p",0.03260869565217391
748,"therapeutic strategies including, exosomes emerging, epigenetic modulation, solid cancers",0.06739130434782609
748,"transgene expression, metabolite production, study illustrates, precise genome",0.0891304347826087
748,"web science core, mean sd age, research hotspots, 28 day mortality",0.0
749,"bla ctx, spectrum lactamase esbl, sequence types sts, coli isolates",0.015217391304347825
749,"details use execution, myosin motors, nascent chain, origin life",0.2326086956521739
749,"editorial emerging, author correction, g2 phase, model pd",0.0
749,"fetal liver, stalled replication forks, pulmonary vascular, chromatin state",0.07391304347826087
749,"recent findings recent, cell multi omics, complex microbial, crispr cas based",0.0
749,"related morbidity, stage diagnosis, combination strategies, clinical intervention",0.4760869565217391
749,"role intercellular communication, testicular torsion, nanoparticle tracking analysis, mir 21 5p",0.041304347826086954
749,"therapeutic strategies including, exosomes emerging, epigenetic modulation, solid cancers",0.0391304347826087
749,"transgene expression, metabolite production, study illustrates, precise genome",0.10652173913043479
749,"web science core, mean sd age, research hotspots, 28 day mortality",0.015217391304347825
750,"bla ctx, spectrum lactamase esbl, sequence types sts, coli isolates",0.01956521739130435
750,"details use execution, myosin motors, nascent chain, origin life",0.21956521739130438
750,"editorial emerging, author correction, g2 phase, model pd",0.02391304347826087
750,"fetal liver, stalled replication forks, pulmonary vascular, chromatin state",0.09782608695652174
750,"recent findings recent, cell multi omics, complex microbial, crispr cas based",0.0
750,"related morbidity, stage diagnosis, combination strategies, clinical intervention",0.44565217391304346
750,"role intercellular communication, testicular torsion, nanoparticle tracking analysis, mir 21 5p",0.006521739130434782
750,"therapeutic strategies including, exosomes emerging, epigenetic modulation, solid cancers",0.043478260869565216
750,"transgene expression, metabolite production, study illustrates, precise genome",0.1282608695652174
750,"web science core, mean sd age, research hotspots, 28 day mortality",0.015217391304347825
751,"bla ctx, spectrum lactamase esbl, sequence types sts, coli isolates",0.013043478260869568
751,"details use execution, myosin motors, nascent chain, origin life",0.38913043478260867
751,"editorial emerging, author correction, g2 phase, model pd",0.021739130434782608
751,"fetal liver, stalled replication forks, pulmonary vascular, chromatin state",0.0847826086956522
751,"recent findings recent, cell multi omics, complex microbial, crispr cas based",0.0
751,"related morbidity, stage diagnosis, combination strategies, clinical intervention",0.29347826086956524
751,"role intercellular communication, testicular torsion, nanoparticle tracking analysis, mir 21 5p",0.03260869565217391
751,"therapeutic strategies including, exosomes emerging, epigenetic modulation, solid cancers",0.05434782608695652
751,"transgene expression, metabolite production, study illustrates, precise genome",0.1108695652173913
751,"web science core, mean sd age, research hotspots, 28 day mortality",0.0
752,"bla ctx, spectrum lactamase esbl, sequence types sts, coli isolates",0.008695652173913044
752,"details use execution, myosin motors, nascent chain, origin life",0.30434782608695654
752,"editorial emerging, author correction, g2 phase, model pd",0.0
752,"fetal liver, stalled replication forks, pulmonary vascular, chromatin state",0.05
752,"recent findings recent, cell multi omics, complex microbial, crispr cas based",0.0
752,"related morbidity, stage diagnosis, combination strategies, clinical intervention",0.4565217391304347
752,"role intercellular communication, testicular torsion, nanoparticle tracking analysis, mir 21 5p",0.034782608695652174
752,"therapeutic strategies including, exosomes emerging, epigenetic modulation, solid cancers",0.030434782608695653
752,"transgene expression, metabolite production, study illustrates, precise genome",0.11521739130434783
752,"web science core, mean sd age, research hotspots, 28 day mortality",0.0
753,"bla ctx, spectrum lactamase esbl, sequence types sts, coli isolates",0.01956521739130435
753,"details use execution, myosin motors, nascent chain, origin life",0.35
753,"editorial emerging, author correction, g2 phase, model pd",0.0
753,"fetal liver, stalled replication forks, pulmonary vascular, chromatin state",0.08478260869565218
753,"recent findings recent, cell multi omics, complex microbial, crispr cas based",0.0
753,"related morbidity, stage diagnosis, combination strategies, clinical intervention",0.3304347826086957
753,"role intercellular communication, testicular torsion, nanoparticle tracking analysis, mir 21 5p",0.006521739130434782
753,"therapeutic strategies including, exosomes emerging, epigenetic modulation, solid cancers",0.0782608695652174
753,"transgene expression, metabolite production, study illustrates, precise genome",0.11521739130434784
753,"web science core, mean sd age, research hotspots, 28 day mortality",0.015217391304347825
754,"bla ctx, spectrum lactamase esbl, sequence types sts, coli isolates",0.006521739130434782
754,"details use execution, myosin motors, nascent chain, origin life",0.20869565217391303
754,"editorial emerging, author correction, g2 phase, model pd",0.034782608695652174
754,"fetal liver, stalled replication forks, pulmonary vascular, chromatin state",0.09782608695652174
754,"recent findings recent, cell multi omics, complex microbial, crispr cas based",0.0
754,"related morbidity, stage diagnosis, combination strategies, clinical intervention",0.4565217391304347
754,"role intercellular communication, testicular torsion, nanoparticle tracking analysis, mir 21 5p",0.002173913043478261
754,"therapeutic strategies including, exosomes emerging, epigenetic modulation, solid cancers",0.07608695652173914
754,"transgene expression, metabolite production, study illustrates, precise genome",0.11739130434782606
754,"web science core, mean sd age, research hotspots, 28 day mortality",0.0
755,"bla ctx, spectrum lactamase esbl, sequence types sts, coli isolates",0.010869565217391304
755,"details use execution, myosin motors, nascent chain, origin life",0.33260869565217394
755,"editorial emerging, author correction, g2 phase, model pd",0.0
755,"fetal liver, stalled replication forks, pulmonary vascular, chromatin state",0.14782608695652175
755,"recent findings recent, cell multi omics, complex microbial, crispr cas based",0.0
755,"related morbidity, stage diagnosis, combination strategies, clinical intervention",0.3630434782608695
755,"role intercellular communication, testicular torsion, nanoparticle tracking analysis, mir 21 5p",0.004347826086956522
755,"therapeutic strategies including, exosomes emerging, epigenetic modulation, solid cancers",0.023913043478260867
755,"transgene expression, metabolite production, study illustrates, precise genome",0.11739130434782609
755,"web science core, mean sd age, research hotspots, 28 day mortality",0.0
756,"bla ctx, spectrum lactamase esbl, sequence types sts, coli isolates",0.017391304347826087
756,"details use execution, myosin motors, nascent chain, origin life",0.3086956521739131
756,"editorial emerging, author correction, g2 phase, model pd",0.02391304347826087
756,"fetal liver, stalled replication forks, pulmonary vascular, chromatin state",0.017391304347826087
756,"recent findings recent, cell multi omics, complex microbial, crispr cas based",0.0
756,"related morbidity, stage diagnosis, combination strategies, clinical intervention",0.5217391304347826
756,"role intercellular communication, testicular torsion, nanoparticle tracking analysis, mir 21 5p",0.006521739130434782
756,"therapeutic strategies including, exosomes emerging, epigenetic modulation, solid cancers",0.03260869565217391
756,"transgene expression, metabolite production, study illustrates, precise genome",0.05652173913043478
756,"web science core, mean sd age, research hotspots, 28 day mortality",0.015217391304347825
757,"bla ctx, spectrum lactamase esbl, sequence types sts, coli isolates",0.017391304347826087
757,"details use execution, myosin motors, nascent chain, origin life",0.35
757,"editorial emerging, author correction, g2 phase, model pd",0.002173913043478261
757,"fetal liver, stalled replication forks, pulmonary vascular, chromatin state",0.12608695652173915
757,"recent findings recent, cell multi omics, complex microbial, crispr cas based",0.0
757,"related morbidity, stage diagnosis, combination strategies, clinical intervention",0.3847826086956522
757,"role intercellular communication, testicular torsion, nanoparticle tracking analysis, mir 21 5p",0.008695652173913044
757,"therapeutic strategies including, exosomes emerging, epigenetic modulation, solid cancers",0.017391304347826087
757,"transgene expression, metabolite production, study illustrates, precise genome",0.0782608695652174
757,"web science core, mean sd age, research hotspots, 28 day mortality",0.015217391304347825
758,"bla ctx, spectrum lactamase esbl, sequence types sts, coli isolates",0.006521739130434784
758,"details use execution, myosin motors, nascent chain, origin life",0.2956521739130435
758,"editorial emerging, author correction, g2 phase, model pd",0.03260869565217391
758,"fetal liver, stalled replication forks, pulmonary vascular, chromatin state",0.1391304347826087
758,"recent findings recent, cell multi omics, complex microbial, crispr cas based",0.0
758,"related morbidity, stage diagnosis, combination strategies, clinical intervention",0.391304347826087
758,"role intercellular communication, testicular torsion, nanoparticle tracking analysis, mir 21 5p",0.002173913043478261
758,"therapeutic strategies including, exosomes emerging, epigenetic modulation, solid cancers",0.03043478260869565
758,"transgene expression, metabolite production, study illustrates, precise genome",0.10217391304347827
758,"web science core, mean sd age, research hotspots, 28 day mortality",0.0
759,"bla ctx, spectrum lactamase esbl, sequence types sts, coli isolates",0.013043478260869565
759,"details use execution, myosin motors, nascent chain, origin life",0.22608695652173913
759,"editorial emerging, author correction, g2 phase, model pd",0.0
759,"fetal liver, stalled replication forks, pulmonary vascular, chromatin state",0.07826086956521738
759,"recent findings recent, cell multi omics, complex microbial, crispr cas based",0.0
759,"related morbidity, stage diagnosis, combination strategies, clinical intervention",0.45217391304347826
759,"role intercellular communication, testicular torsion, nanoparticle tracking analysis, mir 21 5p",0.006521739130434782
759,"therapeutic strategies including, exosomes emerging, epigenetic modulation, solid cancers",0.09782608695652174
759,"transgene expression, metabolite production, study illustrates, precise genome",0.1108695652173913
759,"web science core, mean sd age, research hotspots, 28 day mortality",0.015217391304347825
760,"bla ctx, spectrum lactamase esbl, sequence types sts, coli isolates",0.0
760,"details use execution, myosin motors, nascent chain, origin life",0.25869565217391305
760,"editorial emerging, author correction, g2 phase, model pd",0.002173913043478261
760,"fetal liver, stalled replication forks, pulmonary vascular, chromatin state",0.18478260869565216
760,"recent findings recent, cell multi omics, complex microbial, crispr cas based",0.0
760,"related morbidity, stage diagnosis, combination strategies, clinical intervention",0.42391304347826086
760,"role intercellular communication, testicular torsion, nanoparticle tracking analysis, mir 21 5p",0.002173913043478261
760,"therapeutic strategies including, exosomes emerging, epigenetic modulation, solid cancers",0.008695652173913044
760,"transgene expression, metabolite production, study illustrates, precise genome",0.11956521739130432
760,"web science core, mean sd age, research hotspots, 28 day mortality",0.0
761,"bla ctx, spectrum lactamase esbl, sequence types sts, coli isolates",0.002173913043478261
761,"details use execution, myosin motors, nascent chain, origin life",0.22608695652173913
761,"editorial emerging, author correction, g2 phase, model pd",0.0
761,"fetal liver, stalled replication forks, pulmonary vascular, chromatin state",0.09782608695652174
761,"recent findings recent, cell multi omics, complex microbial, crispr cas based",0.0
761,"related morbidity, stage diagnosis, combination strategies, clinical intervention",0.4652173913043478
761,"role intercellular communication, testicular torsion, nanoparticle tracking analysis, mir 21 5p",0.03260869565217391
761,"therapeutic strategies including, exosomes emerging, epigenetic modulation, solid cancers",0.043478260869565216
761,"transgene expression, metabolite production, study illustrates, precise genome",0.13260869565217392
761,"web science core, mean sd age, research hotspots, 28 day mortality",0.0
762,"bla ctx, spectrum lactamase esbl, sequence types sts, coli isolates",0.017391304347826087
762,"details use execution, myosin motors, nascent chain, origin life",0.35000000000000003
762,"editorial emerging, author correction, g2 phase, model pd",0.0
762,"fetal liver, stalled replication forks, pulmonary vascular, chromatin state",0.05217391304347827
762,"recent findings recent, cell multi omics, complex microbial, crispr cas based",0.0
762,"related morbidity, stage diagnosis, combination strategies, clinical intervention",0.3869565217391305
762,"role intercellular communication, testicular torsion, nanoparticle tracking analysis, mir 21 5p",0.008695652173913044
762,"therapeutic strategies including, exosomes emerging, epigenetic modulation, solid cancers",0.028260869565217388
762,"transgene expression, metabolite production, study illustrates, precise genome",0.14130434782608695
762,"web science core, mean sd age, research hotspots, 28 day mortality",0.015217391304347825
763,"bla ctx, spectrum lactamase esbl, sequence types sts, coli isolates",0.002173913043478261
763,"details use execution, myosin motors, nascent chain, origin life",0.31086956521739134
763,"editorial emerging, author correction, g2 phase, model pd",0.0
763,"fetal liver, stalled replication forks, pulmonary vascular, chromatin state",0.06739130434782609
763,"recent findings recent, cell multi omics, complex microbial, crispr cas based",0.0
763,"related morbidity, stage diagnosis, combination strategies, clinical intervention",0.43260869565217397
763,"role intercellular communication, testicular torsion, nanoparticle tracking analysis, mir 21 5p",0.034782608695652174
763,"therapeutic strategies including, exosomes emerging, epigenetic modulation, solid cancers",0.06739130434782609
763,"transgene expression, metabolite production, study illustrates, precise genome",0.08478260869565218
763,"web science core, mean sd age, research hotspots, 28 day mortality",0.0
764,"bla ctx, spectrum lactamase esbl, sequence types sts, coli isolates",0.013043478260869568
764,"details use execution, myosin motors, nascent chain, origin life",0.33478260869565213
764,"editorial emerging, author correction, g2 phase, model pd",0.002173913043478261
764,"fetal liver, stalled replication forks, pulmonary vascular, chromatin state",0.11304347826086956
764,"recent findings recent, cell multi omics, complex microbial, crispr cas based",0.0
764,"related morbidity, stage diagnosis, combination strategies, clinical intervention",0.37391304347826093
764,"role intercellular communication, testicular torsion, nanoparticle tracking analysis, mir 21 5p",0.0
764,"therapeutic strategies including, exosomes emerging, epigenetic modulation, solid cancers",0.05869565217391306
764,"transgene expression, metabolite production, study illustrates, precise genome",0.10434782608695654
764,"web science core, mean sd age, research hotspots, 28 day mortality",0.0
765,"bla ctx, spectrum lactamase esbl, sequence types sts, coli isolates",0.02826086956521739
765,"details use execution, myosin motors, nascent chain, origin life",0.42826086956521736
765,"editorial emerging, author correction, g2 phase, model pd",0.0
765,"fetal liver, stalled replication forks, pulmonary vascular, chromatin state",0.06086956521739131
765,"recent findings recent, cell multi omics, complex microbial, crispr cas based",0.0
765,"related morbidity, stage diagnosis, combination strategies, clinical intervention",0.31521739130434784
765,"role intercellular communication, testicular torsion, nanoparticle tracking analysis, mir 21 5p",0.006521739130434782
765,"therapeutic strategies including, exosomes emerging, epigenetic modulation, solid cancers",0.058695652173913045
765,"transgene expression, metabolite production, study illustrates, precise genome",0.08695652173913043
765,"web science core, mean sd age, research hotspots, 28 day mortality",0.015217391304347825
766,"bla ctx, spectrum lactamase esbl, sequence types sts, coli isolates",0.008695652173913044
766,"details use execution, myosin motors, nascent chain, origin life",0.16521739130434782
766,"editorial emerging, author correction, g2 phase, model pd",0.002173913043478261
766,"fetal liver, stalled replication forks, pulmonary vascular, chromatin state",0.10869565217391304
766,"recent findings recent, cell multi omics, complex microbial, crispr cas based",0.0
766,"related morbidity, stage diagnosis, combination strategies, clinical intervention",0.5630434782608695
766,"role intercellular communication, testicular torsion, nanoparticle tracking analysis, mir 21 5p",0.0
766,"therapeutic strategies including, exosomes emerging, epigenetic modulation, solid cancers",0.017391304347826087
766,"transgene expression, metabolite production, study illustrates, precise genome",0.13478260869565215
766,"web science core, mean sd age, research hotspots, 28 day mortality",0.0
767,"bla ctx, spectrum lactamase esbl, sequence types sts, coli isolates",0.008695652173913044
767,"details use execution, myosin motors, nascent chain, origin life",0.3804347826086957
767,"editorial emerging, author correction, g2 phase, model pd",0.021739130434782608
767,"fetal liver, stalled replication forks, pulmonary vascular, chromatin state",0.13695652173913042
767,"recent findings recent, cell multi omics, complex microbial, crispr cas based",0.0
767,"related morbidity, stage diagnosis, combination strategies, clinical intervention",0.2673913043478261
767,"role intercellular communication, testicular torsion, nanoparticle tracking analysis, mir 21 5p",0.002173913043478261
767,"therapeutic strategies including, exosomes emerging, epigenetic modulation, solid cancers",0.034782608695652174
767,"transgene expression, metabolite production, study illustrates, precise genome",0.14782608695652175
767,"web science core, mean sd age, research hotspots, 28 day mortality",0.0
768,"bla ctx, spectrum lactamase esbl, sequence types sts, coli isolates",0.015217391304347825
768,"details use execution, myosin motors, nascent chain, origin life",0.23478260869565218
768,"editorial emerging, author correction, g2 phase, model pd",0.002173913043478261
768,"fetal liver, stalled replication forks, pulmonary vascular, chromatin state",0.04565217391304348
768,"recent findings recent, cell multi omics, complex microbial, crispr cas based",0.0
768,"related morbidity, stage diagnosis, combination strategies, clinical intervention",0.5108695652173912
768,"role intercellular communication, testicular torsion, nanoparticle tracking analysis, mir 21 5p",0.0391304347826087
768,"therapeutic strategies including, exosomes emerging, epigenetic modulation, solid cancers",0.05652173913043478
768,"transgene expression, metabolite production, study illustrates, precise genome",0.08043478260869566
768,"web science core, mean sd age, research hotspots, 28 day mortality",0.015217391304347825
769,"bla ctx, spectrum lactamase esbl, sequence types sts, coli isolates",0.004347826086956522
769,"details use execution, myosin motors, nascent chain, origin life",0.34347826086956523
769,"editorial emerging, author correction, g2 phase, model pd",0.03260869565217391
769,"fetal liver, stalled replication forks, pulmonary vascular, chromatin state",0.09347826086956522
769,"recent findings recent, cell multi omics, complex microbial, crispr cas based",0.0
769,"related morbidity, stage diagnosis, combination strategies, clinical intervention",0.4043478260869566
769,"role intercellular communication, testicular torsion, nanoparticle tracking analysis, mir 21 5p",0.0
769,"therapeutic strategies including, exosomes emerging, epigenetic modulation, solid cancers",0.043478260869565216
769,"transgene expression, metabolite production, study illustrates, precise genome",0.0782608695652174
769,"web science core, mean sd age, research hotspots, 28 day mortality",0.0
770,"bla ctx, spectrum lactamase esbl, sequence types sts, coli isolates",0.008695652173913044
770,"details use execution, myosin motors, nascent chain, origin life",0.17391304347826086
770,"editorial emerging, author correction, g2 phase, model pd",0.002173913043478261
770,"fetal liver, stalled replication forks, pulmonary vascular, chromatin state",0.07608695652173914
770,"recent findings recent, cell multi omics, complex microbial, crispr cas based",0.0
770,"related morbidity, stage diagnosis, combination strategies, clinical intervention",0.584782608695652
770,"role intercellular communication, testicular torsion, nanoparticle tracking analysis, mir 21 5p",0.034782608695652174
770,"therapeutic strategies including, exosomes emerging, epigenetic modulation, solid cancers",0.043478260869565216
770,"transgene expression, metabolite production, study illustrates, precise genome",0.07608695652173914
770,"web science core, mean sd age, research hotspots, 28 day mortality",0.0
771,"bla ctx, spectrum lactamase esbl, sequence types sts, coli isolates",0.008695652173913044
771,"details use execution, myosin motors, nascent chain, origin life",0.21956521739130433
771,"editorial emerging, author correction, g2 phase, model pd",0.03260869565217391
771,"fetal liver, stalled replication forks, pulmonary vascular, chromatin state",0.05
771,"recent findings recent, cell multi omics, complex microbial, crispr cas based",0.0
771,"related morbidity, stage diagnosis, combination strategies, clinical intervention",0.5130434782608695
771,"role intercellular communication, testicular torsion, nanoparticle tracking analysis, mir 21 5p",0.03260869565217391
771,"therapeutic strategies including, exosomes emerging, epigenetic modulation, solid cancers",0.03260869565217391
771,"transgene expression, metabolite production, study illustrates, precise genome",0.1108695652173913
771,"web science core, mean sd age, research hotspots, 28 day mortality",0.0
772,"bla ctx, spectrum lactamase esbl, sequence types sts, coli isolates",0.006521739130434784
772,"details use execution, myosin motors, nascent chain, origin life",0.33913043478260874
772,"editorial emerging, author correction, g2 phase, model pd",0.0
772,"fetal liver, stalled replication forks, pulmonary vascular, chromatin state",0.10869565217391303
772,"recent findings recent, cell multi omics, complex microbial, crispr cas based",0.0
772,"related morbidity, stage diagnosis, combination strategies, clinical intervention",0.39782608695652166
772,"role intercellular communication, testicular torsion, nanoparticle tracking analysis, mir 21 5p",0.002173913043478261
772,"therapeutic strategies including, exosomes emerging, epigenetic modulation, solid cancers",0.017391304347826087
772,"transgene expression, metabolite production, study illustrates, precise genome",0.12826086956521737
772,"web science core, mean sd age, research hotspots, 28 day mortality",0.0
773,"bla ctx, spectrum lactamase esbl, sequence types sts, coli isolates",0.017391304347826087
773,"details use execution, myosin motors, nascent chain, origin life",0.26304347826086955
773,"editorial emerging, author correction, g2 phase, model pd",0.0
773,"fetal liver, stalled replication forks, pulmonary vascular, chromatin state",0.1282608695652174
773,"recent findings recent, cell multi omics, complex microbial, crispr cas based",0.0
773,"related morbidity, stage diagnosis, combination strategies, clinical intervention",0.41304347826086957
773,"role intercellular communication, testicular torsion, nanoparticle tracking analysis, mir 21 5p",0.008695652173913044
773,"therapeutic strategies including, exosomes emerging, epigenetic modulation, solid cancers",0.01956521739130435
773,"transgene expression, metabolite production, study illustrates, precise genome",0.13478260869565215
773,"web science core, mean sd age, research hotspots, 28 day mortality",0.015217391304347825
774,"bla ctx, spectrum lactamase esbl, sequence types sts, coli isolates",0.015217391304347825
774,"details use execution, myosin motors, nascent chain, origin life",0.31086956521739134
774,"editorial emerging, author correction, g2 phase, model pd",0.0
774,"fetal liver, stalled replication forks, pulmonary vascular, chromatin state",0.06956521739130436
774,"recent findings recent, cell multi omics, complex microbial, crispr cas based",0.0
774,"related morbidity, stage diagnosis, combination strategies, clinical intervention",0.4739130434782609
774,"role intercellular communication, testicular torsion, nanoparticle tracking analysis, mir 21 5p",0.006521739130434782
774,"therapeutic strategies including, exosomes emerging, epigenetic modulation, solid cancers",0.021739130434782608
774,"transgene expression, metabolite production, study illustrates, precise genome",0.08695652173913043
774,"web science core, mean sd age, research hotspots, 28 day mortality",0.015217391304347825
775,"bla ctx, spectrum lactamase esbl, sequence types sts, coli isolates",0.01956521739130435
775,"details use execution, myosin motors, nascent chain, origin life",0.27173913043478265
775,"editorial emerging, author correction, g2 phase, model pd",0.03260869565217391
775,"fetal liver, stalled replication forks, pulmonary vascular, chromatin state",0.08260869565217392
775,"recent findings recent, cell multi omics, complex microbial, crispr cas based",0.0
775,"related morbidity, stage diagnosis, combination strategies, clinical intervention",0.40434782608695646
775,"role intercellular communication, testicular torsion, nanoparticle tracking analysis, mir 21 5p",0.04130434782608696
775,"therapeutic strategies including, exosomes emerging, epigenetic modulation, solid cancers",0.04782608695652174
775,"transgene expression, metabolite production, study illustrates, precise genome",0.08478260869565217
775,"web science core, mean sd age, research hotspots, 28 day mortality",0.015217391304347825
776,"bla ctx, spectrum lactamase esbl, sequence types sts, coli isolates",0.006521739130434784
776,"details use execution, myosin motors, nascent chain, origin life",0.2956521739130435
776,"editorial emerging, author correction, g2 phase, model pd",0.0
776,"fetal liver, stalled replication forks, pulmonary vascular, chromatin state",0.1326086956521739
776,"recent findings recent, cell multi omics, complex microbial, crispr cas based",0.0
776,"related morbidity, stage diagnosis, combination strategies, clinical intervention",0.39565217391304347
776,"role intercellular communication, testicular torsion, nanoparticle tracking analysis, mir 21 5p",0.002173913043478261
776,"therapeutic strategies including, exosomes emerging, epigenetic modulation, solid cancers",0.04565217391304348
776,"transgene expression, metabolite production, study illustrates, precise genome",0.12173913043478261
776,"web science core, mean sd age, research hotspots, 28 day mortality",0.0
777,"bla ctx, spectrum lactamase esbl, sequence types sts, coli isolates",0.010869565217391304
777,"details use execution, myosin motors, nascent chain, origin life",0.21739130434782608
777,"editorial emerging, author correction, g2 phase, model pd",0.021739130434782608
777,"fetal liver, stalled replication forks, pulmonary vascular, chromatin state",0.10652173913043479
777,"recent findings recent, cell multi omics, complex microbial, crispr cas based",0.0
777,"related morbidity, stage diagnosis, combination strategies, clinical intervention",0.40217391304347827
777,"role intercellular communication, testicular torsion, nanoparticle tracking analysis, mir 21 5p",0.03260869565217391
777,"therapeutic strategies including, exosomes emerging, epigenetic modulation, solid cancers",0.10217391304347827
777,"transgene expression, metabolite production, study illustrates, precise genome",0.10652173913043479
777,"web science core, mean sd age, research hotspots, 28 day mortality",0.0
778,"bla ctx, spectrum lactamase esbl, sequence types sts, coli isolates",0.002173913043478261
778,"details use execution, myosin motors, nascent chain, origin life",0.2565217391304348
778,"editorial emerging, author correction, g2 phase, model pd",0.0
778,"fetal liver, stalled replication forks, pulmonary vascular, chromatin state",0.09130434782608694
778,"recent findings recent, cell multi omics, complex microbial, crispr cas based",0.0
778,"related morbidity, stage diagnosis, combination strategies, clinical intervention",0.4673913043478261
778,"role intercellular communication, testicular torsion, nanoparticle tracking analysis, mir 21 5p",0.002173913043478261
778,"therapeutic strategies including, exosomes emerging, epigenetic modulation, solid cancers",0.06086956521739131
778,"transgene expression, metabolite production, study illustrates, precise genome",0.11956521739130432
778,"web science core, mean sd age, research hotspots, 28 day mortality",0.0
779,"bla ctx, spectrum lactamase esbl, sequence types sts, coli isolates",0.006521739130434784
779,"details use execution, myosin motors, nascent chain, origin life",0.2521739130434783
779,"editorial emerging, author correction, g2 phase, model pd",0.0
779,"fetal liver, stalled replication forks, pulmonary vascular, chromatin state",0.08260869565217392
779,"recent findings recent, cell multi omics, complex microbial, crispr cas based",0.0
779,"related morbidity, stage diagnosis, combination strategies, clinical intervention",0.5086956521739129
779,"role intercellular communication, testicular torsion, nanoparticle tracking analysis, mir 21 5p",0.002173913043478261
779,"therapeutic strategies including, exosomes emerging, epigenetic modulation, solid cancers",0.07391304347826087
779,"transgene expression, metabolite production, study illustrates, precise genome",0.07391304347826087
779,"web science core, mean sd age, research hotspots, 28 day mortality",0.0
780,"bla ctx, spectrum lactamase esbl, sequence types sts, coli isolates",0.004347826086956522
780,"details use execution, myosin motors, nascent chain, origin life",0.29782608695652174
780,"editorial emerging, author correction, g2 phase, model pd",0.05652173913043478
780,"fetal liver, stalled replication forks, pulmonary vascular, chromatin state",0.08478260869565217
780,"recent findings recent, cell multi omics, complex microbial, crispr cas based",0.0
780,"related morbidity, stage diagnosis, combination strategies, clinical intervention",0.391304347826087
780,"role intercellular communication, testicular torsion, nanoparticle tracking analysis, mir 21 5p",0.002173913043478261
780,"therapeutic strategies including, exosomes emerging, epigenetic modulation, solid cancers",0.02826086956521739
780,"transgene expression, metabolite production, study illustrates, precise genome",0.13478260869565215
780,"web science core, mean sd age, research hotspots, 28 day mortality",0.0
781,"bla ctx, spectrum lactamase esbl, sequence types sts, coli isolates",0.006521739130434784
781,"details use execution, myosin motors, nascent chain, origin life",0.16739130434782606
781,"editorial emerging, author correction, g2 phase, model pd",0.0
781,"fetal liver, stalled replication forks, pulmonary vascular, chromatin state",0.13043478260869562
781,"recent findings recent, cell multi omics, complex microbial, crispr cas based",0.0
781,"related morbidity, stage diagnosis, combination strategies, clinical intervention",0.4891304347826087
781,"role intercellular communication, testicular torsion, nanoparticle tracking analysis, mir 21 5p",0.0
781,"therapeutic strategies including, exosomes emerging, epigenetic modulation, solid cancers",0.043478260869565216
781,"transgene expression, metabolite production, study illustrates, precise genome",0.16304347826086957
781,"web science core, mean sd age, research hotspots, 28 day mortality",0.0
782,"bla ctx, spectrum lactamase esbl, sequence types sts, coli isolates",0.017391304347826087
782,"details use execution, myosin motors, nascent chain, origin life",0.1891304347826087
782,"editorial emerging, author correction, g2 phase, model pd",0.002173913043478261
782,"fetal liver, stalled replication forks, pulmonary vascular, chromatin state",0.043478260869565216
782,"recent findings recent, cell multi omics, complex microbial, crispr cas based",0.0
782,"related morbidity, stage diagnosis, combination strategies, clinical intervention",0.5565217391304348
782,"role intercellular communication, testicular torsion, nanoparticle tracking analysis, mir 21 5p",0.0391304347826087
782,"therapeutic strategies including, exosomes emerging, epigenetic modulation, solid cancers",0.06086956521739131
782,"transgene expression, metabolite production, study illustrates, precise genome",0.07608695652173914
782,"web science core, mean sd age, research hotspots, 28 day mortality",0.015217391304347825
783,"bla ctx, spectrum lactamase esbl, sequence types sts, coli isolates",0.015217391304347825
783,"details use execution, myosin motors, nascent chain, origin life",0.2760869565217391
783,"editorial emerging, author correction, g2 phase, model pd",0.034782608695652174
783,"fetal liver, stalled replication forks, pulmonary vascular, chromatin state",0.10652173913043476
783,"recent findings recent, cell multi omics, complex microbial, crispr cas based",0.0
783,"related morbidity, stage diagnosis, combination strategies, clinical intervention",0.36521739130434777
783,"role intercellular communication, testicular torsion, nanoparticle tracking analysis, mir 21 5p",0.041304347826086954
783,"therapeutic strategies including, exosomes emerging, epigenetic modulation, solid cancers",0.006521739130434784
783,"transgene expression, metabolite production, study illustrates, precise genome",0.1391304347826087
783,"web science core, mean sd age, research hotspots, 28 day mortality",0.015217391304347825
784,"bla ctx, spectrum lactamase esbl, sequence types sts, coli isolates",0.0
784,"details use execution, myosin motors, nascent chain, origin life",0.08695652173913043
784,"editorial emerging, author correction, g2 phase, model pd",0.034782608695652174
784,"fetal liver, stalled replication forks, pulmonary vascular, chromatin state",0.12173913043478261
784,"recent findings recent, cell multi omics, complex microbial, crispr cas based",0.0
784,"related morbidity, stage diagnosis, combination strategies, clinical intervention",0.5956521739130434
784,"role intercellular communication, testicular torsion, nanoparticle tracking analysis, mir 21 5p",0.0
784,"therapeutic strategies including, exosomes emerging, epigenetic modulation, solid cancers",0.08043478260869566
784,"transgene expression, metabolite production, study illustrates, precise genome",0.08043478260869566
784,"web science core, mean sd age, research hotspots, 28 day mortality",0.0
785,"bla ctx, spectrum lactamase esbl, sequence types sts, coli isolates",0.002173913043478261
785,"details use execution, myosin motors, nascent chain, origin life",0.21521739130434783
785,"editorial emerging, author correction, g2 phase, model pd",0.03260869565217391
785,"fetal liver, stalled replication forks, pulmonary vascular, chromatin state",0.1326086956521739
785,"recent findings recent, cell multi omics, complex microbial, crispr cas based",0.0
785,"related morbidity, stage diagnosis, combination strategies, clinical intervention",0.39782608695652166
785,"role intercellular communication, testicular torsion, nanoparticle tracking analysis, mir 21 5p",0.0
785,"therapeutic strategies including, exosomes emerging, epigenetic modulation, solid cancers",0.058695652173913045
785,"transgene expression, metabolite production, study illustrates, precise genome",0.16086956521739132
785,"web science core, mean sd age, research hotspots, 28 day mortality",0.0
786,"bla ctx, spectrum lactamase esbl, sequence types sts, coli isolates",0.002173913043478261
786,"details use execution, myosin motors, nascent chain, origin life",0.2673913043478261
786,"editorial emerging, author correction, g2 phase, model pd",0.002173913043478261
786,"fetal liver, stalled replication forks, pulmonary vascular, chromatin state",0.1217391304347826
786,"recent findings recent, cell multi omics, complex microbial, crispr cas based",0.0
786,"related morbidity, stage diagnosis, combination strategies, clinical intervention",0.41304347826086957
786,"role intercellular communication, testicular torsion, nanoparticle tracking analysis, mir 21 5p",0.034782608695652174
786,"therapeutic strategies including, exosomes emerging, epigenetic modulation, solid cancers",0.058695652173913045
786,"transgene expression, metabolite production, study illustrates, precise genome",0.1
786,"web science core, mean sd age, research hotspots, 28 day mortality",0.0
787,"bla ctx, spectrum lactamase esbl, sequence types sts, coli isolates",0.010869565217391304
787,"details use execution, myosin motors, nascent chain, origin life",0.25
787,"editorial emerging, author correction, g2 phase, model pd",0.002173913043478261
787,"fetal liver, stalled replication forks, pulmonary vascular, chromatin state",0.06304347826086958
787,"recent findings recent, cell multi omics, complex microbial, crispr cas based",0.0
787,"related morbidity, stage diagnosis, combination strategies, clinical intervention",0.5347826086956521
787,"role intercellular communication, testicular torsion, nanoparticle tracking analysis, mir 21 5p",0.0
787,"therapeutic strategies including, exosomes emerging, epigenetic modulation, solid cancers",0.04782608695652174
787,"transgene expression, metabolite production, study illustrates, precise genome",0.09130434782608694
787,"web science core, mean sd age, research hotspots, 28 day mortality",0.0
788,"bla ctx, spectrum lactamase esbl, sequence types sts, coli isolates",0.002173913043478261
788,"details use execution, myosin motors, nascent chain, origin life",0.22608695652173913
788,"editorial emerging, author correction, g2 phase, model pd",0.002173913043478261
788,"fetal liver, stalled replication forks, pulmonary vascular, chromatin state",0.1260869565217391
788,"recent findings recent, cell multi omics, complex microbial, crispr cas based",0.0
788,"related morbidity, stage diagnosis, combination strategies, clinical intervention",0.45652173913043476
788,"role intercellular communication, testicular torsion, nanoparticle tracking analysis, mir 21 5p",0.03260869565217391
788,"therapeutic strategies including, exosomes emerging, epigenetic modulation, solid cancers",0.04565217391304348
788,"transgene expression, metabolite production, study illustrates, precise genome",0.10869565217391304
788,"web science core, mean sd age, research hotspots, 28 day mortality",0.0
789,"bla ctx, spectrum lactamase esbl, sequence types sts, coli isolates",0.013043478260869565
789,"details use execution, myosin motors, nascent chain, origin life",0.23478260869565218
789,"editorial emerging, author correction, g2 phase, model pd",0.002173913043478261
789,"fetal liver, stalled replication forks, pulmonary vascular, chromatin state",0.07391304347826087
789,"recent findings recent, cell multi omics, complex microbial, crispr cas based",0.0
789,"related morbidity, stage diagnosis, combination strategies, clinical intervention",0.458695652173913
789,"role intercellular communication, testicular torsion, nanoparticle tracking analysis, mir 21 5p",0.04130434782608696
789,"therapeutic strategies including, exosomes emerging, epigenetic modulation, solid cancers",0.06304347826086956
789,"transgene expression, metabolite production, study illustrates, precise genome",0.09782608695652174
789,"web science core, mean sd age, research hotspots, 28 day mortality",0.015217391304347825
790,"bla ctx, spectrum lactamase esbl, sequence types sts, coli isolates",0.013043478260869568
790,"details use execution, myosin motors, nascent chain, origin life",0.42173913043478267
790,"editorial emerging, author correction, g2 phase, model pd",0.002173913043478261
790,"fetal liver, stalled replication forks, pulmonary vascular, chromatin state",0.08478260869565217
790,"recent findings recent, cell multi omics, complex microbial, crispr cas based",0.0
790,"related morbidity, stage diagnosis, combination strategies, clinical intervention",0.3847826086956522
790,"role intercellular communication, testicular torsion, nanoparticle tracking analysis, mir 21 5p",0.0
790,"therapeutic strategies including, exosomes emerging, epigenetic modulation, solid cancers",0.008695652173913044
790,"transgene expression, metabolite production, study illustrates, precise genome",0.08478260869565218
790,"web science core, mean sd age, research hotspots, 28 day mortality",0.0
791,"bla ctx, spectrum lactamase esbl, sequence types sts, coli isolates",0.002173913043478261
791,"details use execution, myosin motors, nascent chain, origin life",0.22391304347826088
791,"editorial emerging, author correction, g2 phase, model pd",0.021739130434782608
791,"fetal liver, stalled replication forks, pulmonary vascular, chromatin state",0.0782608695652174
791,"recent findings recent, cell multi omics, complex microbial, crispr cas based",0.0
791,"related morbidity, stage diagnosis, combination strategies, clinical intervention",0.38695652173913037
791,"role intercellular communication, testicular torsion, nanoparticle tracking analysis, mir 21 5p",0.034782608695652174
791,"therapeutic strategies including, exosomes emerging, epigenetic modulation, solid cancers",0.08695652173913043
791,"transgene expression, metabolite production, study illustrates, precise genome",0.16521739130434782
791,"web science core, mean sd age, research hotspots, 28 day mortality",0.0
792,"bla ctx, spectrum lactamase esbl, sequence types sts, coli isolates",0.004347826086956522
792,"details use execution, myosin motors, nascent chain, origin life",0.2217391304347826
792,"editorial emerging, author correction, g2 phase, model pd",0.021739130434782608
792,"fetal liver, stalled replication forks, pulmonary vascular, chromatin state",0.08913043478260871
792,"recent findings recent, cell multi omics, complex microbial, crispr cas based",0.0
792,"related morbidity, stage diagnosis, combination strategies, clinical intervention",0.43913043478260877
792,"role intercellular communication, testicular torsion, nanoparticle tracking analysis, mir 21 5p",0.034782608695652174
792,"therapeutic strategies including, exosomes emerging, epigenetic modulation, solid cancers",0.06956521739130435
792,"transgene expression, metabolite production, study illustrates, precise genome",0.11956521739130437
792,"web science core, mean sd age, research hotspots, 28 day mortality",0.0
793,"bla ctx, spectrum lactamase esbl, sequence types sts, coli isolates",0.0
793,"details use execution, myosin motors, nascent chain, origin life",0.25869565217391305
793,"editorial emerging, author correction, g2 phase, model pd",0.03260869565217391
793,"fetal liver, stalled replication forks, pulmonary vascular, chromatin state",0.1282608695652174
793,"recent findings recent, cell multi omics, complex microbial, crispr cas based",0.0
793,"related morbidity, stage diagnosis, combination strategies, clinical intervention",0.4652173913043478
793,"role intercellular communication, testicular torsion, nanoparticle tracking analysis, mir 21 5p",0.002173913043478261
793,"therapeutic strategies including, exosomes emerging, epigenetic modulation, solid cancers",0.04565217391304348
793,"transgene expression, metabolite production, study illustrates, precise genome",0.06739130434782609
793,"web science core, mean sd age, research hotspots, 28 day mortality",0.0
794,"bla ctx, spectrum lactamase esbl, sequence types sts, coli isolates",0.013043478260869565
794,"details use execution, myosin motors, nascent chain, origin life",0.26521739130434785
794,"editorial emerging, author correction, g2 phase, model pd",0.05434782608695652
794,"fetal liver, stalled replication forks, pulmonary vascular, chromatin state",0.08913043478260871
794,"recent findings recent, cell multi omics, complex microbial, crispr cas based",0.0
794,"related morbidity, stage diagnosis, combination strategies, clinical intervention",0.41521739130434787
794,"role intercellular communication, testicular torsion, nanoparticle tracking analysis, mir 21 5p",0.010869565217391304
794,"therapeutic strategies including, exosomes emerging, epigenetic modulation, solid cancers",0.006521739130434784
794,"transgene expression, metabolite production, study illustrates, precise genome",0.13043478260869565
794,"web science core, mean sd age, research hotspots, 28 day mortality",0.015217391304347825
795,"bla ctx, spectrum lactamase esbl, sequence types sts, coli isolates",0.008695652173913044
795,"details use execution, myosin motors, nascent chain, origin life",0.3065217391304348
795,"editorial emerging, author correction, g2 phase, model pd",0.021739130434782608
795,"fetal liver, stalled replication forks, pulmonary vascular, chromatin state",0.1108695652173913
795,"recent findings recent, cell multi omics, complex microbial, crispr cas based",0.0
795,"related morbidity, stage diagnosis, combination strategies, clinical intervention",0.34130434782608693
795,"role intercellular communication, testicular torsion, nanoparticle tracking analysis, mir 21 5p",0.03260869565217391
795,"therapeutic strategies including, exosomes emerging, epigenetic modulation, solid cancers",0.04782608695652174
795,"transgene expression, metabolite production, study illustrates, precise genome",0.13043478260869568
795,"web science core, mean sd age, research hotspots, 28 day mortality",0.0
796,"bla ctx, spectrum lactamase esbl, sequence types sts, coli isolates",0.008695652173913044
796,"details use execution, myosin motors, nascent chain, origin life",0.1760869565217391
796,"editorial emerging, author correction, g2 phase, model pd",0.034782608695652174
796,"fetal liver, stalled replication forks, pulmonary vascular, chromatin state",0.13695652173913042
796,"recent findings recent, cell multi omics, complex microbial, crispr cas based",0.0
796,"related morbidity, stage diagnosis, combination strategies, clinical intervention",0.4608695652173913
796,"role intercellular communication, testicular torsion, nanoparticle tracking analysis, mir 21 5p",0.03260869565217391
796,"therapeutic strategies including, exosomes emerging, epigenetic modulation, solid cancers",0.03913043478260869
796,"transgene expression, metabolite production, study illustrates, precise genome",0.1108695652173913
796,"web science core, mean sd age, research hotspots, 28 day mortality",0.0
797,"bla ctx, spectrum lactamase esbl, sequence types sts, coli isolates",0.006521739130434784
797,"details use execution, myosin motors, nascent chain, origin life",0.21086956521739128
797,"editorial emerging, author correction, g2 phase, model pd",0.034782608695652174
797,"fetal liver, stalled replication forks, pulmonary vascular, chromatin state",0.06956521739130435
797,"recent findings recent, cell multi omics, complex microbial, crispr cas based",0.0
797,"related morbidity, stage diagnosis, combination strategies, clinical intervention",0.49999999999999994
797,"role intercellular communication, testicular torsion, nanoparticle tracking analysis, mir 21 5p",0.0
797,"therapeutic strategies including, exosomes emerging, epigenetic modulation, solid cancers",0.06304347826086956
797,"transgene expression, metabolite production, study illustrates, precise genome",0.1152173913043478
797,"web science core, mean sd age, research hotspots, 28 day mortality",0.0
798,"bla ctx, spectrum lactamase esbl, sequence types sts, coli isolates",0.0
798,"details use execution, myosin motors, nascent chain, origin life",0.21521739130434783
798,"editorial emerging, author correction, g2 phase, model pd",0.0
798,"fetal liver, stalled replication forks, pulmonary vascular, chromatin state",0.0891304347826087
798,"recent findings recent, cell multi omics, complex microbial, crispr cas based",0.0
798,"related morbidity, stage diagnosis, combination strategies, clinical intervention",0.5108695652173914
798,"role intercellular communication, testicular torsion, nanoparticle tracking analysis, mir 21 5p",0.002173913043478261
798,"therapeutic strategies including, exosomes emerging, epigenetic modulation, solid cancers",0.05434782608695652
798,"transgene expression, metabolite production, study illustrates, precise genome",0.1282608695652174
798,"web science core, mean sd age, research hotspots, 28 day mortality",0.0
799,"bla ctx, spectrum lactamase esbl, sequence types sts, coli isolates",0.004347826086956522
799,"details use execution, myosin motors, nascent chain, origin life",0.2543478260869565
799,"editorial emerging, author correction, g2 phase, model pd",0.021739130434782608
799,"fetal liver, stalled replication forks, pulmonary vascular, chromatin state",0.05
799,"recent findings recent, cell multi omics, complex microbial, crispr cas based",0.0
799,"related morbidity, stage diagnosis, combination strategies, clinical intervention",0.48695652173913045
799,"role intercellular communication, testicular torsion, nanoparticle tracking analysis, mir 21 5p",0.002173913043478261
799,"therapeutic strategies including, exosomes emerging, epigenetic modulation, solid cancers",0.09130434782608696
799,"transgene expression, metabolite production, study illustrates, precise genome",0.0891304347826087
799,"web science core, mean sd age, research hotspots, 28 day mortality",0.0
800,"bla ctx, spectrum lactamase esbl, sequence types sts, coli isolates",0.008695652173913044
800,"details use execution, myosin motors, nascent chain, origin life",0.34782608695652173
800,"editorial emerging, author correction, g2 phase, model pd",0.0
800,"fetal liver, stalled replication forks, pulmonary vascular, chromatin state",0.09999999999999999
800,"recent findings recent, cell multi omics, complex microbial, crispr cas based",0.0
800,"related morbidity, stage diagnosis, combination strategies, clinical intervention",0.3847826086956522
800,"role intercellular communication, testicular torsion, nanoparticle tracking analysis, mir 21 5p",0.034782608695652174
800,"therapeutic strategies including, exosomes emerging, epigenetic modulation, solid cancers",0.04782608695652174
800,"transgene expression, metabolite production, study illustrates, precise genome",0.07608695652173914
800,"web science core, mean sd age, research hotspots, 28 day mortality",0.0
801,"bla ctx, spectrum lactamase esbl, sequence types sts, coli isolates",0.006521739130434784
801,"details use execution, myosin motors, nascent chain, origin life",0.3934782608695652
801,"editorial emerging, author correction, g2 phase, model pd",0.021739130434782608
801,"fetal liver, stalled replication forks, pulmonary vascular, chromatin state",0.10652173913043479
801,"recent findings recent, cell multi omics, complex microbial, crispr cas based",0.0
801,"related morbidity, stage diagnosis, combination strategies, clinical intervention",0.2326086956521739
801,"role intercellular communication, testicular torsion, nanoparticle tracking analysis, mir 21 5p",0.034782608695652174
801,"therapeutic strategies including, exosomes emerging, epigenetic modulation, solid cancers",0.043478260869565216
801,"transgene expression, metabolite production, study illustrates, precise genome",0.16086956521739132
801,"web science core, mean sd age, research hotspots, 28 day mortality",0.0
802,"bla ctx, spectrum lactamase esbl, sequence types sts, coli isolates",0.002173913043478261
802,"details use execution, myosin motors, nascent chain, origin life",0.22608695652173913
802,"editorial emerging, author correction, g2 phase, model pd",0.0
802,"fetal liver, stalled replication forks, pulmonary vascular, chromatin state",0.15217391304347827
802,"recent findings recent, cell multi omics, complex microbial, crispr cas based",0.0
802,"related morbidity, stage diagnosis, combination strategies, clinical intervention",0.42608695652173906
802,"role intercellular communication, testicular torsion, nanoparticle tracking analysis, mir 21 5p",0.03260869565217391
802,"therapeutic strategies including, exosomes emerging, epigenetic modulation, solid cancers",0.03260869565217391
802,"transgene expression, metabolite production, study illustrates, precise genome",0.12826086956521737
802,"web science core, mean sd age, research hotspots, 28 day mortality",0.0
803,"bla ctx, spectrum lactamase esbl, sequence types sts, coli isolates",0.015217391304347825
803,"details use execution, myosin motors, nascent chain, origin life",0.2673913043478261
803,"editorial emerging, author correction, g2 phase, model pd",0.021739130434782608
803,"fetal liver, stalled replication forks, pulmonary vascular, chromatin state",0.09565217391304348
803,"recent findings recent, cell multi omics, complex microbial, crispr cas based",0.0
803,"related morbidity, stage diagnosis, combination strategies, clinical intervention",0.36521739130434794
803,"role intercellular communication, testicular torsion, nanoparticle tracking analysis, mir 21 5p",0.006521739130434782
803,"therapeutic strategies including, exosomes emerging, epigenetic modulation, solid cancers",0.09130434782608694
803,"transgene expression, metabolite production, study illustrates, precise genome",0.12173913043478261
803,"web science core, mean sd age, research hotspots, 28 day mortality",0.015217391304347825
804,"bla ctx, spectrum lactamase esbl, sequence types sts, coli isolates",0.0
804,"details use execution, myosin motors, nascent chain, origin life",0.22608695652173913
804,"editorial emerging, author correction, g2 phase, model pd",0.002173913043478261
804,"fetal liver, stalled replication forks, pulmonary vascular, chromatin state",0.08478260869565218
804,"recent findings recent, cell multi omics, complex microbial, crispr cas based",0.0
804,"related morbidity, stage diagnosis, combination strategies, clinical intervention",0.4956521739130434
804,"role intercellular communication, testicular torsion, nanoparticle tracking analysis, mir 21 5p",0.034782608695652174
804,"therapeutic strategies including, exosomes emerging, epigenetic modulation, solid cancers",0.08260869565217391
804,"transgene expression, metabolite production, study illustrates, precise genome",0.07391304347826087
804,"web science core, mean sd age, research hotspots, 28 day mortality",0.0
805,"bla ctx, spectrum lactamase esbl, sequence types sts, coli isolates",0.010869565217391304
805,"details use execution, myosin motors, nascent chain, origin life",0.3239130434782609
805,"editorial emerging, author correction, g2 phase, model pd",0.0
805,"fetal liver, stalled replication forks, pulmonary vascular, chromatin state",0.0391304347826087
805,"recent findings recent, cell multi omics, complex microbial, crispr cas based",0.0
805,"related morbidity, stage diagnosis, combination strategies, clinical intervention",0.36521739130434777
805,"role intercellular communication, testicular torsion, nanoparticle tracking analysis, mir 21 5p",0.041304347826086954
805,"therapeutic strategies including, exosomes emerging, epigenetic modulation, solid cancers",0.07173913043478261
805,"transgene expression, metabolite production, study illustrates, precise genome",0.13260869565217392
805,"web science core, mean sd age, research hotspots, 28 day mortality",0.015217391304347825
806,"bla ctx, spectrum lactamase esbl, sequence types sts, coli isolates",0.004347826086956522
806,"details use execution, myosin motors, nascent chain, origin life",0.34347826086956523
806,"editorial emerging, author correction, g2 phase, model pd",0.03260869565217391
806,"fetal liver, stalled replication forks, pulmonary vascular, chromatin state",0.05652173913043478
806,"recent findings recent, cell multi omics, complex microbial, crispr cas based",0.0
806,"related morbidity, stage diagnosis, combination strategies, clinical intervention",0.39999999999999997
806,"role intercellular communication, testicular torsion, nanoparticle tracking analysis, mir 21 5p",0.0
806,"therapeutic strategies including, exosomes emerging, epigenetic modulation, solid cancers",0.056521739130434775
806,"transgene expression, metabolite production, study illustrates, precise genome",0.10652173913043476
806,"web science core, mean sd age, research hotspots, 28 day mortality",0.0
807,"bla ctx, spectrum lactamase esbl, sequence types sts, coli isolates",0.002173913043478261
807,"details use execution, myosin motors, nascent chain, origin life",0.17173913043478262
807,"editorial emerging, author correction, g2 phase, model pd",0.05434782608695652
807,"fetal liver, stalled replication forks, pulmonary vascular, chromatin state",0.15434782608695655
807,"recent findings recent, cell multi omics, complex microbial, crispr cas based",0.0
807,"related morbidity, stage diagnosis, combination strategies, clinical intervention",0.4108695652173914
807,"role intercellular communication, testicular torsion, nanoparticle tracking analysis, mir 21 5p",0.0
807,"therapeutic strategies including, exosomes emerging, epigenetic modulation, solid cancers",0.05652173913043478
807,"transgene expression, metabolite production, study illustrates, precise genome",0.15
807,"web science core, mean sd age, research hotspots, 28 day mortality",0.0
808,"bla ctx, spectrum lactamase esbl, sequence types sts, coli isolates",0.013043478260869565
808,"details use execution, myosin motors, nascent chain, origin life",0.26956521739130435
808,"editorial emerging, author correction, g2 phase, model pd",0.0
808,"fetal liver, stalled replication forks, pulmonary vascular, chromatin state",0.06304347826086958
808,"recent findings recent, cell multi omics, complex microbial, crispr cas based",0.0
808,"related morbidity, stage diagnosis, combination strategies, clinical intervention",0.5217391304347825
808,"role intercellular communication, testicular torsion, nanoparticle tracking analysis, mir 21 5p",0.006521739130434782
808,"therapeutic strategies including, exosomes emerging, epigenetic modulation, solid cancers",0.034782608695652174
808,"transgene expression, metabolite production, study illustrates, precise genome",0.07608695652173914
808,"web science core, mean sd age, research hotspots, 28 day mortality",0.015217391304347825
809,"bla ctx, spectrum lactamase esbl, sequence types sts, coli isolates",0.017391304347826087
809,"details use execution, myosin motors, nascent chain, origin life",0.1782608695652174
809,"editorial emerging, author correction, g2 phase, model pd",0.02391304347826087
809,"fetal liver, stalled replication forks, pulmonary vascular, chromatin state",0.0891304347826087
809,"recent findings recent, cell multi omics, complex microbial, crispr cas based",0.0
809,"related morbidity, stage diagnosis, combination strategies, clinical intervention",0.517391304347826
809,"role intercellular communication, testicular torsion, nanoparticle tracking analysis, mir 21 5p",0.006521739130434782
809,"therapeutic strategies including, exosomes emerging, epigenetic modulation, solid cancers",0.02826086956521739
809,"transgene expression, metabolite production, study illustrates, precise genome",0.12391304347826083
809,"web science core, mean sd age, research hotspots, 28 day mortality",0.015217391304347825
810,"bla ctx, spectrum lactamase esbl, sequence types sts, coli isolates",0.013043478260869565
810,"details use execution, myosin motors, nascent chain, origin life",0.1391304347826087
810,"editorial emerging, author correction, g2 phase, model pd",0.021739130434782608
810,"fetal liver, stalled replication forks, pulmonary vascular, chromatin state",0.13043478260869565
810,"recent findings recent, cell multi omics, complex microbial, crispr cas based",0.0
810,"related morbidity, stage diagnosis, combination strategies, clinical intervention",0.4391304347826086
810,"role intercellular communication, testicular torsion, nanoparticle tracking analysis, mir 21 5p",0.006521739130434782
810,"therapeutic strategies including, exosomes emerging, epigenetic modulation, solid cancers",0.07608695652173914
810,"transgene expression, metabolite production, study illustrates, precise genome",0.15869565217391304
810,"web science core, mean sd age, research hotspots, 28 day mortality",0.015217391304347825
811,"bla ctx, spectrum lactamase esbl, sequence types sts, coli isolates",0.006521739130434782
811,"details use execution, myosin motors, nascent chain, origin life",0.20869565217391303
811,"editorial emerging, author correction, g2 phase, model pd",0.02391304347826087
811,"fetal liver, stalled replication forks, pulmonary vascular, chromatin state",0.11956521739130432
811,"recent findings recent, cell multi omics, complex microbial, crispr cas based",0.0
811,"related morbidity, stage diagnosis, combination strategies, clinical intervention",0.4739130434782608
811,"role intercellular communication, testicular torsion, nanoparticle tracking analysis, mir 21 5p",0.002173913043478261
811,"therapeutic strategies including, exosomes emerging, epigenetic modulation, solid cancers",0.0608695652173913
811,"transgene expression, metabolite production, study illustrates, precise genome",0.10434782608695652
811,"web science core, mean sd age, research hotspots, 28 day mortality",0.0
812,"bla ctx, spectrum lactamase esbl, sequence types sts, coli isolates",0.010869565217391304
812,"details use execution, myosin motors, nascent chain, origin life",0.391304347826087
812,"editorial emerging, author correction, g2 phase, model pd",0.002173913043478261
812,"fetal liver, stalled replication forks, pulmonary vascular, chromatin state",0.03260869565217392
812,"recent findings recent, cell multi omics, complex microbial, crispr cas based",0.0
812,"related morbidity, stage diagnosis, combination strategies, clinical intervention",0.3565217391304348
812,"role intercellular communication, testicular torsion, nanoparticle tracking analysis, mir 21 5p",0.03260869565217391
812,"therapeutic strategies including, exosomes emerging, epigenetic modulation, solid cancers",0.041304347826086954
812,"transgene expression, metabolite production, study illustrates, precise genome",0.13260869565217392
812,"web science core, mean sd age, research hotspots, 28 day mortality",0.0
813,"bla ctx, spectrum lactamase esbl, sequence types sts, coli isolates",0.010869565217391304
813,"details use execution, myosin motors, nascent chain, origin life",0.29130434782608694
813,"editorial emerging, author correction, g2 phase, model pd",0.0
813,"fetal liver, stalled replication forks, pulmonary vascular, chromatin state",0.09130434782608696
813,"recent findings recent, cell multi omics, complex microbial, crispr cas based",0.0
813,"related morbidity, stage diagnosis, combination strategies, clinical intervention",0.38478260869565223
813,"role intercellular communication, testicular torsion, nanoparticle tracking analysis, mir 21 5p",0.002173913043478261
813,"therapeutic strategies including, exosomes emerging, epigenetic modulation, solid cancers",0.09999999999999999
813,"transgene expression, metabolite production, study illustrates, precise genome",0.11956521739130435
813,"web science core, mean sd age, research hotspots, 28 day mortality",0.0
814,"bla ctx, spectrum lactamase esbl, sequence types sts, coli isolates",0.015217391304347825
814,"details use execution, myosin motors, nascent chain, origin life",0.2652173913043478
814,"editorial emerging, author correction, g2 phase, model pd",0.0
814,"fetal liver, stalled replication forks, pulmonary vascular, chromatin state",0.16956521739130437
814,"recent findings recent, cell multi omics, complex microbial, crispr cas based",0.0
814,"related morbidity, stage diagnosis, combination strategies, clinical intervention",0.3347826086956522
814,"role intercellular communication, testicular torsion, nanoparticle tracking analysis, mir 21 5p",0.008695652173913044
814,"therapeutic strategies including, exosomes emerging, epigenetic modulation, solid cancers",0.06956521739130435
814,"transgene expression, metabolite production, study illustrates, precise genome",0.1217391304347826
814,"web science core, mean sd age, research hotspots, 28 day mortality",0.015217391304347825
815,"bla ctx, spectrum lactamase esbl, sequence types sts, coli isolates",0.013043478260869565
815,"details use execution, myosin motors, nascent chain, origin life",0.33043478260869563
815,"editorial emerging, author correction, g2 phase, model pd",0.002173913043478261
815,"fetal liver, stalled replication forks, pulmonary vascular, chromatin state",0.05652173913043478
815,"recent findings recent, cell multi omics, complex microbial, crispr cas based",0.0
815,"related morbidity, stage diagnosis, combination strategies, clinical intervention",0.45652173913043476
815,"role intercellular communication, testicular torsion, nanoparticle tracking analysis, mir 21 5p",0.004347826086956522
815,"therapeutic strategies including, exosomes emerging, epigenetic modulation, solid cancers",0.07173913043478261
815,"transgene expression, metabolite production, study illustrates, precise genome",0.06521739130434784
815,"web science core, mean sd age, research hotspots, 28 day mortality",0.0
816,"bla ctx, spectrum lactamase esbl, sequence types sts, coli isolates",0.010869565217391304
816,"details use execution, myosin motors, nascent chain, origin life",0.31521739130434784
816,"editorial emerging, author correction, g2 phase, model pd",0.05434782608695652
816,"fetal liver, stalled replication forks, pulmonary vascular, chromatin state",0.07608695652173914
816,"recent findings recent, cell multi omics, complex microbial, crispr cas based",0.0
816,"related morbidity, stage diagnosis, combination strategies, clinical intervention",0.3782608695652174
816,"role intercellular communication, testicular torsion, nanoparticle tracking analysis, mir 21 5p",0.006521739130434782
816,"therapeutic strategies including, exosomes emerging, epigenetic modulation, solid cancers",0.04782608695652174
816,"transgene expression, metabolite production, study illustrates, precise genome",0.09565217391304347
816,"web science core, mean sd age, research hotspots, 28 day mortality",0.015217391304347825
817,"bla ctx, spectrum lactamase esbl, sequence types sts, coli isolates",0.002173913043478261
817,"details use execution, myosin motors, nascent chain, origin life",0.25869565217391305
817,"editorial emerging, author correction, g2 phase, model pd",0.034782608695652174
817,"fetal liver, stalled replication forks, pulmonary vascular, chromatin state",0.03695652173913044
817,"recent findings recent, cell multi omics, complex microbial, crispr cas based",0.0
817,"related morbidity, stage diagnosis, combination strategies, clinical intervention",0.5152173913043477
817,"role intercellular communication, testicular torsion, nanoparticle tracking analysis, mir 21 5p",0.0
817,"therapeutic strategies including, exosomes emerging, epigenetic modulation, solid cancers",0.08260869565217392
817,"transgene expression, metabolite production, study illustrates, precise genome",0.06956521739130435
817,"web science core, mean sd age, research hotspots, 28 day mortality",0.0
818,"bla ctx, spectrum lactamase esbl, sequence types sts, coli isolates",0.008695652173913044
818,"details use execution, myosin motors, nascent chain, origin life",0.17608695652173917
818,"editorial emerging, author correction, g2 phase, model pd",0.05434782608695652
818,"fetal liver, stalled replication forks, pulmonary vascular, chromatin state",0.1152173913043478
818,"recent findings recent, cell multi omics, complex microbial, crispr cas based",0.0
818,"related morbidity, stage diagnosis, combination strategies, clinical intervention",0.41956521739130437
818,"role intercellular communication, testicular torsion, nanoparticle tracking analysis, mir 21 5p",0.03260869565217391
818,"therapeutic strategies including, exosomes emerging, epigenetic modulation, solid cancers",0.02826086956521739
818,"transgene expression, metabolite production, study illustrates, precise genome",0.1652173913043478
818,"web science core, mean sd age, research hotspots, 28 day mortality",0.0
819,"bla ctx, spectrum lactamase esbl, sequence types sts, coli isolates",0.017391304347826087
819,"details use execution, myosin motors, nascent chain, origin life",0.30869565217391304
819,"editorial emerging, author correction, g2 phase, model pd",0.0
819,"fetal liver, stalled replication forks, pulmonary vascular, chromatin state",0.041304347826086954
819,"recent findings recent, cell multi omics, complex microbial, crispr cas based",0.0
819,"related morbidity, stage diagnosis, combination strategies, clinical intervention",0.4760869565217391
819,"role intercellular communication, testicular torsion, nanoparticle tracking analysis, mir 21 5p",0.006521739130434782
819,"therapeutic strategies including, exosomes emerging, epigenetic modulation, solid cancers",0.07608695652173914
819,"transgene expression, metabolite production, study illustrates, precise genome",0.05869565217391304
819,"web science core, mean sd age, research hotspots, 28 day mortality",0.015217391304347825
820,"bla ctx, spectrum lactamase esbl, sequence types sts, coli isolates",0.008695652173913044
820,"details use execution, myosin motors, nascent chain, origin life",0.29347826086956524
820,"editorial emerging, author correction, g2 phase, model pd",0.021739130434782608
820,"fetal liver, stalled replication forks, pulmonary vascular, chromatin state",0.10434782608695652
820,"recent findings recent, cell multi omics, complex microbial, crispr cas based",0.0
820,"related morbidity, stage diagnosis, combination strategies, clinical intervention",0.4130434782608695
820,"role intercellular communication, testicular torsion, nanoparticle tracking analysis, mir 21 5p",0.002173913043478261
820,"therapeutic strategies including, exosomes emerging, epigenetic modulation, solid cancers",0.05869565217391304
820,"transgene expression, metabolite production, study illustrates, precise genome",0.09782608695652172
820,"web science core, mean sd age, research hotspots, 28 day mortality",0.0
821,"bla ctx, spectrum lactamase esbl, sequence types sts, coli isolates",0.006521739130434784
821,"details use execution, myosin motors, nascent chain, origin life",0.2956521739130435
821,"editorial emerging, author correction, g2 phase, model pd",0.0
821,"fetal liver, stalled replication forks, pulmonary vascular, chromatin state",0.06304347826086958
821,"recent findings recent, cell multi omics, complex microbial, crispr cas based",0.0
821,"related morbidity, stage diagnosis, combination strategies, clinical intervention",0.4891304347826086
821,"role intercellular communication, testicular torsion, nanoparticle tracking analysis, mir 21 5p",0.002173913043478261
821,"therapeutic strategies including, exosomes emerging, epigenetic modulation, solid cancers",0.05652173913043478
821,"transgene expression, metabolite production, study illustrates, precise genome",0.08695652173913043
821,"web science core, mean sd age, research hotspots, 28 day mortality",0.0
822,"bla ctx, spectrum lactamase esbl, sequence types sts, coli isolates",0.002173913043478261
822,"details use execution, myosin motors, nascent chain, origin life",0.31086956521739134
822,"editorial emerging, author correction, g2 phase, model pd",0.02391304347826087
822,"fetal liver, stalled replication forks, pulmonary vascular, chromatin state",0.043478260869565216
822,"recent findings recent, cell multi omics, complex microbial, crispr cas based",0.0
822,"related morbidity, stage diagnosis, combination strategies, clinical intervention",0.45000000000000007
822,"role intercellular communication, testicular torsion, nanoparticle tracking analysis, mir 21 5p",0.034782608695652174
822,"therapeutic strategies including, exosomes emerging, epigenetic modulation, solid cancers",0.058695652173913045
822,"transgene expression, metabolite production, study illustrates, precise genome",0.07608695652173914
822,"web science core, mean sd age, research hotspots, 28 day mortality",0.0
823,"bla ctx, spectrum lactamase esbl, sequence types sts, coli isolates",0.0
823,"details use execution, myosin motors, nascent chain, origin life",0.26956521739130435
823,"editorial emerging, author correction, g2 phase, model pd",0.021739130434782608
823,"fetal liver, stalled replication forks, pulmonary vascular, chromatin state",0.07608695652173914
823,"recent findings recent, cell multi omics, complex microbial, crispr cas based",0.0
823,"related morbidity, stage diagnosis, combination strategies, clinical intervention",0.4282608695652175
823,"role intercellular communication, testicular torsion, nanoparticle tracking analysis, mir 21 5p",0.034782608695652174
823,"therapeutic strategies including, exosomes emerging, epigenetic modulation, solid cancers",0.08695652173913043
823,"transgene expression, metabolite production, study illustrates, precise genome",0.08260869565217392
823,"web science core, mean sd age, research hotspots, 28 day mortality",0.0
824,"bla ctx, spectrum lactamase esbl, sequence types sts, coli isolates",0.004347826086956522
824,"details use execution, myosin motors, nascent chain, origin life",0.13478260869565217
824,"editorial emerging, author correction, g2 phase, model pd",0.05652173913043478
824,"fetal liver, stalled replication forks, pulmonary vascular, chromatin state",0.09782608695652172
824,"recent findings recent, cell multi omics, complex microbial, crispr cas based",0.0
824,"related morbidity, stage diagnosis, combination strategies, clinical intervention",0.5065217391304347
824,"role intercellular communication, testicular torsion, nanoparticle tracking analysis, mir 21 5p",0.034782608695652174
824,"therapeutic strategies including, exosomes emerging, epigenetic modulation, solid cancers",0.03695652173913044
824,"transgene expression, metabolite production, study illustrates, precise genome",0.1282608695652174
824,"web science core, mean sd age, research hotspots, 28 day mortality",0.0
825,"bla ctx, spectrum lactamase esbl, sequence types sts, coli isolates",0.006521739130434784
825,"details use execution, myosin motors, nascent chain, origin life",0.3065217391304348
825,"editorial emerging, author correction, g2 phase, model pd",0.0
825,"fetal liver, stalled replication forks, pulmonary vascular, chromatin state",0.12173913043478261
825,"recent findings recent, cell multi omics, complex microbial, crispr cas based",0.0
825,"related morbidity, stage diagnosis, combination strategies, clinical intervention",0.3739130434782609
825,"role intercellular communication, testicular torsion, nanoparticle tracking analysis, mir 21 5p",0.034782608695652174
825,"therapeutic strategies including, exosomes emerging, epigenetic modulation, solid cancers",0.049999999999999996
825,"transgene expression, metabolite production, study illustrates, precise genome",0.10652173913043476
825,"web science core, mean sd age, research hotspots, 28 day mortality",0.0
826,"bla ctx, spectrum lactamase esbl, sequence types sts, coli isolates",0.013043478260869565
826,"details use execution, myosin motors, nascent chain, origin life",0.3239130434782609
826,"editorial emerging, author correction, g2 phase, model pd",0.002173913043478261
826,"fetal liver, stalled replication forks, pulmonary vascular, chromatin state",0.03260869565217392
826,"recent findings recent, cell multi omics, complex microbial, crispr cas based",0.0
826,"related morbidity, stage diagnosis, combination strategies, clinical intervention",0.467391304347826
826,"role intercellular communication, testicular torsion, nanoparticle tracking analysis, mir 21 5p",0.0391304347826087
826,"therapeutic strategies including, exosomes emerging, epigenetic modulation, solid cancers",0.05217391304347826
826,"transgene expression, metabolite production, study illustrates, precise genome",0.05434782608695651
826,"web science core, mean sd age, research hotspots, 28 day mortality",0.015217391304347825
827,"bla ctx, spectrum lactamase esbl, sequence types sts, coli isolates",0.002173913043478261
827,"details use execution, myosin motors, nascent chain, origin life",0.3
827,"editorial emerging, author correction, g2 phase, model pd",0.0
827,"fetal liver, stalled replication forks, pulmonary vascular, chromatin state",0.09565217391304348
827,"recent findings recent, cell multi omics, complex microbial, crispr cas based",0.0
827,"related morbidity, stage diagnosis, combination strategies, clinical intervention",0.4826086956521739
827,"role intercellular communication, testicular torsion, nanoparticle tracking analysis, mir 21 5p",0.002173913043478261
827,"therapeutic strategies including, exosomes emerging, epigenetic modulation, solid cancers",0.05
827,"transgene expression, metabolite production, study illustrates, precise genome",0.06739130434782607
827,"web science core, mean sd age, research hotspots, 28 day mortality",0.0
828,"bla ctx, spectrum lactamase esbl, sequence types sts, coli isolates",0.010869565217391304
828,"details use execution, myosin motors, nascent chain, origin life",0.06521739130434782
828,"editorial emerging, author correction, g2 phase, model pd",0.05652173913043478
828,"fetal liver, stalled replication forks, pulmonary vascular, chromatin state",0.06956521739130435
828,"recent findings recent, cell multi omics, complex microbial, crispr cas based",0.0
828,"related morbidity, stage diagnosis, combination strategies, clinical intervention",0.5347826086956521
828,"role intercellular communication, testicular torsion, nanoparticle tracking analysis, mir 21 5p",0.0391304347826087
828,"therapeutic strategies including, exosomes emerging, epigenetic modulation, solid cancers",0.049999999999999996
828,"transgene expression, metabolite production, study illustrates, precise genome",0.15869565217391304
828,"web science core, mean sd age, research hotspots, 28 day mortality",0.015217391304347825
829,"bla ctx, spectrum lactamase esbl, sequence types sts, coli isolates",0.002173913043478261
829,"details use execution, myosin motors, nascent chain, origin life",0.3
829,"editorial emerging, author correction, g2 phase, model pd",0.05652173913043478
829,"fetal liver, stalled replication forks, pulmonary vascular, chromatin state",0.08043478260869566
829,"recent findings recent, cell multi omics, complex microbial, crispr cas based",0.0
829,"related morbidity, stage diagnosis, combination strategies, clinical intervention",0.3804347826086957
829,"role intercellular communication, testicular torsion, nanoparticle tracking analysis, mir 21 5p",0.002173913043478261
829,"therapeutic strategies including, exosomes emerging, epigenetic modulation, solid cancers",0.0391304347826087
829,"transgene expression, metabolite production, study illustrates, precise genome",0.1391304347826087
829,"web science core, mean sd age, research hotspots, 28 day mortality",0.0
830,"bla ctx, spectrum lactamase esbl, sequence types sts, coli isolates",0.002173913043478261
830,"details use execution, myosin motors, nascent chain, origin life",0.3
830,"editorial emerging, author correction, g2 phase, model pd",0.02391304347826087
830,"fetal liver, stalled replication forks, pulmonary vascular, chromatin state",0.11956521739130432
830,"recent findings recent, cell multi omics, complex microbial, crispr cas based",0.0
830,"related morbidity, stage diagnosis, combination strategies, clinical intervention",0.3608695652173913
830,"role intercellular communication, testicular torsion, nanoparticle tracking analysis, mir 21 5p",0.002173913043478261
830,"therapeutic strategies including, exosomes emerging, epigenetic modulation, solid cancers",0.05
830,"transgene expression, metabolite production, study illustrates, precise genome",0.14130434782608695
830,"web science core, mean sd age, research hotspots, 28 day mortality",0.0
831,"bla ctx, spectrum lactamase esbl, sequence types sts, coli isolates",0.002173913043478261
831,"details use execution, myosin motors, nascent chain, origin life",0.22608695652173913
831,"editorial emerging, author correction, g2 phase, model pd",0.03260869565217391
831,"fetal liver, stalled replication forks, pulmonary vascular, chromatin state",0.14565217391304347
831,"recent findings recent, cell multi omics, complex microbial, crispr cas based",0.0
831,"related morbidity, stage diagnosis, combination strategies, clinical intervention",0.42608695652173906
831,"role intercellular communication, testicular torsion, nanoparticle tracking analysis, mir 21 5p",0.03260869565217391
831,"therapeutic strategies including, exosomes emerging, epigenetic modulation, solid cancers",0.05434782608695652
831,"transgene expression, metabolite production, study illustrates, precise genome",0.08043478260869565
831,"web science core, mean sd age, research hotspots, 28 day mortality",0.0
832,"bla ctx, spectrum lactamase esbl, sequence types sts, coli isolates",0.0
832,"details use execution, myosin motors, nascent chain, origin life",0.2565217391304348
832,"editorial emerging, author correction, g2 phase, model pd",0.02391304347826087
832,"fetal liver, stalled replication forks, pulmonary vascular, chromatin state",0.15
832,"recent findings recent, cell multi omics, complex microbial, crispr cas based",0.0
832,"related morbidity, stage diagnosis, combination strategies, clinical intervention",0.36521739130434777
832,"role intercellular communication, testicular torsion, nanoparticle tracking analysis, mir 21 5p",0.004347826086956522
832,"therapeutic strategies including, exosomes emerging, epigenetic modulation, solid cancers",0.06739130434782609
832,"transgene expression, metabolite production, study illustrates, precise genome",0.13260869565217392
832,"web science core, mean sd age, research hotspots, 28 day mortality",0.0
833,"bla ctx, spectrum lactamase esbl, sequence types sts, coli isolates",0.017391304347826087
833,"details use execution, myosin motors, nascent chain, origin life",0.34130434782608693
833,"editorial emerging, author correction, g2 phase, model pd",0.0
833,"fetal liver, stalled replication forks, pulmonary vascular, chromatin state",0.09782608695652172
833,"recent findings recent, cell multi omics, complex microbial, crispr cas based",0.0
833,"related morbidity, stage diagnosis, combination strategies, clinical intervention",0.32826086956521733
833,"role intercellular communication, testicular torsion, nanoparticle tracking analysis, mir 21 5p",0.03260869565217391
833,"therapeutic strategies including, exosomes emerging, epigenetic modulation, solid cancers",0.06956521739130435
833,"transgene expression, metabolite production, study illustrates, precise genome",0.11304347826086956
833,"web science core, mean sd age, research hotspots, 28 day mortality",0.0
834,"bla ctx, spectrum lactamase esbl, sequence types sts, coli isolates",0.0
834,"details use execution, myosin motors, nascent chain, origin life",0.16956521739130437
834,"editorial emerging, author correction, g2 phase, model pd",0.02391304347826087
834,"fetal liver, stalled replication forks, pulmonary vascular, chromatin state",0.15217391304347827
834,"recent findings recent, cell multi omics, complex microbial, crispr cas based",0.0
834,"related morbidity, stage diagnosis, combination strategies, clinical intervention",0.4956521739130434
834,"role intercellular communication, testicular torsion, nanoparticle tracking analysis, mir 21 5p",0.004347826086956522
834,"therapeutic strategies including, exosomes emerging, epigenetic modulation, solid cancers",0.03260869565217391
834,"transgene expression, metabolite production, study illustrates, precise genome",0.1217391304347826
834,"web science core, mean sd age, research hotspots, 28 day mortality",0.0
835,"bla ctx, spectrum lactamase esbl, sequence types sts, coli isolates",0.010869565217391304
835,"details use execution, myosin motors, nascent chain, origin life",0.41956521739130437
835,"editorial emerging, author correction, g2 phase, model pd",0.002173913043478261
835,"fetal liver, stalled replication forks, pulmonary vascular, chromatin state",0.1
835,"recent findings recent, cell multi omics, complex microbial, crispr cas based",0.0
835,"related morbidity, stage diagnosis, combination strategies, clinical intervention",0.35000000000000003
835,"role intercellular communication, testicular torsion, nanoparticle tracking analysis, mir 21 5p",0.004347826086956522
835,"therapeutic strategies including, exosomes emerging, epigenetic modulation, solid cancers",0.04782608695652174
835,"transgene expression, metabolite production, study illustrates, precise genome",0.06521739130434782
835,"web science core, mean sd age, research hotspots, 28 day mortality",0.0
836,"bla ctx, spectrum lactamase esbl, sequence types sts, coli isolates",0.008695652173913044
836,"details use execution, myosin motors, nascent chain, origin life",0.3782608695652174
836,"editorial emerging, author correction, g2 phase, model pd",0.0
836,"fetal liver, stalled replication forks, pulmonary vascular, chromatin state",0.06739130434782609
836,"recent findings recent, cell multi omics, complex microbial, crispr cas based",0.0
836,"related morbidity, stage diagnosis, combination strategies, clinical intervention",0.3978260869565218
836,"role intercellular communication, testicular torsion, nanoparticle tracking analysis, mir 21 5p",0.004347826086956522
836,"therapeutic strategies including, exosomes emerging, epigenetic modulation, solid cancers",0.04565217391304348
836,"transgene expression, metabolite production, study illustrates, precise genome",0.09782608695652174
836,"web science core, mean sd age, research hotspots, 28 day mortality",0.0
837,"bla ctx, spectrum lactamase esbl, sequence types sts, coli isolates",0.008695652173913044
837,"details use execution, myosin motors, nascent chain, origin life",0.33695652173913043
837,"editorial emerging, author correction, g2 phase, model pd",0.002173913043478261
837,"fetal liver, stalled replication forks, pulmonary vascular, chromatin state",0.10869565217391304
837,"recent findings recent, cell multi omics, complex microbial, crispr cas based",0.0
837,"related morbidity, stage diagnosis, combination strategies, clinical intervention",0.458695652173913
837,"role intercellular communication, testicular torsion, nanoparticle tracking analysis, mir 21 5p",0.002173913043478261
837,"therapeutic strategies including, exosomes emerging, epigenetic modulation, solid cancers",0.03695652173913044
837,"transgene expression, metabolite production, study illustrates, precise genome",0.04565217391304348
837,"web science core, mean sd age, research hotspots, 28 day mortality",0.0
838,"bla ctx, spectrum lactamase esbl, sequence types sts, coli isolates",0.004347826086956522
838,"details use execution, myosin motors, nascent chain, origin life",0.3086956521739131
838,"editorial emerging, author correction, g2 phase, model pd",0.05434782608695652
838,"fetal liver, stalled replication forks, pulmonary vascular, chromatin state",0.10217391304347828
838,"recent findings recent, cell multi omics, complex microbial, crispr cas based",0.0
838,"related morbidity, stage diagnosis, combination strategies, clinical intervention",0.3804347826086957
838,"role intercellular communication, testicular torsion, nanoparticle tracking analysis, mir 21 5p",0.034782608695652174
838,"therapeutic strategies including, exosomes emerging, epigenetic modulation, solid cancers",0.002173913043478261
838,"transgene expression, metabolite production, study illustrates, precise genome",0.11304347826086956
838,"web science core, mean sd age, research hotspots, 28 day mortality",0.0
839,"bla ctx, spectrum lactamase esbl, sequence types sts, coli isolates",0.004347826086956522
839,"details use execution, myosin motors, nascent chain, origin life",0.3
839,"editorial emerging, author correction, g2 phase, model pd",0.02391304347826087
839,"fetal liver, stalled replication forks, pulmonary vascular, chromatin state",0.02826086956521739
839,"recent findings recent, cell multi omics, complex microbial, crispr cas based",0.0
839,"related morbidity, stage diagnosis, combination strategies, clinical intervention",0.5478260869565217
839,"role intercellular communication, testicular torsion, nanoparticle tracking analysis, mir 21 5p",0.0
839,"therapeutic strategies including, exosomes emerging, epigenetic modulation, solid cancers",0.0391304347826087
839,"transgene expression, metabolite production, study illustrates, precise genome",0.05652173913043478
839,"web science core, mean sd age, research hotspots, 28 day mortality",0.0
840,"bla ctx, spectrum lactamase esbl, sequence types sts, coli isolates",0.008695652173913044
840,"details use execution, myosin motors, nascent chain, origin life",0.25
840,"editorial emerging, author correction, g2 phase, model pd",0.02391304347826087
840,"fetal liver, stalled replication forks, pulmonary vascular, chromatin state",0.02826086956521739
840,"recent findings recent, cell multi omics, complex microbial, crispr cas based",0.0
840,"related morbidity, stage diagnosis, combination strategies, clinical intervention",0.5760869565217391
840,"role intercellular communication, testicular torsion, nanoparticle tracking analysis, mir 21 5p",0.002173913043478261
840,"therapeutic strategies including, exosomes emerging, epigenetic modulation, solid cancers",0.03695652173913044
840,"transgene expression, metabolite production, study illustrates, precise genome",0.07391304347826087
840,"web science core, mean sd age, research hotspots, 28 day mortality",0.0
841,"bla ctx, spectrum lactamase esbl, sequence types sts, coli isolates",0.013043478260869565
841,"details use execution, myosin motors, nascent chain, origin life",0.28043478260869564
841,"editorial emerging, author correction, g2 phase, model pd",0.03260869565217391
841,"fetal liver, stalled replication forks, pulmonary vascular, chromatin state",0.06304347826086958
841,"recent findings recent, cell multi omics, complex microbial, crispr cas based",0.0
841,"related morbidity, stage diagnosis, combination strategies, clinical intervention",0.41739130434782606
841,"role intercellular communication, testicular torsion, nanoparticle tracking analysis, mir 21 5p",0.0391304347826087
841,"therapeutic strategies including, exosomes emerging, epigenetic modulation, solid cancers",0.004347826086956522
841,"transgene expression, metabolite production, study illustrates, precise genome",0.13478260869565217
841,"web science core, mean sd age, research hotspots, 28 day mortality",0.015217391304347825
842,"bla ctx, spectrum lactamase esbl, sequence types sts, coli isolates",0.017391304347826087
842,"details use execution, myosin motors, nascent chain, origin life",0.391304347826087
842,"editorial emerging, author correction, g2 phase, model pd",0.05434782608695652
842,"fetal liver, stalled replication forks, pulmonary vascular, chromatin state",0.0782608695652174
842,"recent findings recent, cell multi omics, complex microbial, crispr cas based",0.0
842,"related morbidity, stage diagnosis, combination strategies, clinical intervention",0.2673913043478261
842,"role intercellular communication, testicular torsion, nanoparticle tracking analysis, mir 21 5p",0.010869565217391304
842,"therapeutic strategies including, exosomes emerging, epigenetic modulation, solid cancers",0.006521739130434784
842,"transgene expression, metabolite production, study illustrates, precise genome",0.15869565217391304
842,"web science core, mean sd age, research hotspots, 28 day mortality",0.015217391304347825
843,"bla ctx, spectrum lactamase esbl, sequence types sts, coli isolates",0.004347826086956522
843,"details use execution, myosin motors, nascent chain, origin life",0.35217391304347834
843,"editorial emerging, author correction, g2 phase, model pd",0.03260869565217391
843,"fetal liver, stalled replication forks, pulmonary vascular, chromatin state",0.09347826086956523
843,"recent findings recent, cell multi omics, complex microbial, crispr cas based",0.0
843,"related morbidity, stage diagnosis, combination strategies, clinical intervention",0.3195652173913044
843,"role intercellular communication, testicular torsion, nanoparticle tracking analysis, mir 21 5p",0.034782608695652174
843,"therapeutic strategies including, exosomes emerging, epigenetic modulation, solid cancers",0.013043478260869565
843,"transgene expression, metabolite production, study illustrates, precise genome",0.15
843,"web science core, mean sd age, research hotspots, 28 day mortality",0.0
844,"bla ctx, spectrum lactamase esbl, sequence types sts, coli isolates",0.008695652173913044
844,"details use execution, myosin motors, nascent chain, origin life",0.20652173913043478
844,"editorial emerging, author correction, g2 phase, model pd",0.03260869565217391
844,"fetal liver, stalled replication forks, pulmonary vascular, chromatin state",0.13695652173913042
844,"recent findings recent, cell multi omics, complex microbial, crispr cas based",0.0
844,"related morbidity, stage diagnosis, combination strategies, clinical intervention",0.42391304347826086
844,"role intercellular communication, testicular torsion, nanoparticle tracking analysis, mir 21 5p",0.002173913043478261
844,"therapeutic strategies including, exosomes emerging, epigenetic modulation, solid cancers",0.034782608695652174
844,"transgene expression, metabolite production, study illustrates, precise genome",0.15434782608695652
844,"web science core, mean sd age, research hotspots, 28 day mortality",0.0
845,"bla ctx, spectrum lactamase esbl, sequence types sts, coli isolates",0.0
845,"details use execution, myosin motors, nascent chain, origin life",0.25869565217391305
845,"editorial emerging, author correction, g2 phase, model pd",0.0
845,"fetal liver, stalled replication forks, pulmonary vascular, chromatin state",0.13043478260869565
845,"recent findings recent, cell multi omics, complex microbial, crispr cas based",0.0
845,"related morbidity, stage diagnosis, combination strategies, clinical intervention",0.42826086956521736
845,"role intercellular communication, testicular torsion, nanoparticle tracking analysis, mir 21 5p",0.002173913043478261
845,"therapeutic strategies including, exosomes emerging, epigenetic modulation, solid cancers",0.09999999999999999
845,"transgene expression, metabolite production, study illustrates, precise genome",0.08043478260869566
845,"web science core, mean sd age, research hotspots, 28 day mortality",0.0
846,"bla ctx, spectrum lactamase esbl, sequence types sts, coli isolates",0.002173913043478261
846,"details use execution, myosin motors, nascent chain, origin life",0.39565217391304347
846,"editorial emerging, author correction, g2 phase, model pd",0.0
846,"fetal liver, stalled replication forks, pulmonary vascular, chromatin state",0.08913043478260871
846,"recent findings recent, cell multi omics, complex microbial, crispr cas based",0.0
846,"related morbidity, stage diagnosis, combination strategies, clinical intervention",0.3521739130434782
846,"role intercellular communication, testicular torsion, nanoparticle tracking analysis, mir 21 5p",0.03695652173913044
846,"therapeutic strategies including, exosomes emerging, epigenetic modulation, solid cancers",0.08043478260869566
846,"transgene expression, metabolite production, study illustrates, precise genome",0.043478260869565216
846,"web science core, mean sd age, research hotspots, 28 day mortality",0.0
847,"bla ctx, spectrum lactamase esbl, sequence types sts, coli isolates",0.010869565217391304
847,"details use execution, myosin motors, nascent chain, origin life",0.391304347826087
847,"editorial emerging, author correction, g2 phase, model pd",0.0
847,"fetal liver, stalled replication forks, pulmonary vascular, chromatin state",0.05652173913043478
847,"recent findings recent, cell multi omics, complex microbial, crispr cas based",0.0
847,"related morbidity, stage diagnosis, combination strategies, clinical intervention",0.42391304347826086
847,"role intercellular communication, testicular torsion, nanoparticle tracking analysis, mir 21 5p",0.03260869565217391
847,"therapeutic strategies including, exosomes emerging, epigenetic modulation, solid cancers",0.015217391304347825
847,"transgene expression, metabolite production, study illustrates, precise genome",0.06956521739130435
847,"web science core, mean sd age, research hotspots, 28 day mortality",0.0
848,"bla ctx, spectrum lactamase esbl, sequence types sts, coli isolates",0.004347826086956522
848,"details use execution, myosin motors, nascent chain, origin life",0.34347826086956523
848,"editorial emerging, author correction, g2 phase, model pd",0.0
848,"fetal liver, stalled replication forks, pulmonary vascular, chromatin state",0.11304347826086956
848,"recent findings recent, cell multi omics, complex microbial, crispr cas based",0.0
848,"related morbidity, stage diagnosis, combination strategies, clinical intervention",0.39782608695652166
848,"role intercellular communication, testicular torsion, nanoparticle tracking analysis, mir 21 5p",0.0
848,"therapeutic strategies including, exosomes emerging, epigenetic modulation, solid cancers",0.05217391304347826
848,"transgene expression, metabolite production, study illustrates, precise genome",0.08913043478260871
848,"web science core, mean sd age, research hotspots, 28 day mortality",0.0
849,"bla ctx, spectrum lactamase esbl, sequence types sts, coli isolates",0.002173913043478261
849,"details use execution, myosin motors, nascent chain, origin life",0.1391304347826087
849,"editorial emerging, author correction, g2 phase, model pd",0.002173913043478261
849,"fetal liver, stalled replication forks, pulmonary vascular, chromatin state",0.07391304347826087
849,"recent findings recent, cell multi omics, complex microbial, crispr cas based",0.0
849,"related morbidity, stage diagnosis, combination strategies, clinical intervention",0.6413043478260869
849,"role intercellular communication, testicular torsion, nanoparticle tracking analysis, mir 21 5p",0.03260869565217391
849,"therapeutic strategies including, exosomes emerging, epigenetic modulation, solid cancers",0.019565217391304346
849,"transgene expression, metabolite production, study illustrates, precise genome",0.0891304347826087
849,"web science core, mean sd age, research hotspots, 28 day mortality",0.0
850,"bla ctx, spectrum lactamase esbl, sequence types sts, coli isolates",0.015217391304347825
850,"details use execution, myosin motors, nascent chain, origin life",0.3282608695652174
850,"editorial emerging, author correction, g2 phase, model pd",0.03260869565217391
850,"fetal liver, stalled replication forks, pulmonary vascular, chromatin state",0.0891304347826087
850,"recent findings recent, cell multi omics, complex microbial, crispr cas based",0.0
850,"related morbidity, stage diagnosis, combination strategies, clinical intervention",0.34347826086956523
850,"role intercellular communication, testicular torsion, nanoparticle tracking analysis, mir 21 5p",0.004347826086956522
850,"therapeutic strategies including, exosomes emerging, epigenetic modulation, solid cancers",0.05
850,"transgene expression, metabolite production, study illustrates, precise genome",0.13695652173913042
850,"web science core, mean sd age, research hotspots, 28 day mortality",0.0
851,"bla ctx, spectrum lactamase esbl, sequence types sts, coli isolates",0.006521739130434784
851,"details use execution, myosin motors, nascent chain, origin life",0.3065217391304348
851,"editorial emerging, author correction, g2 phase, model pd",0.03260869565217391
851,"fetal liver, stalled replication forks, pulmonary vascular, chromatin state",0.12826086956521737
851,"recent findings recent, cell multi omics, complex microbial, crispr cas based",0.0
851,"related morbidity, stage diagnosis, combination strategies, clinical intervention",0.34782608695652173
851,"role intercellular communication, testicular torsion, nanoparticle tracking analysis, mir 21 5p",0.034782608695652174
851,"therapeutic strategies including, exosomes emerging, epigenetic modulation, solid cancers",0.028260869565217398
851,"transgene expression, metabolite production, study illustrates, precise genome",0.11521739130434783
851,"web science core, mean sd age, research hotspots, 28 day mortality",0.0
852,"bla ctx, spectrum lactamase esbl, sequence types sts, coli isolates",0.008695652173913044
852,"details use execution, myosin motors, nascent chain, origin life",0.25
852,"editorial emerging, author correction, g2 phase, model pd",0.0
852,"fetal liver, stalled replication forks, pulmonary vascular, chromatin state",0.08260869565217392
852,"recent findings recent, cell multi omics, complex microbial, crispr cas based",0.0
852,"related morbidity, stage diagnosis, combination strategies, clinical intervention",0.4956521739130435
852,"role intercellular communication, testicular torsion, nanoparticle tracking analysis, mir 21 5p",0.002173913043478261
852,"therapeutic strategies including, exosomes emerging, epigenetic modulation, solid cancers",0.010869565217391304
852,"transgene expression, metabolite production, study illustrates, precise genome",0.15
852,"web science core, mean sd age, research hotspots, 28 day mortality",0.0
853,"bla ctx, spectrum lactamase esbl, sequence types sts, coli isolates",0.004347826086956522
853,"details use execution, myosin motors, nascent chain, origin life",0.3086956521739131
853,"editorial emerging, author correction, g2 phase, model pd",0.03260869565217391
853,"fetal liver, stalled replication forks, pulmonary vascular, chromatin state",0.07608695652173914
853,"recent findings recent, cell multi omics, complex microbial, crispr cas based",0.0
853,"related morbidity, stage diagnosis, combination strategies, clinical intervention",0.32826086956521744
853,"role intercellular communication, testicular torsion, nanoparticle tracking analysis, mir 21 5p",0.034782608695652174
853,"therapeutic strategies including, exosomes emerging, epigenetic modulation, solid cancers",0.04565217391304348
853,"transgene expression, metabolite production, study illustrates, precise genome",0.16956521739130437
853,"web science core, mean sd age, research hotspots, 28 day mortality",0.0
854,"bla ctx, spectrum lactamase esbl, sequence types sts, coli isolates",0.01956521739130435
854,"details use execution, myosin motors, nascent chain, origin life",0.38913043478260867
854,"editorial emerging, author correction, g2 phase, model pd",0.021739130434782608
854,"fetal liver, stalled replication forks, pulmonary vascular, chromatin state",0.03695652173913044
854,"recent findings recent, cell multi omics, complex microbial, crispr cas based",0.0
854,"related morbidity, stage diagnosis, combination strategies, clinical intervention",0.35434782608695653
854,"role intercellular communication, testicular torsion, nanoparticle tracking analysis, mir 21 5p",0.010869565217391304
854,"therapeutic strategies including, exosomes emerging, epigenetic modulation, solid cancers",0.04565217391304348
854,"transgene expression, metabolite production, study illustrates, precise genome",0.10652173913043476
854,"web science core, mean sd age, research hotspots, 28 day mortality",0.015217391304347825
855,"bla ctx, spectrum lactamase esbl, sequence types sts, coli isolates",0.004347826086956522
855,"details use execution, myosin motors, nascent chain, origin life",0.22391304347826088
855,"editorial emerging, author correction, g2 phase, model pd",0.02391304347826087
855,"fetal liver, stalled replication forks, pulmonary vascular, chromatin state",0.09782608695652174
855,"recent findings recent, cell multi omics, complex microbial, crispr cas based",0.0
855,"related morbidity, stage diagnosis, combination strategies, clinical intervention",0.39347826086956517
855,"role intercellular communication, testicular torsion, nanoparticle tracking analysis, mir 21 5p",0.03260869565217391
855,"therapeutic strategies including, exosomes emerging, epigenetic modulation, solid cancers",0.06521739130434782
855,"transgene expression, metabolite production, study illustrates, precise genome",0.15869565217391302
855,"web science core, mean sd age, research hotspots, 28 day mortality",0.0
856,"bla ctx, spectrum lactamase esbl, sequence types sts, coli isolates",0.0
856,"details use execution, myosin motors, nascent chain, origin life",0.13043478260869565
856,"editorial emerging, author correction, g2 phase, model pd",0.034782608695652174
856,"fetal liver, stalled replication forks, pulmonary vascular, chromatin state",0.11086956521739132
856,"recent findings recent, cell multi omics, complex microbial, crispr cas based",0.0
856,"related morbidity, stage diagnosis, combination strategies, clinical intervention",0.5217391304347825
856,"role intercellular communication, testicular torsion, nanoparticle tracking analysis, mir 21 5p",0.0
856,"therapeutic strategies including, exosomes emerging, epigenetic modulation, solid cancers",0.10217391304347824
856,"transgene expression, metabolite production, study illustrates, precise genome",0.09999999999999999
856,"web science core, mean sd age, research hotspots, 28 day mortality",0.0
857,"bla ctx, spectrum lactamase esbl, sequence types sts, coli isolates",0.017391304347826087
857,"details use execution, myosin motors, nascent chain, origin life",0.1760869565217391
857,"editorial emerging, author correction, g2 phase, model pd",0.02391304347826087
857,"fetal liver, stalled replication forks, pulmonary vascular, chromatin state",0.14565217391304347
857,"recent findings recent, cell multi omics, complex microbial, crispr cas based",0.0
857,"related morbidity, stage diagnosis, combination strategies, clinical intervention",0.39347826086956517
857,"role intercellular communication, testicular torsion, nanoparticle tracking analysis, mir 21 5p",0.008695652173913044
857,"therapeutic strategies including, exosomes emerging, epigenetic modulation, solid cancers",0.07173913043478261
857,"transgene expression, metabolite production, study illustrates, precise genome",0.14782608695652175
857,"web science core, mean sd age, research hotspots, 28 day mortality",0.015217391304347825
858,"bla ctx, spectrum lactamase esbl, sequence types sts, coli isolates",0.002173913043478261
858,"details use execution, myosin motors, nascent chain, origin life",0.1826086956521739
858,"editorial emerging, author correction, g2 phase, model pd",0.002173913043478261
858,"fetal liver, stalled replication forks, pulmonary vascular, chromatin state",0.0847826086956522
858,"recent findings recent, cell multi omics, complex microbial, crispr cas based",0.0
858,"related morbidity, stage diagnosis, combination strategies, clinical intervention",0.5347826086956521
858,"role intercellular communication, testicular torsion, nanoparticle tracking analysis, mir 21 5p",0.03260869565217391
858,"therapeutic strategies including, exosomes emerging, epigenetic modulation, solid cancers",0.08260869565217392
858,"transgene expression, metabolite production, study illustrates, precise genome",0.0782608695652174
858,"web science core, mean sd age, research hotspots, 28 day mortality",0.0
859,"bla ctx, spectrum lactamase esbl, sequence types sts, coli isolates",0.002173913043478261
859,"details use execution, myosin motors, nascent chain, origin life",0.1391304347826087
859,"editorial emerging, author correction, g2 phase, model pd",0.02391304347826087
859,"fetal liver, stalled replication forks, pulmonary vascular, chromatin state",0.13695652173913042
859,"recent findings recent, cell multi omics, complex microbial, crispr cas based",0.0
859,"related morbidity, stage diagnosis, combination strategies, clinical intervention",0.49782608695652164
859,"role intercellular communication, testicular torsion, nanoparticle tracking analysis, mir 21 5p",0.03260869565217391
859,"therapeutic strategies including, exosomes emerging, epigenetic modulation, solid cancers",0.06304347826086958
859,"transgene expression, metabolite production, study illustrates, precise genome",0.10434782608695652
859,"web science core, mean sd age, research hotspots, 28 day mortality",0.0
860,"bla ctx, spectrum lactamase esbl, sequence types sts, coli isolates",0.013043478260869565
860,"details use execution, myosin motors, nascent chain, origin life",0.1391304347826087
860,"editorial emerging, author correction, g2 phase, model pd",0.05434782608695652
860,"fetal liver, stalled replication forks, pulmonary vascular, chromatin state",0.08478260869565218
860,"recent findings recent, cell multi omics, complex microbial, crispr cas based",0.0
860,"related morbidity, stage diagnosis, combination strategies, clinical intervention",0.5217391304347826
860,"role intercellular communication, testicular torsion, nanoparticle tracking analysis, mir 21 5p",0.006521739130434782
860,"therapeutic strategies including, exosomes emerging, epigenetic modulation, solid cancers",0.03043478260869565
860,"transgene expression, metabolite production, study illustrates, precise genome",0.13478260869565217
860,"web science core, mean sd age, research hotspots, 28 day mortality",0.015217391304347825
861,"bla ctx, spectrum lactamase esbl, sequence types sts, coli isolates",0.010869565217391304
861,"details use execution, myosin motors, nascent chain, origin life",0.22608695652173913
861,"editorial emerging, author correction, g2 phase, model pd",0.034782608695652174
861,"fetal liver, stalled replication forks, pulmonary vascular, chromatin state",0.12608695652173912
861,"recent findings recent, cell multi omics, complex microbial, crispr cas based",0.0
861,"related morbidity, stage diagnosis, combination strategies, clinical intervention",0.4456521739130434
861,"role intercellular communication, testicular torsion, nanoparticle tracking analysis, mir 21 5p",0.008695652173913044
861,"therapeutic strategies including, exosomes emerging, epigenetic modulation, solid cancers",0.03260869565217391
861,"transgene expression, metabolite production, study illustrates, precise genome",0.1
861,"web science core, mean sd age, research hotspots, 28 day mortality",0.015217391304347825
862,"bla ctx, spectrum lactamase esbl, sequence types sts, coli isolates",0.015217391304347827
862,"details use execution, myosin motors, nascent chain, origin life",0.2434782608695652
862,"editorial emerging, author correction, g2 phase, model pd",0.034782608695652174
862,"fetal liver, stalled replication forks, pulmonary vascular, chromatin state",0.06521739130434784
862,"recent findings recent, cell multi omics, complex microbial, crispr cas based",0.0
862,"related morbidity, stage diagnosis, combination strategies, clinical intervention",0.4891304347826086
862,"role intercellular communication, testicular torsion, nanoparticle tracking analysis, mir 21 5p",0.002173913043478261
862,"therapeutic strategies including, exosomes emerging, epigenetic modulation, solid cancers",0.058695652173913045
862,"transgene expression, metabolite production, study illustrates, precise genome",0.09130434782608696
862,"web science core, mean sd age, research hotspots, 28 day mortality",0.0
863,"bla ctx, spectrum lactamase esbl, sequence types sts, coli isolates",0.008695652173913044
863,"details use execution, myosin motors, nascent chain, origin life",0.29347826086956524
863,"editorial emerging, author correction, g2 phase, model pd",0.02391304347826087
863,"fetal liver, stalled replication forks, pulmonary vascular, chromatin state",0.08260869565217391
863,"recent findings recent, cell multi omics, complex microbial, crispr cas based",0.0
863,"related morbidity, stage diagnosis, combination strategies, clinical intervention",0.3978260869565218
863,"role intercellular communication, testicular torsion, nanoparticle tracking analysis, mir 21 5p",0.002173913043478261
863,"therapeutic strategies including, exosomes emerging, epigenetic modulation, solid cancers",0.03695652173913044
863,"transgene expression, metabolite production, study illustrates, precise genome",0.15434782608695655
863,"web science core, mean sd age, research hotspots, 28 day mortality",0.0
864,"bla ctx, spectrum lactamase esbl, sequence types sts, coli isolates",0.002173913043478261
864,"details use execution, myosin motors, nascent chain, origin life",0.3130434782608696
864,"editorial emerging, author correction, g2 phase, model pd",0.0
864,"fetal liver, stalled replication forks, pulmonary vascular, chromatin state",0.1326086956521739
864,"recent findings recent, cell multi omics, complex microbial, crispr cas based",0.0
864,"related morbidity, stage diagnosis, combination strategies, clinical intervention",0.3717391304347826
864,"role intercellular communication, testicular torsion, nanoparticle tracking analysis, mir 21 5p",0.03260869565217391
864,"therapeutic strategies including, exosomes emerging, epigenetic modulation, solid cancers",0.03260869565217391
864,"transgene expression, metabolite production, study illustrates, precise genome",0.1152173913043478
864,"web science core, mean sd age, research hotspots, 28 day mortality",0.0
865,"bla ctx, spectrum lactamase esbl, sequence types sts, coli isolates",0.002173913043478261
865,"details use execution, myosin motors, nascent chain, origin life",0.25869565217391305
865,"editorial emerging, author correction, g2 phase, model pd",0.034782608695652174
865,"fetal liver, stalled replication forks, pulmonary vascular, chromatin state",0.11739130434782609
865,"recent findings recent, cell multi omics, complex microbial, crispr cas based",0.0
865,"related morbidity, stage diagnosis, combination strategies, clinical intervention",0.3760869565217391
865,"role intercellular communication, testicular torsion, nanoparticle tracking analysis, mir 21 5p",0.0
865,"therapeutic strategies including, exosomes emerging, epigenetic modulation, solid cancers",0.05434782608695652
865,"transgene expression, metabolite production, study illustrates, precise genome",0.1565217391304348
865,"web science core, mean sd age, research hotspots, 28 day mortality",0.0
866,"bla ctx, spectrum lactamase esbl, sequence types sts, coli isolates",0.004347826086956522
866,"details use execution, myosin motors, nascent chain, origin life",0.31086956521739134
866,"editorial emerging, author correction, g2 phase, model pd",0.021739130434782608
866,"fetal liver, stalled replication forks, pulmonary vascular, chromatin state",0.09999999999999999
866,"recent findings recent, cell multi omics, complex microbial, crispr cas based",0.0
866,"related morbidity, stage diagnosis, combination strategies, clinical intervention",0.35
866,"role intercellular communication, testicular torsion, nanoparticle tracking analysis, mir 21 5p",0.03260869565217391
866,"therapeutic strategies including, exosomes emerging, epigenetic modulation, solid cancers",0.07608695652173914
866,"transgene expression, metabolite production, study illustrates, precise genome",0.1043478260869565
866,"web science core, mean sd age, research hotspots, 28 day mortality",0.0
867,"bla ctx, spectrum lactamase esbl, sequence types sts, coli isolates",0.008695652173913044
867,"details use execution, myosin motors, nascent chain, origin life",0.25
867,"editorial emerging, author correction, g2 phase, model pd",0.03260869565217391
867,"fetal liver, stalled replication forks, pulmonary vascular, chromatin state",0.11086956521739132
867,"recent findings recent, cell multi omics, complex microbial, crispr cas based",0.0
867,"related morbidity, stage diagnosis, combination strategies, clinical intervention",0.41304347826086957
867,"role intercellular communication, testicular torsion, nanoparticle tracking analysis, mir 21 5p",0.002173913043478261
867,"therapeutic strategies including, exosomes emerging, epigenetic modulation, solid cancers",0.041304347826086954
867,"transgene expression, metabolite production, study illustrates, precise genome",0.14130434782608695
867,"web science core, mean sd age, research hotspots, 28 day mortality",0.0
868,"bla ctx, spectrum lactamase esbl, sequence types sts, coli isolates",0.026086956521739136
868,"details use execution, myosin motors, nascent chain, origin life",0.42826086956521736
868,"editorial emerging, author correction, g2 phase, model pd",0.002173913043478261
868,"fetal liver, stalled replication forks, pulmonary vascular, chromatin state",0.05434782608695652
868,"recent findings recent, cell multi omics, complex microbial, crispr cas based",0.0
868,"related morbidity, stage diagnosis, combination strategies, clinical intervention",0.3456521739130434
868,"role intercellular communication, testicular torsion, nanoparticle tracking analysis, mir 21 5p",0.008695652173913044
868,"therapeutic strategies including, exosomes emerging, epigenetic modulation, solid cancers",0.026086956521739136
868,"transgene expression, metabolite production, study illustrates, precise genome",0.09347826086956522
868,"web science core, mean sd age, research hotspots, 28 day mortality",0.015217391304347825
869,"bla ctx, spectrum lactamase esbl, sequence types sts, coli isolates",0.008695652173913044
869,"details use execution, myosin motors, nascent chain, origin life",0.25217391304347825
869,"editorial emerging, author correction, g2 phase, model pd",0.05652173913043478
869,"fetal liver, stalled replication forks, pulmonary vascular, chromatin state",0.10652173913043476
869,"recent findings recent, cell multi omics, complex microbial, crispr cas based",0.0
869,"related morbidity, stage diagnosis, combination strategies, clinical intervention",0.4
869,"role intercellular communication, testicular torsion, nanoparticle tracking analysis, mir 21 5p",0.0
869,"therapeutic strategies including, exosomes emerging, epigenetic modulation, solid cancers",0.058695652173913045
869,"transgene expression, metabolite production, study illustrates, precise genome",0.11739130434782609
869,"web science core, mean sd age, research hotspots, 28 day mortality",0.0
870,"bla ctx, spectrum lactamase esbl, sequence types sts, coli isolates",0.01956521739130435
870,"details use execution, myosin motors, nascent chain, origin life",0.18695652173913044
870,"editorial emerging, author correction, g2 phase, model pd",0.034782608695652174
870,"fetal liver, stalled replication forks, pulmonary vascular, chromatin state",0.10434782608695652
870,"recent findings recent, cell multi omics, complex microbial, crispr cas based",0.0
870,"related morbidity, stage diagnosis, combination strategies, clinical intervention",0.41521739130434776
870,"role intercellular communication, testicular torsion, nanoparticle tracking analysis, mir 21 5p",0.0391304347826087
870,"therapeutic strategies including, exosomes emerging, epigenetic modulation, solid cancers",0.07391304347826087
870,"transgene expression, metabolite production, study illustrates, precise genome",0.1108695652173913
870,"web science core, mean sd age, research hotspots, 28 day mortality",0.015217391304347825
871,"bla ctx, spectrum lactamase esbl, sequence types sts, coli isolates",0.008695652173913044
871,"details use execution, myosin motors, nascent chain, origin life",0.29130434782608694
871,"editorial emerging, author correction, g2 phase, model pd",0.0
871,"fetal liver, stalled replication forks, pulmonary vascular, chromatin state",0.10217391304347824
871,"recent findings recent, cell multi omics, complex microbial, crispr cas based",0.0
871,"related morbidity, stage diagnosis, combination strategies, clinical intervention",0.47608695652173916
871,"role intercellular communication, testicular torsion, nanoparticle tracking analysis, mir 21 5p",0.004347826086956522
871,"therapeutic strategies including, exosomes emerging, epigenetic modulation, solid cancers",0.049999999999999996
871,"transgene expression, metabolite production, study illustrates, precise genome",0.06739130434782609
871,"web science core, mean sd age, research hotspots, 28 day mortality",0.0
872,"bla ctx, spectrum lactamase esbl, sequence types sts, coli isolates",0.015217391304347825
872,"details use execution, myosin motors, nascent chain, origin life",0.31086956521739134
872,"editorial emerging, author correction, g2 phase, model pd",0.0
872,"fetal liver, stalled replication forks, pulmonary vascular, chromatin state",0.07608695652173914
872,"recent findings recent, cell multi omics, complex microbial, crispr cas based",0.0
872,"related morbidity, stage diagnosis, combination strategies, clinical intervention",0.4391304347826086
872,"role intercellular communication, testicular torsion, nanoparticle tracking analysis, mir 21 5p",0.006521739130434782
872,"therapeutic strategies including, exosomes emerging, epigenetic modulation, solid cancers",0.05217391304347827
872,"transgene expression, metabolite production, study illustrates, precise genome",0.08478260869565218
872,"web science core, mean sd age, research hotspots, 28 day mortality",0.015217391304347825
873,"bla ctx, spectrum lactamase esbl, sequence types sts, coli isolates",0.004347826086956522
873,"details use execution, myosin motors, nascent chain, origin life",0.2673913043478261
873,"editorial emerging, author correction, g2 phase, model pd",0.0
873,"fetal liver, stalled replication forks, pulmonary vascular, chromatin state",0.13260869565217392
873,"recent findings recent, cell multi omics, complex microbial, crispr cas based",0.0
873,"related morbidity, stage diagnosis, combination strategies, clinical intervention",0.44782608695652176
873,"role intercellular communication, testicular torsion, nanoparticle tracking analysis, mir 21 5p",0.03260869565217391
873,"therapeutic strategies including, exosomes emerging, epigenetic modulation, solid cancers",0.02608695652173913
873,"transgene expression, metabolite production, study illustrates, precise genome",0.0891304347826087
873,"web science core, mean sd age, research hotspots, 28 day mortality",0.0
874,"bla ctx, spectrum lactamase esbl, sequence types sts, coli isolates",0.021739130434782608
874,"details use execution, myosin motors, nascent chain, origin life",0.3565217391304348
874,"editorial emerging, author correction, g2 phase, model pd",0.03260869565217391
874,"fetal liver, stalled replication forks, pulmonary vascular, chromatin state",0.07173913043478261
874,"recent findings recent, cell multi omics, complex microbial, crispr cas based",0.0
874,"related morbidity, stage diagnosis, combination strategies, clinical intervention",0.33695652173913043
874,"role intercellular communication, testicular torsion, nanoparticle tracking analysis, mir 21 5p",0.04130434782608696
874,"therapeutic strategies including, exosomes emerging, epigenetic modulation, solid cancers",0.026086956521739136
874,"transgene expression, metabolite production, study illustrates, precise genome",0.09782608695652174
874,"web science core, mean sd age, research hotspots, 28 day mortality",0.015217391304347825
875,"bla ctx, spectrum lactamase esbl, sequence types sts, coli isolates",0.006521739130434784
875,"details use execution, myosin motors, nascent chain, origin life",0.2521739130434783
875,"editorial emerging, author correction, g2 phase, model pd",0.0
875,"fetal liver, stalled replication forks, pulmonary vascular, chromatin state",0.11086956521739132
875,"recent findings recent, cell multi omics, complex microbial, crispr cas based",0.0
875,"related morbidity, stage diagnosis, combination strategies, clinical intervention",0.3847826086956522
875,"role intercellular communication, testicular torsion, nanoparticle tracking analysis, mir 21 5p",0.002173913043478261
875,"therapeutic strategies including, exosomes emerging, epigenetic modulation, solid cancers",0.09782608695652174
875,"transgene expression, metabolite production, study illustrates, precise genome",0.14565217391304347
875,"web science core, mean sd age, research hotspots, 28 day mortality",0.0
876,"bla ctx, spectrum lactamase esbl, sequence types sts, coli isolates",0.006521739130434782
876,"details use execution, myosin motors, nascent chain, origin life",0.2217391304347826
876,"editorial emerging, author correction, g2 phase, model pd",0.0
876,"fetal liver, stalled replication forks, pulmonary vascular, chromatin state",0.1152173913043478
876,"recent findings recent, cell multi omics, complex microbial, crispr cas based",0.0
876,"related morbidity, stage diagnosis, combination strategies, clinical intervention",0.39999999999999997
876,"role intercellular communication, testicular torsion, nanoparticle tracking analysis, mir 21 5p",0.03260869565217391
876,"therapeutic strategies including, exosomes emerging, epigenetic modulation, solid cancers",0.08260869565217391
876,"transgene expression, metabolite production, study illustrates, precise genome",0.14130434782608695
876,"web science core, mean sd age, research hotspots, 28 day mortality",0.0
877,"bla ctx, spectrum lactamase esbl, sequence types sts, coli isolates",0.006521739130434784
877,"details use execution, myosin motors, nascent chain, origin life",0.3826086956521739
877,"editorial emerging, author correction, g2 phase, model pd",0.03260869565217391
877,"fetal liver, stalled replication forks, pulmonary vascular, chromatin state",0.07391304347826089
877,"recent findings recent, cell multi omics, complex microbial, crispr cas based",0.0
877,"related morbidity, stage diagnosis, combination strategies, clinical intervention",0.37173913043478257
877,"role intercellular communication, testicular torsion, nanoparticle tracking analysis, mir 21 5p",0.002173913043478261
877,"therapeutic strategies including, exosomes emerging, epigenetic modulation, solid cancers",0.06956521739130435
877,"transgene expression, metabolite production, study illustrates, precise genome",0.06086956521739131
877,"web science core, mean sd age, research hotspots, 28 day mortality",0.0
878,"bla ctx, spectrum lactamase esbl, sequence types sts, coli isolates",0.010869565217391304
878,"details use execution, myosin motors, nascent chain, origin life",0.18478260869565216
878,"editorial emerging, author correction, g2 phase, model pd",0.0
878,"fetal liver, stalled replication forks, pulmonary vascular, chromatin state",0.0391304347826087
878,"recent findings recent, cell multi omics, complex microbial, crispr cas based",0.0
878,"related morbidity, stage diagnosis, combination strategies, clinical intervention",0.584782608695652
878,"role intercellular communication, testicular torsion, nanoparticle tracking analysis, mir 21 5p",0.006521739130434782
878,"therapeutic strategies including, exosomes emerging, epigenetic modulation, solid cancers",0.06956521739130435
878,"transgene expression, metabolite production, study illustrates, precise genome",0.0891304347826087
878,"web science core, mean sd age, research hotspots, 28 day mortality",0.015217391304347825
879,"bla ctx, spectrum lactamase esbl, sequence types sts, coli isolates",0.013043478260869568
879,"details use execution, myosin motors, nascent chain, origin life",0.29130434782608694
879,"editorial emerging, author correction, g2 phase, model pd",0.034782608695652174
879,"fetal liver, stalled replication forks, pulmonary vascular, chromatin state",0.03695652173913044
879,"recent findings recent, cell multi omics, complex microbial, crispr cas based",0.0
879,"related morbidity, stage diagnosis, combination strategies, clinical intervention",0.44782608695652176
879,"role intercellular communication, testicular torsion, nanoparticle tracking analysis, mir 21 5p",0.0
879,"therapeutic strategies including, exosomes emerging, epigenetic modulation, solid cancers",0.10217391304347827
879,"transgene expression, metabolite production, study illustrates, precise genome",0.07391304347826087
879,"web science core, mean sd age, research hotspots, 28 day mortality",0.0
880,"bla ctx, spectrum lactamase esbl, sequence types sts, coli isolates",0.010869565217391304
880,"details use execution, myosin motors, nascent chain, origin life",0.10652173913043479
880,"editorial emerging, author correction, g2 phase, model pd",0.002173913043478261
880,"fetal liver, stalled replication forks, pulmonary vascular, chromatin state",0.08913043478260871
880,"recent findings recent, cell multi omics, complex microbial, crispr cas based",0.0
880,"related morbidity, stage diagnosis, combination strategies, clinical intervention",0.5347826086956521
880,"role intercellular communication, testicular torsion, nanoparticle tracking analysis, mir 21 5p",0.04130434782608696
880,"therapeutic strategies including, exosomes emerging, epigenetic modulation, solid cancers",0.08043478260869566
880,"transgene expression, metabolite production, study illustrates, precise genome",0.11956521739130435
880,"web science core, mean sd age, research hotspots, 28 day mortality",0.015217391304347825
881,"bla ctx, spectrum lactamase esbl, sequence types sts, coli isolates",0.015217391304347825
881,"details use execution, myosin motors, nascent chain, origin life",0.35434782608695653
881,"editorial emerging, author correction, g2 phase, model pd",0.021739130434782608
881,"fetal liver, stalled replication forks, pulmonary vascular, chromatin state",0.1217391304347826
881,"recent findings recent, cell multi omics, complex microbial, crispr cas based",0.0
881,"related morbidity, stage diagnosis, combination strategies, clinical intervention",0.31956521739130433
881,"role intercellular communication, testicular torsion, nanoparticle tracking analysis, mir 21 5p",0.006521739130434782
881,"therapeutic strategies including, exosomes emerging, epigenetic modulation, solid cancers",0.02826086956521739
881,"transgene expression, metabolite production, study illustrates, precise genome",0.11739130434782608
881,"web science core, mean sd age, research hotspots, 28 day mortality",0.015217391304347825
882,"bla ctx, spectrum lactamase esbl, sequence types sts, coli isolates",0.0
882,"details use execution, myosin motors, nascent chain, origin life",0.17391304347826086
882,"editorial emerging, author correction, g2 phase, model pd",0.03260869565217391
882,"fetal liver, stalled replication forks, pulmonary vascular, chromatin state",0.05434782608695652
882,"recent findings recent, cell multi omics, complex microbial, crispr cas based",0.0
882,"related morbidity, stage diagnosis, combination strategies, clinical intervention",0.5434782608695653
882,"role intercellular communication, testicular torsion, nanoparticle tracking analysis, mir 21 5p",0.0
882,"therapeutic strategies including, exosomes emerging, epigenetic modulation, solid cancers",0.10217391304347824
882,"transgene expression, metabolite production, study illustrates, precise genome",0.09347826086956519
882,"web science core, mean sd age, research hotspots, 28 day mortality",0.0
883,"bla ctx, spectrum lactamase esbl, sequence types sts, coli isolates",0.013043478260869568
883,"details use execution, myosin motors, nascent chain, origin life",0.29130434782608694
883,"editorial emerging, author correction, g2 phase, model pd",0.05434782608695652
883,"fetal liver, stalled replication forks, pulmonary vascular, chromatin state",0.07608695652173912
883,"recent findings recent, cell multi omics, complex microbial, crispr cas based",0.0
883,"related morbidity, stage diagnosis, combination strategies, clinical intervention",0.3804347826086957
883,"role intercellular communication, testicular torsion, nanoparticle tracking analysis, mir 21 5p",0.0
883,"therapeutic strategies including, exosomes emerging, epigenetic modulation, solid cancers",0.06956521739130435
883,"transgene expression, metabolite production, study illustrates, precise genome",0.11521739130434783
883,"web science core, mean sd age, research hotspots, 28 day mortality",0.0
884,"bla ctx, spectrum lactamase esbl, sequence types sts, coli isolates",0.004347826086956522
884,"details use execution, myosin motors, nascent chain, origin life",0.33913043478260874
884,"editorial emerging, author correction, g2 phase, model pd",0.034782608695652174
884,"fetal liver, stalled replication forks, pulmonary vascular, chromatin state",0.08043478260869565
884,"recent findings recent, cell multi omics, complex microbial, crispr cas based",0.0
884,"related morbidity, stage diagnosis, combination strategies, clinical intervention",0.44565217391304346
884,"role intercellular communication, testicular torsion, nanoparticle tracking analysis, mir 21 5p",0.004347826086956522
884,"therapeutic strategies including, exosomes emerging, epigenetic modulation, solid cancers",0.02391304347826087
884,"transgene expression, metabolite production, study illustrates, precise genome",0.06739130434782609
884,"web science core, mean sd age, research hotspots, 28 day mortality",0.0
885,"bla ctx, spectrum lactamase esbl, sequence types sts, coli isolates",0.01956521739130435
885,"details use execution, myosin motors, nascent chain, origin life",0.30434782608695654
885,"editorial emerging, author correction, g2 phase, model pd",0.0
885,"fetal liver, stalled replication forks, pulmonary vascular, chromatin state",0.09999999999999999
885,"recent findings recent, cell multi omics, complex microbial, crispr cas based",0.0
885,"related morbidity, stage diagnosis, combination strategies, clinical intervention",0.40434782608695646
885,"role intercellular communication, testicular torsion, nanoparticle tracking analysis, mir 21 5p",0.008695652173913044
885,"therapeutic strategies including, exosomes emerging, epigenetic modulation, solid cancers",0.015217391304347825
885,"transgene expression, metabolite production, study illustrates, precise genome",0.1326086956521739
885,"web science core, mean sd age, research hotspots, 28 day mortality",0.015217391304347825
886,"bla ctx, spectrum lactamase esbl, sequence types sts, coli isolates",0.015217391304347825
886,"details use execution, myosin motors, nascent chain, origin life",0.45
886,"editorial emerging, author correction, g2 phase, model pd",0.002173913043478261
886,"fetal liver, stalled replication forks, pulmonary vascular, chromatin state",0.017391304347826087
886,"recent findings recent, cell multi omics, complex microbial, crispr cas based",0.0
886,"related morbidity, stage diagnosis, combination strategies, clinical intervention",0.37826086956521743
886,"role intercellular communication, testicular torsion, nanoparticle tracking analysis, mir 21 5p",0.041304347826086954
886,"therapeutic strategies including, exosomes emerging, epigenetic modulation, solid cancers",0.034782608695652174
886,"transgene expression, metabolite production, study illustrates, precise genome",0.04565217391304348
886,"web science core, mean sd age, research hotspots, 28 day mortality",0.015217391304347825
887,"bla ctx, spectrum lactamase esbl, sequence types sts, coli isolates",0.010869565217391304
887,"details use execution, myosin motors, nascent chain, origin life",0.26956521739130435
887,"editorial emerging, author correction, g2 phase, model pd",0.034782608695652174
887,"fetal liver, stalled replication forks, pulmonary vascular, chromatin state",0.06956521739130436
887,"recent findings recent, cell multi omics, complex microbial, crispr cas based",0.0
887,"related morbidity, stage diagnosis, combination strategies, clinical intervention",0.39565217391304347
887,"role intercellular communication, testicular torsion, nanoparticle tracking analysis, mir 21 5p",0.008695652173913044
887,"therapeutic strategies including, exosomes emerging, epigenetic modulation, solid cancers",0.058695652173913045
887,"transgene expression, metabolite production, study illustrates, precise genome",0.13695652173913042
887,"web science core, mean sd age, research hotspots, 28 day mortality",0.015217391304347825
888,"bla ctx, spectrum lactamase esbl, sequence types sts, coli isolates",0.004347826086956522
888,"details use execution, myosin motors, nascent chain, origin life",0.21304347826086958
888,"editorial emerging, author correction, g2 phase, model pd",0.021739130434782608
888,"fetal liver, stalled replication forks, pulmonary vascular, chromatin state",0.11956521739130435
888,"recent findings recent, cell multi omics, complex microbial, crispr cas based",0.0
888,"related morbidity, stage diagnosis, combination strategies, clinical intervention",0.43913043478260866
888,"role intercellular communication, testicular torsion, nanoparticle tracking analysis, mir 21 5p",0.0
888,"therapeutic strategies including, exosomes emerging, epigenetic modulation, solid cancers",0.04565217391304348
888,"transgene expression, metabolite production, study illustrates, precise genome",0.15652173913043474
888,"web science core, mean sd age, research hotspots, 28 day mortality",0.0
889,"bla ctx, spectrum lactamase esbl, sequence types sts, coli isolates",0.004347826086956522
889,"details use execution, myosin motors, nascent chain, origin life",0.16739130434782606
889,"editorial emerging, author correction, g2 phase, model pd",0.002173913043478261
889,"fetal liver, stalled replication forks, pulmonary vascular, chromatin state",0.1326086956521739
889,"recent findings recent, cell multi omics, complex microbial, crispr cas based",0.0
889,"related morbidity, stage diagnosis, combination strategies, clinical intervention",0.4739130434782609
889,"role intercellular communication, testicular torsion, nanoparticle tracking analysis, mir 21 5p",0.002173913043478261
889,"therapeutic strategies including, exosomes emerging, epigenetic modulation, solid cancers",0.06521739130434782
889,"transgene expression, metabolite production, study illustrates, precise genome",0.15217391304347827
889,"web science core, mean sd age, research hotspots, 28 day mortality",0.0
890,"bla ctx, spectrum lactamase esbl, sequence types sts, coli isolates",0.004347826086956522
890,"details use execution, myosin motors, nascent chain, origin life",0.34347826086956523
890,"editorial emerging, author correction, g2 phase, model pd",0.0
890,"fetal liver, stalled replication forks, pulmonary vascular, chromatin state",0.07173913043478261
890,"recent findings recent, cell multi omics, complex microbial, crispr cas based",0.0
890,"related morbidity, stage diagnosis, combination strategies, clinical intervention",0.417391304347826
890,"role intercellular communication, testicular torsion, nanoparticle tracking analysis, mir 21 5p",0.0
890,"therapeutic strategies including, exosomes emerging, epigenetic modulation, solid cancers",0.06956521739130435
890,"transgene expression, metabolite production, study illustrates, precise genome",0.09347826086956522
890,"web science core, mean sd age, research hotspots, 28 day mortality",0.0
891,"bla ctx, spectrum lactamase esbl, sequence types sts, coli isolates",0.021739130434782608
891,"details use execution, myosin motors, nascent chain, origin life",0.2717391304347826
891,"editorial emerging, author correction, g2 phase, model pd",0.03260869565217391
891,"fetal liver, stalled replication forks, pulmonary vascular, chromatin state",0.10869565217391304
891,"recent findings recent, cell multi omics, complex microbial, crispr cas based",0.0
891,"related morbidity, stage diagnosis, combination strategies, clinical intervention",0.3739130434782609
891,"role intercellular communication, testicular torsion, nanoparticle tracking analysis, mir 21 5p",0.0391304347826087
891,"therapeutic strategies including, exosomes emerging, epigenetic modulation, solid cancers",0.026086956521739136
891,"transgene expression, metabolite production, study illustrates, precise genome",0.1108695652173913
891,"web science core, mean sd age, research hotspots, 28 day mortality",0.015217391304347825
892,"bla ctx, spectrum lactamase esbl, sequence types sts, coli isolates",0.017391304347826087
892,"details use execution, myosin motors, nascent chain, origin life",0.35217391304347834
892,"editorial emerging, author correction, g2 phase, model pd",0.03260869565217391
892,"fetal liver, stalled replication forks, pulmonary vascular, chromatin state",0.11304347826086956
892,"recent findings recent, cell multi omics, complex microbial, crispr cas based",0.0
892,"related morbidity, stage diagnosis, combination strategies, clinical intervention",0.3282608695652174
892,"role intercellular communication, testicular torsion, nanoparticle tracking analysis, mir 21 5p",0.006521739130434782
892,"therapeutic strategies including, exosomes emerging, epigenetic modulation, solid cancers",0.017391304347826087
892,"transgene expression, metabolite production, study illustrates, precise genome",0.11739130434782609
892,"web science core, mean sd age, research hotspots, 28 day mortality",0.015217391304347825
893,"bla ctx, spectrum lactamase esbl, sequence types sts, coli isolates",0.02391304347826087
893,"details use execution, myosin motors, nascent chain, origin life",0.3456521739130435
893,"editorial emerging, author correction, g2 phase, model pd",0.03260869565217391
893,"fetal liver, stalled replication forks, pulmonary vascular, chromatin state",0.14130434782608695
893,"recent findings recent, cell multi omics, complex microbial, crispr cas based",0.0
893,"related morbidity, stage diagnosis, combination strategies, clinical intervention",0.30434782608695654
893,"role intercellular communication, testicular torsion, nanoparticle tracking analysis, mir 21 5p",0.006521739130434782
893,"therapeutic strategies including, exosomes emerging, epigenetic modulation, solid cancers",0.015217391304347825
893,"transgene expression, metabolite production, study illustrates, precise genome",0.1152173913043478
893,"web science core, mean sd age, research hotspots, 28 day mortality",0.015217391304347825
894,"bla ctx, spectrum lactamase esbl, sequence types sts, coli isolates",0.013043478260869565
894,"details use execution, myosin motors, nascent chain, origin life",0.2673913043478261
894,"editorial emerging, author correction, g2 phase, model pd",0.02391304347826087
894,"fetal liver, stalled replication forks, pulmonary vascular, chromatin state",0.09782608695652174
894,"recent findings recent, cell multi omics, complex microbial, crispr cas based",0.0
894,"related morbidity, stage diagnosis, combination strategies, clinical intervention",0.4347826086956523
894,"role intercellular communication, testicular torsion, nanoparticle tracking analysis, mir 21 5p",0.008695652173913044
894,"therapeutic strategies including, exosomes emerging, epigenetic modulation, solid cancers",0.04782608695652174
894,"transgene expression, metabolite production, study illustrates, precise genome",0.09130434782608694
894,"web science core, mean sd age, research hotspots, 28 day mortality",0.015217391304347825
895,"bla ctx, spectrum lactamase esbl, sequence types sts, coli isolates",0.017391304347826087
895,"details use execution, myosin motors, nascent chain, origin life",0.26521739130434785
895,"editorial emerging, author correction, g2 phase, model pd",0.02391304347826087
895,"fetal liver, stalled replication forks, pulmonary vascular, chromatin state",0.08695652173913043
895,"recent findings recent, cell multi omics, complex microbial, crispr cas based",0.0
895,"related morbidity, stage diagnosis, combination strategies, clinical intervention",0.48260869565217396
895,"role intercellular communication, testicular torsion, nanoparticle tracking analysis, mir 21 5p",0.006521739130434782
895,"therapeutic strategies including, exosomes emerging, epigenetic modulation, solid cancers",0.010869565217391304
895,"transgene expression, metabolite production, study illustrates, precise genome",0.09130434782608696
895,"web science core, mean sd age, research hotspots, 28 day mortality",0.015217391304347825
896,"bla ctx, spectrum lactamase esbl, sequence types sts, coli isolates",0.017391304347826087
896,"details use execution, myosin motors, nascent chain, origin life",0.35000000000000003
896,"editorial emerging, author correction, g2 phase, model pd",0.0
896,"fetal liver, stalled replication forks, pulmonary vascular, chromatin state",0.058695652173913045
896,"recent findings recent, cell multi omics, complex microbial, crispr cas based",0.0
896,"related morbidity, stage diagnosis, combination strategies, clinical intervention",0.4282608695652173
896,"role intercellular communication, testicular torsion, nanoparticle tracking analysis, mir 21 5p",0.008695652173913044
896,"therapeutic strategies including, exosomes emerging, epigenetic modulation, solid cancers",0.0391304347826087
896,"transgene expression, metabolite production, study illustrates, precise genome",0.08260869565217391
896,"web science core, mean sd age, research hotspots, 28 day mortality",0.015217391304347825
897,"bla ctx, spectrum lactamase esbl, sequence types sts, coli isolates",0.004347826086956522
897,"details use execution, myosin motors, nascent chain, origin life",0.2543478260869565
897,"editorial emerging, author correction, g2 phase, model pd",0.034782608695652174
897,"fetal liver, stalled replication forks, pulmonary vascular, chromatin state",0.16304347826086957
897,"recent findings recent, cell multi omics, complex microbial, crispr cas based",0.0
897,"related morbidity, stage diagnosis, combination strategies, clinical intervention",0.4
897,"role intercellular communication, testicular torsion, nanoparticle tracking analysis, mir 21 5p",0.002173913043478261
897,"therapeutic strategies including, exosomes emerging, epigenetic modulation, solid cancers",0.017391304347826087
897,"transgene expression, metabolite production, study illustrates, precise genome",0.12391304347826085
897,"web science core, mean sd age, research hotspots, 28 day mortality",0.0
898,"bla ctx, spectrum lactamase esbl, sequence types sts, coli isolates",0.002173913043478261
898,"details use execution, myosin motors, nascent chain, origin life",0.22391304347826088
898,"editorial emerging, author correction, g2 phase, model pd",0.021739130434782608
898,"fetal liver, stalled replication forks, pulmonary vascular, chromatin state",0.13043478260869562
898,"recent findings recent, cell multi omics, complex microbial, crispr cas based",0.0
898,"related morbidity, stage diagnosis, combination strategies, clinical intervention",0.4369565217391304
898,"role intercellular communication, testicular torsion, nanoparticle tracking analysis, mir 21 5p",0.034782608695652174
898,"therapeutic strategies including, exosomes emerging, epigenetic modulation, solid cancers",0.023913043478260867
898,"transgene expression, metabolite production, study illustrates, precise genome",0.12608695652173912
898,"web science core, mean sd age, research hotspots, 28 day mortality",0.0
899,"bla ctx, spectrum lactamase esbl, sequence types sts, coli isolates",0.002173913043478261
899,"details use execution, myosin motors, nascent chain, origin life",0.35434782608695653
899,"editorial emerging, author correction, g2 phase, model pd",0.021739130434782608
899,"fetal liver, stalled replication forks, pulmonary vascular, chromatin state",0.0673913043478261
899,"recent findings recent, cell multi omics, complex microbial, crispr cas based",0.0
899,"related morbidity, stage diagnosis, combination strategies, clinical intervention",0.36739130434782613
899,"role intercellular communication, testicular torsion, nanoparticle tracking analysis, mir 21 5p",0.034782608695652174
899,"therapeutic strategies including, exosomes emerging, epigenetic modulation, solid cancers",0.03260869565217391
899,"transgene expression, metabolite production, study illustrates, precise genome",0.11956521739130435
899,"web science core, mean sd age, research hotspots, 28 day mortality",0.0
900,"bla ctx, spectrum lactamase esbl, sequence types sts, coli isolates",0.02608695652173913
900,"details use execution, myosin motors, nascent chain, origin life",0.3086956521739131
900,"editorial emerging, author correction, g2 phase, model pd",0.021739130434782608
900,"fetal liver, stalled replication forks, pulmonary vascular, chromatin state",0.1565217391304348
900,"recent findings recent, cell multi omics, complex microbial, crispr cas based",0.0
900,"related morbidity, stage diagnosis, combination strategies, clinical intervention",0.23695652173913045
900,"role intercellular communication, testicular torsion, nanoparticle tracking analysis, mir 21 5p",0.041304347826086954
900,"therapeutic strategies including, exosomes emerging, epigenetic modulation, solid cancers",0.03260869565217391
900,"transgene expression, metabolite production, study illustrates, precise genome",0.16086956521739132
900,"web science core, mean sd age, research hotspots, 28 day mortality",0.015217391304347825
901,"bla ctx, spectrum lactamase esbl, sequence types sts, coli isolates",0.010869565217391304
901,"details use execution, myosin motors, nascent chain, origin life",0.258695652173913
901,"editorial emerging, author correction, g2 phase, model pd",0.05652173913043478
901,"fetal liver, stalled replication forks, pulmonary vascular, chromatin state",0.05434782608695652
901,"recent findings recent, cell multi omics, complex microbial, crispr cas based",0.0
901,"related morbidity, stage diagnosis, combination strategies, clinical intervention",0.42173913043478267
901,"role intercellular communication, testicular torsion, nanoparticle tracking analysis, mir 21 5p",0.034782608695652174
901,"therapeutic strategies including, exosomes emerging, epigenetic modulation, solid cancers",0.019565217391304346
901,"transgene expression, metabolite production, study illustrates, precise genome",0.14347826086956522
901,"web science core, mean sd age, research hotspots, 28 day mortality",0.0
902,"bla ctx, spectrum lactamase esbl, sequence types sts, coli isolates",0.0
902,"details use execution, myosin motors, nascent chain, origin life",0.22608695652173913
902,"editorial emerging, author correction, g2 phase, model pd",0.002173913043478261
902,"fetal liver, stalled replication forks, pulmonary vascular, chromatin state",0.1217391304347826
902,"recent findings recent, cell multi omics, complex microbial, crispr cas based",0.0
902,"related morbidity, stage diagnosis, combination strategies, clinical intervention",0.48260869565217385
902,"role intercellular communication, testicular torsion, nanoparticle tracking analysis, mir 21 5p",0.034782608695652174
902,"therapeutic strategies including, exosomes emerging, epigenetic modulation, solid cancers",0.05217391304347827
902,"transgene expression, metabolite production, study illustrates, precise genome",0.08043478260869566
902,"web science core, mean sd age, research hotspots, 28 day mortality",0.0
903,"bla ctx, spectrum lactamase esbl, sequence types sts, coli isolates",0.0
903,"details use execution, myosin motors, nascent chain, origin life",0.1826086956521739
903,"editorial emerging, author correction, g2 phase, model pd",0.03260869565217391
903,"fetal liver, stalled replication forks, pulmonary vascular, chromatin state",0.07173913043478261
903,"recent findings recent, cell multi omics, complex microbial, crispr cas based",0.0
903,"related morbidity, stage diagnosis, combination strategies, clinical intervention",0.4782608695652174
903,"role intercellular communication, testicular torsion, nanoparticle tracking analysis, mir 21 5p",0.034782608695652174
903,"therapeutic strategies including, exosomes emerging, epigenetic modulation, solid cancers",0.058695652173913045
903,"transgene expression, metabolite production, study illustrates, precise genome",0.14130434782608695
903,"web science core, mean sd age, research hotspots, 28 day mortality",0.0
904,"bla ctx, spectrum lactamase esbl, sequence types sts, coli isolates",0.008695652173913044
904,"details use execution, myosin motors, nascent chain, origin life",0.3804347826086957
904,"editorial emerging, author correction, g2 phase, model pd",0.0
904,"fetal liver, stalled replication forks, pulmonary vascular, chromatin state",0.049999999999999996
904,"recent findings recent, cell multi omics, complex microbial, crispr cas based",0.0
904,"related morbidity, stage diagnosis, combination strategies, clinical intervention",0.46304347826086956
904,"role intercellular communication, testicular torsion, nanoparticle tracking analysis, mir 21 5p",0.002173913043478261
904,"therapeutic strategies including, exosomes emerging, epigenetic modulation, solid cancers",0.02391304347826087
904,"transgene expression, metabolite production, study illustrates, precise genome",0.07173913043478261
904,"web science core, mean sd age, research hotspots, 28 day mortality",0.0
905,"bla ctx, spectrum lactamase esbl, sequence types sts, coli isolates",0.004347826086956522
905,"details use execution, myosin motors, nascent chain, origin life",0.42826086956521736
905,"editorial emerging, author correction, g2 phase, model pd",0.034782608695652174
905,"fetal liver, stalled replication forks, pulmonary vascular, chromatin state",0.05652173913043478
905,"recent findings recent, cell multi omics, complex microbial, crispr cas based",0.0
905,"related morbidity, stage diagnosis, combination strategies, clinical intervention",0.3347826086956522
905,"role intercellular communication, testicular torsion, nanoparticle tracking analysis, mir 21 5p",0.002173913043478261
905,"therapeutic strategies including, exosomes emerging, epigenetic modulation, solid cancers",0.06521739130434782
905,"transgene expression, metabolite production, study illustrates, precise genome",0.07391304347826087
905,"web science core, mean sd age, research hotspots, 28 day mortality",0.0
906,"bla ctx, spectrum lactamase esbl, sequence types sts, coli isolates",0.006521739130434784
906,"details use execution, myosin motors, nascent chain, origin life",0.3391304347826087
906,"editorial emerging, author correction, g2 phase, model pd",0.02391304347826087
906,"fetal liver, stalled replication forks, pulmonary vascular, chromatin state",0.0673913043478261
906,"recent findings recent, cell multi omics, complex microbial, crispr cas based",0.0
906,"related morbidity, stage diagnosis, combination strategies, clinical intervention",0.3521739130434782
906,"role intercellular communication, testicular torsion, nanoparticle tracking analysis, mir 21 5p",0.002173913043478261
906,"therapeutic strategies including, exosomes emerging, epigenetic modulation, solid cancers",0.07608695652173914
906,"transgene expression, metabolite production, study illustrates, precise genome",0.13260869565217392
906,"web science core, mean sd age, research hotspots, 28 day mortality",0.0
907,"bla ctx, spectrum lactamase esbl, sequence types sts, coli isolates",0.0
907,"details use execution, myosin motors, nascent chain, origin life",0.22608695652173913
907,"editorial emerging, author correction, g2 phase, model pd",0.05652173913043478
907,"fetal liver, stalled replication forks, pulmonary vascular, chromatin state",0.1108695652173913
907,"recent findings recent, cell multi omics, complex microbial, crispr cas based",0.0
907,"related morbidity, stage diagnosis, combination strategies, clinical intervention",0.3934782608695652
907,"role intercellular communication, testicular torsion, nanoparticle tracking analysis, mir 21 5p",0.034782608695652174
907,"therapeutic strategies including, exosomes emerging, epigenetic modulation, solid cancers",0.034782608695652174
907,"transgene expression, metabolite production, study illustrates, precise genome",0.14347826086956522
907,"web science core, mean sd age, research hotspots, 28 day mortality",0.0
908,"bla ctx, spectrum lactamase esbl, sequence types sts, coli isolates",0.010869565217391304
908,"details use execution, myosin motors, nascent chain, origin life",0.22608695652173913
908,"editorial emerging, author correction, g2 phase, model pd",0.03260869565217391
908,"fetal liver, stalled replication forks, pulmonary vascular, chromatin state",0.09130434782608694
908,"recent findings recent, cell multi omics, complex microbial, crispr cas based",0.0
908,"related morbidity, stage diagnosis, combination strategies, clinical intervention",0.45652173913043476
908,"role intercellular communication, testicular torsion, nanoparticle tracking analysis, mir 21 5p",0.008695652173913044
908,"therapeutic strategies including, exosomes emerging, epigenetic modulation, solid cancers",0.05
908,"transgene expression, metabolite production, study illustrates, precise genome",0.10869565217391304
908,"web science core, mean sd age, research hotspots, 28 day mortality",0.015217391304347825
909,"bla ctx, spectrum lactamase esbl, sequence types sts, coli isolates",0.002173913043478261
909,"details use execution, myosin motors, nascent chain, origin life",0.34347826086956523
909,"editorial emerging, author correction, g2 phase, model pd",0.02391304347826087
909,"fetal liver, stalled replication forks, pulmonary vascular, chromatin state",0.08043478260869566
909,"recent findings recent, cell multi omics, complex microbial, crispr cas based",0.0
909,"related morbidity, stage diagnosis, combination strategies, clinical intervention",0.41086956521739126
909,"role intercellular communication, testicular torsion, nanoparticle tracking analysis, mir 21 5p",0.002173913043478261
909,"therapeutic strategies including, exosomes emerging, epigenetic modulation, solid cancers",0.03260869565217391
909,"transgene expression, metabolite production, study illustrates, precise genome",0.10434782608695652
909,"web science core, mean sd age, research hotspots, 28 day mortality",0.0
910,"bla ctx, spectrum lactamase esbl, sequence types sts, coli isolates",0.017391304347826087
910,"details use execution, myosin motors, nascent chain, origin life",0.1782608695652174
910,"editorial emerging, author correction, g2 phase, model pd",0.021739130434782608
910,"fetal liver, stalled replication forks, pulmonary vascular, chromatin state",0.09565217391304348
910,"recent findings recent, cell multi omics, complex microbial, crispr cas based",0.0
910,"related morbidity, stage diagnosis, combination strategies, clinical intervention",0.4782608695652173
910,"role intercellular communication, testicular torsion, nanoparticle tracking analysis, mir 21 5p",0.006521739130434782
910,"therapeutic strategies including, exosomes emerging, epigenetic modulation, solid cancers",0.06739130434782609
910,"transgene expression, metabolite production, study illustrates, precise genome",0.11956521739130435
910,"web science core, mean sd age, research hotspots, 28 day mortality",0.015217391304347825
911,"bla ctx, spectrum lactamase esbl, sequence types sts, coli isolates",0.002173913043478261
911,"details use execution, myosin motors, nascent chain, origin life",0.2543478260869565
911,"editorial emerging, author correction, g2 phase, model pd",0.0
911,"fetal liver, stalled replication forks, pulmonary vascular, chromatin state",0.08478260869565217
911,"recent findings recent, cell multi omics, complex microbial, crispr cas based",0.0
911,"related morbidity, stage diagnosis, combination strategies, clinical intervention",0.517391304347826
911,"role intercellular communication, testicular torsion, nanoparticle tracking analysis, mir 21 5p",0.004347826086956522
911,"therapeutic strategies including, exosomes emerging, epigenetic modulation, solid cancers",0.02826086956521739
911,"transgene expression, metabolite production, study illustrates, precise genome",0.10869565217391303
911,"web science core, mean sd age, research hotspots, 28 day mortality",0.0
912,"bla ctx, spectrum lactamase esbl, sequence types sts, coli isolates",0.019565217391304346
912,"details use execution, myosin motors, nascent chain, origin life",0.2630434782608696
912,"editorial emerging, author correction, g2 phase, model pd",0.021739130434782608
912,"fetal liver, stalled replication forks, pulmonary vascular, chromatin state",0.09999999999999999
912,"recent findings recent, cell multi omics, complex microbial, crispr cas based",0.0
912,"related morbidity, stage diagnosis, combination strategies, clinical intervention",0.3434782608695652
912,"role intercellular communication, testicular torsion, nanoparticle tracking analysis, mir 21 5p",0.006521739130434782
912,"therapeutic strategies including, exosomes emerging, epigenetic modulation, solid cancers",0.09130434782608696
912,"transgene expression, metabolite production, study illustrates, precise genome",0.1391304347826087
912,"web science core, mean sd age, research hotspots, 28 day mortality",0.015217391304347825
913,"bla ctx, spectrum lactamase esbl, sequence types sts, coli isolates",0.002173913043478261
913,"details use execution, myosin motors, nascent chain, origin life",0.17173913043478262
913,"editorial emerging, author correction, g2 phase, model pd",0.03260869565217391
913,"fetal liver, stalled replication forks, pulmonary vascular, chromatin state",0.11956521739130435
913,"recent findings recent, cell multi omics, complex microbial, crispr cas based",0.0
913,"related morbidity, stage diagnosis, combination strategies, clinical intervention",0.5369565217391304
913,"role intercellular communication, testicular torsion, nanoparticle tracking analysis, mir 21 5p",0.0
913,"therapeutic strategies including, exosomes emerging, epigenetic modulation, solid cancers",0.023913043478260867
913,"transgene expression, metabolite production, study illustrates, precise genome",0.11304347826086956
913,"web science core, mean sd age, research hotspots, 28 day mortality",0.0
914,"bla ctx, spectrum lactamase esbl, sequence types sts, coli isolates",0.006521739130434784
914,"details use execution, myosin motors, nascent chain, origin life",0.2543478260869565
914,"editorial emerging, author correction, g2 phase, model pd",0.0
914,"fetal liver, stalled replication forks, pulmonary vascular, chromatin state",0.13043478260869565
914,"recent findings recent, cell multi omics, complex microbial, crispr cas based",0.0
914,"related morbidity, stage diagnosis, combination strategies, clinical intervention",0.45000000000000007
914,"role intercellular communication, testicular torsion, nanoparticle tracking analysis, mir 21 5p",0.0
914,"therapeutic strategies including, exosomes emerging, epigenetic modulation, solid cancers",0.041304347826086954
914,"transgene expression, metabolite production, study illustrates, precise genome",0.11739130434782608
914,"web science core, mean sd age, research hotspots, 28 day mortality",0.0
915,"bla ctx, spectrum lactamase esbl, sequence types sts, coli isolates",0.010869565217391304
915,"details use execution, myosin motors, nascent chain, origin life",0.22826086956521738
915,"editorial emerging, author correction, g2 phase, model pd",0.002173913043478261
915,"fetal liver, stalled replication forks, pulmonary vascular, chromatin state",0.12826086956521737
915,"recent findings recent, cell multi omics, complex microbial, crispr cas based",0.0
915,"related morbidity, stage diagnosis, combination strategies, clinical intervention",0.46304347826086956
915,"role intercellular communication, testicular torsion, nanoparticle tracking analysis, mir 21 5p",0.006521739130434782
915,"therapeutic strategies including, exosomes emerging, epigenetic modulation, solid cancers",0.0891304347826087
915,"transgene expression, metabolite production, study illustrates, precise genome",0.05652173913043478
915,"web science core, mean sd age, research hotspots, 28 day mortality",0.015217391304347825
916,"bla ctx, spectrum lactamase esbl, sequence types sts, coli isolates",0.004347826086956522
916,"details use execution, myosin motors, nascent chain, origin life",0.42826086956521736
916,"editorial emerging, author correction, g2 phase, model pd",0.03260869565217391
916,"fetal liver, stalled replication forks, pulmonary vascular, chromatin state",0.10652173913043479
916,"recent findings recent, cell multi omics, complex microbial, crispr cas based",0.0
916,"related morbidity, stage diagnosis, combination strategies, clinical intervention",0.3
916,"role intercellular communication, testicular torsion, nanoparticle tracking analysis, mir 21 5p",0.002173913043478261
916,"therapeutic strategies including, exosomes emerging, epigenetic modulation, solid cancers",0.04130434782608696
916,"transgene expression, metabolite production, study illustrates, precise genome",0.08478260869565217
916,"web science core, mean sd age, research hotspots, 28 day mortality",0.0
917,"bla ctx, spectrum lactamase esbl, sequence types sts, coli isolates",0.0
917,"details use execution, myosin motors, nascent chain, origin life",0.22826086956521738
917,"editorial emerging, author correction, g2 phase, model pd",0.03260869565217391
917,"fetal liver, stalled replication forks, pulmonary vascular, chromatin state",0.13260869565217392
917,"recent findings recent, cell multi omics, complex microbial, crispr cas based",0.0
917,"related morbidity, stage diagnosis, combination strategies, clinical intervention",0.4195652173913043
917,"role intercellular communication, testicular torsion, nanoparticle tracking analysis, mir 21 5p",0.03260869565217391
917,"therapeutic strategies including, exosomes emerging, epigenetic modulation, solid cancers",0.02826086956521739
917,"transgene expression, metabolite production, study illustrates, precise genome",0.1260869565217391
917,"web science core, mean sd age, research hotspots, 28 day mortality",0.0
918,"bla ctx, spectrum lactamase esbl, sequence types sts, coli isolates",0.013043478260869568
918,"details use execution, myosin motors, nascent chain, origin life",0.29130434782608694
918,"editorial emerging, author correction, g2 phase, model pd",0.0
918,"fetal liver, stalled replication forks, pulmonary vascular, chromatin state",0.09999999999999999
918,"recent findings recent, cell multi omics, complex microbial, crispr cas based",0.0
918,"related morbidity, stage diagnosis, combination strategies, clinical intervention",0.5
918,"role intercellular communication, testicular torsion, nanoparticle tracking analysis, mir 21 5p",0.0
918,"therapeutic strategies including, exosomes emerging, epigenetic modulation, solid cancers",0.034782608695652174
918,"transgene expression, metabolite production, study illustrates, precise genome",0.06086956521739131
918,"web science core, mean sd age, research hotspots, 28 day mortality",0.0
919,"bla ctx, spectrum lactamase esbl, sequence types sts, coli isolates",0.002173913043478261
919,"details use execution, myosin motors, nascent chain, origin life",0.3456521739130435
919,"editorial emerging, author correction, g2 phase, model pd",0.02391304347826087
919,"fetal liver, stalled replication forks, pulmonary vascular, chromatin state",0.09130434782608694
919,"recent findings recent, cell multi omics, complex microbial, crispr cas based",0.0
919,"related morbidity, stage diagnosis, combination strategies, clinical intervention",0.37173913043478257
919,"role intercellular communication, testicular torsion, nanoparticle tracking analysis, mir 21 5p",0.0
919,"therapeutic strategies including, exosomes emerging, epigenetic modulation, solid cancers",0.03695652173913044
919,"transgene expression, metabolite production, study illustrates, precise genome",0.1282608695652174
919,"web science core, mean sd age, research hotspots, 28 day mortality",0.0
920,"bla ctx, spectrum lactamase esbl, sequence types sts, coli isolates",0.004347826086956522
920,"details use execution, myosin motors, nascent chain, origin life",0.39347826086956517
920,"editorial emerging, author correction, g2 phase, model pd",0.0
920,"fetal liver, stalled replication forks, pulmonary vascular, chromatin state",0.05217391304347826
920,"recent findings recent, cell multi omics, complex microbial, crispr cas based",0.0
920,"related morbidity, stage diagnosis, combination strategies, clinical intervention",0.45
920,"role intercellular communication, testicular torsion, nanoparticle tracking analysis, mir 21 5p",0.03695652173913044
920,"therapeutic strategies including, exosomes emerging, epigenetic modulation, solid cancers",0.03043478260869565
920,"transgene expression, metabolite production, study illustrates, precise genome",0.03260869565217391
920,"web science core, mean sd age, research hotspots, 28 day mortality",0.0
921,"bla ctx, spectrum lactamase esbl, sequence types sts, coli isolates",0.013043478260869568
921,"details use execution, myosin motors, nascent chain, origin life",0.46304347826086956
921,"editorial emerging, author correction, g2 phase, model pd",0.0
921,"fetal liver, stalled replication forks, pulmonary vascular, chromatin state",0.07173913043478261
921,"recent findings recent, cell multi omics, complex microbial, crispr cas based",0.0
921,"related morbidity, stage diagnosis, combination strategies, clinical intervention",0.3652173913043478
921,"role intercellular communication, testicular torsion, nanoparticle tracking analysis, mir 21 5p",0.002173913043478261
921,"therapeutic strategies including, exosomes emerging, epigenetic modulation, solid cancers",0.006521739130434784
921,"transgene expression, metabolite production, study illustrates, precise genome",0.07826086956521738
921,"web science core, mean sd age, research hotspots, 28 day mortality",0.0
922,"bla ctx, spectrum lactamase esbl, sequence types sts, coli isolates",0.010869565217391304
922,"details use execution, myosin motors, nascent chain, origin life",0.3239130434782609
922,"editorial emerging, author correction, g2 phase, model pd",0.03260869565217391
922,"fetal liver, stalled replication forks, pulmonary vascular, chromatin state",0.0782608695652174
922,"recent findings recent, cell multi omics, complex microbial, crispr cas based",0.0
922,"related morbidity, stage diagnosis, combination strategies, clinical intervention",0.32173913043478264
922,"role intercellular communication, testicular torsion, nanoparticle tracking analysis, mir 21 5p",0.041304347826086954
922,"therapeutic strategies including, exosomes emerging, epigenetic modulation, solid cancers",0.049999999999999996
922,"transgene expression, metabolite production, study illustrates, precise genome",0.12608695652173912
922,"web science core, mean sd age, research hotspots, 28 day mortality",0.015217391304347825
923,"bla ctx, spectrum lactamase esbl, sequence types sts, coli isolates",0.006521739130434784
923,"details use execution, myosin motors, nascent chain, origin life",0.3391304347826087
923,"editorial emerging, author correction, g2 phase, model pd",0.021739130434782608
923,"fetal liver, stalled replication forks, pulmonary vascular, chromatin state",0.12826086956521737
923,"recent findings recent, cell multi omics, complex microbial, crispr cas based",0.0
923,"related morbidity, stage diagnosis, combination strategies, clinical intervention",0.28043478260869564
923,"role intercellular communication, testicular torsion, nanoparticle tracking analysis, mir 21 5p",0.002173913043478261
923,"therapeutic strategies including, exosomes emerging, epigenetic modulation, solid cancers",0.06086956521739131
923,"transgene expression, metabolite production, study illustrates, precise genome",0.16086956521739132
923,"web science core, mean sd age, research hotspots, 28 day mortality",0.0
924,"bla ctx, spectrum lactamase esbl, sequence types sts, coli isolates",0.013043478260869568
924,"details use execution, myosin motors, nascent chain, origin life",0.33478260869565213
924,"editorial emerging, author correction, g2 phase, model pd",0.03260869565217391
924,"fetal liver, stalled replication forks, pulmonary vascular, chromatin state",0.08695652173913043
924,"recent findings recent, cell multi omics, complex microbial, crispr cas based",0.0
924,"related morbidity, stage diagnosis, combination strategies, clinical intervention",0.3826086956521739
924,"role intercellular communication, testicular torsion, nanoparticle tracking analysis, mir 21 5p",0.0
924,"therapeutic strategies including, exosomes emerging, epigenetic modulation, solid cancers",0.05434782608695652
924,"transgene expression, metabolite production, study illustrates, precise genome",0.09565217391304348
924,"web science core, mean sd age, research hotspots, 28 day mortality",0.0
925,"bla ctx, spectrum lactamase esbl, sequence types sts, coli isolates",0.0
925,"details use execution, myosin motors, nascent chain, origin life",0.2565217391304348
925,"editorial emerging, author correction, g2 phase, model pd",0.002173913043478261
925,"fetal liver, stalled replication forks, pulmonary vascular, chromatin state",0.06304347826086958
925,"recent findings recent, cell multi omics, complex microbial, crispr cas based",0.0
925,"related morbidity, stage diagnosis, combination strategies, clinical intervention",0.49347826086956514
925,"role intercellular communication, testicular torsion, nanoparticle tracking analysis, mir 21 5p",0.004347826086956522
925,"therapeutic strategies including, exosomes emerging, epigenetic modulation, solid cancers",0.0891304347826087
925,"transgene expression, metabolite production, study illustrates, precise genome",0.09130434782608696
925,"web science core, mean sd age, research hotspots, 28 day mortality",0.0
926,"bla ctx, spectrum lactamase esbl, sequence types sts, coli isolates",0.004347826086956522
926,"details use execution, myosin motors, nascent chain, origin life",0.1673913043478261
926,"editorial emerging, author correction, g2 phase, model pd",0.03260869565217391
926,"fetal liver, stalled replication forks, pulmonary vascular, chromatin state",0.13043478260869565
926,"recent findings recent, cell multi omics, complex microbial, crispr cas based",0.0
926,"related morbidity, stage diagnosis, combination strategies, clinical intervention",0.5456521739130434
926,"role intercellular communication, testicular torsion, nanoparticle tracking analysis, mir 21 5p",0.002173913043478261
926,"therapeutic strategies including, exosomes emerging, epigenetic modulation, solid cancers",0.02391304347826087
926,"transgene expression, metabolite production, study illustrates, precise genome",0.09347826086956523
926,"web science core, mean sd age, research hotspots, 28 day mortality",0.0
927,"bla ctx, spectrum lactamase esbl, sequence types sts, coli isolates",0.008695652173913044
927,"details use execution, myosin motors, nascent chain, origin life",0.43478260869565216
927,"editorial emerging, author correction, g2 phase, model pd",0.002173913043478261
927,"fetal liver, stalled replication forks, pulmonary vascular, chromatin state",0.09565217391304348
927,"recent findings recent, cell multi omics, complex microbial, crispr cas based",0.0
927,"related morbidity, stage diagnosis, combination strategies, clinical intervention",0.27608695652173915
927,"role intercellular communication, testicular torsion, nanoparticle tracking analysis, mir 21 5p",0.034782608695652174
927,"therapeutic strategies including, exosomes emerging, epigenetic modulation, solid cancers",0.058695652173913045
927,"transgene expression, metabolite production, study illustrates, precise genome",0.0891304347826087
927,"web science core, mean sd age, research hotspots, 28 day mortality",0.0
928,"bla ctx, spectrum lactamase esbl, sequence types sts, coli isolates",0.021739130434782608
928,"details use execution, myosin motors, nascent chain, origin life",0.30217391304347824
928,"editorial emerging, author correction, g2 phase, model pd",0.0
928,"fetal liver, stalled replication forks, pulmonary vascular, chromatin state",0.13478260869565217
928,"recent findings recent, cell multi omics, complex microbial, crispr cas based",0.0
928,"related morbidity, stage diagnosis, combination strategies, clinical intervention",0.34782608695652173
928,"role intercellular communication, testicular torsion, nanoparticle tracking analysis, mir 21 5p",0.008695652173913044
928,"therapeutic strategies including, exosomes emerging, epigenetic modulation, solid cancers",0.034782608695652174
928,"transgene expression, metabolite production, study illustrates, precise genome",0.13478260869565215
928,"web science core, mean sd age, research hotspots, 28 day mortality",0.015217391304347825
929,"bla ctx, spectrum lactamase esbl, sequence types sts, coli isolates",0.017391304347826087
929,"details use execution, myosin motors, nascent chain, origin life",0.26521739130434785
929,"editorial emerging, author correction, g2 phase, model pd",0.0
929,"fetal liver, stalled replication forks, pulmonary vascular, chromatin state",0.12173913043478261
929,"recent findings recent, cell multi omics, complex microbial, crispr cas based",0.0
929,"related morbidity, stage diagnosis, combination strategies, clinical intervention",0.3739130434782609
929,"role intercellular communication, testicular torsion, nanoparticle tracking analysis, mir 21 5p",0.006521739130434782
929,"therapeutic strategies including, exosomes emerging, epigenetic modulation, solid cancers",0.04130434782608696
929,"transgene expression, metabolite production, study illustrates, precise genome",0.15869565217391302
929,"web science core, mean sd age, research hotspots, 28 day mortality",0.015217391304347825
930,"bla ctx, spectrum lactamase esbl, sequence types sts, coli isolates",0.006521739130434784
930,"details use execution, myosin motors, nascent chain, origin life",0.3826086956521739
930,"editorial emerging, author correction, g2 phase, model pd",0.03260869565217391
930,"fetal liver, stalled replication forks, pulmonary vascular, chromatin state",0.1
930,"recent findings recent, cell multi omics, complex microbial, crispr cas based",0.0
930,"related morbidity, stage diagnosis, combination strategies, clinical intervention",0.33478260869565224
930,"role intercellular communication, testicular torsion, nanoparticle tracking analysis, mir 21 5p",0.002173913043478261
930,"therapeutic strategies including, exosomes emerging, epigenetic modulation, solid cancers",0.03695652173913044
930,"transgene expression, metabolite production, study illustrates, precise genome",0.1043478260869565
930,"web science core, mean sd age, research hotspots, 28 day mortality",0.0
931,"bla ctx, spectrum lactamase esbl, sequence types sts, coli isolates",0.021739130434782608
931,"details use execution, myosin motors, nascent chain, origin life",0.25869565217391305
931,"editorial emerging, author correction, g2 phase, model pd",0.02391304347826087
931,"fetal liver, stalled replication forks, pulmonary vascular, chromatin state",0.0782608695652174
931,"recent findings recent, cell multi omics, complex microbial, crispr cas based",0.0
931,"related morbidity, stage diagnosis, combination strategies, clinical intervention",0.4304347826086956
931,"role intercellular communication, testicular torsion, nanoparticle tracking analysis, mir 21 5p",0.008695652173913044
931,"therapeutic strategies including, exosomes emerging, epigenetic modulation, solid cancers",0.004347826086956522
931,"transgene expression, metabolite production, study illustrates, precise genome",0.15869565217391302
931,"web science core, mean sd age, research hotspots, 28 day mortality",0.015217391304347825
932,"bla ctx, spectrum lactamase esbl, sequence types sts, coli isolates",0.004347826086956522
932,"details use execution, myosin motors, nascent chain, origin life",0.2565217391304348
932,"editorial emerging, author correction, g2 phase, model pd",0.05434782608695652
932,"fetal liver, stalled replication forks, pulmonary vascular, chromatin state",0.09999999999999999
932,"recent findings recent, cell multi omics, complex microbial, crispr cas based",0.0
932,"related morbidity, stage diagnosis, combination strategies, clinical intervention",0.3695652173913043
932,"role intercellular communication, testicular torsion, nanoparticle tracking analysis, mir 21 5p",0.0
932,"therapeutic strategies including, exosomes emerging, epigenetic modulation, solid cancers",0.07391304347826087
932,"transgene expression, metabolite production, study illustrates, precise genome",0.14130434782608695
932,"web science core, mean sd age, research hotspots, 28 day mortality",0.0
933,"bla ctx, spectrum lactamase esbl, sequence types sts, coli isolates",0.002173913043478261
933,"details use execution, myosin motors, nascent chain, origin life",0.44130434782608696
933,"editorial emerging, author correction, g2 phase, model pd",0.021739130434782608
933,"fetal liver, stalled replication forks, pulmonary vascular, chromatin state",0.056521739130434796
933,"recent findings recent, cell multi omics, complex microbial, crispr cas based",0.0
933,"related morbidity, stage diagnosis, combination strategies, clinical intervention",0.2913043478260869
933,"role intercellular communication, testicular torsion, nanoparticle tracking analysis, mir 21 5p",0.034782608695652174
933,"therapeutic strategies including, exosomes emerging, epigenetic modulation, solid cancers",0.0608695652173913
933,"transgene expression, metabolite production, study illustrates, precise genome",0.09130434782608696
933,"web science core, mean sd age, research hotspots, 28 day mortality",0.0
934,"bla ctx, spectrum lactamase esbl, sequence types sts, coli isolates",0.017391304347826087
934,"details use execution, myosin motors, nascent chain, origin life",0.3521739130434782
934,"editorial emerging, author correction, g2 phase, model pd",0.05652173913043478
934,"fetal liver, stalled replication forks, pulmonary vascular, chromatin state",0.09130434782608694
934,"recent findings recent, cell multi omics, complex microbial, crispr cas based",0.0
934,"related morbidity, stage diagnosis, combination strategies, clinical intervention",0.30869565217391304
934,"role intercellular communication, testicular torsion, nanoparticle tracking analysis, mir 21 5p",0.006521739130434782
934,"therapeutic strategies including, exosomes emerging, epigenetic modulation, solid cancers",0.02608695652173913
934,"transgene expression, metabolite production, study illustrates, precise genome",0.12608695652173912
934,"web science core, mean sd age, research hotspots, 28 day mortality",0.015217391304347825
935,"bla ctx, spectrum lactamase esbl, sequence types sts, coli isolates",0.008695652173913044
935,"details use execution, myosin motors, nascent chain, origin life",0.3391304347826087
935,"editorial emerging, author correction, g2 phase, model pd",0.021739130434782608
935,"fetal liver, stalled replication forks, pulmonary vascular, chromatin state",0.08260869565217392
935,"recent findings recent, cell multi omics, complex microbial, crispr cas based",0.0
935,"related morbidity, stage diagnosis, combination strategies, clinical intervention",0.42173913043478256
935,"role intercellular communication, testicular torsion, nanoparticle tracking analysis, mir 21 5p",0.0
935,"therapeutic strategies including, exosomes emerging, epigenetic modulation, solid cancers",0.03043478260869565
935,"transgene expression, metabolite production, study illustrates, precise genome",0.09565217391304348
935,"web science core, mean sd age, research hotspots, 28 day mortality",0.0
936,"bla ctx, spectrum lactamase esbl, sequence types sts, coli isolates",0.002173913043478261
936,"details use execution, myosin motors, nascent chain, origin life",0.17173913043478262
936,"editorial emerging, author correction, g2 phase, model pd",0.05434782608695652
936,"fetal liver, stalled replication forks, pulmonary vascular, chromatin state",0.08695652173913043
936,"recent findings recent, cell multi omics, complex microbial, crispr cas based",0.0
936,"related morbidity, stage diagnosis, combination strategies, clinical intervention",0.55
936,"role intercellular communication, testicular torsion, nanoparticle tracking analysis, mir 21 5p",0.0
936,"therapeutic strategies including, exosomes emerging, epigenetic modulation, solid cancers",0.041304347826086954
936,"transgene expression, metabolite production, study illustrates, precise genome",0.09347826086956523
936,"web science core, mean sd age, research hotspots, 28 day mortality",0.0
937,"bla ctx, spectrum lactamase esbl, sequence types sts, coli isolates",0.02391304347826087
937,"details use execution, myosin motors, nascent chain, origin life",0.38913043478260867
937,"editorial emerging, author correction, g2 phase, model pd",0.03260869565217391
937,"fetal liver, stalled replication forks, pulmonary vascular, chromatin state",0.08695652173913043
937,"recent findings recent, cell multi omics, complex microbial, crispr cas based",0.0
937,"related morbidity, stage diagnosis, combination strategies, clinical intervention",0.3130434782608696
937,"role intercellular communication, testicular torsion, nanoparticle tracking analysis, mir 21 5p",0.006521739130434782
937,"therapeutic strategies including, exosomes emerging, epigenetic modulation, solid cancers",0.017391304347826087
937,"transgene expression, metabolite production, study illustrates, precise genome",0.11521739130434783
937,"web science core, mean sd age, research hotspots, 28 day mortality",0.015217391304347825
938,"bla ctx, spectrum lactamase esbl, sequence types sts, coli isolates",0.008695652173913044
938,"details use execution, myosin motors, nascent chain, origin life",0.25
938,"editorial emerging, author correction, g2 phase, model pd",0.0
938,"fetal liver, stalled replication forks, pulmonary vascular, chromatin state",0.09782608695652174
938,"recent findings recent, cell multi omics, complex microbial, crispr cas based",0.0
938,"related morbidity, stage diagnosis, combination strategies, clinical intervention",0.4913043478260869
938,"role intercellular communication, testicular torsion, nanoparticle tracking analysis, mir 21 5p",0.002173913043478261
938,"therapeutic strategies including, exosomes emerging, epigenetic modulation, solid cancers",0.02608695652173913
938,"transgene expression, metabolite production, study illustrates, precise genome",0.12391304347826085
938,"web science core, mean sd age, research hotspots, 28 day mortality",0.0
939,"bla ctx, spectrum lactamase esbl, sequence types sts, coli isolates",0.008695652173913044
939,"details use execution, myosin motors, nascent chain, origin life",0.34782608695652173
939,"editorial emerging, author correction, g2 phase, model pd",0.002173913043478261
939,"fetal liver, stalled replication forks, pulmonary vascular, chromatin state",0.12391304347826088
939,"recent findings recent, cell multi omics, complex microbial, crispr cas based",0.0
939,"related morbidity, stage diagnosis, combination strategies, clinical intervention",0.3326086956521739
939,"role intercellular communication, testicular torsion, nanoparticle tracking analysis, mir 21 5p",0.034782608695652174
939,"therapeutic strategies including, exosomes emerging, epigenetic modulation, solid cancers",0.03260869565217391
939,"transgene expression, metabolite production, study illustrates, precise genome",0.11739130434782608
939,"web science core, mean sd age, research hotspots, 28 day mortality",0.0
940,"bla ctx, spectrum lactamase esbl, sequence types sts, coli isolates",0.01956521739130435
940,"details use execution, myosin motors, nascent chain, origin life",0.35000000000000003
940,"editorial emerging, author correction, g2 phase, model pd",0.0
940,"fetal liver, stalled replication forks, pulmonary vascular, chromatin state",0.12391304347826085
940,"recent findings recent, cell multi omics, complex microbial, crispr cas based",0.0
940,"related morbidity, stage diagnosis, combination strategies, clinical intervention",0.30217391304347824
940,"role intercellular communication, testicular torsion, nanoparticle tracking analysis, mir 21 5p",0.006521739130434782
940,"therapeutic strategies including, exosomes emerging, epigenetic modulation, solid cancers",0.034782608695652174
940,"transgene expression, metabolite production, study illustrates, precise genome",0.14782608695652175
940,"web science core, mean sd age, research hotspots, 28 day mortality",0.015217391304347825
941,"bla ctx, spectrum lactamase esbl, sequence types sts, coli isolates",0.015217391304347825
941,"details use execution, myosin motors, nascent chain, origin life",0.2326086956521739
941,"editorial emerging, author correction, g2 phase, model pd",0.05434782608695652
941,"fetal liver, stalled replication forks, pulmonary vascular, chromatin state",0.10434782608695652
941,"recent findings recent, cell multi omics, complex microbial, crispr cas based",0.0
941,"related morbidity, stage diagnosis, combination strategies, clinical intervention",0.3673913043478261
941,"role intercellular communication, testicular torsion, nanoparticle tracking analysis, mir 21 5p",0.04130434782608696
941,"therapeutic strategies including, exosomes emerging, epigenetic modulation, solid cancers",0.013043478260869565
941,"transgene expression, metabolite production, study illustrates, precise genome",0.15652173913043477
941,"web science core, mean sd age, research hotspots, 28 day mortality",0.015217391304347825
942,"bla ctx, spectrum lactamase esbl, sequence types sts, coli isolates",0.006521739130434784
942,"details use execution, myosin motors, nascent chain, origin life",0.20869565217391303
942,"editorial emerging, author correction, g2 phase, model pd",0.0
942,"fetal liver, stalled replication forks, pulmonary vascular, chromatin state",0.21739130434782608
942,"recent findings recent, cell multi omics, complex microbial, crispr cas based",0.0
942,"related morbidity, stage diagnosis, combination strategies, clinical intervention",0.3847826086956522
942,"role intercellular communication, testicular torsion, nanoparticle tracking analysis, mir 21 5p",0.002173913043478261
942,"therapeutic strategies including, exosomes emerging, epigenetic modulation, solid cancers",0.023913043478260867
942,"transgene expression, metabolite production, study illustrates, precise genome",0.15652173913043477
942,"web science core, mean sd age, research hotspots, 28 day mortality",0.0
943,"bla ctx, spectrum lactamase esbl, sequence types sts, coli isolates",0.021739130434782608
943,"details use execution, myosin motors, nascent chain, origin life",0.34782608695652173
943,"editorial emerging, author correction, g2 phase, model pd",0.002173913043478261
943,"fetal liver, stalled replication forks, pulmonary vascular, chromatin state",0.06086956521739131
943,"recent findings recent, cell multi omics, complex microbial, crispr cas based",0.0
943,"related morbidity, stage diagnosis, combination strategies, clinical intervention",0.41739130434782606
943,"role intercellular communication, testicular torsion, nanoparticle tracking analysis, mir 21 5p",0.006521739130434782
943,"therapeutic strategies including, exosomes emerging, epigenetic modulation, solid cancers",0.07173913043478261
943,"transgene expression, metabolite production, study illustrates, precise genome",0.05652173913043478
943,"web science core, mean sd age, research hotspots, 28 day mortality",0.015217391304347825
944,"bla ctx, spectrum lactamase esbl, sequence types sts, coli isolates",0.021739130434782608
944,"details use execution, myosin motors, nascent chain, origin life",0.34782608695652173
944,"editorial emerging, author correction, g2 phase, model pd",0.034782608695652174
944,"fetal liver, stalled replication forks, pulmonary vascular, chromatin state",0.09565217391304348
944,"recent findings recent, cell multi omics, complex microbial, crispr cas based",0.0
944,"related morbidity, stage diagnosis, combination strategies, clinical intervention",0.34130434782608693
944,"role intercellular communication, testicular torsion, nanoparticle tracking analysis, mir 21 5p",0.006521739130434782
944,"therapeutic strategies including, exosomes emerging, epigenetic modulation, solid cancers",0.06956521739130435
944,"transgene expression, metabolite production, study illustrates, precise genome",0.06739130434782607
944,"web science core, mean sd age, research hotspots, 28 day mortality",0.015217391304347825
945,"bla ctx, spectrum lactamase esbl, sequence types sts, coli isolates",0.008695652173913044
945,"details use execution, myosin motors, nascent chain, origin life",0.33695652173913043
945,"editorial emerging, author correction, g2 phase, model pd",0.0
945,"fetal liver, stalled replication forks, pulmonary vascular, chromatin state",0.06086956521739131
945,"recent findings recent, cell multi omics, complex microbial, crispr cas based",0.0
945,"related morbidity, stage diagnosis, combination strategies, clinical intervention",0.44565217391304346
945,"role intercellular communication, testicular torsion, nanoparticle tracking analysis, mir 21 5p",0.002173913043478261
945,"therapeutic strategies including, exosomes emerging, epigenetic modulation, solid cancers",0.05
945,"transgene expression, metabolite production, study illustrates, precise genome",0.09565217391304348
945,"web science core, mean sd age, research hotspots, 28 day mortality",0.0
946,"bla ctx, spectrum lactamase esbl, sequence types sts, coli isolates",0.006521739130434784
946,"details use execution, myosin motors, nascent chain, origin life",0.16739130434782606
946,"editorial emerging, author correction, g2 phase, model pd",0.002173913043478261
946,"fetal liver, stalled replication forks, pulmonary vascular, chromatin state",0.09565217391304348
946,"recent findings recent, cell multi omics, complex microbial, crispr cas based",0.0
946,"related morbidity, stage diagnosis, combination strategies, clinical intervention",0.5499999999999999
946,"role intercellular communication, testicular torsion, nanoparticle tracking analysis, mir 21 5p",0.0
946,"therapeutic strategies including, exosomes emerging, epigenetic modulation, solid cancers",0.06304347826086958
946,"transgene expression, metabolite production, study illustrates, precise genome",0.11521739130434784
946,"web science core, mean sd age, research hotspots, 28 day mortality",0.0
947,"bla ctx, spectrum lactamase esbl, sequence types sts, coli isolates",0.017391304347826087
947,"details use execution, myosin motors, nascent chain, origin life",0.3065217391304348
947,"editorial emerging, author correction, g2 phase, model pd",0.021739130434782608
947,"fetal liver, stalled replication forks, pulmonary vascular, chromatin state",0.08478260869565218
947,"recent findings recent, cell multi omics, complex microbial, crispr cas based",0.0
947,"related morbidity, stage diagnosis, combination strategies, clinical intervention",0.43260869565217386
947,"role intercellular communication, testicular torsion, nanoparticle tracking analysis, mir 21 5p",0.008695652173913044
947,"therapeutic strategies including, exosomes emerging, epigenetic modulation, solid cancers",0.0391304347826087
947,"transgene expression, metabolite production, study illustrates, precise genome",0.07391304347826087
947,"web science core, mean sd age, research hotspots, 28 day mortality",0.015217391304347825
948,"bla ctx, spectrum lactamase esbl, sequence types sts, coli isolates",0.002173913043478261
948,"details use execution, myosin motors, nascent chain, origin life",0.22391304347826088
948,"editorial emerging, author correction, g2 phase, model pd",0.002173913043478261
948,"fetal liver, stalled replication forks, pulmonary vascular, chromatin state",0.09782608695652174
948,"recent findings recent, cell multi omics, complex microbial, crispr cas based",0.0
948,"related morbidity, stage diagnosis, combination strategies, clinical intervention",0.5130434782608696
948,"role intercellular communication, testicular torsion, nanoparticle tracking analysis, mir 21 5p",0.034782608695652174
948,"therapeutic strategies including, exosomes emerging, epigenetic modulation, solid cancers",0.021739130434782608
948,"transgene expression, metabolite production, study illustrates, precise genome",0.10434782608695652
948,"web science core, mean sd age, research hotspots, 28 day mortality",0.0
949,"bla ctx, spectrum lactamase esbl, sequence types sts, coli isolates",0.002173913043478261
949,"details use execution, myosin motors, nascent chain, origin life",0.3
949,"editorial emerging, author correction, g2 phase, model pd",0.002173913043478261
949,"fetal liver, stalled replication forks, pulmonary vascular, chromatin state",0.07391304347826087
949,"recent findings recent, cell multi omics, complex microbial, crispr cas based",0.0
949,"related morbidity, stage diagnosis, combination strategies, clinical intervention",0.4782608695652173
949,"role intercellular communication, testicular torsion, nanoparticle tracking analysis, mir 21 5p",0.002173913043478261
949,"therapeutic strategies including, exosomes emerging, epigenetic modulation, solid cancers",0.013043478260869565
949,"transgene expression, metabolite production, study illustrates, precise genome",0.12826086956521737
949,"web science core, mean sd age, research hotspots, 28 day mortality",0.0
950,"bla ctx, spectrum lactamase esbl, sequence types sts, coli isolates",0.010869565217391304
950,"details use execution, myosin motors, nascent chain, origin life",0.22826086956521738
950,"editorial emerging, author correction, g2 phase, model pd",0.0
950,"fetal liver, stalled replication forks, pulmonary vascular, chromatin state",0.08695652173913043
950,"recent findings recent, cell multi omics, complex microbial, crispr cas based",0.0
950,"related morbidity, stage diagnosis, combination strategies, clinical intervention",0.4478260869565217
950,"role intercellular communication, testicular torsion, nanoparticle tracking analysis, mir 21 5p",0.006521739130434782
950,"therapeutic strategies including, exosomes emerging, epigenetic modulation, solid cancers",0.06739130434782609
950,"transgene expression, metabolite production, study illustrates, precise genome",0.13695652173913045
950,"web science core, mean sd age, research hotspots, 28 day mortality",0.015217391304347825
951,"bla ctx, spectrum lactamase esbl, sequence types sts, coli isolates",0.015217391304347825
951,"details use execution, myosin motors, nascent chain, origin life",0.22391304347826088
951,"editorial emerging, author correction, g2 phase, model pd",0.0
951,"fetal liver, stalled replication forks, pulmonary vascular, chromatin state",0.047826086956521754
951,"recent findings recent, cell multi omics, complex microbial, crispr cas based",0.0
951,"related morbidity, stage diagnosis, combination strategies, clinical intervention",0.5043478260869565
951,"role intercellular communication, testicular torsion, nanoparticle tracking analysis, mir 21 5p",0.006521739130434782
951,"therapeutic strategies including, exosomes emerging, epigenetic modulation, solid cancers",0.0891304347826087
951,"transgene expression, metabolite production, study illustrates, precise genome",0.0978260869565217
951,"web science core, mean sd age, research hotspots, 28 day mortality",0.015217391304347825
952,"bla ctx, spectrum lactamase esbl, sequence types sts, coli isolates",0.004347826086956522
952,"details use execution, myosin motors, nascent chain, origin life",0.21086956521739128
952,"editorial emerging, author correction, g2 phase, model pd",0.021739130434782608
952,"fetal liver, stalled replication forks, pulmonary vascular, chromatin state",0.15434782608695652
952,"recent findings recent, cell multi omics, complex microbial, crispr cas based",0.0
952,"related morbidity, stage diagnosis, combination strategies, clinical intervention",0.4108695652173914
952,"role intercellular communication, testicular torsion, nanoparticle tracking analysis, mir 21 5p",0.002173913043478261
952,"therapeutic strategies including, exosomes emerging, epigenetic modulation, solid cancers",0.026086956521739136
952,"transgene expression, metabolite production, study illustrates, precise genome",0.16956521739130434
952,"web science core, mean sd age, research hotspots, 28 day mortality",0.0
953,"bla ctx, spectrum lactamase esbl, sequence types sts, coli isolates",0.008695652173913044
953,"details use execution, myosin motors, nascent chain, origin life",0.25
953,"editorial emerging, author correction, g2 phase, model pd",0.05434782608695652
953,"fetal liver, stalled replication forks, pulmonary vascular, chromatin state",0.049999999999999996
953,"recent findings recent, cell multi omics, complex microbial, crispr cas based",0.0
953,"related morbidity, stage diagnosis, combination strategies, clinical intervention",0.41956521739130437
953,"role intercellular communication, testicular torsion, nanoparticle tracking analysis, mir 21 5p",0.002173913043478261
953,"therapeutic strategies including, exosomes emerging, epigenetic modulation, solid cancers",0.06739130434782609
953,"transgene expression, metabolite production, study illustrates, precise genome",0.14782608695652175
953,"web science core, mean sd age, research hotspots, 28 day mortality",0.0
954,"bla ctx, spectrum lactamase esbl, sequence types sts, coli isolates",0.004347826086956522
954,"details use execution, myosin motors, nascent chain, origin life",0.34130434782608693
954,"editorial emerging, author correction, g2 phase, model pd",0.03260869565217391
954,"fetal liver, stalled replication forks, pulmonary vascular, chromatin state",0.08043478260869566
954,"recent findings recent, cell multi omics, complex microbial, crispr cas based",0.0
954,"related morbidity, stage diagnosis, combination strategies, clinical intervention",0.41521739130434787
954,"role intercellular communication, testicular torsion, nanoparticle tracking analysis, mir 21 5p",0.002173913043478261
954,"therapeutic strategies including, exosomes emerging, epigenetic modulation, solid cancers",0.02608695652173913
954,"transgene expression, metabolite production, study illustrates, precise genome",0.09782608695652174
954,"web science core, mean sd age, research hotspots, 28 day mortality",0.0
955,"bla ctx, spectrum lactamase esbl, sequence types sts, coli isolates",0.013043478260869565
955,"details use execution, myosin motors, nascent chain, origin life",0.31086956521739134
955,"editorial emerging, author correction, g2 phase, model pd",0.021739130434782608
955,"fetal liver, stalled replication forks, pulmonary vascular, chromatin state",0.11304347826086955
955,"recent findings recent, cell multi omics, complex microbial, crispr cas based",0.0
955,"related morbidity, stage diagnosis, combination strategies, clinical intervention",0.3804347826086957
955,"role intercellular communication, testicular torsion, nanoparticle tracking analysis, mir 21 5p",0.008695652173913044
955,"therapeutic strategies including, exosomes emerging, epigenetic modulation, solid cancers",0.04782608695652174
955,"transgene expression, metabolite production, study illustrates, precise genome",0.08913043478260871
955,"web science core, mean sd age, research hotspots, 28 day mortality",0.015217391304347825
956,"bla ctx, spectrum lactamase esbl, sequence types sts, coli isolates",0.006521739130434784
956,"details use execution, myosin motors, nascent chain, origin life",0.2652173913043478
956,"editorial emerging, author correction, g2 phase, model pd",0.05434782608695652
956,"fetal liver, stalled replication forks, pulmonary vascular, chromatin state",0.058695652173913045
956,"recent findings recent, cell multi omics, complex microbial, crispr cas based",0.0
956,"related morbidity, stage diagnosis, combination strategies, clinical intervention",0.39565217391304347
956,"role intercellular communication, testicular torsion, nanoparticle tracking analysis, mir 21 5p",0.03260869565217391
956,"therapeutic strategies including, exosomes emerging, epigenetic modulation, solid cancers",0.0891304347826087
956,"transgene expression, metabolite production, study illustrates, precise genome",0.09782608695652174
956,"web science core, mean sd age, research hotspots, 28 day mortality",0.0
957,"bla ctx, spectrum lactamase esbl, sequence types sts, coli isolates",0.021739130434782605
957,"details use execution, myosin motors, nascent chain, origin life",0.38913043478260867
957,"editorial emerging, author correction, g2 phase, model pd",0.02391304347826087
957,"fetal liver, stalled replication forks, pulmonary vascular, chromatin state",0.10652173913043476
957,"recent findings recent, cell multi omics, complex microbial, crispr cas based",0.0
957,"related morbidity, stage diagnosis, combination strategies, clinical intervention",0.3021739130434783
957,"role intercellular communication, testicular torsion, nanoparticle tracking analysis, mir 21 5p",0.008695652173913044
957,"therapeutic strategies including, exosomes emerging, epigenetic modulation, solid cancers",0.021739130434782608
957,"transgene expression, metabolite production, study illustrates, precise genome",0.1108695652173913
957,"web science core, mean sd age, research hotspots, 28 day mortality",0.015217391304347825
958,"bla ctx, spectrum lactamase esbl, sequence types sts, coli isolates",0.015217391304347825
958,"details use execution, myosin motors, nascent chain, origin life",0.19130434782608696
958,"editorial emerging, author correction, g2 phase, model pd",0.03260869565217391
958,"fetal liver, stalled replication forks, pulmonary vascular, chromatin state",0.10434782608695654
958,"recent findings recent, cell multi omics, complex microbial, crispr cas based",0.0
958,"related morbidity, stage diagnosis, combination strategies, clinical intervention",0.4630434782608695
958,"role intercellular communication, testicular torsion, nanoparticle tracking analysis, mir 21 5p",0.0391304347826087
958,"therapeutic strategies including, exosomes emerging, epigenetic modulation, solid cancers",0.02608695652173913
958,"transgene expression, metabolite production, study illustrates, precise genome",0.11304347826086955
958,"web science core, mean sd age, research hotspots, 28 day mortality",0.015217391304347825
959,"bla ctx, spectrum lactamase esbl, sequence types sts, coli isolates",0.004347826086956522
959,"details use execution, myosin motors, nascent chain, origin life",0.31086956521739134
959,"editorial emerging, author correction, g2 phase, model pd",0.0
959,"fetal liver, stalled replication forks, pulmonary vascular, chromatin state",0.09782608695652174
959,"recent findings recent, cell multi omics, complex microbial, crispr cas based",0.0
959,"related morbidity, stage diagnosis, combination strategies, clinical intervention",0.3869565217391305
959,"role intercellular communication, testicular torsion, nanoparticle tracking analysis, mir 21 5p",0.03260869565217391
959,"therapeutic strategies including, exosomes emerging, epigenetic modulation, solid cancers",0.09782608695652174
959,"transgene expression, metabolite production, study illustrates, precise genome",0.06956521739130435
959,"web science core, mean sd age, research hotspots, 28 day mortality",0.0
960,"bla ctx, spectrum lactamase esbl, sequence types sts, coli isolates",0.015217391304347825
960,"details use execution, myosin motors, nascent chain, origin life",0.31086956521739134
960,"editorial emerging, author correction, g2 phase, model pd",0.02391304347826087
960,"fetal liver, stalled replication forks, pulmonary vascular, chromatin state",0.11739130434782608
960,"recent findings recent, cell multi omics, complex microbial, crispr cas based",0.0
960,"related morbidity, stage diagnosis, combination strategies, clinical intervention",0.34130434782608693
960,"role intercellular communication, testicular torsion, nanoparticle tracking analysis, mir 21 5p",0.006521739130434782
960,"therapeutic strategies including, exosomes emerging, epigenetic modulation, solid cancers",0.07826086956521738
960,"transgene expression, metabolite production, study illustrates, precise genome",0.09130434782608694
960,"web science core, mean sd age, research hotspots, 28 day mortality",0.015217391304347825
961,"bla ctx, spectrum lactamase esbl, sequence types sts, coli isolates",0.004347826086956522
961,"details use execution, myosin motors, nascent chain, origin life",0.2673913043478261
961,"editorial emerging, author correction, g2 phase, model pd",0.05434782608695652
961,"fetal liver, stalled replication forks, pulmonary vascular, chromatin state",0.1391304347826087
961,"recent findings recent, cell multi omics, complex microbial, crispr cas based",0.0
961,"related morbidity, stage diagnosis, combination strategies, clinical intervention",0.29347826086956524
961,"role intercellular communication, testicular torsion, nanoparticle tracking analysis, mir 21 5p",0.03260869565217391
961,"therapeutic strategies including, exosomes emerging, epigenetic modulation, solid cancers",0.08043478260869566
961,"transgene expression, metabolite production, study illustrates, precise genome",0.12826086956521737
961,"web science core, mean sd age, research hotspots, 28 day mortality",0.0
962,"bla ctx, spectrum lactamase esbl, sequence types sts, coli isolates",0.015217391304347825
962,"details use execution, myosin motors, nascent chain, origin life",0.2652173913043478
962,"editorial emerging, author correction, g2 phase, model pd",0.05434782608695652
962,"fetal liver, stalled replication forks, pulmonary vascular, chromatin state",0.08043478260869566
962,"recent findings recent, cell multi omics, complex microbial, crispr cas based",0.0
962,"related morbidity, stage diagnosis, combination strategies, clinical intervention",0.39565217391304347
962,"role intercellular communication, testicular torsion, nanoparticle tracking analysis, mir 21 5p",0.008695652173913044
962,"therapeutic strategies including, exosomes emerging, epigenetic modulation, solid cancers",0.07826086956521738
962,"transgene expression, metabolite production, study illustrates, precise genome",0.08695652173913042
962,"web science core, mean sd age, research hotspots, 28 day mortality",0.015217391304347825
963,"bla ctx, spectrum lactamase esbl, sequence types sts, coli isolates",0.015217391304347825
963,"details use execution, myosin motors, nascent chain, origin life",0.2782608695652174
963,"editorial emerging, author correction, g2 phase, model pd",0.03260869565217391
963,"fetal liver, stalled replication forks, pulmonary vascular, chromatin state",0.04565217391304348
963,"recent findings recent, cell multi omics, complex microbial, crispr cas based",0.0
963,"related morbidity, stage diagnosis, combination strategies, clinical intervention",0.39565217391304347
963,"role intercellular communication, testicular torsion, nanoparticle tracking analysis, mir 21 5p",0.0391304347826087
963,"therapeutic strategies including, exosomes emerging, epigenetic modulation, solid cancers",0.07391304347826087
963,"transgene expression, metabolite production, study illustrates, precise genome",0.10434782608695654
963,"web science core, mean sd age, research hotspots, 28 day mortality",0.015217391304347825
964,"bla ctx, spectrum lactamase esbl, sequence types sts, coli isolates",0.004347826086956522
964,"details use execution, myosin motors, nascent chain, origin life",0.18043478260869567
964,"editorial emerging, author correction, g2 phase, model pd",0.0
964,"fetal liver, stalled replication forks, pulmonary vascular, chromatin state",0.14565217391304347
964,"recent findings recent, cell multi omics, complex microbial, crispr cas based",0.0
964,"related morbidity, stage diagnosis, combination strategies, clinical intervention",0.45869565217391306
964,"role intercellular communication, testicular torsion, nanoparticle tracking analysis, mir 21 5p",0.03260869565217391
964,"therapeutic strategies including, exosomes emerging, epigenetic modulation, solid cancers",0.034782608695652174
964,"transgene expression, metabolite production, study illustrates, precise genome",0.14347826086956522
964,"web science core, mean sd age, research hotspots, 28 day mortality",0.0
965,"bla ctx, spectrum lactamase esbl, sequence types sts, coli isolates",0.0
965,"details use execution, myosin motors, nascent chain, origin life",0.3130434782608696
965,"editorial emerging, author correction, g2 phase, model pd",0.0
965,"fetal liver, stalled replication forks, pulmonary vascular, chromatin state",0.09999999999999999
965,"recent findings recent, cell multi omics, complex microbial, crispr cas based",0.0
965,"related morbidity, stage diagnosis, combination strategies, clinical intervention",0.46304347826086956
965,"role intercellular communication, testicular torsion, nanoparticle tracking analysis, mir 21 5p",0.034782608695652174
965,"therapeutic strategies including, exosomes emerging, epigenetic modulation, solid cancers",0.02391304347826087
965,"transgene expression, metabolite production, study illustrates, precise genome",0.06521739130434782
965,"web science core, mean sd age, research hotspots, 28 day mortality",0.0
966,"bla ctx, spectrum lactamase esbl, sequence types sts, coli isolates",0.013043478260869565
966,"details use execution, myosin motors, nascent chain, origin life",0.31086956521739134
966,"editorial emerging, author correction, g2 phase, model pd",0.0
966,"fetal liver, stalled replication forks, pulmonary vascular, chromatin state",0.09565217391304348
966,"recent findings recent, cell multi omics, complex microbial, crispr cas based",0.0
966,"related morbidity, stage diagnosis, combination strategies, clinical intervention",0.3869565217391305
966,"role intercellular communication, testicular torsion, nanoparticle tracking analysis, mir 21 5p",0.008695652173913044
966,"therapeutic strategies including, exosomes emerging, epigenetic modulation, solid cancers",0.07391304347826087
966,"transgene expression, metabolite production, study illustrates, precise genome",0.09565217391304348
966,"web science core, mean sd age, research hotspots, 28 day mortality",0.015217391304347825
967,"bla ctx, spectrum lactamase esbl, sequence types sts, coli isolates",0.002173913043478261
967,"details use execution, myosin motors, nascent chain, origin life",0.25869565217391305
967,"editorial emerging, author correction, g2 phase, model pd",0.0
967,"fetal liver, stalled replication forks, pulmonary vascular, chromatin state",0.07391304347826087
967,"recent findings recent, cell multi omics, complex microbial, crispr cas based",0.0
967,"related morbidity, stage diagnosis, combination strategies, clinical intervention",0.4717391304347826
967,"role intercellular communication, testicular torsion, nanoparticle tracking analysis, mir 21 5p",0.0
967,"therapeutic strategies including, exosomes emerging, epigenetic modulation, solid cancers",0.05217391304347826
967,"transgene expression, metabolite production, study illustrates, precise genome",0.14130434782608695
967,"web science core, mean sd age, research hotspots, 28 day mortality",0.0
968,"bla ctx, spectrum lactamase esbl, sequence types sts, coli isolates",0.006521739130434784
968,"details use execution, myosin motors, nascent chain, origin life",0.16521739130434782
968,"editorial emerging, author correction, g2 phase, model pd",0.021739130434782608
968,"fetal liver, stalled replication forks, pulmonary vascular, chromatin state",0.14565217391304347
968,"recent findings recent, cell multi omics, complex microbial, crispr cas based",0.0
968,"related morbidity, stage diagnosis, combination strategies, clinical intervention",0.508695652173913
968,"role intercellular communication, testicular torsion, nanoparticle tracking analysis, mir 21 5p",0.002173913043478261
968,"therapeutic strategies including, exosomes emerging, epigenetic modulation, solid cancers",0.047826086956521734
968,"transgene expression, metabolite production, study illustrates, precise genome",0.10217391304347824
968,"web science core, mean sd age, research hotspots, 28 day mortality",0.0
969,"bla ctx, spectrum lactamase esbl, sequence types sts, coli isolates",0.004347826086956522
969,"details use execution, myosin motors, nascent chain, origin life",0.35217391304347834
969,"editorial emerging, author correction, g2 phase, model pd",0.002173913043478261
969,"fetal liver, stalled replication forks, pulmonary vascular, chromatin state",0.09782608695652174
969,"recent findings recent, cell multi omics, complex microbial, crispr cas based",0.0
969,"related morbidity, stage diagnosis, combination strategies, clinical intervention",0.358695652173913
969,"role intercellular communication, testicular torsion, nanoparticle tracking analysis, mir 21 5p",0.034782608695652174
969,"therapeutic strategies including, exosomes emerging, epigenetic modulation, solid cancers",0.04347826086956521
969,"transgene expression, metabolite production, study illustrates, precise genome",0.10652173913043479
969,"web science core, mean sd age, research hotspots, 28 day mortality",0.0
970,"bla ctx, spectrum lactamase esbl, sequence types sts, coli isolates",0.01956521739130435
970,"details use execution, myosin motors, nascent chain, origin life",0.21739130434782608
970,"editorial emerging, author correction, g2 phase, model pd",0.002173913043478261
970,"fetal liver, stalled replication forks, pulmonary vascular, chromatin state",0.058695652173913045
970,"recent findings recent, cell multi omics, complex microbial, crispr cas based",0.0
970,"related morbidity, stage diagnosis, combination strategies, clinical intervention",0.5717391304347826
970,"role intercellular communication, testicular torsion, nanoparticle tracking analysis, mir 21 5p",0.008695652173913044
970,"therapeutic strategies including, exosomes emerging, epigenetic modulation, solid cancers",0.026086956521739136
970,"transgene expression, metabolite production, study illustrates, precise genome",0.08043478260869566
970,"web science core, mean sd age, research hotspots, 28 day mortality",0.015217391304347825
971,"bla ctx, spectrum lactamase esbl, sequence types sts, coli isolates",0.006521739130434782
971,"details use execution, myosin motors, nascent chain, origin life",0.42391304347826086
971,"editorial emerging, author correction, g2 phase, model pd",0.0
971,"fetal liver, stalled replication forks, pulmonary vascular, chromatin state",0.07608695652173914
971,"recent findings recent, cell multi omics, complex microbial, crispr cas based",0.0
971,"related morbidity, stage diagnosis, combination strategies, clinical intervention",0.3565217391304348
971,"role intercellular communication, testicular torsion, nanoparticle tracking analysis, mir 21 5p",0.004347826086956522
971,"therapeutic strategies including, exosomes emerging, epigenetic modulation, solid cancers",0.04565217391304348
971,"transgene expression, metabolite production, study illustrates, precise genome",0.08695652173913043
971,"web science core, mean sd age, research hotspots, 28 day mortality",0.0
972,"bla ctx, spectrum lactamase esbl, sequence types sts, coli isolates",0.006521739130434784
972,"details use execution, myosin motors, nascent chain, origin life",0.20869565217391303
972,"editorial emerging, author correction, g2 phase, model pd",0.034782608695652174
972,"fetal liver, stalled replication forks, pulmonary vascular, chromatin state",0.09130434782608694
972,"recent findings recent, cell multi omics, complex microbial, crispr cas based",0.0
972,"related morbidity, stage diagnosis, combination strategies, clinical intervention",0.46956521739130425
972,"role intercellular communication, testicular torsion, nanoparticle tracking analysis, mir 21 5p",0.002173913043478261
972,"therapeutic strategies including, exosomes emerging, epigenetic modulation, solid cancers",0.09347826086956522
972,"transgene expression, metabolite production, study illustrates, precise genome",0.09347826086956522
972,"web science core, mean sd age, research hotspots, 28 day mortality",0.0
973,"bla ctx, spectrum lactamase esbl, sequence types sts, coli isolates",0.013043478260869565
973,"details use execution, myosin motors, nascent chain, origin life",0.26956521739130435
973,"editorial emerging, author correction, g2 phase, model pd",0.03260869565217391
973,"fetal liver, stalled replication forks, pulmonary vascular, chromatin state",0.05652173913043478
973,"recent findings recent, cell multi omics, complex microbial, crispr cas based",0.0
973,"related morbidity, stage diagnosis, combination strategies, clinical intervention",0.39565217391304347
973,"role intercellular communication, testicular torsion, nanoparticle tracking analysis, mir 21 5p",0.006521739130434782
973,"therapeutic strategies including, exosomes emerging, epigenetic modulation, solid cancers",0.08043478260869565
973,"transgene expression, metabolite production, study illustrates, precise genome",0.13043478260869562
973,"web science core, mean sd age, research hotspots, 28 day mortality",0.015217391304347825
974,"bla ctx, spectrum lactamase esbl, sequence types sts, coli isolates",0.017391304347826087
974,"details use execution, myosin motors, nascent chain, origin life",0.2217391304347826
974,"editorial emerging, author correction, g2 phase, model pd",0.0
974,"fetal liver, stalled replication forks, pulmonary vascular, chromatin state",0.14130434782608695
974,"recent findings recent, cell multi omics, complex microbial, crispr cas based",0.0
974,"related morbidity, stage diagnosis, combination strategies, clinical intervention",0.42608695652173906
974,"role intercellular communication, testicular torsion, nanoparticle tracking analysis, mir 21 5p",0.006521739130434782
974,"therapeutic strategies including, exosomes emerging, epigenetic modulation, solid cancers",0.0608695652173913
974,"transgene expression, metabolite production, study illustrates, precise genome",0.1108695652173913
974,"web science core, mean sd age, research hotspots, 28 day mortality",0.015217391304347825
975,"bla ctx, spectrum lactamase esbl, sequence types sts, coli isolates",0.002173913043478261
975,"details use execution, myosin motors, nascent chain, origin life",0.26956521739130435
975,"editorial emerging, author correction, g2 phase, model pd",0.021739130434782608
975,"fetal liver, stalled replication forks, pulmonary vascular, chromatin state",0.06739130434782609
975,"recent findings recent, cell multi omics, complex microbial, crispr cas based",0.0
975,"related morbidity, stage diagnosis, combination strategies, clinical intervention",0.4608695652173913
975,"role intercellular communication, testicular torsion, nanoparticle tracking analysis, mir 21 5p",0.03260869565217391
975,"therapeutic strategies including, exosomes emerging, epigenetic modulation, solid cancers",0.05217391304347827
975,"transgene expression, metabolite production, study illustrates, precise genome",0.09347826086956523
975,"web science core, mean sd age, research hotspots, 28 day mortality",0.0
976,"bla ctx, spectrum lactamase esbl, sequence types sts, coli isolates",0.0
976,"details use execution, myosin motors, nascent chain, origin life",0.18478260869565216
976,"editorial emerging, author correction, g2 phase, model pd",0.034782608695652174
976,"fetal liver, stalled replication forks, pulmonary vascular, chromatin state",0.13043478260869565
976,"recent findings recent, cell multi omics, complex microbial, crispr cas based",0.0
976,"related morbidity, stage diagnosis, combination strategies, clinical intervention",0.45652173913043465
976,"role intercellular communication, testicular torsion, nanoparticle tracking analysis, mir 21 5p",0.03260869565217391
976,"therapeutic strategies including, exosomes emerging, epigenetic modulation, solid cancers",0.04782608695652174
976,"transgene expression, metabolite production, study illustrates, precise genome",0.11304347826086955
976,"web science core, mean sd age, research hotspots, 28 day mortality",0.0
977,"bla ctx, spectrum lactamase esbl, sequence types sts, coli isolates",0.008695652173913044
977,"details use execution, myosin motors, nascent chain, origin life",0.26304347826086955
977,"editorial emerging, author correction, g2 phase, model pd",0.05652173913043478
977,"fetal liver, stalled replication forks, pulmonary vascular, chromatin state",0.0782608695652174
977,"recent findings recent, cell multi omics, complex microbial, crispr cas based",0.0
977,"related morbidity, stage diagnosis, combination strategies, clinical intervention",0.43478260869565216
977,"role intercellular communication, testicular torsion, nanoparticle tracking analysis, mir 21 5p",0.03260869565217391
977,"therapeutic strategies including, exosomes emerging, epigenetic modulation, solid cancers",0.06086956521739131
977,"transgene expression, metabolite production, study illustrates, precise genome",0.06521739130434784
977,"web science core, mean sd age, research hotspots, 28 day mortality",0.0
978,"bla ctx, spectrum lactamase esbl, sequence types sts, coli isolates",0.002173913043478261
978,"details use execution, myosin motors, nascent chain, origin life",0.16956521739130434
978,"editorial emerging, author correction, g2 phase, model pd",0.02391304347826087
978,"fetal liver, stalled replication forks, pulmonary vascular, chromatin state",0.0782608695652174
978,"recent findings recent, cell multi omics, complex microbial, crispr cas based",0.0
978,"related morbidity, stage diagnosis, combination strategies, clinical intervention",0.532608695652174
978,"role intercellular communication, testicular torsion, nanoparticle tracking analysis, mir 21 5p",0.002173913043478261
978,"therapeutic strategies including, exosomes emerging, epigenetic modulation, solid cancers",0.04782608695652174
978,"transgene expression, metabolite production, study illustrates, precise genome",0.14347826086956522
978,"web science core, mean sd age, research hotspots, 28 day mortality",0.0
979,"bla ctx, spectrum lactamase esbl, sequence types sts, coli isolates",0.002173913043478261
979,"details use execution, myosin motors, nascent chain, origin life",0.22391304347826088
979,"editorial emerging, author correction, g2 phase, model pd",0.03260869565217391
979,"fetal liver, stalled replication forks, pulmonary vascular, chromatin state",0.08695652173913043
979,"recent findings recent, cell multi omics, complex microbial, crispr cas based",0.0
979,"related morbidity, stage diagnosis, combination strategies, clinical intervention",0.46956521739130436
979,"role intercellular communication, testicular torsion, nanoparticle tracking analysis, mir 21 5p",0.034782608695652174
979,"therapeutic strategies including, exosomes emerging, epigenetic modulation, solid cancers",0.07173913043478261
979,"transgene expression, metabolite production, study illustrates, precise genome",0.0782608695652174
979,"web science core, mean sd age, research hotspots, 28 day mortality",0.0
980,"bla ctx, spectrum lactamase esbl, sequence types sts, coli isolates",0.008695652173913044
980,"details use execution, myosin motors, nascent chain, origin life",0.29130434782608694
980,"editorial emerging, author correction, g2 phase, model pd",0.021739130434782608
980,"fetal liver, stalled replication forks, pulmonary vascular, chromatin state",0.10869565217391304
980,"recent findings recent, cell multi omics, complex microbial, crispr cas based",0.0
980,"related morbidity, stage diagnosis, combination strategies, clinical intervention",0.41086956521739126
980,"role intercellular communication, testicular torsion, nanoparticle tracking analysis, mir 21 5p",0.004347826086956522
980,"therapeutic strategies including, exosomes emerging, epigenetic modulation, solid cancers",0.02826086956521739
980,"transgene expression, metabolite production, study illustrates, precise genome",0.12608695652173912
980,"web science core, mean sd age, research hotspots, 28 day mortality",0.0
981,"bla ctx, spectrum lactamase esbl, sequence types sts, coli isolates",0.02391304347826087
981,"details use execution, myosin motors, nascent chain, origin life",0.3456521739130434
981,"editorial emerging, author correction, g2 phase, model pd",0.021739130434782608
981,"fetal liver, stalled replication forks, pulmonary vascular, chromatin state",0.026086956521739136
981,"recent findings recent, cell multi omics, complex microbial, crispr cas based",0.0
981,"related morbidity, stage diagnosis, combination strategies, clinical intervention",0.38043478260869573
981,"role intercellular communication, testicular torsion, nanoparticle tracking analysis, mir 21 5p",0.006521739130434782
981,"therapeutic strategies including, exosomes emerging, epigenetic modulation, solid cancers",0.0608695652173913
981,"transgene expression, metabolite production, study illustrates, precise genome",0.11956521739130432
981,"web science core, mean sd age, research hotspots, 28 day mortality",0.015217391304347825
982,"bla ctx, spectrum lactamase esbl, sequence types sts, coli isolates",0.013043478260869565
982,"details use execution, myosin motors, nascent chain, origin life",0.2673913043478261
982,"editorial emerging, author correction, g2 phase, model pd",0.0
982,"fetal liver, stalled replication forks, pulmonary vascular, chromatin state",0.14347826086956522
982,"recent findings recent, cell multi omics, complex microbial, crispr cas based",0.0
982,"related morbidity, stage diagnosis, combination strategies, clinical intervention",0.3934782608695652
982,"role intercellular communication, testicular torsion, nanoparticle tracking analysis, mir 21 5p",0.008695652173913044
982,"therapeutic strategies including, exosomes emerging, epigenetic modulation, solid cancers",0.006521739130434784
982,"transgene expression, metabolite production, study illustrates, precise genome",0.15217391304347827
982,"web science core, mean sd age, research hotspots, 28 day mortality",0.015217391304347825
983,"bla ctx, spectrum lactamase esbl, sequence types sts, coli isolates",0.010869565217391304
983,"details use execution, myosin motors, nascent chain, origin life",0.1391304347826087
983,"editorial emerging, author correction, g2 phase, model pd",0.03260869565217391
983,"fetal liver, stalled replication forks, pulmonary vascular, chromatin state",0.0782608695652174
983,"recent findings recent, cell multi omics, complex microbial, crispr cas based",0.0
983,"related morbidity, stage diagnosis, combination strategies, clinical intervention",0.5043478260869566
983,"role intercellular communication, testicular torsion, nanoparticle tracking analysis, mir 21 5p",0.008695652173913044
983,"therapeutic strategies including, exosomes emerging, epigenetic modulation, solid cancers",0.0891304347826087
983,"transgene expression, metabolite production, study illustrates, precise genome",0.1217391304347826
983,"web science core, mean sd age, research hotspots, 28 day mortality",0.015217391304347825
984,"bla ctx, spectrum lactamase esbl, sequence types sts, coli isolates",0.002173913043478261
984,"details use execution, myosin motors, nascent chain, origin life",0.29782608695652174
984,"editorial emerging, author correction, g2 phase, model pd",0.0
984,"fetal liver, stalled replication forks, pulmonary vascular, chromatin state",0.06304347826086956
984,"recent findings recent, cell multi omics, complex microbial, crispr cas based",0.0
984,"related morbidity, stage diagnosis, combination strategies, clinical intervention",0.5413043478260868
984,"role intercellular communication, testicular torsion, nanoparticle tracking analysis, mir 21 5p",0.004347826086956522
984,"therapeutic strategies including, exosomes emerging, epigenetic modulation, solid cancers",0.03260869565217391
984,"transgene expression, metabolite production, study illustrates, precise genome",0.058695652173913045
984,"web science core, mean sd age, research hotspots, 28 day mortality",0.0
985,"bla ctx, spectrum lactamase esbl, sequence types sts, coli isolates",0.008695652173913044
985,"details use execution, myosin motors, nascent chain, origin life",0.42173913043478256
985,"editorial emerging, author correction, g2 phase, model pd",0.002173913043478261
985,"fetal liver, stalled replication forks, pulmonary vascular, chromatin state",0.08260869565217391
985,"recent findings recent, cell multi omics, complex microbial, crispr cas based",0.0
985,"related morbidity, stage diagnosis, combination strategies, clinical intervention",0.39347826086956517
985,"role intercellular communication, testicular torsion, nanoparticle tracking analysis, mir 21 5p",0.004347826086956522
985,"therapeutic strategies including, exosomes emerging, epigenetic modulation, solid cancers",0.013043478260869568
985,"transgene expression, metabolite production, study illustrates, precise genome",0.07391304347826087
985,"web science core, mean sd age, research hotspots, 28 day mortality",0.0
986,"bla ctx, spectrum lactamase esbl, sequence types sts, coli isolates",0.015217391304347825
986,"details use execution, myosin motors, nascent chain, origin life",0.26521739130434785
986,"editorial emerging, author correction, g2 phase, model pd",0.0
986,"fetal liver, stalled replication forks, pulmonary vascular, chromatin state",0.1608695652173913
986,"recent findings recent, cell multi omics, complex microbial, crispr cas based",0.0
986,"related morbidity, stage diagnosis, combination strategies, clinical intervention",0.3565217391304348
986,"role intercellular communication, testicular torsion, nanoparticle tracking analysis, mir 21 5p",0.008695652173913044
986,"therapeutic strategies including, exosomes emerging, epigenetic modulation, solid cancers",0.0391304347826087
986,"transgene expression, metabolite production, study illustrates, precise genome",0.1391304347826087
986,"web science core, mean sd age, research hotspots, 28 day mortality",0.015217391304347825
987,"bla ctx, spectrum lactamase esbl, sequence types sts, coli isolates",0.021739130434782608
987,"details use execution, myosin motors, nascent chain, origin life",0.31304347826086953
987,"editorial emerging, author correction, g2 phase, model pd",0.021739130434782608
987,"fetal liver, stalled replication forks, pulmonary vascular, chromatin state",0.08695652173913043
987,"recent findings recent, cell multi omics, complex microbial, crispr cas based",0.0
987,"related morbidity, stage diagnosis, combination strategies, clinical intervention",0.37826086956521743
987,"role intercellular communication, testicular torsion, nanoparticle tracking analysis, mir 21 5p",0.041304347826086954
987,"therapeutic strategies including, exosomes emerging, epigenetic modulation, solid cancers",0.010869565217391304
987,"transgene expression, metabolite production, study illustrates, precise genome",0.11086956521739132
987,"web science core, mean sd age, research hotspots, 28 day mortality",0.015217391304347825
988,"bla ctx, spectrum lactamase esbl, sequence types sts, coli isolates",0.002173913043478261
988,"details use execution, myosin motors, nascent chain, origin life",0.31086956521739134
988,"editorial emerging, author correction, g2 phase, model pd",0.002173913043478261
988,"fetal liver, stalled replication forks, pulmonary vascular, chromatin state",0.058695652173913045
988,"recent findings recent, cell multi omics, complex microbial, crispr cas based",0.0
988,"related morbidity, stage diagnosis, combination strategies, clinical intervention",0.42173913043478256
988,"role intercellular communication, testicular torsion, nanoparticle tracking analysis, mir 21 5p",0.034782608695652174
988,"therapeutic strategies including, exosomes emerging, epigenetic modulation, solid cancers",0.08478260869565218
988,"transgene expression, metabolite production, study illustrates, precise genome",0.08478260869565218
988,"web science core, mean sd age, research hotspots, 28 day mortality",0.0
989,"bla ctx, spectrum lactamase esbl, sequence types sts, coli isolates",0.010869565217391304
989,"details use execution, myosin motors, nascent chain, origin life",0.28043478260869564
989,"editorial emerging, author correction, g2 phase, model pd",0.021739130434782608
989,"fetal liver, stalled replication forks, pulmonary vascular, chromatin state",0.054347826086956534
989,"recent findings recent, cell multi omics, complex microbial, crispr cas based",0.0
989,"related morbidity, stage diagnosis, combination strategies, clinical intervention",0.3652173913043478
989,"role intercellular communication, testicular torsion, nanoparticle tracking analysis, mir 21 5p",0.041304347826086954
989,"therapeutic strategies including, exosomes emerging, epigenetic modulation, solid cancers",0.09347826086956522
989,"transgene expression, metabolite production, study illustrates, precise genome",0.11739130434782609
989,"web science core, mean sd age, research hotspots, 28 day mortality",0.015217391304347825
990,"bla ctx, spectrum lactamase esbl, sequence types sts, coli isolates",0.008695652173913044
990,"details use execution, myosin motors, nascent chain, origin life",0.42391304347826086
990,"editorial emerging, author correction, g2 phase, model pd",0.034782608695652174
990,"fetal liver, stalled replication forks, pulmonary vascular, chromatin state",0.07608695652173914
990,"recent findings recent, cell multi omics, complex microbial, crispr cas based",0.0
990,"related morbidity, stage diagnosis, combination strategies, clinical intervention",0.31304347826086953
990,"role intercellular communication, testicular torsion, nanoparticle tracking analysis, mir 21 5p",0.002173913043478261
990,"therapeutic strategies including, exosomes emerging, epigenetic modulation, solid cancers",0.026086956521739136
990,"transgene expression, metabolite production, study illustrates, precise genome",0.11521739130434783
990,"web science core, mean sd age, research hotspots, 28 day mortality",0.0
991,"bla ctx, spectrum lactamase esbl, sequence types sts, coli isolates",0.006521739130434784
991,"details use execution, myosin motors, nascent chain, origin life",0.3086956521739131
991,"editorial emerging, author correction, g2 phase, model pd",0.03260869565217391
991,"fetal liver, stalled replication forks, pulmonary vascular, chromatin state",0.11956521739130437
991,"recent findings recent, cell multi omics, complex microbial, crispr cas based",0.0
991,"related morbidity, stage diagnosis, combination strategies, clinical intervention",0.40869565217391296
991,"role intercellular communication, testicular torsion, nanoparticle tracking analysis, mir 21 5p",0.03260869565217391
991,"therapeutic strategies including, exosomes emerging, epigenetic modulation, solid cancers",0.019565217391304346
991,"transgene expression, metabolite production, study illustrates, precise genome",0.07173913043478261
991,"web science core, mean sd age, research hotspots, 28 day mortality",0.0
992,"bla ctx, spectrum lactamase esbl, sequence types sts, coli isolates",0.02391304347826087
992,"details use execution, myosin motors, nascent chain, origin life",0.26521739130434785
992,"editorial emerging, author correction, g2 phase, model pd",0.034782608695652174
992,"fetal liver, stalled replication forks, pulmonary vascular, chromatin state",0.04565217391304348
992,"recent findings recent, cell multi omics, complex microbial, crispr cas based",0.0
992,"related morbidity, stage diagnosis, combination strategies, clinical intervention",0.4739130434782609
992,"role intercellular communication, testicular torsion, nanoparticle tracking analysis, mir 21 5p",0.043478260869565216
992,"therapeutic strategies including, exosomes emerging, epigenetic modulation, solid cancers",0.028260869565217388
992,"transgene expression, metabolite production, study illustrates, precise genome",0.06956521739130435
992,"web science core, mean sd age, research hotspots, 28 day mortality",0.015217391304347825
993,"bla ctx, spectrum lactamase esbl, sequence types sts, coli isolates",0.006521739130434784
993,"details use execution, myosin motors, nascent chain, origin life",0.29347826086956524
993,"editorial emerging, author correction, g2 phase, model pd",0.05652173913043478
993,"fetal liver, stalled replication forks, pulmonary vascular, chromatin state",0.09347826086956522
993,"recent findings recent, cell multi omics, complex microbial, crispr cas based",0.0
993,"related morbidity, stage diagnosis, combination strategies, clinical intervention",0.40869565217391307
993,"role intercellular communication, testicular torsion, nanoparticle tracking analysis, mir 21 5p",0.004347826086956522
993,"therapeutic strategies including, exosomes emerging, epigenetic modulation, solid cancers",0.004347826086956522
993,"transgene expression, metabolite production, study illustrates, precise genome",0.1326086956521739
993,"web science core, mean sd age, research hotspots, 28 day mortality",0.0
994,"bla ctx, spectrum lactamase esbl, sequence types sts, coli isolates",0.004347826086956522
994,"details use execution, myosin motors, nascent chain, origin life",0.30869565217391304
994,"editorial emerging, author correction, g2 phase, model pd",0.002173913043478261
994,"fetal liver, stalled replication forks, pulmonary vascular, chromatin state",0.05652173913043478
994,"recent findings recent, cell multi omics, complex microbial, crispr cas based",0.0
994,"related morbidity, stage diagnosis, combination strategies, clinical intervention",0.42608695652173917
994,"role intercellular communication, testicular torsion, nanoparticle tracking analysis, mir 21 5p",0.034782608695652174
994,"therapeutic strategies including, exosomes emerging, epigenetic modulation, solid cancers",0.03260869565217391
994,"transgene expression, metabolite production, study illustrates, precise genome",0.13478260869565217
994,"web science core, mean sd age, research hotspots, 28 day mortality",0.0
995,"bla ctx, spectrum lactamase esbl, sequence types sts, coli isolates",0.004347826086956522
995,"details use execution, myosin motors, nascent chain, origin life",0.21086956521739128
995,"editorial emerging, author correction, g2 phase, model pd",0.021739130434782608
995,"fetal liver, stalled replication forks, pulmonary vascular, chromatin state",0.10434782608695652
995,"recent findings recent, cell multi omics, complex microbial, crispr cas based",0.0
995,"related morbidity, stage diagnosis, combination strategies, clinical intervention",0.4782608695652173
995,"role intercellular communication, testicular torsion, nanoparticle tracking analysis, mir 21 5p",0.002173913043478261
995,"therapeutic strategies including, exosomes emerging, epigenetic modulation, solid cancers",0.041304347826086954
995,"transgene expression, metabolite production, study illustrates, precise genome",0.13695652173913042
995,"web science core, mean sd age, research hotspots, 28 day mortality",0.0
996,"bla ctx, spectrum lactamase esbl, sequence types sts, coli isolates",0.015217391304347825
996,"details use execution, myosin motors, nascent chain, origin life",0.2652173913043478
996,"editorial emerging, author correction, g2 phase, model pd",0.034782608695652174
996,"fetal liver, stalled replication forks, pulmonary vascular, chromatin state",0.07608695652173914
996,"recent findings recent, cell multi omics, complex microbial, crispr cas based",0.0
996,"related morbidity, stage diagnosis, combination strategies, clinical intervention",0.4369565217391304
996,"role intercellular communication, testicular torsion, nanoparticle tracking analysis, mir 21 5p",0.008695652173913044
996,"therapeutic strategies including, exosomes emerging, epigenetic modulation, solid cancers",0.03260869565217391
996,"transgene expression, metabolite production, study illustrates, precise genome",0.11521739130434783
996,"web science core, mean sd age, research hotspots, 28 day mortality",0.015217391304347825
997,"bla ctx, spectrum lactamase esbl, sequence types sts, coli isolates",0.017391304347826087
997,"details use execution, myosin motors, nascent chain, origin life",0.36086956521739133
997,"editorial emerging, author correction, g2 phase, model pd",0.03260869565217391
997,"fetal liver, stalled replication forks, pulmonary vascular, chromatin state",0.06304347826086956
997,"recent findings recent, cell multi omics, complex microbial, crispr cas based",0.0
997,"related morbidity, stage diagnosis, combination strategies, clinical intervention",0.391304347826087
997,"role intercellular communication, testicular torsion, nanoparticle tracking analysis, mir 21 5p",0.04130434782608696
997,"therapeutic strategies including, exosomes emerging, epigenetic modulation, solid cancers",0.019565217391304346
997,"transgene expression, metabolite production, study illustrates, precise genome",0.058695652173913045
997,"web science core, mean sd age, research hotspots, 28 day mortality",0.015217391304347825
998,"bla ctx, spectrum lactamase esbl, sequence types sts, coli isolates",0.006521739130434782
998,"details use execution, myosin motors, nascent chain, origin life",0.20869565217391303
998,"editorial emerging, author correction, g2 phase, model pd",0.02391304347826087
998,"fetal liver, stalled replication forks, pulmonary vascular, chromatin state",0.08913043478260871
998,"recent findings recent, cell multi omics, complex microbial, crispr cas based",0.0
998,"related morbidity, stage diagnosis, combination strategies, clinical intervention",0.4934782608695652
998,"role intercellular communication, testicular torsion, nanoparticle tracking analysis, mir 21 5p",0.002173913043478261
998,"therapeutic strategies including, exosomes emerging, epigenetic modulation, solid cancers",0.013043478260869568
998,"transgene expression, metabolite production, study illustrates, precise genome",0.16304347826086957
998,"web science core, mean sd age, research hotspots, 28 day mortality",0.0
999,"bla ctx, spectrum lactamase esbl, sequence types sts, coli isolates",0.0
999,"details use execution, myosin motors, nascent chain, origin life",0.1826086956521739
999,"editorial emerging, author correction, g2 phase, model pd",0.03260869565217391
999,"fetal liver, stalled replication forks, pulmonary vascular, chromatin state",0.08695652173913043
999,"recent findings recent, cell multi omics, complex microbial, crispr cas based",0.0
999,"related morbidity, stage diagnosis, combination strategies, clinical intervention",0.44565217391304346
999,"role intercellular communication, testicular torsion, nanoparticle tracking analysis, mir 21 5p",0.034782608695652174
999,"therapeutic strategies including, exosomes emerging, epigenetic modulation, solid cancers",0.10869565217391304
999,"transgene expression, metabolite production, study illustrates, precise genome",0.10869565217391304
999,"web science core, mean sd age, research hotspots, 28 day mortality",0.0
