sample_index,human_value,ai_value,metric,condition
0,0.41556957705689984,0.2935071891475572,mean_pairwise_distance,persona
1,0.41556957705689984,0.2877200368364809,mean_pairwise_distance,persona
2,0.41556957705689984,0.2987768544038765,mean_pairwise_distance,persona
3,0.41556957705689984,0.326635826953315,mean_pairwise_distance,persona
4,0.41556957705689984,0.40667938809149823,mean_pairwise_distance,persona
5,0.41556957705689984,0.20256007495133774,mean_pairwise_distance,persona
6,0.41556957705689984,0.24446955170084836,mean_pairwise_distance,persona
7,0.41556957705689984,0.3265756319162874,mean_pairwise_distance,persona
8,0.41556957705689984,0.2941818746182287,mean_pairwise_distance,persona
9,0.41556957705689984,0.28970362899802893,mean_pairwise_distance,persona
10,0.41556957705689984,0.29854214851092914,mean_pairwise_distance,persona
11,0.41556957705689984,0.25438312603079755,mean_pairwise_distance,persona
12,0.41556957705689984,0.328211613558969,mean_pairwise_distance,persona
13,0.41556957705689984,0.2535627463118361,mean_pairwise_distance,persona
14,0.41556957705689984,0.3802830499151479,mean_pairwise_distance,persona
15,0.41556957705689984,0.35750223808137793,mean_pairwise_distance,persona
16,0.41556957705689984,0.15842648056656006,mean_pairwise_distance,persona
17,0.41556957705689984,0.29693461171251984,mean_pairwise_distance,persona
18,0.41556957705689984,0.1561972960653041,mean_pairwise_distance,persona
19,0.41556957705689984,0.1619163647941921,mean_pairwise_distance,persona
20,0.41556957705689984,0.3887667255439306,mean_pairwise_distance,persona
21,0.41556957705689984,0.3859404285434678,mean_pairwise_distance,persona
22,0.41556957705689984,0.32541747762280493,mean_pairwise_distance,persona
23,0.41556957705689984,0.4050850031875339,mean_pairwise_distance,persona
24,0.41556957705689984,0.29133515230751794,mean_pairwise_distance,persona
25,0.41556957705689984,0.3856062158765529,mean_pairwise_distance,persona
26,0.41556957705689984,0.33051496249413775,mean_pairwise_distance,persona
27,0.41556957705689984,0.36549972050745966,mean_pairwise_distance,persona
28,0.41556957705689984,0.21424619011257007,mean_pairwise_distance,persona
29,0.41556957705689984,0.21011574654711093,mean_pairwise_distance,persona
30,0.41556957705689984,0.21285541137687775,mean_pairwise_distance,persona
31,0.41556957705689984,0.32401621318146173,mean_pairwise_distance,persona
32,0.41556957705689984,0.2895578972906934,mean_pairwise_distance,persona
33,0.41556957705689984,0.2969998166023978,mean_pairwise_distance,persona
34,0.41556957705689984,0.3530485679509611,mean_pairwise_distance,persona
35,0.41556957705689984,0.2556325972315822,mean_pairwise_distance,persona
36,0.41556957705689984,0.20611538976548688,mean_pairwise_distance,persona
37,0.41556957705689984,0.3008424658549162,mean_pairwise_distance,persona
38,0.41556957705689984,0.2926926928546589,mean_pairwise_distance,persona
39,0.41556957705689984,0.35927946788991394,mean_pairwise_distance,persona
40,0.41556957705689984,0.2944967480516245,mean_pairwise_distance,persona
41,0.41556957705689984,0.24880590316335202,mean_pairwise_distance,persona
42,0.41556957705689984,0.21370216862486285,mean_pairwise_distance,persona
43,0.41556957705689984,0.28709316913318256,mean_pairwise_distance,persona
44,0.41556957705689984,0.35639993616714777,mean_pairwise_distance,persona
45,0.41556957705689984,0.1561363669252207,mean_pairwise_distance,persona
46,0.41556957705689984,0.2985856530694622,mean_pairwise_distance,persona
47,0.41556957705689984,0.2492103892352741,mean_pairwise_distance,persona
48,0.41556957705689984,0.3281627907583365,mean_pairwise_distance,persona
49,0.41556957705689984,0.28574812082433887,mean_pairwise_distance,persona
50,0.41556957705689984,0.30111717730171594,mean_pairwise_distance,persona
51,0.41556957705689984,0.2798576201846006,mean_pairwise_distance,persona
52,0.41556957705689984,0.24510014174955164,mean_pairwise_distance,persona
53,0.41556957705689984,0.29787764106343384,mean_pairwise_distance,persona
54,0.41556957705689984,0.21435859928960385,mean_pairwise_distance,persona
55,0.41556957705689984,0.2839364223329446,mean_pairwise_distance,persona
56,0.41556957705689984,0.25116057169767236,mean_pairwise_distance,persona
57,0.41556957705689984,0.2943960579016463,mean_pairwise_distance,persona
58,0.41556957705689984,0.3902382930748076,mean_pairwise_distance,persona
59,0.41556957705689984,0.2921132871755969,mean_pairwise_distance,persona
60,0.41556957705689984,0.28724169118602283,mean_pairwise_distance,persona
61,0.41556957705689984,0.20609172837065143,mean_pairwise_distance,persona
62,0.41556957705689984,0.3591864222123218,mean_pairwise_distance,persona
63,0.41556957705689984,0.2982327839131412,mean_pairwise_distance,persona
64,0.41556957705689984,0.198793049150776,mean_pairwise_distance,persona
65,0.41556957705689984,0.4175796904582751,mean_pairwise_distance,persona
66,0.41556957705689984,0.28800233480016235,mean_pairwise_distance,persona
67,0.41556957705689984,0.2860013654109518,mean_pairwise_distance,persona
68,0.41556957705689984,0.20550931560192184,mean_pairwise_distance,persona
69,0.41556957705689984,0.15831813463580466,mean_pairwise_distance,persona
70,0.41556957705689984,0.32340218120884046,mean_pairwise_distance,persona
71,0.41556957705689984,0.24929426475004715,mean_pairwise_distance,persona
72,0.41556957705689984,0.2865158248795822,mean_pairwise_distance,persona
73,0.41556957705689984,0.32457374018642743,mean_pairwise_distance,persona
74,0.41556957705689984,0.15410666008711804,mean_pairwise_distance,persona
75,0.41556957705689984,0.3307200465277721,mean_pairwise_distance,persona
76,0.41556957705689984,0.1579009944742376,mean_pairwise_distance,persona
77,0.41556957705689984,0.36293254680784326,mean_pairwise_distance,persona
78,0.41556957705689984,0.24098208157912546,mean_pairwise_distance,persona
79,0.41556957705689984,0.36043156606877746,mean_pairwise_distance,persona
80,0.41556957705689984,0.20623217528987778,mean_pairwise_distance,persona
81,0.41556957705689984,0.21482502825175348,mean_pairwise_distance,persona
82,0.41556957705689984,0.24768032433958392,mean_pairwise_distance,persona
83,0.41556957705689984,0.24482295070241092,mean_pairwise_distance,persona
84,0.41556957705689984,0.20901982397901211,mean_pairwise_distance,persona
85,0.41556957705689984,0.25758983024024207,mean_pairwise_distance,persona
86,0.41556957705689984,0.20324934447706924,mean_pairwise_distance,persona
87,0.41556957705689984,0.32254380129071564,mean_pairwise_distance,persona
88,0.41556957705689984,0.38101465193179285,mean_pairwise_distance,persona
89,0.41556957705689984,0.25493529615666083,mean_pairwise_distance,persona
90,0.41556957705689984,0.29720821375903406,mean_pairwise_distance,persona
91,0.41556957705689984,0.20417290478355798,mean_pairwise_distance,persona
92,0.41556957705689984,0.33203791064236005,mean_pairwise_distance,persona
93,0.41556957705689984,0.2505084198454152,mean_pairwise_distance,persona
94,0.41556957705689984,0.15164415661996533,mean_pairwise_distance,persona
95,0.41556957705689984,0.29162661289509106,mean_pairwise_distance,persona
96,0.41556957705689984,0.286448150519797,mean_pairwise_distance,persona
97,0.41556957705689984,0.2911404288804578,mean_pairwise_distance,persona
98,0.41556957705689984,0.25598544000165735,mean_pairwise_distance,persona
99,0.41556957705689984,0.2508966769625547,mean_pairwise_distance,persona
100,0.41556957705689984,0.2084608666981633,mean_pairwise_distance,persona
101,0.41556957705689984,0.2933866782150721,mean_pairwise_distance,persona
102,0.41556957705689984,0.2935248618069374,mean_pairwise_distance,persona
103,0.41556957705689984,0.28822566303811054,mean_pairwise_distance,persona
104,0.41556957705689984,0.2972759540844341,mean_pairwise_distance,persona
105,0.41556957705689984,0.25189258835532446,mean_pairwise_distance,persona
106,0.41556957705689984,0.36005637367723486,mean_pairwise_distance,persona
107,0.41556957705689984,0.32260543720524304,mean_pairwise_distance,persona
108,0.41556957705689984,0.21397630075221005,mean_pairwise_distance,persona
109,0.41556957705689984,0.32044804331813403,mean_pairwise_distance,persona
110,0.41556957705689984,0.16113572982931326,mean_pairwise_distance,persona
111,0.41556957705689984,0.32470541462125513,mean_pairwise_distance,persona
112,0.41556957705689984,0.25213714739079535,mean_pairwise_distance,persona
113,0.41556957705689984,0.3269186180099668,mean_pairwise_distance,persona
114,0.41556957705689984,0.25658412719432544,mean_pairwise_distance,persona
115,0.41556957705689984,0.3823873471365616,mean_pairwise_distance,persona
116,0.41556957705689984,0.38498358057421656,mean_pairwise_distance,persona
117,0.41556957705689984,0.3538183452112401,mean_pairwise_distance,persona
118,0.41556957705689984,0.2933521320226164,mean_pairwise_distance,persona
119,0.41556957705689984,0.29594515175687464,mean_pairwise_distance,persona
120,0.41556957705689984,0.25069272706631146,mean_pairwise_distance,persona
121,0.41556957705689984,0.37208880878719885,mean_pairwise_distance,persona
122,0.41556957705689984,0.35172496412111365,mean_pairwise_distance,persona
123,0.41556957705689984,0.35728696989918884,mean_pairwise_distance,persona
124,0.41556957705689984,0.366127698789001,mean_pairwise_distance,persona
125,0.41556957705689984,0.32848098650280194,mean_pairwise_distance,persona
126,0.41556957705689984,0.28733530134080426,mean_pairwise_distance,persona
127,0.41556957705689984,0.25452588834310236,mean_pairwise_distance,persona
128,0.41556957705689984,0.24920733243580392,mean_pairwise_distance,persona
129,0.41556957705689984,0.38873200289345544,mean_pairwise_distance,persona
130,0.41556957705689984,0.29378565615816077,mean_pairwise_distance,persona
131,0.41556957705689984,0.3312232883080192,mean_pairwise_distance,persona
132,0.41556957705689984,0.34997460964640137,mean_pairwise_distance,persona
133,0.41556957705689984,0.2925431933327626,mean_pairwise_distance,persona
134,0.41556957705689984,0.3516452557484623,mean_pairwise_distance,persona
135,0.41556957705689984,0.3467989674669952,mean_pairwise_distance,persona
136,0.41556957705689984,0.21116037637348703,mean_pairwise_distance,persona
137,0.41556957705689984,0.2885348462304579,mean_pairwise_distance,persona
138,0.41556957705689984,0.35789472524356464,mean_pairwise_distance,persona
139,0.41556957705689984,0.29541219788577716,mean_pairwise_distance,persona
140,0.41556957705689984,0.15902216255429233,mean_pairwise_distance,persona
141,0.41556957705689984,0.36463726579907385,mean_pairwise_distance,persona
142,0.41556957705689984,0.2563270891136803,mean_pairwise_distance,persona
143,0.41556957705689984,0.2500370222589244,mean_pairwise_distance,persona
144,0.41556957705689984,0.20289920935988898,mean_pairwise_distance,persona
145,0.41556957705689984,0.2133550281110017,mean_pairwise_distance,persona
146,0.41556957705689984,0.3283778695249746,mean_pairwise_distance,persona
147,0.41556957705689984,0.2043936608337131,mean_pairwise_distance,persona
148,0.41556957705689984,0.38429379180486023,mean_pairwise_distance,persona
149,0.41556957705689984,0.3594508347775154,mean_pairwise_distance,persona
150,0.41556957705689984,0.33234012645223865,mean_pairwise_distance,persona
151,0.41556957705689984,0.3599241767005016,mean_pairwise_distance,persona
152,0.41556957705689984,0.2496023997958941,mean_pairwise_distance,persona
153,0.41556957705689984,0.2531719047561465,mean_pairwise_distance,persona
154,0.41556957705689984,0.1622924969601537,mean_pairwise_distance,persona
155,0.41556957705689984,0.3374703432260295,mean_pairwise_distance,persona
156,0.41556957705689984,0.2552237663815615,mean_pairwise_distance,persona
157,0.41556957705689984,0.3519320780109511,mean_pairwise_distance,persona
158,0.41556957705689984,0.1634518758581561,mean_pairwise_distance,persona
159,0.41556957705689984,0.38803394721901935,mean_pairwise_distance,persona
160,0.41556957705689984,0.3232247219255319,mean_pairwise_distance,persona
161,0.41556957705689984,0.2554055499465098,mean_pairwise_distance,persona
162,0.41556957705689984,0.3278089000773524,mean_pairwise_distance,persona
163,0.41556957705689984,0.2930899394359513,mean_pairwise_distance,persona
164,0.41556957705689984,0.19755636137935956,mean_pairwise_distance,persona
165,0.41556957705689984,0.32718789012064575,mean_pairwise_distance,persona
166,0.41556957705689984,0.25864104367056384,mean_pairwise_distance,persona
167,0.41556957705689984,0.3253768133551707,mean_pairwise_distance,persona
168,0.41556957705689984,0.3334906174260166,mean_pairwise_distance,persona
169,0.41556957705689984,0.3267551924400179,mean_pairwise_distance,persona
170,0.41556957705689984,0.20627321297000992,mean_pairwise_distance,persona
171,0.41556957705689984,0.355541537166113,mean_pairwise_distance,persona
172,0.41556957705689984,0.25478145774645294,mean_pairwise_distance,persona
173,0.41556957705689984,0.32520805352290155,mean_pairwise_distance,persona
174,0.41556957705689984,0.1547826014959765,mean_pairwise_distance,persona
175,0.41556957705689984,0.28795052517072955,mean_pairwise_distance,persona
176,0.41556957705689984,0.20307432097408612,mean_pairwise_distance,persona
177,0.41556957705689984,0.30034744009198877,mean_pairwise_distance,persona
178,0.41556957705689984,0.3584921932503169,mean_pairwise_distance,persona
179,0.41556957705689984,0.24676498758934232,mean_pairwise_distance,persona
180,0.41556957705689984,0.24297897947635574,mean_pairwise_distance,persona
181,0.41556957705689984,0.28303076603667066,mean_pairwise_distance,persona
182,0.41556957705689984,0.2461563796393956,mean_pairwise_distance,persona
183,0.41556957705689984,0.3301000931988592,mean_pairwise_distance,persona
184,0.41556957705689984,0.2526419431324533,mean_pairwise_distance,persona
185,0.41556957705689984,0.3192948072324157,mean_pairwise_distance,persona
186,0.41556957705689984,0.3305571543369369,mean_pairwise_distance,persona
187,0.41556957705689984,0.2514700253490403,mean_pairwise_distance,persona
188,0.41556957705689984,0.3309114627216173,mean_pairwise_distance,persona
189,0.41556957705689984,0.2971858622528348,mean_pairwise_distance,persona
190,0.41556957705689984,0.20881189918329593,mean_pairwise_distance,persona
191,0.41556957705689984,0.2542379432516136,mean_pairwise_distance,persona
192,0.41556957705689984,0.29337866386406036,mean_pairwise_distance,persona
193,0.41556957705689984,0.21310458258677847,mean_pairwise_distance,persona
194,0.41556957705689984,0.16118394079886877,mean_pairwise_distance,persona
195,0.41556957705689984,0.20851617038485562,mean_pairwise_distance,persona
196,0.41556957705689984,0.33430561882705084,mean_pairwise_distance,persona
197,0.41556957705689984,0.24768702597486172,mean_pairwise_distance,persona
198,0.41556957705689984,0.3273622120321975,mean_pairwise_distance,persona
199,0.41556957705689984,0.2937666665424,mean_pairwise_distance,persona
200,0.41556957705689984,0.33733029563436395,mean_pairwise_distance,persona
201,0.41556957705689984,0.28779766847022437,mean_pairwise_distance,persona
202,0.41556957705689984,0.3302046272594467,mean_pairwise_distance,persona
203,0.41556957705689984,0.2524005718853163,mean_pairwise_distance,persona
204,0.41556957705689984,0.32599861819753534,mean_pairwise_distance,persona
205,0.41556957705689984,0.38263225390505884,mean_pairwise_distance,persona
206,0.41556957705689984,0.33132257645309204,mean_pairwise_distance,persona
207,0.41556957705689984,0.2520555882114667,mean_pairwise_distance,persona
208,0.41556957705689984,0.25639075771150854,mean_pairwise_distance,persona
209,0.41556957705689984,0.2508464443824979,mean_pairwise_distance,persona
210,0.41556957705689984,0.3830447788295067,mean_pairwise_distance,persona
211,0.41556957705689984,0.20257993554880496,mean_pairwise_distance,persona
212,0.41556957705689984,0.2125355273838571,mean_pairwise_distance,persona
213,0.41556957705689984,0.32498118835004425,mean_pairwise_distance,persona
214,0.41556957705689984,0.29283747583509906,mean_pairwise_distance,persona
215,0.41556957705689984,0.3280476904198115,mean_pairwise_distance,persona
216,0.41556957705689984,0.2519180199845506,mean_pairwise_distance,persona
217,0.41556957705689984,0.2959941759882237,mean_pairwise_distance,persona
218,0.41556957705689984,0.2498376675745244,mean_pairwise_distance,persona
219,0.41556957705689984,0.4088146008050489,mean_pairwise_distance,persona
220,0.41556957705689984,0.25592001978116546,mean_pairwise_distance,persona
221,0.41556957705689984,0.2060474915937944,mean_pairwise_distance,persona
222,0.41556957705689984,0.25561212503862946,mean_pairwise_distance,persona
223,0.41556957705689984,0.2531951043916785,mean_pairwise_distance,persona
224,0.41556957705689984,0.24904779176938205,mean_pairwise_distance,persona
225,0.41556957705689984,0.25677510707274726,mean_pairwise_distance,persona
226,0.41556957705689984,0.2917015298081952,mean_pairwise_distance,persona
227,0.41556957705689984,0.32737300212204223,mean_pairwise_distance,persona
228,0.41556957705689984,0.25403310234838794,mean_pairwise_distance,persona
229,0.41556957705689984,0.25465416719790973,mean_pairwise_distance,persona
230,0.41556957705689984,0.3870967096490822,mean_pairwise_distance,persona
231,0.41556957705689984,0.35161848784435407,mean_pairwise_distance,persona
232,0.41556957705689984,0.3887604682341866,mean_pairwise_distance,persona
233,0.41556957705689984,0.21357108952970844,mean_pairwise_distance,persona
234,0.41556957705689984,0.2913055379871323,mean_pairwise_distance,persona
235,0.41556957705689984,0.21110751953991977,mean_pairwise_distance,persona
236,0.41556957705689984,0.1642466161562049,mean_pairwise_distance,persona
237,0.41556957705689984,0.2916507245052473,mean_pairwise_distance,persona
238,0.41556957705689984,0.3535040275381488,mean_pairwise_distance,persona
239,0.41556957705689984,0.2440850108037353,mean_pairwise_distance,persona
240,0.41556957705689984,0.24805503423977276,mean_pairwise_distance,persona
241,0.41556957705689984,0.33417331371382764,mean_pairwise_distance,persona
242,0.41556957705689984,0.21713041811592493,mean_pairwise_distance,persona
243,0.41556957705689984,0.3848028552862024,mean_pairwise_distance,persona
244,0.41556957705689984,0.2979977809393359,mean_pairwise_distance,persona
245,0.41556957705689984,0.29543817019745294,mean_pairwise_distance,persona
246,0.41556957705689984,0.2924446663837659,mean_pairwise_distance,persona
247,0.41556957705689984,0.3219138831489171,mean_pairwise_distance,persona
248,0.41556957705689984,0.29293523428468365,mean_pairwise_distance,persona
249,0.41556957705689984,0.2116678427801773,mean_pairwise_distance,persona
250,0.41556957705689984,0.2811134285606414,mean_pairwise_distance,persona
251,0.41556957705689984,0.29224326888563135,mean_pairwise_distance,persona
252,0.41556957705689984,0.33135877013677667,mean_pairwise_distance,persona
253,0.41556957705689984,0.2892030446896911,mean_pairwise_distance,persona
254,0.41556957705689984,0.20858190441320065,mean_pairwise_distance,persona
255,0.41556957705689984,0.2520654064864509,mean_pairwise_distance,persona
256,0.41556957705689984,0.29209521589543036,mean_pairwise_distance,persona
257,0.41556957705689984,0.2101726529626507,mean_pairwise_distance,persona
258,0.41556957705689984,0.3283056211565794,mean_pairwise_distance,persona
259,0.41556957705689984,0.36133986970652704,mean_pairwise_distance,persona
260,0.41556957705689984,0.3288976778625971,mean_pairwise_distance,persona
261,0.41556957705689984,0.2442100116386715,mean_pairwise_distance,persona
262,0.41556957705689984,0.20630671125155664,mean_pairwise_distance,persona
263,0.41556957705689984,0.25528276155117474,mean_pairwise_distance,persona
264,0.41556957705689984,0.32216861526014307,mean_pairwise_distance,persona
265,0.41556957705689984,0.29008223416776996,mean_pairwise_distance,persona
266,0.41556957705689984,0.10491916973129091,mean_pairwise_distance,persona
267,0.41556957705689984,0.3591558188788976,mean_pairwise_distance,persona
268,0.41556957705689984,0.20801769744737347,mean_pairwise_distance,persona
269,0.41556957705689984,0.28358360618470685,mean_pairwise_distance,persona
270,0.41556957705689984,0.16515703493427383,mean_pairwise_distance,persona
271,0.41556957705689984,0.1629069774989554,mean_pairwise_distance,persona
272,0.41556957705689984,0.3376841031515551,mean_pairwise_distance,persona
273,0.41556957705689984,0.3591843947120335,mean_pairwise_distance,persona
274,0.41556957705689984,0.2603719116670812,mean_pairwise_distance,persona
275,0.41556957705689984,0.20386488070129877,mean_pairwise_distance,persona
276,0.41556957705689984,0.2812519956954383,mean_pairwise_distance,persona
277,0.41556957705689984,0.21512005993500058,mean_pairwise_distance,persona
278,0.41556957705689984,0.320178595927393,mean_pairwise_distance,persona
279,0.41556957705689984,0.3528666288956352,mean_pairwise_distance,persona
280,0.41556957705689984,0.2906127169198198,mean_pairwise_distance,persona
281,0.41556957705689984,0.35109432624733966,mean_pairwise_distance,persona
282,0.41556957705689984,0.20876805231034049,mean_pairwise_distance,persona
283,0.41556957705689984,0.29638719016855414,mean_pairwise_distance,persona
284,0.41556957705689984,0.32409863721711835,mean_pairwise_distance,persona
285,0.41556957705689984,0.2566589682469726,mean_pairwise_distance,persona
286,0.41556957705689984,0.28696786674115027,mean_pairwise_distance,persona
287,0.41556957705689984,0.33107912116371124,mean_pairwise_distance,persona
288,0.41556957705689984,0.35657842474963825,mean_pairwise_distance,persona
289,0.41556957705689984,0.3600511998527135,mean_pairwise_distance,persona
290,0.41556957705689984,0.32011323177767365,mean_pairwise_distance,persona
291,0.41556957705689984,0.32579366750867944,mean_pairwise_distance,persona
292,0.41556957705689984,0.32148426441335864,mean_pairwise_distance,persona
293,0.41556957705689984,0.29403533836598456,mean_pairwise_distance,persona
294,0.41556957705689984,0.3814708081629908,mean_pairwise_distance,persona
295,0.41556957705689984,0.2946170738092053,mean_pairwise_distance,persona
296,0.41556957705689984,0.36306843361835706,mean_pairwise_distance,persona
297,0.41556957705689984,0.2893499986456317,mean_pairwise_distance,persona
298,0.41556957705689984,0.3288849523887333,mean_pairwise_distance,persona
299,0.41556957705689984,0.2590171265979058,mean_pairwise_distance,persona
300,0.41556957705689984,0.2916989613898658,mean_pairwise_distance,persona
301,0.41556957705689984,0.20917012922377454,mean_pairwise_distance,persona
302,0.41556957705689984,0.2535161343016643,mean_pairwise_distance,persona
303,0.41556957705689984,0.33596558250457403,mean_pairwise_distance,persona
304,0.41556957705689984,0.2962813097026508,mean_pairwise_distance,persona
305,0.41556957705689984,0.29382896399780695,mean_pairwise_distance,persona
306,0.41556957705689984,0.28572713103690167,mean_pairwise_distance,persona
307,0.41556957705689984,0.20667491529298865,mean_pairwise_distance,persona
308,0.41556957705689984,0.2571224808221749,mean_pairwise_distance,persona
309,0.41556957705689984,0.16039960186472052,mean_pairwise_distance,persona
310,0.41556957705689984,0.36139058477793756,mean_pairwise_distance,persona
311,0.41556957705689984,0.21734655186121643,mean_pairwise_distance,persona
312,0.41556957705689984,0.2533121973629526,mean_pairwise_distance,persona
313,0.41556957705689984,0.1059222873962915,mean_pairwise_distance,persona
314,0.41556957705689984,0.29382310813594714,mean_pairwise_distance,persona
315,0.41556957705689984,0.2103400051358189,mean_pairwise_distance,persona
316,0.41556957705689984,0.32767906278489606,mean_pairwise_distance,persona
317,0.41556957705689984,0.24430574376592523,mean_pairwise_distance,persona
318,0.41556957705689984,0.3281291318033995,mean_pairwise_distance,persona
319,0.41556957705689984,0.32636496789841785,mean_pairwise_distance,persona
320,0.41556957705689984,0.3334654522507558,mean_pairwise_distance,persona
321,0.41556957705689984,0.10210892899705487,mean_pairwise_distance,persona
322,0.41556957705689984,0.3848604069868095,mean_pairwise_distance,persona
323,0.41556957705689984,0.28830260014816705,mean_pairwise_distance,persona
324,0.41556957705689984,0.24433099234057037,mean_pairwise_distance,persona
325,0.41556957705689984,0.32631785737667157,mean_pairwise_distance,persona
326,0.41556957705689984,0.19978037299846002,mean_pairwise_distance,persona
327,0.41556957705689984,0.28444657542488794,mean_pairwise_distance,persona
328,0.41556957705689984,0.19657579735804923,mean_pairwise_distance,persona
329,0.41556957705689984,0.2941605637196024,mean_pairwise_distance,persona
330,0.41556957705689984,0.38714277108196216,mean_pairwise_distance,persona
331,0.41556957705689984,0.3307246763715631,mean_pairwise_distance,persona
332,0.41556957705689984,0.299867545898724,mean_pairwise_distance,persona
333,0.41556957705689984,0.3321782063118554,mean_pairwise_distance,persona
334,0.41556957705689984,0.21468878004390732,mean_pairwise_distance,persona
335,0.41556957705689984,0.20411831305432226,mean_pairwise_distance,persona
336,0.41556957705689984,0.3295256500187599,mean_pairwise_distance,persona
337,0.41556957705689984,0.16118085525723785,mean_pairwise_distance,persona
338,0.41556957705689984,0.2934638688215625,mean_pairwise_distance,persona
339,0.41556957705689984,0.29210239059840265,mean_pairwise_distance,persona
340,0.41556957705689984,0.24564201911918732,mean_pairwise_distance,persona
341,0.41556957705689984,0.2581188996789955,mean_pairwise_distance,persona
342,0.41556957705689984,0.3180150184706737,mean_pairwise_distance,persona
343,0.41556957705689984,0.28993305410792236,mean_pairwise_distance,persona
344,0.41556957705689984,0.36656359085452417,mean_pairwise_distance,persona
345,0.41556957705689984,0.3792064262944248,mean_pairwise_distance,persona
346,0.41556957705689984,0.3274347042377758,mean_pairwise_distance,persona
347,0.41556957705689984,0.3647207532946771,mean_pairwise_distance,persona
348,0.41556957705689984,0.20874078942853,mean_pairwise_distance,persona
349,0.41556957705689984,0.3251182465214032,mean_pairwise_distance,persona
350,0.41556957705689984,0.2942614510596505,mean_pairwise_distance,persona
351,0.41556957705689984,0.36632088639519433,mean_pairwise_distance,persona
352,0.41556957705689984,0.3240493729180498,mean_pairwise_distance,persona
353,0.41556957705689984,0.32445403921745514,mean_pairwise_distance,persona
354,0.41556957705689984,0.32255832739027124,mean_pairwise_distance,persona
355,0.41556957705689984,0.39265039386485406,mean_pairwise_distance,persona
356,0.41556957705689984,0.2890758738216204,mean_pairwise_distance,persona
357,0.41556957705689984,0.3002381397801426,mean_pairwise_distance,persona
358,0.41556957705689984,0.20255213528282556,mean_pairwise_distance,persona
359,0.41556957705689984,0.15734077607218927,mean_pairwise_distance,persona
360,0.41556957705689984,0.2906190507967953,mean_pairwise_distance,persona
361,0.41556957705689984,0.3653360633510846,mean_pairwise_distance,persona
362,0.41556957705689984,0.35228621205793537,mean_pairwise_distance,persona
363,0.41556957705689984,0.24289216118838947,mean_pairwise_distance,persona
364,0.41556957705689984,0.23959847825317987,mean_pairwise_distance,persona
365,0.41556957705689984,0.2906167629679201,mean_pairwise_distance,persona
366,0.41556957705689984,0.21267917387099133,mean_pairwise_distance,persona
367,0.41556957705689984,0.28936600119700073,mean_pairwise_distance,persona
368,0.41556957705689984,0.28705646892781317,mean_pairwise_distance,persona
369,0.41556957705689984,0.21025703075846194,mean_pairwise_distance,persona
370,0.41556957705689984,0.2980876899519457,mean_pairwise_distance,persona
371,0.41556957705689984,0.25536716055021924,mean_pairwise_distance,persona
372,0.41556957705689984,0.28512724680391693,mean_pairwise_distance,persona
373,0.41556957705689984,0.3644507991466598,mean_pairwise_distance,persona
374,0.41556957705689984,0.38009085414909094,mean_pairwise_distance,persona
375,0.41556957705689984,0.29137819369319873,mean_pairwise_distance,persona
376,0.41556957705689984,0.35581159850825433,mean_pairwise_distance,persona
377,0.41556957705689984,0.24959680803208484,mean_pairwise_distance,persona
378,0.41556957705689984,0.24920313984980225,mean_pairwise_distance,persona
379,0.41556957705689984,0.325000891101219,mean_pairwise_distance,persona
380,0.41556957705689984,0.2915448584104244,mean_pairwise_distance,persona
381,0.41556957705689984,0.36117679186960455,mean_pairwise_distance,persona
382,0.41556957705689984,0.2575989890946701,mean_pairwise_distance,persona
383,0.41556957705689984,0.28456546101174335,mean_pairwise_distance,persona
384,0.41556957705689984,0.20665213618825076,mean_pairwise_distance,persona
385,0.41556957705689984,0.3346293111563671,mean_pairwise_distance,persona
386,0.41556957705689984,0.25442191216314264,mean_pairwise_distance,persona
387,0.41556957705689984,0.2516691154642067,mean_pairwise_distance,persona
388,0.41556957705689984,0.28709924904254114,mean_pairwise_distance,persona
389,0.41556957705689984,0.3827209437317528,mean_pairwise_distance,persona
390,0.41556957705689984,0.3598707874301865,mean_pairwise_distance,persona
391,0.41556957705689984,0.2508643295453942,mean_pairwise_distance,persona
392,0.41556957705689984,0.25386715194453363,mean_pairwise_distance,persona
393,0.41556957705689984,0.28741860483946063,mean_pairwise_distance,persona
394,0.41556957705689984,0.29191885211251,mean_pairwise_distance,persona
395,0.41556957705689984,0.15730313703476675,mean_pairwise_distance,persona
396,0.41556957705689984,0.24327342430122284,mean_pairwise_distance,persona
397,0.41556957705689984,0.21495016855684665,mean_pairwise_distance,persona
398,0.41556957705689984,0.3370180956930982,mean_pairwise_distance,persona
399,0.41556957705689984,0.29343492004711164,mean_pairwise_distance,persona
400,0.41556957705689984,0.36692712382365594,mean_pairwise_distance,persona
401,0.41556957705689984,0.25600340715038916,mean_pairwise_distance,persona
402,0.41556957705689984,0.38580641562759643,mean_pairwise_distance,persona
403,0.41556957705689984,0.33381602698164026,mean_pairwise_distance,persona
404,0.41556957705689984,0.16549397433699356,mean_pairwise_distance,persona
405,0.41556957705689984,0.3265267857920982,mean_pairwise_distance,persona
406,0.41556957705689984,0.25030946448857605,mean_pairwise_distance,persona
407,0.41556957705689984,0.2549939485406687,mean_pairwise_distance,persona
408,0.41556957705689984,0.15876131943563226,mean_pairwise_distance,persona
409,0.41556957705689984,0.38969593486295856,mean_pairwise_distance,persona
410,0.41556957705689984,0.333482816049704,mean_pairwise_distance,persona
411,0.41556957705689984,0.3797065259910855,mean_pairwise_distance,persona
412,0.41556957705689984,0.15952404002427112,mean_pairwise_distance,persona
413,0.41556957705689984,0.29468773947402893,mean_pairwise_distance,persona
414,0.41556957705689984,0.2866239439357411,mean_pairwise_distance,persona
415,0.41556957705689984,0.2856487410341798,mean_pairwise_distance,persona
416,0.41556957705689984,0.3549903807903938,mean_pairwise_distance,persona
417,0.41556957705689984,0.33415211778384424,mean_pairwise_distance,persona
418,0.41556957705689984,0.20163397355513138,mean_pairwise_distance,persona
419,0.41556957705689984,0.24677444517376865,mean_pairwise_distance,persona
420,0.41556957705689984,0.32469019258446374,mean_pairwise_distance,persona
421,0.41556957705689984,0.3602030976958897,mean_pairwise_distance,persona
422,0.41556957705689984,0.2896026862939827,mean_pairwise_distance,persona
423,0.41556957705689984,0.2939335114871089,mean_pairwise_distance,persona
424,0.41556957705689984,0.25069155311396,mean_pairwise_distance,persona
425,0.41556957705689984,0.15352412151253741,mean_pairwise_distance,persona
426,0.41556957705689984,0.24967757373930438,mean_pairwise_distance,persona
427,0.41556957705689984,0.24422020803798328,mean_pairwise_distance,persona
428,0.41556957705689984,0.25806798034977063,mean_pairwise_distance,persona
429,0.41556957705689984,0.21137039463510626,mean_pairwise_distance,persona
430,0.41556957705689984,0.24942283456033398,mean_pairwise_distance,persona
431,0.41556957705689984,0.20564458586952902,mean_pairwise_distance,persona
432,0.41556957705689984,0.21483006048579462,mean_pairwise_distance,persona
433,0.41556957705689984,0.2046364326722066,mean_pairwise_distance,persona
434,0.41556957705689984,0.297142422953142,mean_pairwise_distance,persona
435,0.41556957705689984,0.31729713659512665,mean_pairwise_distance,persona
436,0.41556957705689984,0.2583364250631672,mean_pairwise_distance,persona
437,0.41556957705689984,0.37944867983165936,mean_pairwise_distance,persona
438,0.41556957705689984,0.24704771692102606,mean_pairwise_distance,persona
439,0.41556957705689984,0.2520286761253719,mean_pairwise_distance,persona
440,0.41556957705689984,0.2945397484443876,mean_pairwise_distance,persona
441,0.41556957705689984,0.16267179099938614,mean_pairwise_distance,persona
442,0.41556957705689984,0.3823849766150765,mean_pairwise_distance,persona
443,0.41556957705689984,0.24504950088945773,mean_pairwise_distance,persona
444,0.41556957705689984,0.20870087504858084,mean_pairwise_distance,persona
445,0.41556957705689984,0.25504630356438074,mean_pairwise_distance,persona
446,0.41556957705689984,0.2909615101079225,mean_pairwise_distance,persona
447,0.41556957705689984,0.2987323509374626,mean_pairwise_distance,persona
448,0.41556957705689984,0.2448219503809812,mean_pairwise_distance,persona
449,0.41556957705689984,0.32290629294549994,mean_pairwise_distance,persona
450,0.41556957705689984,0.2535122861504084,mean_pairwise_distance,persona
451,0.41556957705689984,0.2949743353331042,mean_pairwise_distance,persona
452,0.41556957705689984,0.2005769626896372,mean_pairwise_distance,persona
453,0.41556957705689984,0.214710906089059,mean_pairwise_distance,persona
454,0.41556957705689984,0.3275425153758686,mean_pairwise_distance,persona
455,0.41556957705689984,0.33442044752859784,mean_pairwise_distance,persona
456,0.41556957705689984,0.31621731175735535,mean_pairwise_distance,persona
457,0.41556957705689984,0.29291329577035113,mean_pairwise_distance,persona
458,0.41556957705689984,0.24954206929376474,mean_pairwise_distance,persona
459,0.41556957705689984,0.3903791473317052,mean_pairwise_distance,persona
460,0.41556957705689984,0.2889500321606874,mean_pairwise_distance,persona
461,0.41556957705689984,0.16644317830504166,mean_pairwise_distance,persona
462,0.41556957705689984,0.2806926393226201,mean_pairwise_distance,persona
463,0.41556957705689984,0.3250852257837891,mean_pairwise_distance,persona
464,0.41556957705689984,0.254040500627676,mean_pairwise_distance,persona
465,0.41556957705689984,0.2951548403430833,mean_pairwise_distance,persona
466,0.41556957705689984,0.2931223926336869,mean_pairwise_distance,persona
467,0.41556957705689984,0.2898500024565595,mean_pairwise_distance,persona
468,0.41556957705689984,0.2027357032176534,mean_pairwise_distance,persona
469,0.41556957705689984,0.15516014367695383,mean_pairwise_distance,persona
470,0.41556957705689984,0.24830909821355768,mean_pairwise_distance,persona
471,0.41556957705689984,0.29636146122287854,mean_pairwise_distance,persona
472,0.41556957705689984,0.360321618587132,mean_pairwise_distance,persona
473,0.41556957705689984,0.321496636264409,mean_pairwise_distance,persona
474,0.41556957705689984,0.29277553106013965,mean_pairwise_distance,persona
475,0.41556957705689984,0.2507905220325756,mean_pairwise_distance,persona
476,0.41556957705689984,0.2962206795281572,mean_pairwise_distance,persona
477,0.41556957705689984,0.25464548847892066,mean_pairwise_distance,persona
478,0.41556957705689984,0.33126031739909656,mean_pairwise_distance,persona
479,0.41556957705689984,0.3302739074107687,mean_pairwise_distance,persona
480,0.41556957705689984,0.21168667926147522,mean_pairwise_distance,persona
481,0.41556957705689984,0.2098810580879332,mean_pairwise_distance,persona
482,0.41556957705689984,0.2947588270831956,mean_pairwise_distance,persona
483,0.41556957705689984,0.29345932685339404,mean_pairwise_distance,persona
484,0.41556957705689984,0.20153921677661035,mean_pairwise_distance,persona
485,0.41556957705689984,0.33491641471508465,mean_pairwise_distance,persona
486,0.41556957705689984,0.2386369420134503,mean_pairwise_distance,persona
487,0.41556957705689984,0.15698504259463827,mean_pairwise_distance,persona
488,0.41556957705689984,0.24480158750247577,mean_pairwise_distance,persona
489,0.41556957705689984,0.3271350853527959,mean_pairwise_distance,persona
490,0.41556957705689984,0.25046440146186133,mean_pairwise_distance,persona
491,0.41556957705689984,0.21398475518810892,mean_pairwise_distance,persona
492,0.41556957705689984,0.38238581060892035,mean_pairwise_distance,persona
493,0.41556957705689984,0.33182197385154694,mean_pairwise_distance,persona
494,0.41556957705689984,0.25066896507391345,mean_pairwise_distance,persona
495,0.41556957705689984,0.24995674870230936,mean_pairwise_distance,persona
496,0.41556957705689984,0.36100352658584656,mean_pairwise_distance,persona
497,0.41556957705689984,0.35545330085302057,mean_pairwise_distance,persona
498,0.41556957705689984,0.33735418790885113,mean_pairwise_distance,persona
499,0.41556957705689984,0.29048352561920526,mean_pairwise_distance,persona
500,0.41556957705689984,0.35637903637565643,mean_pairwise_distance,persona
501,0.41556957705689984,0.2422188541634752,mean_pairwise_distance,persona
502,0.41556957705689984,0.3218179703229972,mean_pairwise_distance,persona
503,0.41556957705689984,0.328372830223189,mean_pairwise_distance,persona
504,0.41556957705689984,0.35610505196416803,mean_pairwise_distance,persona
505,0.41556957705689984,0.35203176383444446,mean_pairwise_distance,persona
506,0.41556957705689984,0.2934320851748169,mean_pairwise_distance,persona
507,0.41556957705689984,0.24883675763729532,mean_pairwise_distance,persona
508,0.41556957705689984,0.24826412686246185,mean_pairwise_distance,persona
509,0.41556957705689984,0.28891710118342767,mean_pairwise_distance,persona
510,0.41556957705689984,0.2910607699820175,mean_pairwise_distance,persona
511,0.41556957705689984,0.2494763868599541,mean_pairwise_distance,persona
512,0.41556957705689984,0.36486828091587475,mean_pairwise_distance,persona
513,0.41556957705689984,0.294705961768335,mean_pairwise_distance,persona
514,0.41556957705689984,0.33553840496794507,mean_pairwise_distance,persona
515,0.41556957705689984,0.2891743300931727,mean_pairwise_distance,persona
516,0.41556957705689984,0.28907422326770227,mean_pairwise_distance,persona
517,0.41556957705689984,0.347623335514144,mean_pairwise_distance,persona
518,0.41556957705689984,0.29221817108953424,mean_pairwise_distance,persona
519,0.41556957705689984,0.2558349599480158,mean_pairwise_distance,persona
520,0.41556957705689984,0.16124516325034643,mean_pairwise_distance,persona
521,0.41556957705689984,0.049225282998895455,mean_pairwise_distance,persona
522,0.41556957705689984,0.35431336979621014,mean_pairwise_distance,persona
523,0.41556957705689984,0.3256293787315429,mean_pairwise_distance,persona
524,0.41556957705689984,0.24550793152081637,mean_pairwise_distance,persona
525,0.41556957705689984,0.25105821520914673,mean_pairwise_distance,persona
526,0.41556957705689984,0.2524724310565843,mean_pairwise_distance,persona
527,0.41556957705689984,0.36672248387996387,mean_pairwise_distance,persona
528,0.41556957705689984,0.297494466361321,mean_pairwise_distance,persona
529,0.41556957705689984,0.2960380282797832,mean_pairwise_distance,persona
530,0.41556957705689984,0.38727665348015283,mean_pairwise_distance,persona
531,0.41556957705689984,0.2516675157980485,mean_pairwise_distance,persona
532,0.41556957705689984,0.2883304237377031,mean_pairwise_distance,persona
533,0.41556957705689984,0.29239774763348547,mean_pairwise_distance,persona
534,0.41556957705689984,0.20433036423483386,mean_pairwise_distance,persona
535,0.41556957705689984,0.20975759166031488,mean_pairwise_distance,persona
536,0.41556957705689984,0.15791210708882025,mean_pairwise_distance,persona
537,0.41556957705689984,0.29175599573157995,mean_pairwise_distance,persona
538,0.41556957705689984,0.3301437169666818,mean_pairwise_distance,persona
539,0.41556957705689984,0.3247056671753231,mean_pairwise_distance,persona
540,0.41556957705689984,0.2876430766384592,mean_pairwise_distance,persona
541,0.41556957705689984,0.3176775438041084,mean_pairwise_distance,persona
542,0.41556957705689984,0.2856049280863977,mean_pairwise_distance,persona
543,0.41556957705689984,0.29860403556597565,mean_pairwise_distance,persona
544,0.41556957705689984,0.2873158209879879,mean_pairwise_distance,persona
545,0.41556957705689984,0.20725717822553613,mean_pairwise_distance,persona
546,0.41556957705689984,0.24165346924024136,mean_pairwise_distance,persona
547,0.41556957705689984,0.29656158157959284,mean_pairwise_distance,persona
548,0.41556957705689984,0.32887174607265607,mean_pairwise_distance,persona
549,0.41556957705689984,0.3286209028700124,mean_pairwise_distance,persona
550,0.41556957705689984,0.1565609689757758,mean_pairwise_distance,persona
551,0.41556957705689984,0.32815277317295904,mean_pairwise_distance,persona
552,0.41556957705689984,0.20891160102700998,mean_pairwise_distance,persona
553,0.41556957705689984,0.10858110170590547,mean_pairwise_distance,persona
554,0.41556957705689984,0.24771749290081824,mean_pairwise_distance,persona
555,0.41556957705689984,0.211864167051353,mean_pairwise_distance,persona
556,0.41556957705689984,0.3163320073497154,mean_pairwise_distance,persona
557,0.41556957705689984,0.29900329197819525,mean_pairwise_distance,persona
558,0.41556957705689984,0.3226273269521389,mean_pairwise_distance,persona
559,0.41556957705689984,0.35585366925703205,mean_pairwise_distance,persona
560,0.41556957705689984,0.2902897711799079,mean_pairwise_distance,persona
561,0.41556957705689984,0.2051599218911333,mean_pairwise_distance,persona
562,0.41556957705689984,0.3605727977432281,mean_pairwise_distance,persona
563,0.41556957705689984,0.28693694206094555,mean_pairwise_distance,persona
564,0.41556957705689984,0.24530431168823846,mean_pairwise_distance,persona
565,0.41556957705689984,0.285116774762572,mean_pairwise_distance,persona
566,0.41556957705689984,0.24920729780385617,mean_pairwise_distance,persona
567,0.41556957705689984,0.29012630014080304,mean_pairwise_distance,persona
568,0.41556957705689984,0.25034445971839514,mean_pairwise_distance,persona
569,0.41556957705689984,0.2880218417748161,mean_pairwise_distance,persona
570,0.41556957705689984,0.20884972881422684,mean_pairwise_distance,persona
571,0.41556957705689984,0.25146264662384515,mean_pairwise_distance,persona
572,0.41556957705689984,0.32625525223879004,mean_pairwise_distance,persona
573,0.41556957705689984,0.31550010579376825,mean_pairwise_distance,persona
574,0.41556957705689984,0.3492051794123744,mean_pairwise_distance,persona
575,0.41556957705689984,0.24940014403799307,mean_pairwise_distance,persona
576,0.41556957705689984,0.32531512655288336,mean_pairwise_distance,persona
577,0.41556957705689984,0.24288950088938235,mean_pairwise_distance,persona
578,0.41556957705689984,0.21302064628940326,mean_pairwise_distance,persona
579,0.41556957705689984,0.3626518659440896,mean_pairwise_distance,persona
580,0.41556957705689984,0.21004456352339432,mean_pairwise_distance,persona
581,0.41556957705689984,0.3318711394377848,mean_pairwise_distance,persona
582,0.41556957705689984,0.2934201819152229,mean_pairwise_distance,persona
583,0.41556957705689984,0.2842472464199594,mean_pairwise_distance,persona
584,0.41556957705689984,0.38660842203811224,mean_pairwise_distance,persona
585,0.41556957705689984,0.1910578323447186,mean_pairwise_distance,persona
586,0.41556957705689984,0.43165068569861853,mean_pairwise_distance,persona
587,0.41556957705689984,0.29545906457034027,mean_pairwise_distance,persona
588,0.41556957705689984,0.30182458242408844,mean_pairwise_distance,persona
589,0.41556957705689984,0.30508567127785663,mean_pairwise_distance,persona
590,0.41556957705689984,0.35516825683503284,mean_pairwise_distance,persona
591,0.41556957705689984,0.3375516997966842,mean_pairwise_distance,persona
592,0.41556957705689984,0.29465066656293604,mean_pairwise_distance,persona
593,0.41556957705689984,0.3298955416019726,mean_pairwise_distance,persona
594,0.41556957705689984,0.25721630630757025,mean_pairwise_distance,persona
595,0.41556957705689984,0.19938050734666968,mean_pairwise_distance,persona
596,0.41556957705689984,0.2488365889537947,mean_pairwise_distance,persona
597,0.41556957705689984,0.2856992619782097,mean_pairwise_distance,persona
598,0.41556957705689984,0.29073759524718573,mean_pairwise_distance,persona
599,0.41556957705689984,0.3266000017347072,mean_pairwise_distance,persona
600,0.41556957705689984,0.1587066172139918,mean_pairwise_distance,persona
601,0.41556957705689984,0.2432429578464493,mean_pairwise_distance,persona
602,0.41556957705689984,0.09885106374152565,mean_pairwise_distance,persona
603,0.41556957705689984,0.32590953304833575,mean_pairwise_distance,persona
604,0.41556957705689984,0.2039989416778323,mean_pairwise_distance,persona
605,0.41556957705689984,0.3646022748099014,mean_pairwise_distance,persona
606,0.41556957705689984,0.32160567389175354,mean_pairwise_distance,persona
607,0.41556957705689984,0.2953795225252747,mean_pairwise_distance,persona
608,0.41556957705689984,0.29347440023196075,mean_pairwise_distance,persona
609,0.41556957705689984,0.4078306152886553,mean_pairwise_distance,persona
610,0.41556957705689984,0.3946120783745536,mean_pairwise_distance,persona
611,0.41556957705689984,0.24639383747643634,mean_pairwise_distance,persona
612,0.41556957705689984,0.2901863552364907,mean_pairwise_distance,persona
613,0.41556957705689984,0.2543839899447596,mean_pairwise_distance,persona
614,0.41556957705689984,0.2078715294246146,mean_pairwise_distance,persona
615,0.41556957705689984,0.28748724700905115,mean_pairwise_distance,persona
616,0.41556957705689984,0.3528895656110741,mean_pairwise_distance,persona
617,0.41556957705689984,0.3318375636466407,mean_pairwise_distance,persona
618,0.41556957705689984,0.29509413265899237,mean_pairwise_distance,persona
619,0.41556957705689984,0.2898315481046443,mean_pairwise_distance,persona
620,0.41556957705689984,0.2847962822367551,mean_pairwise_distance,persona
621,0.41556957705689984,0.28922625516243133,mean_pairwise_distance,persona
622,0.41556957705689984,0.290280888438696,mean_pairwise_distance,persona
623,0.41556957705689984,0.332947912423507,mean_pairwise_distance,persona
624,0.41556957705689984,0.36035154553741333,mean_pairwise_distance,persona
625,0.41556957705689984,0.2903382745184917,mean_pairwise_distance,persona
626,0.41556957705689984,0.33113811633332446,mean_pairwise_distance,persona
627,0.41556957705689984,0.2518827022299936,mean_pairwise_distance,persona
628,0.41556957705689984,0.3652911551385058,mean_pairwise_distance,persona
629,0.41556957705689984,0.3234965914322925,mean_pairwise_distance,persona
630,0.41556957705689984,0.2502647223679916,mean_pairwise_distance,persona
631,0.41556957705689984,0.2054109203485632,mean_pairwise_distance,persona
632,0.41556957705689984,0.33435111342682666,mean_pairwise_distance,persona
633,0.41556957705689984,0.3583533516514443,mean_pairwise_distance,persona
634,0.41556957705689984,0.25205001859325665,mean_pairwise_distance,persona
635,0.41556957705689984,0.3010466390918837,mean_pairwise_distance,persona
636,0.41556957705689984,0.32966412150341534,mean_pairwise_distance,persona
637,0.41556957705689984,0.2546731304274246,mean_pairwise_distance,persona
638,0.41556957705689984,0.33323226710082043,mean_pairwise_distance,persona
639,0.41556957705689984,0.33233982913578924,mean_pairwise_distance,persona
640,0.41556957705689984,0.25196149532974,mean_pairwise_distance,persona
641,0.41556957705689984,0.3272662565642195,mean_pairwise_distance,persona
642,0.41556957705689984,0.330351490512667,mean_pairwise_distance,persona
643,0.41556957705689984,0.15522262560049063,mean_pairwise_distance,persona
644,0.41556957705689984,0.21122601074663547,mean_pairwise_distance,persona
645,0.41556957705689984,0.20349533708670395,mean_pairwise_distance,persona
646,0.41556957705689984,0.2882993508704566,mean_pairwise_distance,persona
647,0.41556957705689984,0.15519081486072464,mean_pairwise_distance,persona
648,0.41556957705689984,0.3287116376307642,mean_pairwise_distance,persona
649,0.41556957705689984,0.2921122668288913,mean_pairwise_distance,persona
650,0.41556957705689984,0.15459230813113126,mean_pairwise_distance,persona
651,0.41556957705689984,0.20895690503327743,mean_pairwise_distance,persona
652,0.41556957705689984,0.3844823488604881,mean_pairwise_distance,persona
653,0.41556957705689984,0.28434844191366504,mean_pairwise_distance,persona
654,0.41556957705689984,0.20502637921585867,mean_pairwise_distance,persona
655,0.41556957705689984,0.3281871530378289,mean_pairwise_distance,persona
656,0.41556957705689984,0.10461076116373416,mean_pairwise_distance,persona
657,0.41556957705689984,0.29844726592655707,mean_pairwise_distance,persona
658,0.41556957705689984,0.2936925115321465,mean_pairwise_distance,persona
659,0.41556957705689984,0.20306451047362076,mean_pairwise_distance,persona
660,0.41556957705689984,0.35535957360927295,mean_pairwise_distance,persona
661,0.41556957705689984,0.2108689482975383,mean_pairwise_distance,persona
662,0.41556957705689984,0.29987922181253845,mean_pairwise_distance,persona
663,0.41556957705689984,0.29499316521784064,mean_pairwise_distance,persona
664,0.41556957705689984,0.2839083692773057,mean_pairwise_distance,persona
665,0.41556957705689984,0.16183319840977786,mean_pairwise_distance,persona
666,0.41556957705689984,0.32835316186837055,mean_pairwise_distance,persona
667,0.41556957705689984,0.29368933363865485,mean_pairwise_distance,persona
668,0.41556957705689984,0.3877367351366126,mean_pairwise_distance,persona
669,0.41556957705689984,0.205740157087801,mean_pairwise_distance,persona
670,0.41556957705689984,0.35824751524114795,mean_pairwise_distance,persona
671,0.41556957705689984,0.24095693972742133,mean_pairwise_distance,persona
672,0.41556957705689984,0.27818751311584894,mean_pairwise_distance,persona
673,0.41556957705689984,0.33023700836618897,mean_pairwise_distance,persona
674,0.41556957705689984,0.3283044516804661,mean_pairwise_distance,persona
675,0.41556957705689984,0.10280092313826791,mean_pairwise_distance,persona
676,0.41556957705689984,0.295607240303703,mean_pairwise_distance,persona
677,0.41556957705689984,0.328704253486965,mean_pairwise_distance,persona
678,0.41556957705689984,0.3526655697068678,mean_pairwise_distance,persona
679,0.41556957705689984,0.28775744852812396,mean_pairwise_distance,persona
680,0.41556957705689984,0.2921345728659347,mean_pairwise_distance,persona
681,0.41556957705689984,0.3649648675334312,mean_pairwise_distance,persona
682,0.41556957705689984,0.25685563883762585,mean_pairwise_distance,persona
683,0.41556957705689984,0.2106816811052707,mean_pairwise_distance,persona
684,0.41556957705689984,0.32321981667529925,mean_pairwise_distance,persona
685,0.41556957705689984,0.2851395875568918,mean_pairwise_distance,persona
686,0.41556957705689984,0.21074515887399908,mean_pairwise_distance,persona
687,0.41556957705689984,0.32250464763565967,mean_pairwise_distance,persona
688,0.41556957705689984,0.10781100474798633,mean_pairwise_distance,persona
689,0.41556957705689984,0.16026021534275162,mean_pairwise_distance,persona
690,0.41556957705689984,0.3595343863540016,mean_pairwise_distance,persona
691,0.41556957705689984,0.38552993300404004,mean_pairwise_distance,persona
692,0.41556957705689984,0.25076658004828595,mean_pairwise_distance,persona
693,0.41556957705689984,0.3609246889593102,mean_pairwise_distance,persona
694,0.41556957705689984,0.20866696401075882,mean_pairwise_distance,persona
695,0.41556957705689984,0.3270935958082026,mean_pairwise_distance,persona
696,0.41556957705689984,0.2574222276333292,mean_pairwise_distance,persona
697,0.41556957705689984,0.16199469707700104,mean_pairwise_distance,persona
698,0.41556957705689984,0.29130988347200537,mean_pairwise_distance,persona
699,0.41556957705689984,0.3571148889338075,mean_pairwise_distance,persona
700,0.41556957705689984,0.28530456685266004,mean_pairwise_distance,persona
701,0.41556957705689984,0.33180514154698065,mean_pairwise_distance,persona
702,0.41556957705689984,0.29889805326348706,mean_pairwise_distance,persona
703,0.41556957705689984,0.29099252242815826,mean_pairwise_distance,persona
704,0.41556957705689984,0.35215604328826483,mean_pairwise_distance,persona
705,0.41556957705689984,0.2122554960458175,mean_pairwise_distance,persona
706,0.41556957705689984,0.20303111514555136,mean_pairwise_distance,persona
707,0.41556957705689984,0.3554745024371995,mean_pairwise_distance,persona
708,0.41556957705689984,0.2895958395343524,mean_pairwise_distance,persona
709,0.41556957705689984,0.15753133494863397,mean_pairwise_distance,persona
710,0.41556957705689984,0.32813396072199225,mean_pairwise_distance,persona
711,0.41556957705689984,0.2890331066644239,mean_pairwise_distance,persona
712,0.41556957705689984,0.415049381878065,mean_pairwise_distance,persona
713,0.41556957705689984,0.28498215190035553,mean_pairwise_distance,persona
714,0.41556957705689984,0.24496328948514734,mean_pairwise_distance,persona
715,0.41556957705689984,0.3257274010435866,mean_pairwise_distance,persona
716,0.41556957705689984,0.25899035139046167,mean_pairwise_distance,persona
717,0.41556957705689984,0.352868592550632,mean_pairwise_distance,persona
718,0.41556957705689984,0.2032393544558951,mean_pairwise_distance,persona
719,0.41556957705689984,0.32093389020135754,mean_pairwise_distance,persona
720,0.41556957705689984,0.29713950538823725,mean_pairwise_distance,persona
721,0.41556957705689984,0.3299157942236648,mean_pairwise_distance,persona
722,0.41556957705689984,0.28699960868820373,mean_pairwise_distance,persona
723,0.41556957705689984,0.20809613386161713,mean_pairwise_distance,persona
724,0.41556957705689984,0.2548417119169424,mean_pairwise_distance,persona
725,0.41556957705689984,0.29075713567582984,mean_pairwise_distance,persona
726,0.41556957705689984,0.29066898723836004,mean_pairwise_distance,persona
727,0.41556957705689984,0.1568864209378661,mean_pairwise_distance,persona
728,0.41556957705689984,0.3276309194300957,mean_pairwise_distance,persona
729,0.41556957705689984,0.3568350378232511,mean_pairwise_distance,persona
730,0.41556957705689984,0.31955351471429755,mean_pairwise_distance,persona
731,0.41556957705689984,0.15953924933912256,mean_pairwise_distance,persona
732,0.41556957705689984,0.25099747477783985,mean_pairwise_distance,persona
733,0.41556957705689984,0.3497478735776758,mean_pairwise_distance,persona
734,0.41556957705689984,0.31987728667353454,mean_pairwise_distance,persona
735,0.41556957705689984,0.28817046536758484,mean_pairwise_distance,persona
736,0.41556957705689984,0.2053929593252099,mean_pairwise_distance,persona
737,0.41556957705689984,0.20908234571750928,mean_pairwise_distance,persona
738,0.41556957705689984,0.33009828951047815,mean_pairwise_distance,persona
739,0.41556957705689984,0.21419980851086703,mean_pairwise_distance,persona
740,0.41556957705689984,0.21105421013511688,mean_pairwise_distance,persona
741,0.41556957705689984,0.33132038780823053,mean_pairwise_distance,persona
742,0.41556957705689984,0.20986229676031784,mean_pairwise_distance,persona
743,0.41556957705689984,0.3541313207196624,mean_pairwise_distance,persona
744,0.41556957705689984,0.35985935700269556,mean_pairwise_distance,persona
745,0.41556957705689984,0.2052333105222981,mean_pairwise_distance,persona
746,0.41556957705689984,0.3623172690274687,mean_pairwise_distance,persona
747,0.41556957705689984,0.2896336564433433,mean_pairwise_distance,persona
748,0.41556957705689984,0.35211611524400976,mean_pairwise_distance,persona
749,0.41556957705689984,0.28887074950184277,mean_pairwise_distance,persona
750,0.41556957705689984,0.3352295605561479,mean_pairwise_distance,persona
751,0.41556957705689984,0.38388671399105206,mean_pairwise_distance,persona
752,0.41556957705689984,0.29390005914590106,mean_pairwise_distance,persona
753,0.41556957705689984,0.3568908400215179,mean_pairwise_distance,persona
754,0.41556957705689984,0.36226179665727576,mean_pairwise_distance,persona
755,0.41556957705689984,0.24345156420832095,mean_pairwise_distance,persona
756,0.41556957705689984,0.25726499199396063,mean_pairwise_distance,persona
757,0.41556957705689984,0.3304914266695618,mean_pairwise_distance,persona
758,0.41556957705689984,0.2542034300419653,mean_pairwise_distance,persona
759,0.41556957705689984,0.3384519586921209,mean_pairwise_distance,persona
760,0.41556957705689984,0.35701945247386285,mean_pairwise_distance,persona
761,0.41556957705689984,0.29394337263974274,mean_pairwise_distance,persona
762,0.41556957705689984,0.3345953268495944,mean_pairwise_distance,persona
763,0.41556957705689984,0.21024138559937006,mean_pairwise_distance,persona
764,0.41556957705689984,0.3847689404789167,mean_pairwise_distance,persona
765,0.41556957705689984,0.20626564435808084,mean_pairwise_distance,persona
766,0.41556957705689984,0.32852045632162585,mean_pairwise_distance,persona
767,0.41556957705689984,0.4057045388127504,mean_pairwise_distance,persona
768,0.41556957705689984,0.2173794404320095,mean_pairwise_distance,persona
769,0.41556957705689984,0.35860677646554034,mean_pairwise_distance,persona
770,0.41556957705689984,0.24402032068124402,mean_pairwise_distance,persona
771,0.41556957705689984,0.36246115770264575,mean_pairwise_distance,persona
772,0.41556957705689984,0.3631766337179855,mean_pairwise_distance,persona
773,0.41556957705689984,0.32275832618178113,mean_pairwise_distance,persona
774,0.41556957705689984,0.2534613022691176,mean_pairwise_distance,persona
775,0.41556957705689984,0.3603557720485883,mean_pairwise_distance,persona
776,0.41556957705689984,0.33063678001697827,mean_pairwise_distance,persona
777,0.41556957705689984,0.3235597994487747,mean_pairwise_distance,persona
778,0.41556957705689984,0.32727793789663806,mean_pairwise_distance,persona
779,0.41556957705689984,0.25590631000609265,mean_pairwise_distance,persona
780,0.41556957705689984,0.2900964735524928,mean_pairwise_distance,persona
781,0.41556957705689984,0.29748794471793494,mean_pairwise_distance,persona
782,0.41556957705689984,0.24955137963351526,mean_pairwise_distance,persona
783,0.41556957705689984,0.2563517402283288,mean_pairwise_distance,persona
784,0.41556957705689984,0.32525378253620135,mean_pairwise_distance,persona
785,0.41556957705689984,0.24332479361017703,mean_pairwise_distance,persona
786,0.41556957705689984,0.3597737939461418,mean_pairwise_distance,persona
787,0.41556957705689984,0.2544211846566483,mean_pairwise_distance,persona
788,0.41556957705689984,0.3268685131204929,mean_pairwise_distance,persona
789,0.41556957705689984,0.15724713104986862,mean_pairwise_distance,persona
790,0.41556957705689984,0.2507740275661936,mean_pairwise_distance,persona
791,0.41556957705689984,0.2930585932825865,mean_pairwise_distance,persona
792,0.41556957705689984,0.34946785401921027,mean_pairwise_distance,persona
793,0.41556957705689984,0.20188128147200635,mean_pairwise_distance,persona
794,0.41556957705689984,0.16085125664948474,mean_pairwise_distance,persona
795,0.41556957705689984,0.36025820513487805,mean_pairwise_distance,persona
796,0.41556957705689984,0.2899507609280673,mean_pairwise_distance,persona
797,0.41556957705689984,0.16265416687185114,mean_pairwise_distance,persona
798,0.41556957705689984,0.2558238470978417,mean_pairwise_distance,persona
799,0.41556957705689984,0.25675890379743616,mean_pairwise_distance,persona
800,0.41556957705689984,0.29322790369214746,mean_pairwise_distance,persona
801,0.41556957705689984,0.3792000502465742,mean_pairwise_distance,persona
802,0.41556957705689984,0.2560161604240478,mean_pairwise_distance,persona
803,0.41556957705689984,0.381739483756039,mean_pairwise_distance,persona
804,0.41556957705689984,0.15011971340820252,mean_pairwise_distance,persona
805,0.41556957705689984,0.2579459861333191,mean_pairwise_distance,persona
806,0.41556957705689984,0.21580835481877383,mean_pairwise_distance,persona
807,0.41556957705689984,0.2924762624996924,mean_pairwise_distance,persona
808,0.41556957705689984,0.25907041267915204,mean_pairwise_distance,persona
809,0.41556957705689984,0.2935328028889984,mean_pairwise_distance,persona
810,0.41556957705689984,0.32494845644758624,mean_pairwise_distance,persona
811,0.41556957705689984,0.3780897455253149,mean_pairwise_distance,persona
812,0.41556957705689984,0.3201941631057046,mean_pairwise_distance,persona
813,0.41556957705689984,0.3597133150213792,mean_pairwise_distance,persona
814,0.41556957705689984,0.30192476298969256,mean_pairwise_distance,persona
815,0.41556957705689984,0.29435813450530585,mean_pairwise_distance,persona
816,0.41556957705689984,0.24819220714418314,mean_pairwise_distance,persona
817,0.41556957705689984,0.04384860196132434,mean_pairwise_distance,persona
818,0.41556957705689984,0.3255777938563833,mean_pairwise_distance,persona
819,0.41556957705689984,0.20992798649746439,mean_pairwise_distance,persona
820,0.41556957705689984,0.364063529157827,mean_pairwise_distance,persona
821,0.41556957705689984,0.3273998675610237,mean_pairwise_distance,persona
822,0.41556957705689984,0.15443792244191226,mean_pairwise_distance,persona
823,0.41556957705689984,0.25221769352675427,mean_pairwise_distance,persona
824,0.41556957705689984,0.3247903997719052,mean_pairwise_distance,persona
825,0.41556957705689984,0.2168202190531101,mean_pairwise_distance,persona
826,0.41556957705689984,0.2083459369278708,mean_pairwise_distance,persona
827,0.41556957705689984,0.28857864527834265,mean_pairwise_distance,persona
828,0.41556957705689984,0.20450313619002994,mean_pairwise_distance,persona
829,0.41556957705689984,0.20298419215462424,mean_pairwise_distance,persona
830,0.41556957705689984,0.3279288500665205,mean_pairwise_distance,persona
831,0.41556957705689984,0.15735804869723413,mean_pairwise_distance,persona
832,0.41556957705689984,0.2845580940661223,mean_pairwise_distance,persona
833,0.41556957705689984,0.25385865533775964,mean_pairwise_distance,persona
834,0.41556957705689984,0.29363691524083435,mean_pairwise_distance,persona
835,0.41556957705689984,0.3666041337925455,mean_pairwise_distance,persona
836,0.41556957705689984,0.2505589466792322,mean_pairwise_distance,persona
837,0.41556957705689984,0.24892589461662082,mean_pairwise_distance,persona
838,0.41556957705689984,0.2045935137940961,mean_pairwise_distance,persona
839,0.41556957705689984,0.3599208341285645,mean_pairwise_distance,persona
840,0.41556957705689984,0.35923401145595807,mean_pairwise_distance,persona
841,0.41556957705689984,0.36019544356425287,mean_pairwise_distance,persona
842,0.41556957705689984,0.38926967212805164,mean_pairwise_distance,persona
843,0.41556957705689984,0.33235164876040735,mean_pairwise_distance,persona
844,0.41556957705689984,0.3279447447169911,mean_pairwise_distance,persona
845,0.41556957705689984,0.38241350603669055,mean_pairwise_distance,persona
846,0.41556957705689984,0.24625614768431592,mean_pairwise_distance,persona
847,0.41556957705689984,0.36090916583660565,mean_pairwise_distance,persona
848,0.41556957705689984,0.3269712258233383,mean_pairwise_distance,persona
849,0.41556957705689984,0.20774621431064227,mean_pairwise_distance,persona
850,0.41556957705689984,0.2569547326197266,mean_pairwise_distance,persona
851,0.41556957705689984,0.2931525711956703,mean_pairwise_distance,persona
852,0.41556957705689984,0.24480778756348984,mean_pairwise_distance,persona
853,0.41556957705689984,0.2940940284446294,mean_pairwise_distance,persona
854,0.41556957705689984,0.3170486596733214,mean_pairwise_distance,persona
855,0.41556957705689984,0.3282239194444046,mean_pairwise_distance,persona
856,0.41556957705689984,0.21043226629377826,mean_pairwise_distance,persona
857,0.41556957705689984,0.3578554151557651,mean_pairwise_distance,persona
858,0.41556957705689984,0.15972573318971475,mean_pairwise_distance,persona
859,0.41556957705689984,0.28867492115073523,mean_pairwise_distance,persona
860,0.41556957705689984,0.2886339510853583,mean_pairwise_distance,persona
861,0.41556957705689984,0.2139255644775662,mean_pairwise_distance,persona
862,0.41556957705689984,0.3016791195266332,mean_pairwise_distance,persona
863,0.41556957705689984,0.37688834959339246,mean_pairwise_distance,persona
864,0.41556957705689984,0.28128803624466003,mean_pairwise_distance,persona
865,0.41556957705689984,0.28539824650692847,mean_pairwise_distance,persona
866,0.41556957705689984,0.2547106686316931,mean_pairwise_distance,persona
867,0.41556957705689984,0.29157706423710456,mean_pairwise_distance,persona
868,0.41556957705689984,0.29521493124867615,mean_pairwise_distance,persona
869,0.41556957705689984,0.3259213632745705,mean_pairwise_distance,persona
870,0.41556957705689984,0.32007383876167267,mean_pairwise_distance,persona
871,0.41556957705689984,0.20974887948733545,mean_pairwise_distance,persona
872,0.41556957705689984,0.2948077073681496,mean_pairwise_distance,persona
873,0.41556957705689984,0.29628863188589044,mean_pairwise_distance,persona
874,0.41556957705689984,0.16453150138553424,mean_pairwise_distance,persona
875,0.41556957705689984,0.2586140967169298,mean_pairwise_distance,persona
876,0.41556957705689984,0.3237005441556335,mean_pairwise_distance,persona
877,0.41556957705689984,0.2932727560695452,mean_pairwise_distance,persona
878,0.41556957705689984,0.2504001841714731,mean_pairwise_distance,persona
879,0.41556957705689984,0.2502885277092221,mean_pairwise_distance,persona
880,0.41556957705689984,0.20247241890006384,mean_pairwise_distance,persona
881,0.41556957705689984,0.40086964797596686,mean_pairwise_distance,persona
882,0.41556957705689984,0.2457205789833672,mean_pairwise_distance,persona
883,0.41556957705689984,0.35929570673953876,mean_pairwise_distance,persona
884,0.41556957705689984,0.20669092632565103,mean_pairwise_distance,persona
885,0.41556957705689984,0.254606129388093,mean_pairwise_distance,persona
886,0.41556957705689984,0.2527577836994126,mean_pairwise_distance,persona
887,0.41556957705689984,0.38427037189129315,mean_pairwise_distance,persona
888,0.41556957705689984,0.33230625122432184,mean_pairwise_distance,persona
889,0.41556957705689984,0.2590047071573763,mean_pairwise_distance,persona
890,0.41556957705689984,0.25760877980545105,mean_pairwise_distance,persona
891,0.41556957705689984,0.35679821958654956,mean_pairwise_distance,persona
892,0.41556957705689984,0.3590918100869703,mean_pairwise_distance,persona
893,0.41556957705689984,0.258569175782411,mean_pairwise_distance,persona
894,0.41556957705689984,0.3243742172897098,mean_pairwise_distance,persona
895,0.41556957705689984,0.29504945155660156,mean_pairwise_distance,persona
896,0.41556957705689984,0.2941324310340429,mean_pairwise_distance,persona
897,0.41556957705689984,0.15698783600283234,mean_pairwise_distance,persona
898,0.41556957705689984,0.35843375855283777,mean_pairwise_distance,persona
899,0.41556957705689984,0.2887610166440368,mean_pairwise_distance,persona
900,0.41556957705689984,0.4093503278234731,mean_pairwise_distance,persona
901,0.41556957705689984,0.32843786077537085,mean_pairwise_distance,persona
902,0.41556957705689984,0.2549084896155497,mean_pairwise_distance,persona
903,0.41556957705689984,0.2143081431332313,mean_pairwise_distance,persona
904,0.41556957705689984,0.28990864871518884,mean_pairwise_distance,persona
905,0.41556957705689984,0.20480634407563644,mean_pairwise_distance,persona
906,0.41556957705689984,0.32910942795719555,mean_pairwise_distance,persona
907,0.41556957705689984,0.297905495044271,mean_pairwise_distance,persona
908,0.41556957705689984,0.24965718329659564,mean_pairwise_distance,persona
909,0.41556957705689984,0.31754388144836126,mean_pairwise_distance,persona
910,0.41556957705689984,0.3869935177531638,mean_pairwise_distance,persona
911,0.41556957705689984,0.3564830872381158,mean_pairwise_distance,persona
912,0.41556957705689984,0.39209299525724567,mean_pairwise_distance,persona
913,0.41556957705689984,0.33197452899495605,mean_pairwise_distance,persona
914,0.41556957705689984,0.28130834635067364,mean_pairwise_distance,persona
915,0.41556957705689984,0.29314157190059015,mean_pairwise_distance,persona
916,0.41556957705689984,0.3242770803304529,mean_pairwise_distance,persona
917,0.41556957705689984,0.32527658143062366,mean_pairwise_distance,persona
918,0.41556957705689984,0.20663979708441632,mean_pairwise_distance,persona
919,0.41556957705689984,0.2917773996888413,mean_pairwise_distance,persona
920,0.41556957705689984,0.25091168696701294,mean_pairwise_distance,persona
921,0.41556957705689984,0.3297530200641617,mean_pairwise_distance,persona
922,0.41556957705689984,0.2057853015986356,mean_pairwise_distance,persona
923,0.41556957705689984,0.360681458659794,mean_pairwise_distance,persona
924,0.41556957705689984,0.2468810239328226,mean_pairwise_distance,persona
925,0.41556957705689984,0.2094020355831493,mean_pairwise_distance,persona
926,0.41556957705689984,0.2112755033338494,mean_pairwise_distance,persona
927,0.41556957705689984,0.38258510262598633,mean_pairwise_distance,persona
928,0.41556957705689984,0.3344150710954025,mean_pairwise_distance,persona
929,0.41556957705689984,0.33072914012335974,mean_pairwise_distance,persona
930,0.41556957705689984,0.41096286363752466,mean_pairwise_distance,persona
931,0.41556957705689984,0.32628262090117566,mean_pairwise_distance,persona
932,0.41556957705689984,0.36182887375119177,mean_pairwise_distance,persona
933,0.41556957705689984,0.3613550776078296,mean_pairwise_distance,persona
934,0.41556957705689984,0.32612538785331335,mean_pairwise_distance,persona
935,0.41556957705689984,0.3574091191348351,mean_pairwise_distance,persona
936,0.41556957705689984,0.3645517616403904,mean_pairwise_distance,persona
937,0.41556957705689984,0.32817712508642627,mean_pairwise_distance,persona
938,0.41556957705689984,0.2510294252233543,mean_pairwise_distance,persona
939,0.41556957705689984,0.3536862573133627,mean_pairwise_distance,persona
940,0.41556957705689984,0.32884647605918615,mean_pairwise_distance,persona
941,0.41556957705689984,0.2084867794051943,mean_pairwise_distance,persona
942,0.41556957705689984,0.365084020516618,mean_pairwise_distance,persona
943,0.41556957705689984,0.20760777298169644,mean_pairwise_distance,persona
944,0.41556957705689984,0.2900031300872682,mean_pairwise_distance,persona
945,0.41556957705689984,0.20818903512163126,mean_pairwise_distance,persona
946,0.41556957705689984,0.2184035137236825,mean_pairwise_distance,persona
947,0.41556957705689984,0.35344543051813904,mean_pairwise_distance,persona
948,0.41556957705689984,0.3280373488961472,mean_pairwise_distance,persona
949,0.41556957705689984,0.3257150402653359,mean_pairwise_distance,persona
950,0.41556957705689984,0.2096026377244429,mean_pairwise_distance,persona
951,0.41556957705689984,0.20940430385793152,mean_pairwise_distance,persona
952,0.41556957705689984,0.25338284041099396,mean_pairwise_distance,persona
953,0.41556957705689984,0.30041107193754596,mean_pairwise_distance,persona
954,0.41556957705689984,0.2936751300638372,mean_pairwise_distance,persona
955,0.41556957705689984,0.2567164226482979,mean_pairwise_distance,persona
956,0.41556957705689984,0.2504860758781433,mean_pairwise_distance,persona
957,0.41556957705689984,0.3240714822362063,mean_pairwise_distance,persona
958,0.41556957705689984,0.24708147553115967,mean_pairwise_distance,persona
959,0.41556957705689984,0.2597796040561359,mean_pairwise_distance,persona
960,0.41556957705689984,0.3303099691632237,mean_pairwise_distance,persona
961,0.41556957705689984,0.3296938053232879,mean_pairwise_distance,persona
962,0.41556957705689984,0.206047294639316,mean_pairwise_distance,persona
963,0.41556957705689984,0.1623201836710391,mean_pairwise_distance,persona
964,0.41556957705689984,0.15088556689236005,mean_pairwise_distance,persona
965,0.41556957705689984,0.20883462080371237,mean_pairwise_distance,persona
966,0.41556957705689984,0.3626581397452373,mean_pairwise_distance,persona
967,0.41556957705689984,0.21366350994750916,mean_pairwise_distance,persona
968,0.41556957705689984,0.2532895996636553,mean_pairwise_distance,persona
969,0.41556957705689984,0.3320346425173311,mean_pairwise_distance,persona
970,0.41556957705689984,0.33203284330518823,mean_pairwise_distance,persona
971,0.41556957705689984,0.31168556448970386,mean_pairwise_distance,persona
972,0.41556957705689984,0.2035300927199865,mean_pairwise_distance,persona
973,0.41556957705689984,0.21659467272136523,mean_pairwise_distance,persona
974,0.41556957705689984,0.33156758782420703,mean_pairwise_distance,persona
975,0.41556957705689984,0.3292312365275598,mean_pairwise_distance,persona
976,0.41556957705689984,0.2936456116291845,mean_pairwise_distance,persona
977,0.41556957705689984,0.24839057470027637,mean_pairwise_distance,persona
978,0.41556957705689984,0.24707048495296433,mean_pairwise_distance,persona
979,0.41556957705689984,0.10709702709446782,mean_pairwise_distance,persona
980,0.41556957705689984,0.3807917960547647,mean_pairwise_distance,persona
981,0.41556957705689984,0.2941497046014537,mean_pairwise_distance,persona
982,0.41556957705689984,0.25182619278609986,mean_pairwise_distance,persona
983,0.41556957705689984,0.10761513045653995,mean_pairwise_distance,persona
984,0.41556957705689984,0.30351113943243213,mean_pairwise_distance,persona
985,0.41556957705689984,0.3799370616792219,mean_pairwise_distance,persona
986,0.41556957705689984,0.3302375207776609,mean_pairwise_distance,persona
987,0.41556957705689984,0.29370496725376416,mean_pairwise_distance,persona
988,0.41556957705689984,0.2886460623722303,mean_pairwise_distance,persona
989,0.41556957705689984,0.2942869437070703,mean_pairwise_distance,persona
990,0.41556957705689984,0.2515610602533393,mean_pairwise_distance,persona
991,0.41556957705689984,0.20725797004850485,mean_pairwise_distance,persona
992,0.41556957705689984,0.2952477003745882,mean_pairwise_distance,persona
993,0.41556957705689984,0.25208355739653815,mean_pairwise_distance,persona
994,0.41556957705689984,0.19428706239805862,mean_pairwise_distance,persona
995,0.41556957705689984,0.2072015619089481,mean_pairwise_distance,persona
996,0.41556957705689984,0.25963495559843164,mean_pairwise_distance,persona
997,0.41556957705689984,0.21250232264929608,mean_pairwise_distance,persona
998,0.41556957705689984,0.3792822898141009,mean_pairwise_distance,persona
999,0.41556957705689984,0.25214218787053827,mean_pairwise_distance,persona
0,0.08198250376659891,0.062121432760487434,nearest_neighbor_distance,persona
1,0.08198250376659891,0.061527145945507546,nearest_neighbor_distance,persona
2,0.08198250376659891,0.0610380742860877,nearest_neighbor_distance,persona
3,0.08198250376659891,0.07337954510813174,nearest_neighbor_distance,persona
4,0.08198250376659891,0.08924543857574463,nearest_neighbor_distance,persona
5,0.08198250376659891,0.05005620614342068,nearest_neighbor_distance,persona
6,0.08198250376659891,0.05617824067240176,nearest_neighbor_distance,persona
7,0.08198250376659891,0.06901169600694076,nearest_neighbor_distance,persona
8,0.08198250376659891,0.07068868823673415,nearest_neighbor_distance,persona
9,0.08198250376659891,0.06258384300314862,nearest_neighbor_distance,persona
10,0.08198250376659891,0.06173650337302167,nearest_neighbor_distance,persona
11,0.08198250376659891,0.05326110124588013,nearest_neighbor_distance,persona
12,0.08198250376659891,0.06331611716228983,nearest_neighbor_distance,persona
13,0.08198250376659891,0.05198460558186407,nearest_neighbor_distance,persona
14,0.08198250376659891,0.06496970290723054,nearest_neighbor_distance,persona
15,0.08198250376659891,0.0661325428796851,nearest_neighbor_distance,persona
16,0.08198250376659891,0.049284274163453476,nearest_neighbor_distance,persona
17,0.08198250376659891,0.0633751024370608,nearest_neighbor_distance,persona
18,0.08198250376659891,0.04287641722223033,nearest_neighbor_distance,persona
19,0.08198250376659891,0.04300925524338432,nearest_neighbor_distance,persona
20,0.08198250376659891,0.08568082944206569,nearest_neighbor_distance,persona
21,0.08198250376659891,0.07765950068183568,nearest_neighbor_distance,persona
22,0.08198250376659891,0.05555567793224169,nearest_neighbor_distance,persona
23,0.08198250376659891,0.07234551854755568,nearest_neighbor_distance,persona
24,0.08198250376659891,0.05841201284657354,nearest_neighbor_distance,persona
25,0.08198250376659891,0.07442891597747803,nearest_neighbor_distance,persona
26,0.08198250376659891,0.06604922854382059,nearest_neighbor_distance,persona
27,0.08198250376659891,0.07505982855091924,nearest_neighbor_distance,persona
28,0.08198250376659891,0.05806157381638237,nearest_neighbor_distance,persona
29,0.08198250376659891,0.046522013519121254,nearest_neighbor_distance,persona
30,0.08198250376659891,0.05361520466597184,nearest_neighbor_distance,persona
31,0.08198250376659891,0.06652669025504071,nearest_neighbor_distance,persona
32,0.08198250376659891,0.05715388318766718,nearest_neighbor_distance,persona
33,0.08198250376659891,0.07326751688252324,nearest_neighbor_distance,persona
34,0.08198250376659891,0.0618399485297825,nearest_neighbor_distance,persona
35,0.08198250376659891,0.05897568878920182,nearest_neighbor_distance,persona
36,0.08198250376659891,0.050465749657672386,nearest_neighbor_distance,persona
37,0.08198250376659891,0.06214339836784031,nearest_neighbor_distance,persona
38,0.08198250376659891,0.058320926583331566,nearest_neighbor_distance,persona
39,0.08198250376659891,0.0756818289342134,nearest_neighbor_distance,persona
40,0.08198250376659891,0.07119832868161409,nearest_neighbor_distance,persona
41,0.08198250376659891,0.05360512111497962,nearest_neighbor_distance,persona
42,0.08198250376659891,0.060106329295946205,nearest_neighbor_distance,persona
43,0.08198250376659891,0.05307194979294487,nearest_neighbor_distance,persona
44,0.08198250376659891,0.0723037952962129,nearest_neighbor_distance,persona
45,0.08198250376659891,0.04913112391596255,nearest_neighbor_distance,persona
46,0.08198250376659891,0.06379016585971999,nearest_neighbor_distance,persona
47,0.08198250376659891,0.05565915159557177,nearest_neighbor_distance,persona
48,0.08198250376659891,0.06545326243276181,nearest_neighbor_distance,persona
49,0.08198250376659891,0.05323337472003439,nearest_neighbor_distance,persona
50,0.08198250376659891,0.060761607211569084,nearest_neighbor_distance,persona
51,0.08198250376659891,0.05114561837652455,nearest_neighbor_distance,persona
52,0.08198250376659891,0.056581536064977234,nearest_neighbor_distance,persona
53,0.08198250376659891,0.06553778441055962,nearest_neighbor_distance,persona
54,0.08198250376659891,0.055931845436925476,nearest_neighbor_distance,persona
55,0.08198250376659891,0.058134983415188995,nearest_neighbor_distance,persona
56,0.08198250376659891,0.055297504300656525,nearest_neighbor_distance,persona
57,0.08198250376659891,0.06361773998840996,nearest_neighbor_distance,persona
58,0.08198250376659891,0.07530666175095932,nearest_neighbor_distance,persona
59,0.08198250376659891,0.06549396981363712,nearest_neighbor_distance,persona
60,0.08198250376659891,0.058909182963163956,nearest_neighbor_distance,persona
61,0.08198250376659891,0.05782778107601663,nearest_neighbor_distance,persona
62,0.08198250376659891,0.07259138252424158,nearest_neighbor_distance,persona
63,0.08198250376659891,0.07044822755067245,nearest_neighbor_distance,persona
64,0.08198250376659891,0.04871814147285793,nearest_neighbor_distance,persona
65,0.08198250376659891,0.07873325503390768,nearest_neighbor_distance,persona
66,0.08198250376659891,0.061626602774081024,nearest_neighbor_distance,persona
67,0.08198250376659891,0.06419306216032608,nearest_neighbor_distance,persona
68,0.08198250376659891,0.055015890494636864,nearest_neighbor_distance,persona
69,0.08198250376659891,0.03955121921456378,nearest_neighbor_distance,persona
70,0.08198250376659891,0.06756097337473994,nearest_neighbor_distance,persona
71,0.08198250376659891,0.07196086645126343,nearest_neighbor_distance,persona
72,0.08198250376659891,0.04718365617420362,nearest_neighbor_distance,persona
73,0.08198250376659891,0.05880033710728521,nearest_neighbor_distance,persona
74,0.08198250376659891,0.051425589167553444,nearest_neighbor_distance,persona
75,0.08198250376659891,0.07280840562737506,nearest_neighbor_distance,persona
76,0.08198250376659891,0.05201498840166175,nearest_neighbor_distance,persona
77,0.08198250376659891,0.07696989826534105,nearest_neighbor_distance,persona
78,0.08198250376659891,0.05420690256616344,nearest_neighbor_distance,persona
79,0.08198250376659891,0.07506050234255583,nearest_neighbor_distance,persona
80,0.08198250376659891,0.04861070280489714,nearest_neighbor_distance,persona
81,0.08198250376659891,0.050646486489669136,nearest_neighbor_distance,persona
82,0.08198250376659891,0.058024885861769966,nearest_neighbor_distance,persona
83,0.08198250376659891,0.05845435028490813,nearest_neighbor_distance,persona
84,0.08198250376659891,0.052854636441106384,nearest_neighbor_distance,persona
85,0.08198250376659891,0.05273885053137074,nearest_neighbor_distance,persona
86,0.08198250376659891,0.04727661609649658,nearest_neighbor_distance,persona
87,0.08198250376659891,0.05918620462002962,nearest_neighbor_distance,persona
88,0.08198250376659891,0.06241744497547979,nearest_neighbor_distance,persona
89,0.08198250376659891,0.06031023160271023,nearest_neighbor_distance,persona
90,0.08198250376659891,0.06328251569167427,nearest_neighbor_distance,persona
91,0.08198250376659891,0.052934561086737594,nearest_neighbor_distance,persona
92,0.08198250376659891,0.0739224734513656,nearest_neighbor_distance,persona
93,0.08198250376659891,0.051202831060990044,nearest_neighbor_distance,persona
94,0.08198250376659891,0.0467203078062638,nearest_neighbor_distance,persona
95,0.08198250376659891,0.05952622838642286,nearest_neighbor_distance,persona
96,0.08198250376659891,0.05393684946972391,nearest_neighbor_distance,persona
97,0.08198250376659891,0.06228222795154737,nearest_neighbor_distance,persona
98,0.08198250376659891,0.058223294175189476,nearest_neighbor_distance,persona
99,0.08198250376659891,0.05308281079582546,nearest_neighbor_distance,persona
100,0.08198250376659891,0.05729201047316841,nearest_neighbor_distance,persona
101,0.08198250376659891,0.0623420554658641,nearest_neighbor_distance,persona
102,0.08198250376659891,0.05904995358508566,nearest_neighbor_distance,persona
103,0.08198250376659891,0.06431819563326628,nearest_neighbor_distance,persona
104,0.08198250376659891,0.057412696921307106,nearest_neighbor_distance,persona
105,0.08198250376659891,0.057898617309072746,nearest_neighbor_distance,persona
106,0.08198250376659891,0.07136542382447617,nearest_neighbor_distance,persona
107,0.08198250376659891,0.06087458911149398,nearest_neighbor_distance,persona
108,0.08198250376659891,0.04864516983861509,nearest_neighbor_distance,persona
109,0.08198250376659891,0.061135009579036545,nearest_neighbor_distance,persona
110,0.08198250376659891,0.04521512985229492,nearest_neighbor_distance,persona
111,0.08198250376659891,0.06283353722613791,nearest_neighbor_distance,persona
112,0.08198250376659891,0.05630235827487448,nearest_neighbor_distance,persona
113,0.08198250376659891,0.054963259593300194,nearest_neighbor_distance,persona
114,0.08198250376659891,0.05875464625980543,nearest_neighbor_distance,persona
115,0.08198250376659891,0.07382437198058418,nearest_neighbor_distance,persona
116,0.08198250376659891,0.0755938058314116,nearest_neighbor_distance,persona
117,0.08198250376659891,0.06826618961665941,nearest_neighbor_distance,persona
118,0.08198250376659891,0.0631094419437906,nearest_neighbor_distance,persona
119,0.08198250376659891,0.06790322324504024,nearest_neighbor_distance,persona
120,0.08198250376659891,0.056944359903750214,nearest_neighbor_distance,persona
121,0.08198250376659891,0.069002540215202,nearest_neighbor_distance,persona
122,0.08198250376659891,0.058622409468111786,nearest_neighbor_distance,persona
123,0.08198250376659891,0.06805020052453746,nearest_neighbor_distance,persona
124,0.08198250376659891,0.07495416506477025,nearest_neighbor_distance,persona
125,0.08198250376659891,0.07226652684419052,nearest_neighbor_distance,persona
126,0.08198250376659891,0.05855114045350448,nearest_neighbor_distance,persona
127,0.08198250376659891,0.05708042953325355,nearest_neighbor_distance,persona
128,0.08198250376659891,0.0567126636919768,nearest_neighbor_distance,persona
129,0.08198250376659891,0.0798725356226382,nearest_neighbor_distance,persona
130,0.08198250376659891,0.06180074422255806,nearest_neighbor_distance,persona
131,0.08198250376659891,0.07124425017315408,nearest_neighbor_distance,persona
132,0.08198250376659891,0.05980744569197945,nearest_neighbor_distance,persona
133,0.08198250376659891,0.057692398195681366,nearest_neighbor_distance,persona
134,0.08198250376659891,0.06963811749997346,nearest_neighbor_distance,persona
135,0.08198250376659891,0.06189795162366784,nearest_neighbor_distance,persona
136,0.08198250376659891,0.05678849116615627,nearest_neighbor_distance,persona
137,0.08198250376659891,0.06352751410525778,nearest_neighbor_distance,persona
138,0.08198250376659891,0.07727774070656818,nearest_neighbor_distance,persona
139,0.08198250376659891,0.06510135401850162,nearest_neighbor_distance,persona
140,0.08198250376659891,0.04941023173539535,nearest_neighbor_distance,persona
141,0.08198250376659891,0.0729793906211853,nearest_neighbor_distance,persona
142,0.08198250376659891,0.054382876209590744,nearest_neighbor_distance,persona
143,0.08198250376659891,0.06870737283126167,nearest_neighbor_distance,persona
144,0.08198250376659891,0.05604511499404907,nearest_neighbor_distance,persona
145,0.08198250376659891,0.05573632665302442,nearest_neighbor_distance,persona
146,0.08198250376659891,0.06880450248718262,nearest_neighbor_distance,persona
147,0.08198250376659891,0.04961800834406977,nearest_neighbor_distance,persona
148,0.08198250376659891,0.07550683488016544,nearest_neighbor_distance,persona
149,0.08198250376659891,0.07434214457221654,nearest_neighbor_distance,persona
150,0.08198250376659891,0.06975187166877415,nearest_neighbor_distance,persona
151,0.08198250376659891,0.07076853513717651,nearest_neighbor_distance,persona
152,0.08198250376659891,0.054107137348340904,nearest_neighbor_distance,persona
153,0.08198250376659891,0.06035240318464196,nearest_neighbor_distance,persona
154,0.08198250376659891,0.042782218559928566,nearest_neighbor_distance,persona
155,0.08198250376659891,0.06752020638921986,nearest_neighbor_distance,persona
156,0.08198250376659891,0.054749374804289444,nearest_neighbor_distance,persona
157,0.08198250376659891,0.06754044346187425,nearest_neighbor_distance,persona
158,0.08198250376659891,0.052936084892438805,nearest_neighbor_distance,persona
159,0.08198250376659891,0.0752444370933201,nearest_neighbor_distance,persona
160,0.08198250376659891,0.06547672333924667,nearest_neighbor_distance,persona
161,0.08198250376659891,0.0540142007496046,nearest_neighbor_distance,persona
162,0.08198250376659891,0.0670498946438665,nearest_neighbor_distance,persona
163,0.08198250376659891,0.06043255847433339,nearest_neighbor_distance,persona
164,0.08198250376659891,0.048324032970096756,nearest_neighbor_distance,persona
165,0.08198250376659891,0.06357035947882611,nearest_neighbor_distance,persona
166,0.08198250376659891,0.05547996966735176,nearest_neighbor_distance,persona
167,0.08198250376659891,0.06878742964371391,nearest_neighbor_distance,persona
168,0.08198250376659891,0.07125068488328354,nearest_neighbor_distance,persona
169,0.08198250376659891,0.06950023381606392,nearest_neighbor_distance,persona
170,0.08198250376659891,0.05215029094530189,nearest_neighbor_distance,persona
171,0.08198250376659891,0.0691162892009901,nearest_neighbor_distance,persona
172,0.08198250376659891,0.05722097210262133,nearest_neighbor_distance,persona
173,0.08198250376659891,0.05743911732798037,nearest_neighbor_distance,persona
174,0.08198250376659891,0.05730079049649446,nearest_neighbor_distance,persona
175,0.08198250376659891,0.06254073847895084,nearest_neighbor_distance,persona
176,0.08198250376659891,0.05213515654854153,nearest_neighbor_distance,persona
177,0.08198250376659891,0.06448429563771123,nearest_neighbor_distance,persona
178,0.08198250376659891,0.07248543656390646,nearest_neighbor_distance,persona
179,0.08198250376659891,0.05220392475957456,nearest_neighbor_distance,persona
180,0.08198250376659891,0.04550900148308795,nearest_neighbor_distance,persona
181,0.08198250376659891,0.0535098469775656,nearest_neighbor_distance,persona
182,0.08198250376659891,0.04170055233913919,nearest_neighbor_distance,persona
183,0.08198250376659891,0.06051855242770651,nearest_neighbor_distance,persona
184,0.08198250376659891,0.061540717663972275,nearest_neighbor_distance,persona
185,0.08198250376659891,0.058135421379752784,nearest_neighbor_distance,persona
186,0.08198250376659891,0.06359250649161961,nearest_neighbor_distance,persona
187,0.08198250376659891,0.06086547219234964,nearest_neighbor_distance,persona
188,0.08198250376659891,0.0630055976950604,nearest_neighbor_distance,persona
189,0.08198250376659891,0.0588558756786844,nearest_neighbor_distance,persona
190,0.08198250376659891,0.059127017207767654,nearest_neighbor_distance,persona
191,0.08198250376659891,0.06420488461204198,nearest_neighbor_distance,persona
192,0.08198250376659891,0.061254143714904785,nearest_neighbor_distance,persona
193,0.08198250376659891,0.04435896355172862,nearest_neighbor_distance,persona
194,0.08198250376659891,0.04454218563826188,nearest_neighbor_distance,persona
195,0.08198250376659891,0.0516220590342646,nearest_neighbor_distance,persona
196,0.08198250376659891,0.06999682861825694,nearest_neighbor_distance,persona
197,0.08198250376659891,0.05801567046538643,nearest_neighbor_distance,persona
198,0.08198250376659891,0.06612060899319856,nearest_neighbor_distance,persona
199,0.08198250376659891,0.05784356853236323,nearest_neighbor_distance,persona
200,0.08198250376659891,0.07367482392684273,nearest_neighbor_distance,persona
201,0.08198250376659891,0.06176611392394356,nearest_neighbor_distance,persona
202,0.08198250376659891,0.07345213579094928,nearest_neighbor_distance,persona
203,0.08198250376659891,0.060267603915670646,nearest_neighbor_distance,persona
204,0.08198250376659891,0.06899894838747771,nearest_neighbor_distance,persona
205,0.08198250376659891,0.06819696270901224,nearest_neighbor_distance,persona
206,0.08198250376659891,0.06547563231509665,nearest_neighbor_distance,persona
207,0.08198250376659891,0.060738249965336014,nearest_neighbor_distance,persona
208,0.08198250376659891,0.05773065401160199,nearest_neighbor_distance,persona
209,0.08198250376659891,0.05807703992594843,nearest_neighbor_distance,persona
210,0.08198250376659891,0.07045020227846892,nearest_neighbor_distance,persona
211,0.08198250376659891,0.04790781891864279,nearest_neighbor_distance,persona
212,0.08198250376659891,0.053055729555047074,nearest_neighbor_distance,persona
213,0.08198250376659891,0.06417845124783723,nearest_neighbor_distance,persona
214,0.08198250376659891,0.062066671640976616,nearest_neighbor_distance,persona
215,0.08198250376659891,0.07331587179847386,nearest_neighbor_distance,persona
216,0.08198250376659891,0.058448700801185936,nearest_neighbor_distance,persona
217,0.08198250376659891,0.06209625368532927,nearest_neighbor_distance,persona
218,0.08198250376659891,0.060033396534297775,nearest_neighbor_distance,persona
219,0.08198250376659891,0.08329081276188725,nearest_neighbor_distance,persona
220,0.08198250376659891,0.05601277817850527,nearest_neighbor_distance,persona
221,0.08198250376659891,0.04989627133245054,nearest_neighbor_distance,persona
222,0.08198250376659891,0.050166752027428665,nearest_neighbor_distance,persona
223,0.08198250376659891,0.0558525246122609,nearest_neighbor_distance,persona
224,0.08198250376659891,0.059836483520010246,nearest_neighbor_distance,persona
225,0.08198250376659891,0.055780379668526024,nearest_neighbor_distance,persona
226,0.08198250376659891,0.06260234635809193,nearest_neighbor_distance,persona
227,0.08198250376659891,0.06181413971859476,nearest_neighbor_distance,persona
228,0.08198250376659891,0.05538260677586431,nearest_neighbor_distance,persona
229,0.08198250376659891,0.05860877296198969,nearest_neighbor_distance,persona
230,0.08198250376659891,0.06894646001898724,nearest_neighbor_distance,persona
231,0.08198250376659891,0.06929524048514989,nearest_neighbor_distance,persona
232,0.08198250376659891,0.0814369683680327,nearest_neighbor_distance,persona
233,0.08198250376659891,0.053823787233103874,nearest_neighbor_distance,persona
234,0.08198250376659891,0.05718421936035156,nearest_neighbor_distance,persona
235,0.08198250376659891,0.050686289434847626,nearest_neighbor_distance,persona
236,0.08198250376659891,0.04576288358024929,nearest_neighbor_distance,persona
237,0.08198250376659891,0.06386328520982162,nearest_neighbor_distance,persona
238,0.08198250376659891,0.07329331791919211,nearest_neighbor_distance,persona
239,0.08198250376659891,0.06696931693864905,nearest_neighbor_distance,persona
240,0.08198250376659891,0.04701042434443598,nearest_neighbor_distance,persona
241,0.08198250376659891,0.06798743683358897,nearest_neighbor_distance,persona
242,0.08198250376659891,0.05572000534638115,nearest_neighbor_distance,persona
243,0.08198250376659891,0.07735479396322499,nearest_neighbor_distance,persona
244,0.08198250376659891,0.06605575136516405,nearest_neighbor_distance,persona
245,0.08198250376659891,0.06330285642458044,nearest_neighbor_distance,persona
246,0.08198250376659891,0.06576072392256363,nearest_neighbor_distance,persona
247,0.08198250376659891,0.06213219010311624,nearest_neighbor_distance,persona
248,0.08198250376659891,0.05994191377059273,nearest_neighbor_distance,persona
249,0.08198250376659891,0.05171345627826193,nearest_neighbor_distance,persona
250,0.08198250376659891,0.05693797702374666,nearest_neighbor_distance,persona
251,0.08198250376659891,0.06038649963295978,nearest_neighbor_distance,persona
252,0.08198250376659891,0.06230550226957902,nearest_neighbor_distance,persona
253,0.08198250376659891,0.05476633362148119,nearest_neighbor_distance,persona
254,0.08198250376659891,0.05500052286231,nearest_neighbor_distance,persona
255,0.08198250376659891,0.061535062997237495,nearest_neighbor_distance,persona
256,0.08198250376659891,0.05888645026994788,nearest_neighbor_distance,persona
257,0.08198250376659891,0.052126107008560844,nearest_neighbor_distance,persona
258,0.08198250376659891,0.05973295543504798,nearest_neighbor_distance,persona
259,0.08198250376659891,0.07109013070230899,nearest_neighbor_distance,persona
260,0.08198250376659891,0.0659966520641161,nearest_neighbor_distance,persona
261,0.08198250376659891,0.05172706427781478,nearest_neighbor_distance,persona
262,0.08198250376659891,0.048512673896291984,nearest_neighbor_distance,persona
263,0.08198250376659891,0.05555740646694018,nearest_neighbor_distance,persona
264,0.08198250376659891,0.0635337700014529,nearest_neighbor_distance,persona
265,0.08198250376659891,0.06581927123277084,nearest_neighbor_distance,persona
266,0.08198250376659891,0.05913242308989815,nearest_neighbor_distance,persona
267,0.08198250376659891,0.0656770312267801,nearest_neighbor_distance,persona
268,0.08198250376659891,0.0563795022342516,nearest_neighbor_distance,persona
269,0.08198250376659891,0.05140925490337869,nearest_neighbor_distance,persona
270,0.08198250376659891,0.04260538453641145,nearest_neighbor_distance,persona
271,0.08198250376659891,0.0464489019435385,nearest_neighbor_distance,persona
272,0.08198250376659891,0.0687937477360601,nearest_neighbor_distance,persona
273,0.08198250376659891,0.07397744966589886,nearest_neighbor_distance,persona
274,0.08198250376659891,0.060131591299305794,nearest_neighbor_distance,persona
275,0.08198250376659891,0.05155058529066003,nearest_neighbor_distance,persona
276,0.08198250376659891,0.05311061247535374,nearest_neighbor_distance,persona
277,0.08198250376659891,0.053047263103982674,nearest_neighbor_distance,persona
278,0.08198250376659891,0.058266914409139885,nearest_neighbor_distance,persona
279,0.08198250376659891,0.058343389759893005,nearest_neighbor_distance,persona
280,0.08198250376659891,0.05078609870827716,nearest_neighbor_distance,persona
281,0.08198250376659891,0.057025396305581795,nearest_neighbor_distance,persona
282,0.08198250376659891,0.05046390450519064,nearest_neighbor_distance,persona
283,0.08198250376659891,0.06619777109311975,nearest_neighbor_distance,persona
284,0.08198250376659891,0.06724515427713809,nearest_neighbor_distance,persona
285,0.08198250376659891,0.05602234601974487,nearest_neighbor_distance,persona
286,0.08198250376659891,0.06315340684807819,nearest_neighbor_distance,persona
287,0.08198250376659891,0.06479440305543982,nearest_neighbor_distance,persona
288,0.08198250376659891,0.07059515559155008,nearest_neighbor_distance,persona
289,0.08198250376659891,0.06984474866286568,nearest_neighbor_distance,persona
290,0.08198250376659891,0.05548961007076761,nearest_neighbor_distance,persona
291,0.08198250376659891,0.06118413935536924,nearest_neighbor_distance,persona
292,0.08198250376659891,0.0627022852068362,nearest_neighbor_distance,persona
293,0.08198250376659891,0.0671213528384333,nearest_neighbor_distance,persona
294,0.08198250376659891,0.07611531796662704,nearest_neighbor_distance,persona
295,0.08198250376659891,0.06418541203374448,nearest_neighbor_distance,persona
296,0.08198250376659891,0.07471499494884325,nearest_neighbor_distance,persona
297,0.08198250376659891,0.0661947779033495,nearest_neighbor_distance,persona
298,0.08198250376659891,0.06902704031571098,nearest_neighbor_distance,persona
299,0.08198250376659891,0.05682314997134001,nearest_neighbor_distance,persona
300,0.08198250376659891,0.06966975720032402,nearest_neighbor_distance,persona
301,0.08198250376659891,0.06201443205709043,nearest_neighbor_distance,persona
302,0.08198250376659891,0.05896169206370478,nearest_neighbor_distance,persona
303,0.08198250376659891,0.06568643580312314,nearest_neighbor_distance,persona
304,0.08198250376659891,0.06846822085587875,nearest_neighbor_distance,persona
305,0.08198250376659891,0.061458507309789245,nearest_neighbor_distance,persona
306,0.08198250376659891,0.051481620125148606,nearest_neighbor_distance,persona
307,0.08198250376659891,0.0500623635623766,nearest_neighbor_distance,persona
308,0.08198250376659891,0.05675860073255456,nearest_neighbor_distance,persona
309,0.08198250376659891,0.045903350995934525,nearest_neighbor_distance,persona
310,0.08198250376659891,0.07796607069347215,nearest_neighbor_distance,persona
311,0.08198250376659891,0.04824664800063423,nearest_neighbor_distance,persona
312,0.08198250376659891,0.06569638977880063,nearest_neighbor_distance,persona
313,0.08198250376659891,0.06069082799165145,nearest_neighbor_distance,persona
314,0.08198250376659891,0.06833354804826819,nearest_neighbor_distance,persona
315,0.08198250376659891,0.050235548745030945,nearest_neighbor_distance,persona
316,0.08198250376659891,0.0642934597056845,nearest_neighbor_distance,persona
317,0.08198250376659891,0.05399248910986859,nearest_neighbor_distance,persona
318,0.08198250376659891,0.0698283340619958,nearest_neighbor_distance,persona
319,0.08198250376659891,0.06899837307308031,nearest_neighbor_distance,persona
320,0.08198250376659891,0.0688749655433323,nearest_neighbor_distance,persona
321,0.08198250376659891,0.060200393199920654,nearest_neighbor_distance,persona
322,0.08198250376659891,0.07796070886694867,nearest_neighbor_distance,persona
323,0.08198250376659891,0.061414423196212105,nearest_neighbor_distance,persona
324,0.08198250376659891,0.05386571262193763,nearest_neighbor_distance,persona
325,0.08198250376659891,0.06451124989468118,nearest_neighbor_distance,persona
326,0.08198250376659891,0.0393137698588164,nearest_neighbor_distance,persona
327,0.08198250376659891,0.06043233560479205,nearest_neighbor_distance,persona
328,0.08198250376659891,0.04198277774064437,nearest_neighbor_distance,persona
329,0.08198250376659891,0.06103241184483404,nearest_neighbor_distance,persona
330,0.08198250376659891,0.0814862406772116,nearest_neighbor_distance,persona
331,0.08198250376659891,0.06812865578609964,nearest_neighbor_distance,persona
332,0.08198250376659891,0.059165532174317734,nearest_neighbor_distance,persona
333,0.08198250376659891,0.06058866303900014,nearest_neighbor_distance,persona
334,0.08198250376659891,0.05288635906965836,nearest_neighbor_distance,persona
335,0.08198250376659891,0.050059577693109925,nearest_neighbor_distance,persona
336,0.08198250376659891,0.07170580262723177,nearest_neighbor_distance,persona
337,0.08198250376659891,0.05584282978721287,nearest_neighbor_distance,persona
338,0.08198250376659891,0.06839545395063318,nearest_neighbor_distance,persona
339,0.08198250376659891,0.060040401375812034,nearest_neighbor_distance,persona
340,0.08198250376659891,0.05251672993535581,nearest_neighbor_distance,persona
341,0.08198250376659891,0.05300323082053143,nearest_neighbor_distance,persona
342,0.08198250376659891,0.056687971820002014,nearest_neighbor_distance,persona
343,0.08198250376659891,0.06304217162339584,nearest_neighbor_distance,persona
344,0.08198250376659891,0.07857097750124724,nearest_neighbor_distance,persona
345,0.08198250376659891,0.06954741477966309,nearest_neighbor_distance,persona
346,0.08198250376659891,0.07189445651095847,nearest_neighbor_distance,persona
347,0.08198250376659891,0.07991127605023592,nearest_neighbor_distance,persona
348,0.08198250376659891,0.053883674352065376,nearest_neighbor_distance,persona
349,0.08198250376659891,0.06658890972966733,nearest_neighbor_distance,persona
350,0.08198250376659891,0.06109510556511257,nearest_neighbor_distance,persona
351,0.08198250376659891,0.07148912419443545,nearest_neighbor_distance,persona
352,0.08198250376659891,0.06960898119470348,nearest_neighbor_distance,persona
353,0.08198250376659891,0.06709423013355421,nearest_neighbor_distance,persona
354,0.08198250376659891,0.06135969058327053,nearest_neighbor_distance,persona
355,0.08198250376659891,0.07486390290052994,nearest_neighbor_distance,persona
356,0.08198250376659891,0.06711396704549374,nearest_neighbor_distance,persona
357,0.08198250376659891,0.06572410853012749,nearest_neighbor_distance,persona
358,0.08198250376659891,0.04721286504164986,nearest_neighbor_distance,persona
359,0.08198250376659891,0.05571630726689878,nearest_neighbor_distance,persona
360,0.08198250376659891,0.0677809274714926,nearest_neighbor_distance,persona
361,0.08198250376659891,0.07092415509016617,nearest_neighbor_distance,persona
362,0.08198250376659891,0.06845898731895116,nearest_neighbor_distance,persona
363,0.08198250376659891,0.04419322635816491,nearest_neighbor_distance,persona
364,0.08198250376659891,0.05149239560832148,nearest_neighbor_distance,persona
365,0.08198250376659891,0.05576649178629336,nearest_neighbor_distance,persona
366,0.08198250376659891,0.05213342023932416,nearest_neighbor_distance,persona
367,0.08198250376659891,0.06965378315552422,nearest_neighbor_distance,persona
368,0.08198250376659891,0.06486322309659875,nearest_neighbor_distance,persona
369,0.08198250376659891,0.055627980957860534,nearest_neighbor_distance,persona
370,0.08198250376659891,0.06269997876623402,nearest_neighbor_distance,persona
371,0.08198250376659891,0.06108240977577541,nearest_neighbor_distance,persona
372,0.08198250376659891,0.06418896498887436,nearest_neighbor_distance,persona
373,0.08198250376659891,0.06968819576760997,nearest_neighbor_distance,persona
374,0.08198250376659891,0.07510760296945987,nearest_neighbor_distance,persona
375,0.08198250376659891,0.06162753053333448,nearest_neighbor_distance,persona
376,0.08198250376659891,0.07139710498892743,nearest_neighbor_distance,persona
377,0.08198250376659891,0.061570071655771004,nearest_neighbor_distance,persona
378,0.08198250376659891,0.07051071913346,nearest_neighbor_distance,persona
379,0.08198250376659891,0.06192976495494013,nearest_neighbor_distance,persona
380,0.08198250376659891,0.05889928600062495,nearest_neighbor_distance,persona
381,0.08198250376659891,0.07879191377888554,nearest_neighbor_distance,persona
382,0.08198250376659891,0.06091042446053546,nearest_neighbor_distance,persona
383,0.08198250376659891,0.04831967405650927,nearest_neighbor_distance,persona
384,0.08198250376659891,0.05862491027168606,nearest_neighbor_distance,persona
385,0.08198250376659891,0.06321528165236763,nearest_neighbor_distance,persona
386,0.08198250376659891,0.06560150177582451,nearest_neighbor_distance,persona
387,0.08198250376659891,0.05712335006050442,nearest_neighbor_distance,persona
388,0.08198250376659891,0.06273215231688126,nearest_neighbor_distance,persona
389,0.08198250376659891,0.07196442977241847,nearest_neighbor_distance,persona
390,0.08198250376659891,0.07013862288516501,nearest_neighbor_distance,persona
391,0.08198250376659891,0.05728119352589483,nearest_neighbor_distance,persona
392,0.08198250376659891,0.053326065125672714,nearest_neighbor_distance,persona
393,0.08198250376659891,0.06469992451045824,nearest_neighbor_distance,persona
394,0.08198250376659891,0.0625784941341566,nearest_neighbor_distance,persona
395,0.08198250376659891,0.05270678323248158,nearest_neighbor_distance,persona
396,0.08198250376659891,0.048917350561722465,nearest_neighbor_distance,persona
397,0.08198250376659891,0.047683293404786484,nearest_neighbor_distance,persona
398,0.08198250376659891,0.06831559150115303,nearest_neighbor_distance,persona
399,0.08198250376659891,0.056624726108882736,nearest_neighbor_distance,persona
400,0.08198250376659891,0.06945401689280635,nearest_neighbor_distance,persona
401,0.08198250376659891,0.0563377478848333,nearest_neighbor_distance,persona
402,0.08198250376659891,0.07426914183989815,nearest_neighbor_distance,persona
403,0.08198250376659891,0.06399950514669003,nearest_neighbor_distance,persona
404,0.08198250376659891,0.04139212680899579,nearest_neighbor_distance,persona
405,0.08198250376659891,0.07297196077263873,nearest_neighbor_distance,persona
406,0.08198250376659891,0.052870488685110344,nearest_neighbor_distance,persona
407,0.08198250376659891,0.05962056439855824,nearest_neighbor_distance,persona
408,0.08198250376659891,0.04520806799764219,nearest_neighbor_distance,persona
409,0.08198250376659891,0.07939280116039774,nearest_neighbor_distance,persona
410,0.08198250376659891,0.07214395377946936,nearest_neighbor_distance,persona
411,0.08198250376659891,0.07020101339920708,nearest_neighbor_distance,persona
412,0.08198250376659891,0.045770821364029594,nearest_neighbor_distance,persona
413,0.08198250376659891,0.06476226319437442,nearest_neighbor_distance,persona
414,0.08198250376659891,0.06096416193505992,nearest_neighbor_distance,persona
415,0.08198250376659891,0.052583134692648185,nearest_neighbor_distance,persona
416,0.08198250376659891,0.07066287165102751,nearest_neighbor_distance,persona
417,0.08198250376659891,0.07424795109292735,nearest_neighbor_distance,persona
418,0.08198250376659891,0.05054798074390577,nearest_neighbor_distance,persona
419,0.08198250376659891,0.05378670018652211,nearest_neighbor_distance,persona
420,0.08198250376659891,0.06366900257442308,nearest_neighbor_distance,persona
421,0.08198250376659891,0.07437758860380753,nearest_neighbor_distance,persona
422,0.08198250376659891,0.060372557329094925,nearest_neighbor_distance,persona
423,0.08198250376659891,0.05499971690385238,nearest_neighbor_distance,persona
424,0.08198250376659891,0.06321939178135084,nearest_neighbor_distance,persona
425,0.08198250376659891,0.050984040550563645,nearest_neighbor_distance,persona
426,0.08198250376659891,0.06579923370610112,nearest_neighbor_distance,persona
427,0.08198250376659891,0.051402527353037956,nearest_neighbor_distance,persona
428,0.08198250376659891,0.05290306910224583,nearest_neighbor_distance,persona
429,0.08198250376659891,0.05672099797622017,nearest_neighbor_distance,persona
430,0.08198250376659891,0.04954426962396373,nearest_neighbor_distance,persona
431,0.08198250376659891,0.058133047559986946,nearest_neighbor_distance,persona
432,0.08198250376659891,0.056406440942183785,nearest_neighbor_distance,persona
433,0.08198250376659891,0.05189584389976833,nearest_neighbor_distance,persona
434,0.08198250376659891,0.06698198422141698,nearest_neighbor_distance,persona
435,0.08198250376659891,0.06270893242048181,nearest_neighbor_distance,persona
436,0.08198250376659891,0.06286028675411058,nearest_neighbor_distance,persona
437,0.08198250376659891,0.07338580618733945,nearest_neighbor_distance,persona
438,0.08198250376659891,0.04627203423043956,nearest_neighbor_distance,persona
439,0.08198250376659891,0.05728423595428467,nearest_neighbor_distance,persona
440,0.08198250376659891,0.06550010390903639,nearest_neighbor_distance,persona
441,0.08198250376659891,0.04521688171055006,nearest_neighbor_distance,persona
442,0.08198250376659891,0.0686472809833029,nearest_neighbor_distance,persona
443,0.08198250376659891,0.04690438768138056,nearest_neighbor_distance,persona
444,0.08198250376659891,0.052347501982813294,nearest_neighbor_distance,persona
445,0.08198250376659891,0.05241930225621099,nearest_neighbor_distance,persona
446,0.08198250376659891,0.0635832263075787,nearest_neighbor_distance,persona
447,0.08198250376659891,0.060384379780810814,nearest_neighbor_distance,persona
448,0.08198250376659891,0.056913580583489456,nearest_neighbor_distance,persona
449,0.08198250376659891,0.06921553352604741,nearest_neighbor_distance,persona
450,0.08198250376659891,0.05121593112530916,nearest_neighbor_distance,persona
451,0.08198250376659891,0.06319000409997028,nearest_neighbor_distance,persona
452,0.08198250376659891,0.05021057699037635,nearest_neighbor_distance,persona
453,0.08198250376659891,0.05409764466078385,nearest_neighbor_distance,persona
454,0.08198250376659891,0.0687379318734874,nearest_neighbor_distance,persona
455,0.08198250376659891,0.07378790689551312,nearest_neighbor_distance,persona
456,0.08198250376659891,0.059527557829151985,nearest_neighbor_distance,persona
457,0.08198250376659891,0.0656029426533243,nearest_neighbor_distance,persona
458,0.08198250376659891,0.06075709280760392,nearest_neighbor_distance,persona
459,0.08198250376659891,0.07863479075224503,nearest_neighbor_distance,persona
460,0.08198250376659891,0.06003753776135652,nearest_neighbor_distance,persona
461,0.08198250376659891,0.04820746442546015,nearest_neighbor_distance,persona
462,0.08198250376659891,0.0455703502115996,nearest_neighbor_distance,persona
463,0.08198250376659891,0.061129030974014946,nearest_neighbor_distance,persona
464,0.08198250376659891,0.06658532567646193,nearest_neighbor_distance,persona
465,0.08198250376659891,0.059261835139730705,nearest_neighbor_distance,persona
466,0.08198250376659891,0.0625908374786377,nearest_neighbor_distance,persona
467,0.08198250376659891,0.06707529918007228,nearest_neighbor_distance,persona
468,0.08198250376659891,0.05260646343231201,nearest_neighbor_distance,persona
469,0.08198250376659891,0.04959393065908681,nearest_neighbor_distance,persona
470,0.08198250376659891,0.043385513450788414,nearest_neighbor_distance,persona
471,0.08198250376659891,0.0613998848458995,nearest_neighbor_distance,persona
472,0.08198250376659891,0.07751060309617416,nearest_neighbor_distance,persona
473,0.08198250376659891,0.059949885243954865,nearest_neighbor_distance,persona
474,0.08198250376659891,0.05966207773789116,nearest_neighbor_distance,persona
475,0.08198250376659891,0.061215071574501366,nearest_neighbor_distance,persona
476,0.08198250376659891,0.06176651560741922,nearest_neighbor_distance,persona
477,0.08198250376659891,0.06309473514556885,nearest_neighbor_distance,persona
478,0.08198250376659891,0.06723886209985484,nearest_neighbor_distance,persona
479,0.08198250376659891,0.06780307966729869,nearest_neighbor_distance,persona
480,0.08198250376659891,0.054601736690687096,nearest_neighbor_distance,persona
481,0.08198250376659891,0.048784945322119674,nearest_neighbor_distance,persona
482,0.08198250376659891,0.06428051772324936,nearest_neighbor_distance,persona
483,0.08198250376659891,0.05709718362144802,nearest_neighbor_distance,persona
484,0.08198250376659891,0.05364629496698794,nearest_neighbor_distance,persona
485,0.08198250376659891,0.07036340495814448,nearest_neighbor_distance,persona
486,0.08198250376659891,0.04553705194722051,nearest_neighbor_distance,persona
487,0.08198250376659891,0.05254820637080981,nearest_neighbor_distance,persona
488,0.08198250376659891,0.056907713413238525,nearest_neighbor_distance,persona
489,0.08198250376659891,0.06627698825753253,nearest_neighbor_distance,persona
490,0.08198250376659891,0.055090492186339005,nearest_neighbor_distance,persona
491,0.08198250376659891,0.050935385019882866,nearest_neighbor_distance,persona
492,0.08198250376659891,0.07149715008942978,nearest_neighbor_distance,persona
493,0.08198250376659891,0.07227953102277673,nearest_neighbor_distance,persona
494,0.08198250376659891,0.05652794889781786,nearest_neighbor_distance,persona
495,0.08198250376659891,0.0629117514776147,nearest_neighbor_distance,persona
496,0.08198250376659891,0.06850191302921461,nearest_neighbor_distance,persona
497,0.08198250376659891,0.07755694959474646,nearest_neighbor_distance,persona
498,0.08198250376659891,0.06779578457707944,nearest_neighbor_distance,persona
499,0.08198250376659891,0.06187219464260599,nearest_neighbor_distance,persona
500,0.08198250376659891,0.07593716745791228,nearest_neighbor_distance,persona
501,0.08198250376659891,0.051811733971471374,nearest_neighbor_distance,persona
502,0.08198250376659891,0.06470429379007091,nearest_neighbor_distance,persona
503,0.08198250376659891,0.06414475648299507,nearest_neighbor_distance,persona
504,0.08198250376659891,0.06891533343688301,nearest_neighbor_distance,persona
505,0.08198250376659891,0.0588623337123705,nearest_neighbor_distance,persona
506,0.08198250376659891,0.062380300915759544,nearest_neighbor_distance,persona
507,0.08198250376659891,0.048157798207324486,nearest_neighbor_distance,persona
508,0.08198250376659891,0.059076773083728294,nearest_neighbor_distance,persona
509,0.08198250376659891,0.0666768861853558,nearest_neighbor_distance,persona
510,0.08198250376659891,0.06077641767004262,nearest_neighbor_distance,persona
511,0.08198250376659891,0.05594649263050245,nearest_neighbor_distance,persona
512,0.08198250376659891,0.07203385622605034,nearest_neighbor_distance,persona
513,0.08198250376659891,0.06319236237069835,nearest_neighbor_distance,persona
514,0.08198250376659891,0.06735041089679884,nearest_neighbor_distance,persona
515,0.08198250376659891,0.0661114557929661,nearest_neighbor_distance,persona
516,0.08198250376659891,0.055663551973259964,nearest_neighbor_distance,persona
517,0.08198250376659891,0.06338612929634425,nearest_neighbor_distance,persona
518,0.08198250376659891,0.06276788141416467,nearest_neighbor_distance,persona
519,0.08198250376659891,0.062427865422290306,nearest_neighbor_distance,persona
520,0.08198250376659891,0.044149629447771156,nearest_neighbor_distance,persona
521,0.08198250376659891,0.03202974277993907,nearest_neighbor_distance,persona
522,0.08198250376659891,0.06998270490895146,nearest_neighbor_distance,persona
523,0.08198250376659891,0.06395639284797337,nearest_neighbor_distance,persona
524,0.08198250376659891,0.0477450386337612,nearest_neighbor_distance,persona
525,0.08198250376659891,0.05846763175466786,nearest_neighbor_distance,persona
526,0.08198250376659891,0.0542639364366946,nearest_neighbor_distance,persona
527,0.08198250376659891,0.07571238538493281,nearest_neighbor_distance,persona
528,0.08198250376659891,0.06678390502929688,nearest_neighbor_distance,persona
529,0.08198250376659891,0.069903288198554,nearest_neighbor_distance,persona
530,0.08198250376659891,0.07587497648985489,nearest_neighbor_distance,persona
531,0.08198250376659891,0.06009734713512918,nearest_neighbor_distance,persona
532,0.08198250376659891,0.06659524855406387,nearest_neighbor_distance,persona
533,0.08198250376659891,0.06122664783311927,nearest_neighbor_distance,persona
534,0.08198250376659891,0.05032838945803435,nearest_neighbor_distance,persona
535,0.08198250376659891,0.051449428433957306,nearest_neighbor_distance,persona
536,0.08198250376659891,0.04573689077211463,nearest_neighbor_distance,persona
537,0.08198250376659891,0.05427295487859975,nearest_neighbor_distance,persona
538,0.08198250376659891,0.06884123190589574,nearest_neighbor_distance,persona
539,0.08198250376659891,0.06246238428613414,nearest_neighbor_distance,persona
540,0.08198250376659891,0.06429688308549963,nearest_neighbor_distance,persona
541,0.08198250376659891,0.056081777033598526,nearest_neighbor_distance,persona
542,0.08198250376659891,0.05638320549674656,nearest_neighbor_distance,persona
543,0.08198250376659891,0.06067311504612798,nearest_neighbor_distance,persona
544,0.08198250376659891,0.06042779010275136,nearest_neighbor_distance,persona
545,0.08198250376659891,0.04788410922755366,nearest_neighbor_distance,persona
546,0.08198250376659891,0.04532221607539965,nearest_neighbor_distance,persona
547,0.08198250376659891,0.07049238163491954,nearest_neighbor_distance,persona
548,0.08198250376659891,0.0618498973224474,nearest_neighbor_distance,persona
549,0.08198250376659891,0.06961966856666234,nearest_neighbor_distance,persona
550,0.08198250376659891,0.04239342005356499,nearest_neighbor_distance,persona
551,0.08198250376659891,0.06776075518649557,nearest_neighbor_distance,persona
552,0.08198250376659891,0.05700315599856169,nearest_neighbor_distance,persona
553,0.08198250376659891,0.06190763867419699,nearest_neighbor_distance,persona
554,0.08198250376659891,0.05239343124887218,nearest_neighbor_distance,persona
555,0.08198250376659891,0.053800593251767365,nearest_neighbor_distance,persona
556,0.08198250376659891,0.06152614044106525,nearest_neighbor_distance,persona
557,0.08198250376659891,0.058583793432816215,nearest_neighbor_distance,persona
558,0.08198250376659891,0.06473556549652763,nearest_neighbor_distance,persona
559,0.08198250376659891,0.06637022287949272,nearest_neighbor_distance,persona
560,0.08198250376659891,0.05977504927179088,nearest_neighbor_distance,persona
561,0.08198250376659891,0.06310764343842216,nearest_neighbor_distance,persona
562,0.08198250376659891,0.07278368265732475,nearest_neighbor_distance,persona
563,0.08198250376659891,0.05233975337899249,nearest_neighbor_distance,persona
564,0.08198250376659891,0.05095745687899382,nearest_neighbor_distance,persona
565,0.08198250376659891,0.05631558532300203,nearest_neighbor_distance,persona
566,0.08198250376659891,0.05592850498531176,nearest_neighbor_distance,persona
567,0.08198250376659891,0.058514234812363335,nearest_neighbor_distance,persona
568,0.08198250376659891,0.05779998198799465,nearest_neighbor_distance,persona
569,0.08198250376659891,0.05871237101762191,nearest_neighbor_distance,persona
570,0.08198250376659891,0.04617794959441475,nearest_neighbor_distance,persona
571,0.08198250376659891,0.05926297021948773,nearest_neighbor_distance,persona
572,0.08198250376659891,0.06119061034658681,nearest_neighbor_distance,persona
573,0.08198250376659891,0.059813419113988464,nearest_neighbor_distance,persona
574,0.08198250376659891,0.06512975951899654,nearest_neighbor_distance,persona
575,0.08198250376659891,0.05711707861527153,nearest_neighbor_distance,persona
576,0.08198250376659891,0.06412437946900078,nearest_neighbor_distance,persona
577,0.08198250376659891,0.057215700978818146,nearest_neighbor_distance,persona
578,0.08198250376659891,0.055663896643597145,nearest_neighbor_distance,persona
579,0.08198250376659891,0.08146461974019589,nearest_neighbor_distance,persona
580,0.08198250376659891,0.048139484032340675,nearest_neighbor_distance,persona
581,0.08198250376659891,0.06502178181772647,nearest_neighbor_distance,persona
582,0.08198250376659891,0.06433685447858728,nearest_neighbor_distance,persona
583,0.08198250376659891,0.0554465651512146,nearest_neighbor_distance,persona
584,0.08198250376659891,0.07590497317521469,nearest_neighbor_distance,persona
585,0.08198250376659891,0.034828512564949364,nearest_neighbor_distance,persona
586,0.08198250376659891,0.08068166349245154,nearest_neighbor_distance,persona
587,0.08198250376659891,0.06340367638546487,nearest_neighbor_distance,persona
588,0.08198250376659891,0.06003932849220608,nearest_neighbor_distance,persona
589,0.08198250376659891,0.06232288868530937,nearest_neighbor_distance,persona
590,0.08198250376659891,0.07220218492590863,nearest_neighbor_distance,persona
591,0.08198250376659891,0.06625121572743291,nearest_neighbor_distance,persona
592,0.08198250376659891,0.061390472495037575,nearest_neighbor_distance,persona
593,0.08198250376659891,0.0657206048136172,nearest_neighbor_distance,persona
594,0.08198250376659891,0.05625331401824951,nearest_neighbor_distance,persona
595,0.08198250376659891,0.04087214366249416,nearest_neighbor_distance,persona
596,0.08198250376659891,0.0538321940795235,nearest_neighbor_distance,persona
597,0.08198250376659891,0.059511762598286506,nearest_neighbor_distance,persona
598,0.08198250376659891,0.06739245031190955,nearest_neighbor_distance,persona
599,0.08198250376659891,0.06598131034685217,nearest_neighbor_distance,persona
600,0.08198250376659891,0.044547093951183815,nearest_neighbor_distance,persona
601,0.08198250376659891,0.045657124208367386,nearest_neighbor_distance,persona
602,0.08198250376659891,0.05616871947827547,nearest_neighbor_distance,persona
603,0.08198250376659891,0.06860895519671233,nearest_neighbor_distance,persona
604,0.08198250376659891,0.05943130410235861,nearest_neighbor_distance,persona
605,0.08198250376659891,0.07874765862589297,nearest_neighbor_distance,persona
606,0.08198250376659891,0.06541928001072096,nearest_neighbor_distance,persona
607,0.08198250376659891,0.06186335501463517,nearest_neighbor_distance,persona
608,0.08198250376659891,0.0698311562123506,nearest_neighbor_distance,persona
609,0.08198250376659891,0.07574681613756262,nearest_neighbor_distance,persona
610,0.08198250376659891,0.08369683701059093,nearest_neighbor_distance,persona
611,0.08198250376659891,0.04660848430965258,nearest_neighbor_distance,persona
612,0.08198250376659891,0.056887499664140785,nearest_neighbor_distance,persona
613,0.08198250376659891,0.05961153299912163,nearest_neighbor_distance,persona
614,0.08198250376659891,0.054101588933364204,nearest_neighbor_distance,persona
615,0.08198250376659891,0.05736736111018969,nearest_neighbor_distance,persona
616,0.08198250376659891,0.06811051783354385,nearest_neighbor_distance,persona
617,0.08198250376659891,0.06911487423855325,nearest_neighbor_distance,persona
618,0.08198250376659891,0.06817752641180287,nearest_neighbor_distance,persona
619,0.08198250376659891,0.053153665169425636,nearest_neighbor_distance,persona
620,0.08198250376659891,0.058180697586225426,nearest_neighbor_distance,persona
621,0.08198250376659891,0.06102982033853945,nearest_neighbor_distance,persona
622,0.08198250376659891,0.06020465881928154,nearest_neighbor_distance,persona
623,0.08198250376659891,0.06876079414201819,nearest_neighbor_distance,persona
624,0.08198250376659891,0.07673253442930139,nearest_neighbor_distance,persona
625,0.08198250376659891,0.06316549104192982,nearest_neighbor_distance,persona
626,0.08198250376659891,0.06867231234260228,nearest_neighbor_distance,persona
627,0.08198250376659891,0.05849305183991142,nearest_neighbor_distance,persona
628,0.08198250376659891,0.07241318018540092,nearest_neighbor_distance,persona
629,0.08198250376659891,0.05821402176566746,nearest_neighbor_distance,persona
630,0.08198250376659891,0.05731191842452339,nearest_neighbor_distance,persona
631,0.08198250376659891,0.046364890492480736,nearest_neighbor_distance,persona
632,0.08198250376659891,0.0684195990147798,nearest_neighbor_distance,persona
633,0.08198250376659891,0.0724861855092256,nearest_neighbor_distance,persona
634,0.08198250376659891,0.056652900965317436,nearest_neighbor_distance,persona
635,0.08198250376659891,0.06392865854760875,nearest_neighbor_distance,persona
636,0.08198250376659891,0.06701915678770645,nearest_neighbor_distance,persona
637,0.08198250376659891,0.059089334114738136,nearest_neighbor_distance,persona
638,0.08198250376659891,0.06838298880535623,nearest_neighbor_distance,persona
639,0.08198250376659891,0.06791094593379808,nearest_neighbor_distance,persona
640,0.08198250376659891,0.06058232939761618,nearest_neighbor_distance,persona
641,0.08198250376659891,0.06831125591112219,nearest_neighbor_distance,persona
642,0.08198250376659891,0.06882301102513852,nearest_neighbor_distance,persona
643,0.08198250376659891,0.053296480489813766,nearest_neighbor_distance,persona
644,0.08198250376659891,0.05238038560618525,nearest_neighbor_distance,persona
645,0.08198250376659891,0.04948868958846382,nearest_neighbor_distance,persona
646,0.08198250376659891,0.059696715811024544,nearest_neighbor_distance,persona
647,0.08198250376659891,0.046867816344551415,nearest_neighbor_distance,persona
648,0.08198250376659891,0.06559432071188222,nearest_neighbor_distance,persona
649,0.08198250376659891,0.06365310627481212,nearest_neighbor_distance,persona
650,0.08198250376659891,0.04176058199094689,nearest_neighbor_distance,persona
651,0.08198250376659891,0.057298629180244774,nearest_neighbor_distance,persona
652,0.08198250376659891,0.07081612037575763,nearest_neighbor_distance,persona
653,0.08198250376659891,0.05226717565370643,nearest_neighbor_distance,persona
654,0.08198250376659891,0.05595484764679619,nearest_neighbor_distance,persona
655,0.08198250376659891,0.06907397767771846,nearest_neighbor_distance,persona
656,0.08198250376659891,0.059925571731899094,nearest_neighbor_distance,persona
657,0.08198250376659891,0.05765055573504904,nearest_neighbor_distance,persona
658,0.08198250376659891,0.06617922627407571,nearest_neighbor_distance,persona
659,0.08198250376659891,0.05171620586644048,nearest_neighbor_distance,persona
660,0.08198250376659891,0.07036874605261761,nearest_neighbor_distance,persona
661,0.08198250376659891,0.05817037043364152,nearest_neighbor_distance,persona
662,0.08198250376659891,0.06810014921685924,nearest_neighbor_distance,persona
663,0.08198250376659891,0.07029230179994003,nearest_neighbor_distance,persona
664,0.08198250376659891,0.05807564051254936,nearest_neighbor_distance,persona
665,0.08198250376659891,0.05505982689235522,nearest_neighbor_distance,persona
666,0.08198250376659891,0.06632903088694034,nearest_neighbor_distance,persona
667,0.08198250376659891,0.07124291554741237,nearest_neighbor_distance,persona
668,0.08198250376659891,0.0833031872044439,nearest_neighbor_distance,persona
669,0.08198250376659891,0.05234073296837185,nearest_neighbor_distance,persona
670,0.08198250376659891,0.06995931397313657,nearest_neighbor_distance,persona
671,0.08198250376659891,0.04573457137398098,nearest_neighbor_distance,persona
672,0.08198250376659891,0.05527770519256592,nearest_neighbor_distance,persona
673,0.08198250376659891,0.07169164263683817,nearest_neighbor_distance,persona
674,0.08198250376659891,0.06979328912237416,nearest_neighbor_distance,persona
675,0.08198250376659891,0.0593823764635169,nearest_neighbor_distance,persona
676,0.08198250376659891,0.061533844989279045,nearest_neighbor_distance,persona
677,0.08198250376659891,0.06776046234628429,nearest_neighbor_distance,persona
678,0.08198250376659891,0.0635929885117904,nearest_neighbor_distance,persona
679,0.08198250376659891,0.05953703496767127,nearest_neighbor_distance,persona
680,0.08198250376659891,0.06369642071101976,nearest_neighbor_distance,persona
681,0.08198250376659891,0.07311326783636342,nearest_neighbor_distance,persona
682,0.08198250376659891,0.0560746633488199,nearest_neighbor_distance,persona
683,0.08198250376659891,0.04972685679145481,nearest_neighbor_distance,persona
684,0.08198250376659891,0.07331123559371285,nearest_neighbor_distance,persona
685,0.08198250376659891,0.05838995653650035,nearest_neighbor_distance,persona
686,0.08198250376659891,0.050513487795124885,nearest_neighbor_distance,persona
687,0.08198250376659891,0.06593548214953879,nearest_neighbor_distance,persona
688,0.08198250376659891,0.059865350308625595,nearest_neighbor_distance,persona
689,0.08198250376659891,0.04446069313132245,nearest_neighbor_distance,persona
690,0.08198250376659891,0.061109322568644646,nearest_neighbor_distance,persona
691,0.08198250376659891,0.07919600476389346,nearest_neighbor_distance,persona
692,0.08198250376659891,0.06026994922886724,nearest_neighbor_distance,persona
693,0.08198250376659891,0.06874628429827483,nearest_neighbor_distance,persona
694,0.08198250376659891,0.04456465399783591,nearest_neighbor_distance,persona
695,0.08198250376659891,0.06373658905858579,nearest_neighbor_distance,persona
696,0.08198250376659891,0.05600851774215698,nearest_neighbor_distance,persona
697,0.08198250376659891,0.05153920857802681,nearest_neighbor_distance,persona
698,0.08198250376659891,0.06287309138671211,nearest_neighbor_distance,persona
699,0.08198250376659891,0.06439994469932887,nearest_neighbor_distance,persona
700,0.08198250376659891,0.051983110282732094,nearest_neighbor_distance,persona
701,0.08198250376659891,0.0758728721867437,nearest_neighbor_distance,persona
702,0.08198250376659891,0.0656413513681163,nearest_neighbor_distance,persona
703,0.08198250376659891,0.06195306518803472,nearest_neighbor_distance,persona
704,0.08198250376659891,0.06972394300543744,nearest_neighbor_distance,persona
705,0.08198250376659891,0.052601816861525826,nearest_neighbor_distance,persona
706,0.08198250376659891,0.050690762374712074,nearest_neighbor_distance,persona
707,0.08198250376659891,0.06047171354293823,nearest_neighbor_distance,persona
708,0.08198250376659891,0.0640003370202106,nearest_neighbor_distance,persona
709,0.08198250376659891,0.05275351845699808,nearest_neighbor_distance,persona
710,0.08198250376659891,0.06740933915843135,nearest_neighbor_distance,persona
711,0.08198250376659891,0.0651626353678496,nearest_neighbor_distance,persona
712,0.08198250376659891,0.07119963739229285,nearest_neighbor_distance,persona
713,0.08198250376659891,0.056164394254269806,nearest_neighbor_distance,persona
714,0.08198250376659891,0.055549730425295624,nearest_neighbor_distance,persona
715,0.08198250376659891,0.0604851219965064,nearest_neighbor_distance,persona
716,0.08198250376659891,0.051697974619658096,nearest_neighbor_distance,persona
717,0.08198250376659891,0.06212561545164689,nearest_neighbor_distance,persona
718,0.08198250376659891,0.040792695854021156,nearest_neighbor_distance,persona
719,0.08198250376659891,0.06195469265398772,nearest_neighbor_distance,persona
720,0.08198250376659891,0.06567745105079982,nearest_neighbor_distance,persona
721,0.08198250376659891,0.0645434364028599,nearest_neighbor_distance,persona
722,0.08198250376659891,0.0631400087605352,nearest_neighbor_distance,persona
723,0.08198250376659891,0.062392522459444794,nearest_neighbor_distance,persona
724,0.08198250376659891,0.057500826275866966,nearest_neighbor_distance,persona
725,0.08198250376659891,0.06519786171291185,nearest_neighbor_distance,persona
726,0.08198250376659891,0.06896986391233362,nearest_neighbor_distance,persona
727,0.08198250376659891,0.05000698048135509,nearest_neighbor_distance,persona
728,0.08198250376659891,0.07379543003828629,nearest_neighbor_distance,persona
729,0.08198250376659891,0.07398247718811035,nearest_neighbor_distance,persona
730,0.08198250376659891,0.0652401732361835,nearest_neighbor_distance,persona
731,0.08198250376659891,0.0381719910580179,nearest_neighbor_distance,persona
732,0.08198250376659891,0.05648340608762658,nearest_neighbor_distance,persona
733,0.08198250376659891,0.06647184102431587,nearest_neighbor_distance,persona
734,0.08198250376659891,0.050843101480732796,nearest_neighbor_distance,persona
735,0.08198250376659891,0.0617031480955041,nearest_neighbor_distance,persona
736,0.08198250376659891,0.05205853089042332,nearest_neighbor_distance,persona
737,0.08198250376659891,0.06222250928049502,nearest_neighbor_distance,persona
738,0.08198250376659891,0.06865351096443507,nearest_neighbor_distance,persona
739,0.08198250376659891,0.05054577018903649,nearest_neighbor_distance,persona
740,0.08198250376659891,0.04418334494466367,nearest_neighbor_distance,persona
741,0.08198250376659891,0.07621338574782661,nearest_neighbor_distance,persona
742,0.08198250376659891,0.0490275414093681,nearest_neighbor_distance,persona
743,0.08198250376659891,0.06375432791917221,nearest_neighbor_distance,persona
744,0.08198250376659891,0.06250351408253545,nearest_neighbor_distance,persona
745,0.08198250376659891,0.05050025038097216,nearest_neighbor_distance,persona
746,0.08198250376659891,0.07347723452941231,nearest_neighbor_distance,persona
747,0.08198250376659891,0.05775521112524945,nearest_neighbor_distance,persona
748,0.08198250376659891,0.06902873775233394,nearest_neighbor_distance,persona
749,0.08198250376659891,0.0698080011036085,nearest_neighbor_distance,persona
750,0.08198250376659891,0.06327291156934656,nearest_neighbor_distance,persona
751,0.08198250376659891,0.08061624091604482,nearest_neighbor_distance,persona
752,0.08198250376659891,0.060836343661598534,nearest_neighbor_distance,persona
753,0.08198250376659891,0.07574495284453682,nearest_neighbor_distance,persona
754,0.08198250376659891,0.07682574313619862,nearest_neighbor_distance,persona
755,0.08198250376659891,0.05782101206157519,nearest_neighbor_distance,persona
756,0.08198250376659891,0.056028814419456154,nearest_neighbor_distance,persona
757,0.08198250376659891,0.06896412372589111,nearest_neighbor_distance,persona
758,0.08198250376659891,0.055463008258653725,nearest_neighbor_distance,persona
759,0.08198250376659891,0.06435519197712773,nearest_neighbor_distance,persona
760,0.08198250376659891,0.06778970231180606,nearest_neighbor_distance,persona
761,0.08198250376659891,0.06338886074397874,nearest_neighbor_distance,persona
762,0.08198250376659891,0.0754378774891729,nearest_neighbor_distance,persona
763,0.08198250376659891,0.05449591512265413,nearest_neighbor_distance,persona
764,0.08198250376659891,0.07576925858207371,nearest_neighbor_distance,persona
765,0.08198250376659891,0.05133718770483266,nearest_neighbor_distance,persona
766,0.08198250376659891,0.0692362992659859,nearest_neighbor_distance,persona
767,0.08198250376659891,0.07976692655812138,nearest_neighbor_distance,persona
768,0.08198250376659891,0.05534784690193508,nearest_neighbor_distance,persona
769,0.08198250376659891,0.08068428868832796,nearest_neighbor_distance,persona
770,0.08198250376659891,0.05314958613851796,nearest_neighbor_distance,persona
771,0.08198250376659891,0.07562979407932448,nearest_neighbor_distance,persona
772,0.08198250376659891,0.079874064611352,nearest_neighbor_distance,persona
773,0.08198250376659891,0.06527912616729736,nearest_neighbor_distance,persona
774,0.08198250376659891,0.05719087953152864,nearest_neighbor_distance,persona
775,0.08198250376659891,0.07797441016072812,nearest_neighbor_distance,persona
776,0.08198250376659891,0.06561956975771033,nearest_neighbor_distance,persona
777,0.08198250376659891,0.06164941321248594,nearest_neighbor_distance,persona
778,0.08198250376659891,0.07318654785985532,nearest_neighbor_distance,persona
779,0.08198250376659891,0.06569823233977608,nearest_neighbor_distance,persona
780,0.08198250376659891,0.06575080881948056,nearest_neighbor_distance,persona
781,0.08198250376659891,0.06861354475436003,nearest_neighbor_distance,persona
782,0.08198250376659891,0.056774175685385,nearest_neighbor_distance,persona
783,0.08198250376659891,0.05791574457417364,nearest_neighbor_distance,persona
784,0.08198250376659891,0.06110670773879341,nearest_neighbor_distance,persona
785,0.08198250376659891,0.046659930892612625,nearest_neighbor_distance,persona
786,0.08198250376659891,0.06727598024451215,nearest_neighbor_distance,persona
787,0.08198250376659891,0.061016087946684464,nearest_neighbor_distance,persona
788,0.08198250376659891,0.05874048367790554,nearest_neighbor_distance,persona
789,0.08198250376659891,0.04821594124254973,nearest_neighbor_distance,persona
790,0.08198250376659891,0.061728853246440056,nearest_neighbor_distance,persona
791,0.08198250376659891,0.057422319184178894,nearest_neighbor_distance,persona
792,0.08198250376659891,0.05706688372985176,nearest_neighbor_distance,persona
793,0.08198250376659891,0.05148615266965783,nearest_neighbor_distance,persona
794,0.08198250376659891,0.046189782412155815,nearest_neighbor_distance,persona
795,0.08198250376659891,0.06287389216215714,nearest_neighbor_distance,persona
796,0.08198250376659891,0.06662142276763916,nearest_neighbor_distance,persona
797,0.08198250376659891,0.04520006283469822,nearest_neighbor_distance,persona
798,0.08198250376659891,0.06182390710581904,nearest_neighbor_distance,persona
799,0.08198250376659891,0.0564106910125069,nearest_neighbor_distance,persona
800,0.08198250376659891,0.0628957670667897,nearest_neighbor_distance,persona
801,0.08198250376659891,0.0664136617080025,nearest_neighbor_distance,persona
802,0.08198250376659891,0.05092990916708241,nearest_neighbor_distance,persona
803,0.08198250376659891,0.06340126628461092,nearest_neighbor_distance,persona
804,0.08198250376659891,0.05107040508933689,nearest_neighbor_distance,persona
805,0.08198250376659891,0.061137059460515564,nearest_neighbor_distance,persona
806,0.08198250376659891,0.05029397943745489,nearest_neighbor_distance,persona
807,0.08198250376659891,0.05926673049512117,nearest_neighbor_distance,persona
808,0.08198250376659891,0.05755826960439268,nearest_neighbor_distance,persona
809,0.08198250376659891,0.06094644121501757,nearest_neighbor_distance,persona
810,0.08198250376659891,0.06683470373568327,nearest_neighbor_distance,persona
811,0.08198250376659891,0.06837366456570833,nearest_neighbor_distance,persona
812,0.08198250376659891,0.07024803109790968,nearest_neighbor_distance,persona
813,0.08198250376659891,0.07444797650627467,nearest_neighbor_distance,persona
814,0.08198250376659891,0.06542986890544063,nearest_neighbor_distance,persona
815,0.08198250376659891,0.06823928200680277,nearest_neighbor_distance,persona
816,0.08198250376659891,0.054691921109738556,nearest_neighbor_distance,persona
817,0.08198250376659891,0.029347010280774986,nearest_neighbor_distance,persona
818,0.08198250376659891,0.06571471950282222,nearest_neighbor_distance,persona
819,0.08198250376659891,0.05640721321105957,nearest_neighbor_distance,persona
820,0.08198250376659891,0.07096171638239986,nearest_neighbor_distance,persona
821,0.08198250376659891,0.060650346071823784,nearest_neighbor_distance,persona
822,0.08198250376659891,0.04277437147886857,nearest_neighbor_distance,persona
823,0.08198250376659891,0.05844406977943752,nearest_neighbor_distance,persona
824,0.08198250376659891,0.06690125620883444,nearest_neighbor_distance,persona
825,0.08198250376659891,0.048599046209584114,nearest_neighbor_distance,persona
826,0.08198250376659891,0.05690540178962376,nearest_neighbor_distance,persona
827,0.08198250376659891,0.06567474810973457,nearest_neighbor_distance,persona
828,0.08198250376659891,0.04625487586726313,nearest_neighbor_distance,persona
829,0.08198250376659891,0.05134034934251205,nearest_neighbor_distance,persona
830,0.08198250376659891,0.061658177686774215,nearest_neighbor_distance,persona
831,0.08198250376659891,0.03742106323656828,nearest_neighbor_distance,persona
832,0.08198250376659891,0.049622273963430656,nearest_neighbor_distance,persona
833,0.08198250376659891,0.06114476141722306,nearest_neighbor_distance,persona
834,0.08198250376659891,0.05960223208303037,nearest_neighbor_distance,persona
835,0.08198250376659891,0.07638437074163686,nearest_neighbor_distance,persona
836,0.08198250376659891,0.058536366276119065,nearest_neighbor_distance,persona
837,0.08198250376659891,0.06783796134202377,nearest_neighbor_distance,persona
838,0.08198250376659891,0.04843516453452732,nearest_neighbor_distance,persona
839,0.08198250376659891,0.07601663858994194,nearest_neighbor_distance,persona
840,0.08198250376659891,0.07325619459152222,nearest_neighbor_distance,persona
841,0.08198250376659891,0.06308488742164943,nearest_neighbor_distance,persona
842,0.08198250376659891,0.0806744616964589,nearest_neighbor_distance,persona
843,0.08198250376659891,0.07319530196811842,nearest_neighbor_distance,persona
844,0.08198250376659891,0.06847803489021632,nearest_neighbor_distance,persona
845,0.08198250376659891,0.06537052341129469,nearest_neighbor_distance,persona
846,0.08198250376659891,0.05654746553172236,nearest_neighbor_distance,persona
847,0.08198250376659891,0.0802064667577329,nearest_neighbor_distance,persona
848,0.08198250376659891,0.06979687576708586,nearest_neighbor_distance,persona
849,0.08198250376659891,0.05420143448788187,nearest_neighbor_distance,persona
850,0.08198250376659891,0.05837917846182118,nearest_neighbor_distance,persona
851,0.08198250376659891,0.06006311074547146,nearest_neighbor_distance,persona
852,0.08198250376659891,0.058167843715004296,nearest_neighbor_distance,persona
853,0.08198250376659891,0.06366037544996841,nearest_neighbor_distance,persona
854,0.08198250376659891,0.058211090772048286,nearest_neighbor_distance,persona
855,0.08198250376659891,0.06120575251786605,nearest_neighbor_distance,persona
856,0.08198250376659891,0.054340100806692375,nearest_neighbor_distance,persona
857,0.08198250376659891,0.07301793150279833,nearest_neighbor_distance,persona
858,0.08198250376659891,0.03878682851791382,nearest_neighbor_distance,persona
859,0.08198250376659891,0.06129695280738499,nearest_neighbor_distance,persona
860,0.08198250376659891,0.0574447020240452,nearest_neighbor_distance,persona
861,0.08198250376659891,0.04879751931066099,nearest_neighbor_distance,persona
862,0.08198250376659891,0.06342754934145056,nearest_neighbor_distance,persona
863,0.08198250376659891,0.06867535736249841,nearest_neighbor_distance,persona
864,0.08198250376659891,0.05559659263362055,nearest_neighbor_distance,persona
865,0.08198250376659891,0.057055753210316536,nearest_neighbor_distance,persona
866,0.08198250376659891,0.052895157233528466,nearest_neighbor_distance,persona
867,0.08198250376659891,0.06376840498136438,nearest_neighbor_distance,persona
868,0.08198250376659891,0.06364357212315434,nearest_neighbor_distance,persona
869,0.08198250376659891,0.0662054497262706,nearest_neighbor_distance,persona
870,0.08198250376659891,0.061571934948796814,nearest_neighbor_distance,persona
871,0.08198250376659891,0.057330017504484757,nearest_neighbor_distance,persona
872,0.08198250376659891,0.06651249398355899,nearest_neighbor_distance,persona
873,0.08198250376659891,0.06308134224103845,nearest_neighbor_distance,persona
874,0.08198250376659891,0.052192291487818177,nearest_neighbor_distance,persona
875,0.08198250376659891,0.05741302345110023,nearest_neighbor_distance,persona
876,0.08198250376659891,0.07182952113773512,nearest_neighbor_distance,persona
877,0.08198250376659891,0.06519795759864476,nearest_neighbor_distance,persona
878,0.08198250376659891,0.058716854323511536,nearest_neighbor_distance,persona
879,0.08198250376659891,0.06372697716173918,nearest_neighbor_distance,persona
880,0.08198250376659891,0.042637832786725914,nearest_neighbor_distance,persona
881,0.08198250376659891,0.07690601504367331,nearest_neighbor_distance,persona
882,0.08198250376659891,0.04575351269348808,nearest_neighbor_distance,persona
883,0.08198250376659891,0.07756920482801355,nearest_neighbor_distance,persona
884,0.08198250376659891,0.055556678253671395,nearest_neighbor_distance,persona
885,0.08198250376659891,0.06623688988063646,nearest_neighbor_distance,persona
886,0.08198250376659891,0.06435063870056816,nearest_neighbor_distance,persona
887,0.08198250376659891,0.0725621425587198,nearest_neighbor_distance,persona
888,0.08198250376659891,0.05776100832483043,nearest_neighbor_distance,persona
889,0.08198250376659891,0.057285964488983154,nearest_neighbor_distance,persona
890,0.08198250376659891,0.0539600071699723,nearest_neighbor_distance,persona
891,0.08198250376659891,0.07025952961133874,nearest_neighbor_distance,persona
892,0.08198250376659891,0.06405692515165909,nearest_neighbor_distance,persona
893,0.08198250376659891,0.06146462067313816,nearest_neighbor_distance,persona
894,0.08198250376659891,0.06731140354405278,nearest_neighbor_distance,persona
895,0.08198250376659891,0.059895479160806404,nearest_neighbor_distance,persona
896,0.08198250376659891,0.06616026163101196,nearest_neighbor_distance,persona
897,0.08198250376659891,0.049699858478877854,nearest_neighbor_distance,persona
898,0.08198250376659891,0.06957079275794652,nearest_neighbor_distance,persona
899,0.08198250376659891,0.06034009612124899,nearest_neighbor_distance,persona
900,0.08198250376659891,0.07785073311432548,nearest_neighbor_distance,persona
901,0.08198250376659891,0.06722186959308127,nearest_neighbor_distance,persona
902,0.08198250376659891,0.055046597252721374,nearest_neighbor_distance,persona
903,0.08198250376659891,0.05265085334363191,nearest_neighbor_distance,persona
904,0.08198250376659891,0.05876123646031255,nearest_neighbor_distance,persona
905,0.08198250376659891,0.05539780855178833,nearest_neighbor_distance,persona
906,0.08198250376659891,0.062069390131079635,nearest_neighbor_distance,persona
907,0.08198250376659891,0.06114782198615696,nearest_neighbor_distance,persona
908,0.08198250376659891,0.043678418449733566,nearest_neighbor_distance,persona
909,0.08198250376659891,0.0535221877305404,nearest_neighbor_distance,persona
910,0.08198250376659891,0.06840406811755637,nearest_neighbor_distance,persona
911,0.08198250376659891,0.06194747271745101,nearest_neighbor_distance,persona
912,0.08198250376659891,0.0777548162833504,nearest_neighbor_distance,persona
913,0.08198250376659891,0.06835355447686237,nearest_neighbor_distance,persona
914,0.08198250376659891,0.05235734970673271,nearest_neighbor_distance,persona
915,0.08198250376659891,0.06146938904472019,nearest_neighbor_distance,persona
916,0.08198250376659891,0.06280725935231084,nearest_neighbor_distance,persona
917,0.08198250376659891,0.06353990409685217,nearest_neighbor_distance,persona
918,0.08198250376659891,0.05440249909525332,nearest_neighbor_distance,persona
919,0.08198250376659891,0.060251326664634376,nearest_neighbor_distance,persona
920,0.08198250376659891,0.0619456146074378,nearest_neighbor_distance,persona
921,0.08198250376659891,0.0694233801053918,nearest_neighbor_distance,persona
922,0.08198250376659891,0.0500161595966505,nearest_neighbor_distance,persona
923,0.08198250376659891,0.07092096753742384,nearest_neighbor_distance,persona
924,0.08198250376659891,0.059005965357241424,nearest_neighbor_distance,persona
925,0.08198250376659891,0.047267094902370285,nearest_neighbor_distance,persona
926,0.08198250376659891,0.04763628348060276,nearest_neighbor_distance,persona
927,0.08198250376659891,0.07756802050963692,nearest_neighbor_distance,persona
928,0.08198250376659891,0.06987477385479471,nearest_neighbor_distance,persona
929,0.08198250376659891,0.06400185305139293,nearest_neighbor_distance,persona
930,0.08198250376659891,0.08339201885720958,nearest_neighbor_distance,persona
931,0.08198250376659891,0.07071138464886209,nearest_neighbor_distance,persona
932,0.08198250376659891,0.06782418748606807,nearest_neighbor_distance,persona
933,0.08198250376659891,0.07676095288732777,nearest_neighbor_distance,persona
934,0.08198250376659891,0.06608639592709749,nearest_neighbor_distance,persona
935,0.08198250376659891,0.068234718364218,nearest_neighbor_distance,persona
936,0.08198250376659891,0.07488900941351186,nearest_neighbor_distance,persona
937,0.08198250376659891,0.0720010114752728,nearest_neighbor_distance,persona
938,0.08198250376659891,0.05736352308936741,nearest_neighbor_distance,persona
939,0.08198250376659891,0.0647078882093015,nearest_neighbor_distance,persona
940,0.08198250376659891,0.06654234554456628,nearest_neighbor_distance,persona
941,0.08198250376659891,0.052079281081324036,nearest_neighbor_distance,persona
942,0.08198250376659891,0.06461660499158113,nearest_neighbor_distance,persona
943,0.08198250376659891,0.0616240812384564,nearest_neighbor_distance,persona
944,0.08198250376659891,0.07034404640612395,nearest_neighbor_distance,persona
945,0.08198250376659891,0.056913404361061425,nearest_neighbor_distance,persona
946,0.08198250376659891,0.055915117263793945,nearest_neighbor_distance,persona
947,0.08198250376659891,0.07037982992503954,nearest_neighbor_distance,persona
948,0.08198250376659891,0.06571710887162582,nearest_neighbor_distance,persona
949,0.08198250376659891,0.06942724404127701,nearest_neighbor_distance,persona
950,0.08198250376659891,0.0530064961184626,nearest_neighbor_distance,persona
951,0.08198250376659891,0.052536640478217086,nearest_neighbor_distance,persona
952,0.08198250376659891,0.05596208313237066,nearest_neighbor_distance,persona
953,0.08198250376659891,0.05709790146869162,nearest_neighbor_distance,persona
954,0.08198250376659891,0.07016871545625769,nearest_neighbor_distance,persona
955,0.08198250376659891,0.05186028843340666,nearest_neighbor_distance,persona
956,0.08198250376659891,0.05614806776461394,nearest_neighbor_distance,persona
957,0.08198250376659891,0.0692073650982069,nearest_neighbor_distance,persona
958,0.08198250376659891,0.05134097648703534,nearest_neighbor_distance,persona
959,0.08198250376659891,0.060584656570268715,nearest_neighbor_distance,persona
960,0.08198250376659891,0.06336021423339844,nearest_neighbor_distance,persona
961,0.08198250376659891,0.06128275135289068,nearest_neighbor_distance,persona
962,0.08198250376659891,0.04702910133030103,nearest_neighbor_distance,persona
963,0.08198250376659891,0.045274153999660324,nearest_neighbor_distance,persona
964,0.08198250376659891,0.04157952122066332,nearest_neighbor_distance,persona
965,0.08198250376659891,0.053038884764132294,nearest_neighbor_distance,persona
966,0.08198250376659891,0.07229242376659227,nearest_neighbor_distance,persona
967,0.08198250376659891,0.05527443730312845,nearest_neighbor_distance,persona
968,0.08198250376659891,0.05289384074833082,nearest_neighbor_distance,persona
969,0.08198250376659891,0.06611251053602799,nearest_neighbor_distance,persona
970,0.08198250376659891,0.06923961639404297,nearest_neighbor_distance,persona
971,0.08198250376659891,0.05704349020253057,nearest_neighbor_distance,persona
972,0.08198250376659891,0.05309363033460534,nearest_neighbor_distance,persona
973,0.08198250376659891,0.052991164767223854,nearest_neighbor_distance,persona
974,0.08198250376659891,0.07040940678637961,nearest_neighbor_distance,persona
975,0.08198250376659891,0.06602417386096457,nearest_neighbor_distance,persona
976,0.08198250376659891,0.05891966560612554,nearest_neighbor_distance,persona
977,0.08198250376659891,0.06185985648113748,nearest_neighbor_distance,persona
978,0.08198250376659891,0.04762579306312229,nearest_neighbor_distance,persona
979,0.08198250376659891,0.060759907183439835,nearest_neighbor_distance,persona
980,0.08198250376659891,0.07672776087470677,nearest_neighbor_distance,persona
981,0.08198250376659891,0.06256418124489162,nearest_neighbor_distance,persona
982,0.08198250376659891,0.05601592685865319,nearest_neighbor_distance,persona
983,0.08198250376659891,0.060384099898131,nearest_neighbor_distance,persona
984,0.08198250376659891,0.0630094719969708,nearest_neighbor_distance,persona
985,0.08198250376659891,0.07182276248931885,nearest_neighbor_distance,persona
986,0.08198250376659891,0.07233415220094763,nearest_neighbor_distance,persona
987,0.08198250376659891,0.06158391548239667,nearest_neighbor_distance,persona
988,0.08198250376659891,0.05642686978630398,nearest_neighbor_distance,persona
989,0.08198250376659891,0.0591797569523687,nearest_neighbor_distance,persona
990,0.08198250376659891,0.0648066116415936,nearest_neighbor_distance,persona
991,0.08198250376659891,0.05224424859751826,nearest_neighbor_distance,persona
992,0.08198250376659891,0.06600200611612071,nearest_neighbor_distance,persona
993,0.08198250376659891,0.05422733659329622,nearest_neighbor_distance,persona
994,0.08198250376659891,0.04417102233223293,nearest_neighbor_distance,persona
995,0.08198250376659891,0.051130836424620255,nearest_neighbor_distance,persona
996,0.08198250376659891,0.055680930614471436,nearest_neighbor_distance,persona
997,0.08198250376659891,0.05267972013224726,nearest_neighbor_distance,persona
998,0.08198250376659891,0.0676165715507839,nearest_neighbor_distance,persona
999,0.08198250376659891,0.05924480376036271,nearest_neighbor_distance,persona
0,1.574331785544523,1.509871837193956,grid_entropy,persona
1,1.574331785544523,1.531000155043516,grid_entropy,persona
2,1.574331785544523,1.474041717473638,grid_entropy,persona
3,1.574331785544523,1.5653402161740673,grid_entropy,persona
4,1.574331785544523,1.5379841082136025,grid_entropy,persona
5,1.574331785544523,1.4219115073546411,grid_entropy,persona
6,1.574331785544523,1.4509082837501823,grid_entropy,persona
7,1.574331785544523,1.5203750945933545,grid_entropy,persona
8,1.574331785544523,1.509871837193956,grid_entropy,persona
9,1.574331785544523,1.509871837193956,grid_entropy,persona
10,1.574331785544523,1.4224751175914554,grid_entropy,persona
11,1.574331785544523,1.2799376545731964,grid_entropy,persona
12,1.574331785544523,1.5504949818133702,grid_entropy,persona
13,1.574331785544523,1.491013870758994,grid_entropy,persona
14,1.574331785544523,1.5653402161740673,grid_entropy,persona
15,1.574331785544523,1.2646726793957221,grid_entropy,persona
16,1.574331785544523,1.2646726793957221,grid_entropy,persona
17,1.574331785544523,1.474041717473638,grid_entropy,persona
18,1.574331785544523,1.3015742892816131,grid_entropy,persona
19,1.574331785544523,1.337778097192496,grid_entropy,persona
20,1.574331785544523,1.3015742892816131,grid_entropy,persona
21,1.574331785544523,1.531000155043516,grid_entropy,persona
22,1.574331785544523,1.5203750945933545,grid_entropy,persona
23,1.574331785544523,1.4219115073546411,grid_entropy,persona
24,1.574331785544523,1.3534485046116533,grid_entropy,persona
25,1.574331785544523,1.5821930667351332,grid_entropy,persona
26,1.574331785544523,1.5653402161740673,grid_entropy,persona
27,1.574331785544523,1.5504949818133702,grid_entropy,persona
28,1.574331785544523,1.4029342381953893,grid_entropy,persona
29,1.574331785544523,1.4029342381953893,grid_entropy,persona
30,1.574331785544523,1.4219115073546411,grid_entropy,persona
31,1.574331785544523,1.5504949818133702,grid_entropy,persona
32,1.574331785544523,1.4224751175914554,grid_entropy,persona
33,1.574331785544523,1.474041717473638,grid_entropy,persona
34,1.574331785544523,1.4509082837501823,grid_entropy,persona
35,1.574331785544523,1.3534485046116533,grid_entropy,persona
36,1.574331785544523,1.4219115073546411,grid_entropy,persona
37,1.574331785544523,1.531000155043516,grid_entropy,persona
38,1.574331785544523,1.531000155043516,grid_entropy,persona
39,1.574331785544523,1.5504949818133702,grid_entropy,persona
40,1.574331785544523,1.509871837193956,grid_entropy,persona
41,1.574331785544523,1.4098449412673983,grid_entropy,persona
42,1.574331785544523,1.4281945908435036,grid_entropy,persona
43,1.574331785544523,1.509871837193956,grid_entropy,persona
44,1.574331785544523,1.5821930667351332,grid_entropy,persona
45,1.574331785544523,1.214295263080721,grid_entropy,persona
46,1.574331785544523,1.2640886121123147,grid_entropy,persona
47,1.574331785544523,1.4777468341000444,grid_entropy,persona
48,1.574331785544523,1.5203750945933545,grid_entropy,persona
49,1.574331785544523,1.509871837193956,grid_entropy,persona
50,1.574331785544523,1.509871837193956,grid_entropy,persona
51,1.574331785544523,1.509871837193956,grid_entropy,persona
52,1.574331785544523,1.4509082837501823,grid_entropy,persona
53,1.574331785544523,1.509871837193956,grid_entropy,persona
54,1.574331785544523,1.4281945908435036,grid_entropy,persona
55,1.574331785544523,1.531000155043516,grid_entropy,persona
56,1.574331785544523,1.4098449412673983,grid_entropy,persona
57,1.574331785544523,1.509871837193956,grid_entropy,persona
58,1.574331785544523,1.5821930667351332,grid_entropy,persona
59,1.574331785544523,1.5310001550435155,grid_entropy,persona
60,1.574331785544523,1.4224751175914554,grid_entropy,persona
61,1.574331785544523,1.4219115073546411,grid_entropy,persona
62,1.574331785544523,1.509871837193956,grid_entropy,persona
63,1.574331785544523,1.4224751175914554,grid_entropy,persona
64,1.574331785544523,1.4219115073546411,grid_entropy,persona
65,1.574331785544523,1.5310001550435155,grid_entropy,persona
66,1.574331785544523,1.509871837193956,grid_entropy,persona
67,1.574331785544523,1.5379841082136025,grid_entropy,persona
68,1.574331785544523,1.4029342381953893,grid_entropy,persona
69,1.574331785544523,1.2646726793957221,grid_entropy,persona
70,1.574331785544523,1.5504949818133702,grid_entropy,persona
71,1.574331785544523,1.491013870758994,grid_entropy,persona
72,1.574331785544523,1.3534485046116533,grid_entropy,persona
73,1.574331785544523,1.5203750945933545,grid_entropy,persona
74,1.574331785544523,1.337778097192496,grid_entropy,persona
75,1.574331785544523,1.5203750945933545,grid_entropy,persona
76,1.574331785544523,1.214295263080721,grid_entropy,persona
77,1.574331785544523,1.574331785544523,grid_entropy,persona
78,1.574331785544523,1.4777468341000444,grid_entropy,persona
79,1.574331785544523,1.5504949818133702,grid_entropy,persona
80,1.574331785544523,1.370862465083061,grid_entropy,persona
81,1.574331785544523,1.4029342381953893,grid_entropy,persona
82,1.574331785544523,1.491013870758994,grid_entropy,persona
83,1.574331785544523,1.491013870758994,grid_entropy,persona
84,1.574331785544523,1.4219115073546411,grid_entropy,persona
85,1.574331785544523,1.4509082837501823,grid_entropy,persona
86,1.574331785544523,1.4219115073546411,grid_entropy,persona
87,1.574331785544523,1.5653402161740673,grid_entropy,persona
88,1.574331785544523,1.531000155043516,grid_entropy,persona
89,1.574331785544523,1.491013870758994,grid_entropy,persona
90,1.574331785544523,1.509871837193956,grid_entropy,persona
91,1.574331785544523,1.370862465083061,grid_entropy,persona
92,1.574331785544523,1.565340216174067,grid_entropy,persona
93,1.574331785544523,1.4777468341000444,grid_entropy,persona
94,1.574331785544523,1.337778097192496,grid_entropy,persona
95,1.574331785544523,1.4224751175914554,grid_entropy,persona
96,1.574331785544523,1.531000155043516,grid_entropy,persona
97,1.574331785544523,1.4224751175914554,grid_entropy,persona
98,1.574331785544523,1.4509082837501823,grid_entropy,persona
99,1.574331785544523,1.4509082837501823,grid_entropy,persona
100,1.574331785544523,1.370862465083061,grid_entropy,persona
101,1.574331785544523,1.474041717473638,grid_entropy,persona
102,1.574331785544523,1.5310001550435155,grid_entropy,persona
103,1.574331785544523,1.509871837193956,grid_entropy,persona
104,1.574331785544523,1.474041717473638,grid_entropy,persona
105,1.574331785544523,1.3534485046116533,grid_entropy,persona
106,1.574331785544523,1.509871837193956,grid_entropy,persona
107,1.574331785544523,1.5203750945933545,grid_entropy,persona
108,1.574331785544523,1.4219115073546411,grid_entropy,persona
109,1.574331785544523,1.4098449412673983,grid_entropy,persona
110,1.574331785544523,1.337778097192496,grid_entropy,persona
111,1.574331785544523,1.5504949818133702,grid_entropy,persona
112,1.574331785544523,1.4777468341000444,grid_entropy,persona
113,1.574331785544523,1.565340216174067,grid_entropy,persona
114,1.574331785544523,1.4509082837501823,grid_entropy,persona
115,1.574331785544523,1.4029342381953893,grid_entropy,persona
116,1.574331785544523,1.5821930667351332,grid_entropy,persona
117,1.574331785544523,1.574331785544523,grid_entropy,persona
118,1.574331785544523,1.531000155043516,grid_entropy,persona
119,1.574331785544523,1.509871837193956,grid_entropy,persona
120,1.574331785544523,1.1863929342238186,grid_entropy,persona
121,1.574331785544523,1.5653402161740673,grid_entropy,persona
122,1.574331785544523,1.5504949818133702,grid_entropy,persona
123,1.574331785544523,1.5821930667351332,grid_entropy,persona
124,1.574331785544523,1.5504949818133702,grid_entropy,persona
125,1.574331785544523,1.4098449412673983,grid_entropy,persona
126,1.574331785544523,1.4224751175914554,grid_entropy,persona
127,1.574331785544523,1.4098449412673983,grid_entropy,persona
128,1.574331785544523,1.4509082837501823,grid_entropy,persona
129,1.574331785544523,1.4777468341000444,grid_entropy,persona
130,1.574331785544523,1.4224751175914554,grid_entropy,persona
131,1.574331785544523,1.5504949818133702,grid_entropy,persona
132,1.574331785544523,1.574331785544523,grid_entropy,persona
133,1.574331785544523,1.474041717473638,grid_entropy,persona
134,1.574331785544523,1.574331785544523,grid_entropy,persona
135,1.574331785544523,1.509871837193956,grid_entropy,persona
136,1.574331785544523,1.370862465083061,grid_entropy,persona
137,1.574331785544523,1.4224751175914554,grid_entropy,persona
138,1.574331785544523,1.509871837193956,grid_entropy,persona
139,1.574331785544523,1.509871837193956,grid_entropy,persona
140,1.574331785544523,1.2646726793957221,grid_entropy,persona
141,1.574331785544523,1.574331785544523,grid_entropy,persona
142,1.574331785544523,1.3534485046116533,grid_entropy,persona
143,1.574331785544523,1.491013870758994,grid_entropy,persona
144,1.574331785544523,1.3249692858267144,grid_entropy,persona
145,1.574331785544523,1.4281945908435036,grid_entropy,persona
146,1.574331785544523,1.5203750945933545,grid_entropy,persona
147,1.574331785544523,1.3249692858267144,grid_entropy,persona
148,1.574331785544523,1.531000155043516,grid_entropy,persona
149,1.574331785544523,1.574331785544523,grid_entropy,persona
150,1.574331785544523,1.474041717473638,grid_entropy,persona
151,1.574331785544523,1.5504949818133702,grid_entropy,persona
152,1.574331785544523,1.4509082837501823,grid_entropy,persona
153,1.574331785544523,1.4098449412673983,grid_entropy,persona
154,1.574331785544523,1.337778097192496,grid_entropy,persona
155,1.574331785544523,1.474041717473638,grid_entropy,persona
156,1.574331785544523,1.3534485046116533,grid_entropy,persona
157,1.574331785544523,1.5821930667351332,grid_entropy,persona
158,1.574331785544523,1.3015742892816131,grid_entropy,persona
159,1.574331785544523,1.5821930667351334,grid_entropy,persona
160,1.574331785544523,1.565340216174067,grid_entropy,persona
161,1.574331785544523,1.491013870758994,grid_entropy,persona
162,1.574331785544523,1.5504949818133702,grid_entropy,persona
163,1.574331785544523,1.5379841082136025,grid_entropy,persona
164,1.574331785544523,1.370862465083061,grid_entropy,persona
165,1.574331785544523,1.474041717473638,grid_entropy,persona
166,1.574331785544523,1.4098449412673983,grid_entropy,persona
167,1.574331785544523,1.55049498181337,grid_entropy,persona
168,1.574331785544523,1.5653402161740673,grid_entropy,persona
169,1.574331785544523,1.5653402161740673,grid_entropy,persona
170,1.574331785544523,1.2640886121123147,grid_entropy,persona
171,1.574331785544523,1.5821930667351332,grid_entropy,persona
172,1.574331785544523,1.491013870758994,grid_entropy,persona
173,1.574331785544523,1.5653402161740673,grid_entropy,persona
174,1.574331785544523,1.2646726793957221,grid_entropy,persona
175,1.574331785544523,1.509871837193956,grid_entropy,persona
176,1.574331785544523,1.2640886121123147,grid_entropy,persona
177,1.574331785544523,1.531000155043516,grid_entropy,persona
178,1.574331785544523,1.5821930667351332,grid_entropy,persona
179,1.574331785544523,1.4098449412673983,grid_entropy,persona
180,1.574331785544523,1.4098449412673983,grid_entropy,persona
181,1.574331785544523,1.531000155043516,grid_entropy,persona
182,1.574331785544523,1.4509082837501823,grid_entropy,persona
183,1.574331785544523,1.5504949818133702,grid_entropy,persona
184,1.574331785544523,1.4098449412673983,grid_entropy,persona
185,1.574331785544523,1.5203750945933545,grid_entropy,persona
186,1.574331785544523,1.5203750945933545,grid_entropy,persona
187,1.574331785544523,1.4777468341000444,grid_entropy,persona
188,1.574331785544523,1.474041717473638,grid_entropy,persona
189,1.574331785544523,1.531000155043516,grid_entropy,persona
190,1.574331785544523,1.4219115073546411,grid_entropy,persona
191,1.574331785544523,1.491013870758994,grid_entropy,persona
192,1.574331785544523,1.509871837193956,grid_entropy,persona
193,1.574331785544523,1.4219115073546411,grid_entropy,persona
194,1.574331785544523,1.2646726793957221,grid_entropy,persona
195,1.574331785544523,1.2640886121123147,grid_entropy,persona
196,1.574331785544523,1.5203750945933545,grid_entropy,persona
197,1.574331785544523,1.4509082837501823,grid_entropy,persona
198,1.574331785544523,1.5203750945933545,grid_entropy,persona
199,1.574331785544523,1.3534485046116533,grid_entropy,persona
200,1.574331785544523,1.5203750945933545,grid_entropy,persona
201,1.574331785544523,1.5379841082136025,grid_entropy,persona
202,1.574331785544523,1.3249692858267144,grid_entropy,persona
203,1.574331785544523,1.1863929342238186,grid_entropy,persona
204,1.574331785544523,1.4098449412673983,grid_entropy,persona
205,1.574331785544523,1.5653402161740673,grid_entropy,persona
206,1.574331785544523,1.565340216174067,grid_entropy,persona
207,1.574331785544523,1.4098449412673983,grid_entropy,persona
208,1.574331785544523,1.491013870758994,grid_entropy,persona
209,1.574331785544523,1.4777468341000444,grid_entropy,persona
210,1.574331785544523,1.5821930667351332,grid_entropy,persona
211,1.574331785544523,1.370862465083061,grid_entropy,persona
212,1.574331785544523,1.3249692858267144,grid_entropy,persona
213,1.574331785544523,1.5653402161740673,grid_entropy,persona
214,1.574331785544523,1.4224751175914554,grid_entropy,persona
215,1.574331785544523,1.5504949818133702,grid_entropy,persona
216,1.574331785544523,1.3534485046116533,grid_entropy,persona
217,1.574331785544523,1.509871837193956,grid_entropy,persona
218,1.574331785544523,1.4777468341000444,grid_entropy,persona
219,1.574331785544523,1.491013870758994,grid_entropy,persona
220,1.574331785544523,1.4098449412673983,grid_entropy,persona
221,1.574331785544523,1.4281945908435036,grid_entropy,persona
222,1.574331785544523,1.4777468341000444,grid_entropy,persona
223,1.574331785544523,1.2799376545731964,grid_entropy,persona
224,1.574331785544523,1.491013870758994,grid_entropy,persona
225,1.574331785544523,1.4098449412673983,grid_entropy,persona
226,1.574331785544523,1.2640886121123147,grid_entropy,persona
227,1.574331785544523,1.5504949818133702,grid_entropy,persona
228,1.574331785544523,1.491013870758994,grid_entropy,persona
229,1.574331785544523,1.491013870758994,grid_entropy,persona
230,1.574331785544523,1.5821930667351334,grid_entropy,persona
231,1.574331785544523,1.370862465083061,grid_entropy,persona
232,1.574331785544523,1.5821930667351332,grid_entropy,persona
233,1.574331785544523,1.4219115073546411,grid_entropy,persona
234,1.574331785544523,1.509871837193956,grid_entropy,persona
235,1.574331785544523,1.4219115073546411,grid_entropy,persona
236,1.574331785544523,1.325784781203331,grid_entropy,persona
237,1.574331785544523,1.5310001550435155,grid_entropy,persona
238,1.574331785544523,1.4509082837501823,grid_entropy,persona
239,1.574331785544523,1.4098449412673983,grid_entropy,persona
240,1.574331785544523,1.3534485046116533,grid_entropy,persona
241,1.574331785544523,1.3249692858267144,grid_entropy,persona
242,1.574331785544523,1.4219115073546411,grid_entropy,persona
243,1.574331785544523,1.5821930667351334,grid_entropy,persona
244,1.574331785544523,1.509871837193956,grid_entropy,persona
245,1.574331785544523,1.5379841082136025,grid_entropy,persona
246,1.574331785544523,1.509871837193956,grid_entropy,persona
247,1.574331785544523,1.5203750945933545,grid_entropy,persona
248,1.574331785544523,1.509871837193956,grid_entropy,persona
249,1.574331785544523,1.4029342381953893,grid_entropy,persona
250,1.574331785544523,1.531000155043516,grid_entropy,persona
251,1.574331785544523,1.509871837193956,grid_entropy,persona
252,1.574331785544523,1.5504949818133702,grid_entropy,persona
253,1.574331785544523,1.474041717473638,grid_entropy,persona
254,1.574331785544523,1.370862465083061,grid_entropy,persona
255,1.574331785544523,1.491013870758994,grid_entropy,persona
256,1.574331785544523,1.5310001550435155,grid_entropy,persona
257,1.574331785544523,1.370862465083061,grid_entropy,persona
258,1.574331785544523,1.5504949818133702,grid_entropy,persona
259,1.574331785544523,1.574331785544523,grid_entropy,persona
260,1.574331785544523,1.474041717473638,grid_entropy,persona
261,1.574331785544523,1.4509082837501823,grid_entropy,persona
262,1.574331785544523,1.3249692858267144,grid_entropy,persona
263,1.574331785544523,1.4509082837501823,grid_entropy,persona
264,1.574331785544523,1.5504949818133702,grid_entropy,persona
265,1.574331785544523,1.5379841082136025,grid_entropy,persona
266,1.574331785544523,1.3885308110207435,grid_entropy,persona
267,1.574331785544523,1.5504949818133702,grid_entropy,persona
268,1.574331785544523,1.4029342381953893,grid_entropy,persona
269,1.574331785544523,1.509871837193956,grid_entropy,persona
270,1.574331785544523,1.325784781203331,grid_entropy,persona
271,1.574331785544523,1.3257847812033308,grid_entropy,persona
272,1.574331785544523,1.5653402161740673,grid_entropy,persona
273,1.574331785544523,1.4509082837501823,grid_entropy,persona
274,1.574331785544523,1.4509082837501823,grid_entropy,persona
275,1.574331785544523,1.4219115073546411,grid_entropy,persona
276,1.574331785544523,1.509871837193956,grid_entropy,persona
277,1.574331785544523,1.4219115073546411,grid_entropy,persona
278,1.574331785544523,1.5504949818133702,grid_entropy,persona
279,1.574331785544523,1.509871837193956,grid_entropy,persona
280,1.574331785544523,1.5379841082136025,grid_entropy,persona
281,1.574331785544523,1.574331785544523,grid_entropy,persona
282,1.574331785544523,1.3249692858267144,grid_entropy,persona
283,1.574331785544523,1.5379841082136025,grid_entropy,persona
284,1.574331785544523,1.4098449412673983,grid_entropy,persona
285,1.574331785544523,1.4098449412673983,grid_entropy,persona
286,1.574331785544523,1.474041717473638,grid_entropy,persona
287,1.574331785544523,1.55049498181337,grid_entropy,persona
288,1.574331785544523,1.509871837193956,grid_entropy,persona
289,1.574331785544523,1.5504949818133702,grid_entropy,persona
290,1.574331785544523,1.565340216174067,grid_entropy,persona
291,1.574331785544523,1.5504949818133702,grid_entropy,persona
292,1.574331785544523,1.5653402161740673,grid_entropy,persona
293,1.574331785544523,1.474041717473638,grid_entropy,persona
294,1.574331785544523,1.531000155043516,grid_entropy,persona
295,1.574331785544523,1.509871837193956,grid_entropy,persona
296,1.574331785544523,1.574331785544523,grid_entropy,persona
297,1.574331785544523,1.4224751175914554,grid_entropy,persona
298,1.574331785544523,1.5203750945933545,grid_entropy,persona
299,1.574331785544523,1.4777468341000444,grid_entropy,persona
300,1.574331785544523,1.531000155043516,grid_entropy,persona
301,1.574331785544523,1.4029342381953893,grid_entropy,persona
302,1.574331785544523,1.4509082837501823,grid_entropy,persona
303,1.574331785544523,1.5504949818133702,grid_entropy,persona
304,1.574331785544523,1.5379841082136025,grid_entropy,persona
305,1.574331785544523,1.509871837193956,grid_entropy,persona
306,1.574331785544523,1.509871837193956,grid_entropy,persona
307,1.574331785544523,1.4219115073546411,grid_entropy,persona
308,1.574331785544523,1.4777468341000444,grid_entropy,persona
309,1.574331785544523,1.2646726793957221,grid_entropy,persona
310,1.574331785544523,1.509871837193956,grid_entropy,persona
311,1.574331785544523,1.4219115073546411,grid_entropy,persona
312,1.574331785544523,1.491013870758994,grid_entropy,persona
313,1.574331785544523,1.0666152167384504,grid_entropy,persona
314,1.574331785544523,1.509871837193956,grid_entropy,persona
315,1.574331785544523,1.4219115073546411,grid_entropy,persona
316,1.574331785544523,1.474041717473638,grid_entropy,persona
317,1.574331785544523,1.4098449412673983,grid_entropy,persona
318,1.574331785544523,1.5203750945933545,grid_entropy,persona
319,1.574331785544523,1.5653402161740673,grid_entropy,persona
320,1.574331785544523,1.55049498181337,grid_entropy,persona
321,1.574331785544523,1.121177460903491,grid_entropy,persona
322,1.574331785544523,1.531000155043516,grid_entropy,persona
323,1.574331785544523,1.2640886121123147,grid_entropy,persona
324,1.574331785544523,1.4777468341000444,grid_entropy,persona
325,1.574331785544523,1.565340216174067,grid_entropy,persona
326,1.574331785544523,1.4029342381953893,grid_entropy,persona
327,1.574331785544523,1.531000155043516,grid_entropy,persona
328,1.574331785544523,1.4029342381953893,grid_entropy,persona
329,1.574331785544523,1.5379841082136025,grid_entropy,persona
330,1.574331785544523,1.5653402161740673,grid_entropy,persona
331,1.574331785544523,1.5203750945933545,grid_entropy,persona
332,1.574331785544523,1.531000155043516,grid_entropy,persona
333,1.574331785544523,1.4098449412673983,grid_entropy,persona
334,1.574331785544523,1.4029342381953893,grid_entropy,persona
335,1.574331785544523,1.2640886121123147,grid_entropy,persona
336,1.574331785544523,1.55049498181337,grid_entropy,persona
337,1.574331785544523,1.3015742892816131,grid_entropy,persona
338,1.574331785544523,1.531000155043516,grid_entropy,persona
339,1.574331785544523,1.3534485046116533,grid_entropy,persona
340,1.574331785544523,1.4509082837501823,grid_entropy,persona
341,1.574331785544523,1.4098449412673983,grid_entropy,persona
342,1.574331785544523,1.5504949818133702,grid_entropy,persona
343,1.574331785544523,1.4224751175914554,grid_entropy,persona
344,1.574331785544523,1.574331785544523,grid_entropy,persona
345,1.574331785544523,1.4029342381953893,grid_entropy,persona
346,1.574331785544523,1.474041717473638,grid_entropy,persona
347,1.574331785544523,1.4509082837501823,grid_entropy,persona
348,1.574331785544523,1.1863929342238186,grid_entropy,persona
349,1.574331785544523,1.5653402161740673,grid_entropy,persona
350,1.574331785544523,1.509871837193956,grid_entropy,persona
351,1.574331785544523,1.5504949818133702,grid_entropy,persona
352,1.574331785544523,1.3249692858267144,grid_entropy,persona
353,1.574331785544523,1.5504949818133702,grid_entropy,persona
354,1.574331785544523,1.5203750945933545,grid_entropy,persona
355,1.574331785544523,1.3257847812033308,grid_entropy,persona
356,1.574331785544523,1.3534485046116533,grid_entropy,persona
357,1.574331785544523,1.5310001550435155,grid_entropy,persona
358,1.574331785544523,1.4219115073546411,grid_entropy,persona
359,1.574331785544523,1.3257847812033308,grid_entropy,persona
360,1.574331785544523,1.5310001550435155,grid_entropy,persona
361,1.574331785544523,1.5821930667351332,grid_entropy,persona
362,1.574331785544523,1.370862465083061,grid_entropy,persona
363,1.574331785544523,1.4777468341000444,grid_entropy,persona
364,1.574331785544523,1.4509082837501823,grid_entropy,persona
365,1.574331785544523,1.4224751175914554,grid_entropy,persona
366,1.574331785544523,1.4219115073546411,grid_entropy,persona
367,1.574331785544523,1.474041717473638,grid_entropy,persona
368,1.574331785544523,1.4224751175914554,grid_entropy,persona
369,1.574331785544523,1.4029342381953893,grid_entropy,persona
370,1.574331785544523,1.4224751175914554,grid_entropy,persona
371,1.574331785544523,1.3534485046116533,grid_entropy,persona
372,1.574331785544523,1.531000155043516,grid_entropy,persona
373,1.574331785544523,1.574331785544523,grid_entropy,persona
374,1.574331785544523,1.4777468341000444,grid_entropy,persona
375,1.574331785544523,1.4224751175914554,grid_entropy,persona
376,1.574331785544523,1.509871837193956,grid_entropy,persona
377,1.574331785544523,1.3534485046116533,grid_entropy,persona
378,1.574331785544523,1.4777468341000444,grid_entropy,persona
379,1.574331785544523,1.5203750945933545,grid_entropy,persona
380,1.574331785544523,1.531000155043516,grid_entropy,persona
381,1.574331785544523,1.370862465083061,grid_entropy,persona
382,1.574331785544523,1.4777468341000444,grid_entropy,persona
383,1.574331785544523,1.474041717473638,grid_entropy,persona
384,1.574331785544523,1.4029342381953893,grid_entropy,persona
385,1.574331785544523,1.5504949818133702,grid_entropy,persona
386,1.574331785544523,1.4509082837501823,grid_entropy,persona
387,1.574331785544523,1.491013870758994,grid_entropy,persona
388,1.574331785544523,1.4224751175914554,grid_entropy,persona
389,1.574331785544523,1.5653402161740673,grid_entropy,persona
390,1.574331785544523,1.5504949818133702,grid_entropy,persona
391,1.574331785544523,1.4509082837501823,grid_entropy,persona
392,1.574331785544523,1.4777468341000444,grid_entropy,persona
393,1.574331785544523,1.474041717473638,grid_entropy,persona
394,1.574331785544523,1.2640886121123147,grid_entropy,persona
395,1.574331785544523,1.3257847812033308,grid_entropy,persona
396,1.574331785544523,1.491013870758994,grid_entropy,persona
397,1.574331785544523,1.4219115073546411,grid_entropy,persona
398,1.574331785544523,1.5504949818133702,grid_entropy,persona
399,1.574331785544523,1.4224751175914554,grid_entropy,persona
400,1.574331785544523,1.574331785544523,grid_entropy,persona
401,1.574331785544523,1.4098449412673983,grid_entropy,persona
402,1.574331785544523,1.5821930667351332,grid_entropy,persona
403,1.574331785544523,1.565340216174067,grid_entropy,persona
404,1.574331785544523,1.2646726793957221,grid_entropy,persona
405,1.574331785544523,1.5653402161740673,grid_entropy,persona
406,1.574331785544523,1.4777468341000444,grid_entropy,persona
407,1.574331785544523,1.491013870758994,grid_entropy,persona
408,1.574331785544523,1.214295263080721,grid_entropy,persona
409,1.574331785544523,1.4777468341000444,grid_entropy,persona
410,1.574331785544523,1.474041717473638,grid_entropy,persona
411,1.574331785544523,1.4777468341000444,grid_entropy,persona
412,1.574331785544523,1.337778097192496,grid_entropy,persona
413,1.574331785544523,1.5379841082136025,grid_entropy,persona
414,1.574331785544523,1.509871837193956,grid_entropy,persona
415,1.574331785544523,1.5379841082136025,grid_entropy,persona
416,1.574331785544523,1.4509082837501823,grid_entropy,persona
417,1.574331785544523,1.5504949818133702,grid_entropy,persona
418,1.574331785544523,1.2640886121123147,grid_entropy,persona
419,1.574331785544523,1.491013870758994,grid_entropy,persona
420,1.574331785544523,1.5653402161740673,grid_entropy,persona
421,1.574331785544523,1.370862465083061,grid_entropy,persona
422,1.574331785544523,1.509871837193956,grid_entropy,persona
423,1.574331785544523,1.4224751175914554,grid_entropy,persona
424,1.574331785544523,1.4777468341000444,grid_entropy,persona
425,1.574331785544523,1.214295263080721,grid_entropy,persona
426,1.574331785544523,1.491013870758994,grid_entropy,persona
427,1.574331785544523,1.4777468341000444,grid_entropy,persona
428,1.574331785544523,1.3534485046116533,grid_entropy,persona
429,1.574331785544523,1.4219115073546411,grid_entropy,persona
430,1.574331785544523,1.4098449412673983,grid_entropy,persona
431,1.574331785544523,1.4029342381953893,grid_entropy,persona
432,1.574331785544523,1.4219115073546411,grid_entropy,persona
433,1.574331785544523,1.1863929342238186,grid_entropy,persona
434,1.574331785544523,1.4224751175914554,grid_entropy,persona
435,1.574331785544523,1.474041717473638,grid_entropy,persona
436,1.574331785544523,1.491013870758994,grid_entropy,persona
437,1.574331785544523,1.4029342381953893,grid_entropy,persona
438,1.574331785544523,1.4777468341000444,grid_entropy,persona
439,1.574331785544523,1.4777468341000444,grid_entropy,persona
440,1.574331785544523,1.4224751175914554,grid_entropy,persona
441,1.574331785544523,1.3015742892816131,grid_entropy,persona
442,1.574331785544523,1.531000155043516,grid_entropy,persona
443,1.574331785544523,1.4098449412673983,grid_entropy,persona
444,1.574331785544523,1.4219115073546411,grid_entropy,persona
445,1.574331785544523,1.3534485046116533,grid_entropy,persona
446,1.574331785544523,1.474041717473638,grid_entropy,persona
447,1.574331785544523,1.5379841082136025,grid_entropy,persona
448,1.574331785544523,1.491013870758994,grid_entropy,persona
449,1.574331785544523,1.3249692858267144,grid_entropy,persona
450,1.574331785544523,1.4509082837501823,grid_entropy,persona
451,1.574331785544523,1.509871837193956,grid_entropy,persona
452,1.574331785544523,1.3249692858267144,grid_entropy,persona
453,1.574331785544523,1.4281945908435036,grid_entropy,persona
454,1.574331785544523,1.5203750945933545,grid_entropy,persona
455,1.574331785544523,1.565340216174067,grid_entropy,persona
456,1.574331785544523,1.5203750945933545,grid_entropy,persona
457,1.574331785544523,1.474041717473638,grid_entropy,persona
458,1.574331785544523,1.4509082837501823,grid_entropy,persona
459,1.574331785544523,1.5653402161740675,grid_entropy,persona
460,1.574331785544523,1.4224751175914554,grid_entropy,persona
461,1.574331785544523,1.3257847812033308,grid_entropy,persona
462,1.574331785544523,1.474041717473638,grid_entropy,persona
463,1.574331785544523,1.5203750945933545,grid_entropy,persona
464,1.574331785544523,1.4509082837501823,grid_entropy,persona
465,1.574331785544523,1.531000155043516,grid_entropy,persona
466,1.574331785544523,1.509871837193956,grid_entropy,persona
467,1.574331785544523,1.509871837193956,grid_entropy,persona
468,1.574331785544523,1.370862465083061,grid_entropy,persona
469,1.574331785544523,1.214295263080721,grid_entropy,persona
470,1.574331785544523,1.4098449412673983,grid_entropy,persona
471,1.574331785544523,1.531000155043516,grid_entropy,persona
472,1.574331785544523,1.5504949818133702,grid_entropy,persona
473,1.574331785544523,1.5504949818133702,grid_entropy,persona
474,1.574331785544523,1.5379841082136025,grid_entropy,persona
475,1.574331785544523,1.3534485046116533,grid_entropy,persona
476,1.574331785544523,1.4224751175914554,grid_entropy,persona
477,1.574331785544523,1.3534485046116533,grid_entropy,persona
478,1.574331785544523,1.5504949818133702,grid_entropy,persona
479,1.574331785544523,1.4098449412673983,grid_entropy,persona
480,1.574331785544523,1.4219115073546411,grid_entropy,persona
481,1.574331785544523,1.4219115073546411,grid_entropy,persona
482,1.574331785544523,1.5379841082136025,grid_entropy,persona
483,1.574331785544523,1.5379841082136025,grid_entropy,persona
484,1.574331785544523,1.4281945908435036,grid_entropy,persona
485,1.574331785544523,1.5504949818133702,grid_entropy,persona
486,1.574331785544523,1.3534485046116533,grid_entropy,persona
487,1.574331785544523,1.301574289281613,grid_entropy,persona
488,1.574331785544523,1.491013870758994,grid_entropy,persona
489,1.574331785544523,1.5203750945933545,grid_entropy,persona
490,1.574331785544523,1.491013870758994,grid_entropy,persona
491,1.574331785544523,1.370862465083061,grid_entropy,persona
492,1.574331785544523,1.4029342381953893,grid_entropy,persona
493,1.574331785544523,1.565340216174067,grid_entropy,persona
494,1.574331785544523,1.491013870758994,grid_entropy,persona
495,1.574331785544523,1.4777468341000444,grid_entropy,persona
496,1.574331785544523,1.509871837193956,grid_entropy,persona
497,1.574331785544523,1.509871837193956,grid_entropy,persona
498,1.574331785544523,1.5203750945933545,grid_entropy,persona
499,1.574331785544523,1.509871837193956,grid_entropy,persona
500,1.574331785544523,1.574331785544523,grid_entropy,persona
501,1.574331785544523,1.4098449412673983,grid_entropy,persona
502,1.574331785544523,1.5504949818133702,grid_entropy,persona
503,1.574331785544523,1.565340216174067,grid_entropy,persona
504,1.574331785544523,1.4509082837501823,grid_entropy,persona
505,1.574331785544523,1.5504949818133702,grid_entropy,persona
506,1.574331785544523,1.474041717473638,grid_entropy,persona
507,1.574331785544523,1.4777468341000444,grid_entropy,persona
508,1.574331785544523,1.4777468341000444,grid_entropy,persona
509,1.574331785544523,1.531000155043516,grid_entropy,persona
510,1.574331785544523,1.3534485046116533,grid_entropy,persona
511,1.574331785544523,1.4777468341000444,grid_entropy,persona
512,1.574331785544523,1.509871837193956,grid_entropy,persona
513,1.574331785544523,1.531000155043516,grid_entropy,persona
514,1.574331785544523,1.565340216174067,grid_entropy,persona
515,1.574331785544523,1.474041717473638,grid_entropy,persona
516,1.574331785544523,1.509871837193956,grid_entropy,persona
517,1.574331785544523,1.5504949818133702,grid_entropy,persona
518,1.574331785544523,1.4224751175914554,grid_entropy,persona
519,1.574331785544523,1.4777468341000444,grid_entropy,persona
520,1.574331785544523,1.214295263080721,grid_entropy,persona
521,1.574331785544523,4.088779347361361,grid_entropy,persona
522,1.574331785544523,1.4509082837501823,grid_entropy,persona
523,1.574331785544523,1.474041717473638,grid_entropy,persona
524,1.574331785544523,1.4098449412673983,grid_entropy,persona
525,1.574331785544523,1.4509082837501823,grid_entropy,persona
526,1.574331785544523,1.4777468341000444,grid_entropy,persona
527,1.574331785544523,1.574331785544523,grid_entropy,persona
528,1.574331785544523,1.531000155043516,grid_entropy,persona
529,1.574331785544523,1.474041717473638,grid_entropy,persona
530,1.574331785544523,1.5653402161740673,grid_entropy,persona
531,1.574331785544523,1.4777468341000444,grid_entropy,persona
532,1.574331785544523,1.474041717473638,grid_entropy,persona
533,1.574331785544523,1.5379841082136025,grid_entropy,persona
534,1.574331785544523,1.370862465083061,grid_entropy,persona
535,1.574331785544523,1.4219115073546411,grid_entropy,persona
536,1.574331785544523,1.1492297615162819,grid_entropy,persona
537,1.574331785544523,1.509871837193956,grid_entropy,persona
538,1.574331785544523,1.565340216174067,grid_entropy,persona
539,1.574331785544523,1.5653402161740673,grid_entropy,persona
540,1.574331785544523,1.509871837193956,grid_entropy,persona
541,1.574331785544523,1.5203750945933545,grid_entropy,persona
542,1.574331785544523,1.474041717473638,grid_entropy,persona
543,1.574331785544523,1.474041717473638,grid_entropy,persona
544,1.574331785544523,1.509871837193956,grid_entropy,persona
545,1.574331785544523,1.4219115073546411,grid_entropy,persona
546,1.574331785544523,1.3534485046116533,grid_entropy,persona
547,1.574331785544523,1.5310001550435155,grid_entropy,persona
548,1.574331785544523,1.5203750945933545,grid_entropy,persona
549,1.574331785544523,1.5504949818133702,grid_entropy,persona
550,1.574331785544523,1.325784781203331,grid_entropy,persona
551,1.574331785544523,1.5504949818133702,grid_entropy,persona
552,1.574331785544523,1.370862465083061,grid_entropy,persona
553,1.574331785544523,1.1625633078480364,grid_entropy,persona
554,1.574331785544523,1.4098449412673983,grid_entropy,persona
555,1.574331785544523,1.4029342381953893,grid_entropy,persona
556,1.574331785544523,1.214295263080721,grid_entropy,persona
557,1.574331785544523,1.531000155043516,grid_entropy,persona
558,1.574331785544523,1.474041717473638,grid_entropy,persona
559,1.574331785544523,1.5504949818133702,grid_entropy,persona
560,1.574331785544523,1.509871837193956,grid_entropy,persona
561,1.574331785544523,1.370862465083061,grid_entropy,persona
562,1.574331785544523,1.5504949818133702,grid_entropy,persona
563,1.574331785544523,1.5310001550435155,grid_entropy,persona
564,1.574331785544523,1.4098449412673983,grid_entropy,persona
565,1.574331785544523,1.474041717473638,grid_entropy,persona
566,1.574331785544523,1.4777468341000444,grid_entropy,persona
567,1.574331785544523,1.4224751175914554,grid_entropy,persona
568,1.574331785544523,1.4509082837501823,grid_entropy,persona
569,1.574331785544523,1.531000155043516,grid_entropy,persona
570,1.574331785544523,1.4281945908435036,grid_entropy,persona
571,1.574331785544523,1.4777468341000444,grid_entropy,persona
572,1.574331785544523,1.5203750945933545,grid_entropy,persona
573,1.574331785544523,1.474041717473638,grid_entropy,persona
574,1.574331785544523,1.509871837193956,grid_entropy,persona
575,1.574331785544523,1.4777468341000444,grid_entropy,persona
576,1.574331785544523,1.5203750945933545,grid_entropy,persona
577,1.574331785544523,1.3534485046116533,grid_entropy,persona
578,1.574331785544523,1.4281945908435036,grid_entropy,persona
579,1.574331785544523,1.574331785544523,grid_entropy,persona
580,1.574331785544523,1.4219115073546411,grid_entropy,persona
581,1.574331785544523,1.5504949818133702,grid_entropy,persona
582,1.574331785544523,1.474041717473638,grid_entropy,persona
583,1.574331785544523,1.5379841082136025,grid_entropy,persona
584,1.574331785544523,1.4777468341000444,grid_entropy,persona
585,1.574331785544523,1.3249692858267144,grid_entropy,persona
586,1.574331785544523,1.509871837193956,grid_entropy,persona
587,1.574331785544523,1.474041717473638,grid_entropy,persona
588,1.574331785544523,1.5379841082136025,grid_entropy,persona
589,1.574331785544523,1.474041717473638,grid_entropy,persona
590,1.574331785544523,1.5821930667351332,grid_entropy,persona
591,1.574331785544523,1.5504949818133702,grid_entropy,persona
592,1.574331785544523,1.531000155043516,grid_entropy,persona
593,1.574331785544523,1.5653402161740673,grid_entropy,persona
594,1.574331785544523,1.3534485046116533,grid_entropy,persona
595,1.574331785544523,1.4029342381953893,grid_entropy,persona
596,1.574331785544523,1.491013870758994,grid_entropy,persona
597,1.574331785544523,1.5379841082136025,grid_entropy,persona
598,1.574331785544523,1.5310001550435155,grid_entropy,persona
599,1.574331785544523,1.5203750945933545,grid_entropy,persona
600,1.574331785544523,1.337778097192496,grid_entropy,persona
601,1.574331785544523,1.2799376545731964,grid_entropy,persona
602,1.574331785544523,1.3885308110207435,grid_entropy,persona
603,1.574331785544523,1.5653402161740673,grid_entropy,persona
604,1.574331785544523,1.4029342381953893,grid_entropy,persona
605,1.574331785544523,1.4509082837501823,grid_entropy,persona
606,1.574331785544523,1.565340216174067,grid_entropy,persona
607,1.574331785544523,1.509871837193956,grid_entropy,persona
608,1.574331785544523,1.5310001550435155,grid_entropy,persona
609,1.574331785544523,1.5653402161740675,grid_entropy,persona
610,1.574331785544523,1.5821930667351334,grid_entropy,persona
611,1.574331785544523,1.3534485046116533,grid_entropy,persona
612,1.574331785544523,1.4224751175914554,grid_entropy,persona
613,1.574331785544523,1.3534485046116533,grid_entropy,persona
614,1.574331785544523,1.4029342381953893,grid_entropy,persona
615,1.574331785544523,1.531000155043516,grid_entropy,persona
616,1.574331785544523,1.509871837193956,grid_entropy,persona
617,1.574331785544523,1.5653402161740673,grid_entropy,persona
618,1.574331785544523,1.509871837193956,grid_entropy,persona
619,1.574331785544523,1.474041717473638,grid_entropy,persona
620,1.574331785544523,1.509871837193956,grid_entropy,persona
621,1.574331785544523,1.531000155043516,grid_entropy,persona
622,1.574331785544523,1.5379841082136025,grid_entropy,persona
623,1.574331785544523,1.565340216174067,grid_entropy,persona
624,1.574331785544523,1.5504949818133702,grid_entropy,persona
625,1.574331785544523,1.531000155043516,grid_entropy,persona
626,1.574331785544523,1.55049498181337,grid_entropy,persona
627,1.574331785544523,1.491013870758994,grid_entropy,persona
628,1.574331785544523,1.509871837193956,grid_entropy,persona
629,1.574331785544523,1.5504949818133702,grid_entropy,persona
630,1.574331785544523,1.1863929342238186,grid_entropy,persona
631,1.574331785544523,1.4219115073546411,grid_entropy,persona
632,1.574331785544523,1.55049498181337,grid_entropy,persona
633,1.574331785544523,1.574331785544523,grid_entropy,persona
634,1.574331785544523,1.491013870758994,grid_entropy,persona
635,1.574331785544523,1.5310001550435155,grid_entropy,persona
636,1.574331785544523,1.5504949818133702,grid_entropy,persona
637,1.574331785544523,1.3534485046116533,grid_entropy,persona
638,1.574331785544523,1.4098449412673983,grid_entropy,persona
639,1.574331785544523,1.5504949818133702,grid_entropy,persona
640,1.574331785544523,1.491013870758994,grid_entropy,persona
641,1.574331785544523,1.5203750945933545,grid_entropy,persona
642,1.574331785544523,1.5203750945933545,grid_entropy,persona
643,1.574331785544523,1.3015742892816131,grid_entropy,persona
644,1.574331785544523,1.4029342381953893,grid_entropy,persona
645,1.574331785544523,1.4219115073546411,grid_entropy,persona
646,1.574331785544523,1.3534485046116533,grid_entropy,persona
647,1.574331785544523,1.2646726793957221,grid_entropy,persona
648,1.574331785544523,1.5653402161740673,grid_entropy,persona
649,1.574331785544523,1.4224751175914554,grid_entropy,persona
650,1.574331785544523,1.3015742892816131,grid_entropy,persona
651,1.574331785544523,1.4029342381953893,grid_entropy,persona
652,1.574331785544523,1.4777468341000444,grid_entropy,persona
653,1.574331785544523,1.509871837193956,grid_entropy,persona
654,1.574331785544523,1.370862465083061,grid_entropy,persona
655,1.574331785544523,1.474041717473638,grid_entropy,persona
656,1.574331785544523,1.121177460903491,grid_entropy,persona
657,1.574331785544523,1.474041717473638,grid_entropy,persona
658,1.574331785544523,1.531000155043516,grid_entropy,persona
659,1.574331785544523,1.4029342381953893,grid_entropy,persona
660,1.574331785544523,1.509871837193956,grid_entropy,persona
661,1.574331785544523,1.0889252905968951,grid_entropy,persona
662,1.574331785544523,1.531000155043516,grid_entropy,persona
663,1.574331785544523,1.474041717473638,grid_entropy,persona
664,1.574331785544523,1.474041717473638,grid_entropy,persona
665,1.574331785544523,1.337778097192496,grid_entropy,persona
666,1.574331785544523,1.5653402161740673,grid_entropy,persona
667,1.574331785544523,1.474041717473638,grid_entropy,persona
668,1.574331785544523,1.531000155043516,grid_entropy,persona
669,1.574331785544523,1.4219115073546411,grid_entropy,persona
670,1.574331785544523,1.4509082837501823,grid_entropy,persona
671,1.574331785544523,1.4777468341000444,grid_entropy,persona
672,1.574331785544523,1.4224751175914554,grid_entropy,persona
673,1.574331785544523,1.565340216174067,grid_entropy,persona
674,1.574331785544523,1.5203750945933545,grid_entropy,persona
675,1.574331785544523,1.191603636543317,grid_entropy,persona
676,1.574331785544523,1.5379841082136025,grid_entropy,persona
677,1.574331785544523,1.4098449412673983,grid_entropy,persona
678,1.574331785544523,1.574331785544523,grid_entropy,persona
679,1.574331785544523,1.474041717473638,grid_entropy,persona
680,1.574331785544523,1.5379841082136025,grid_entropy,persona
681,1.574331785544523,1.574331785544523,grid_entropy,persona
682,1.574331785544523,1.2799376545731964,grid_entropy,persona
683,1.574331785544523,1.370862465083061,grid_entropy,persona
684,1.574331785544523,1.474041717473638,grid_entropy,persona
685,1.574331785544523,1.4224751175914554,grid_entropy,persona
686,1.574331785544523,1.4029342381953893,grid_entropy,persona
687,1.574331785544523,1.565340216174067,grid_entropy,persona
688,1.574331785544523,1.1625633078480364,grid_entropy,persona
689,1.574331785544523,1.4906401825684292,grid_entropy,persona
690,1.574331785544523,1.574331785544523,grid_entropy,persona
691,1.574331785544523,1.5653402161740673,grid_entropy,persona
692,1.574331785544523,1.491013870758994,grid_entropy,persona
693,1.574331785544523,1.574331785544523,grid_entropy,persona
694,1.574331785544523,1.4281945908435036,grid_entropy,persona
695,1.574331785544523,1.474041717473638,grid_entropy,persona
696,1.574331785544523,1.4509082837501823,grid_entropy,persona
697,1.574331785544523,1.3015742892816131,grid_entropy,persona
698,1.574331785544523,1.5379841082136025,grid_entropy,persona
699,1.574331785544523,1.4509082837501823,grid_entropy,persona
700,1.574331785544523,1.5379841082136025,grid_entropy,persona
701,1.574331785544523,1.5203750945933545,grid_entropy,persona
702,1.574331785544523,1.509871837193956,grid_entropy,persona
703,1.574331785544523,1.474041717473638,grid_entropy,persona
704,1.574331785544523,1.574331785544523,grid_entropy,persona
705,1.574331785544523,1.4219115073546411,grid_entropy,persona
706,1.574331785544523,1.4029342381953893,grid_entropy,persona
707,1.574331785544523,1.509871837193956,grid_entropy,persona
708,1.574331785544523,1.509871837193956,grid_entropy,persona
709,1.574331785544523,1.3257847812033308,grid_entropy,persona
710,1.574331785544523,1.4098449412673983,grid_entropy,persona
711,1.574331785544523,1.4224751175914554,grid_entropy,persona
712,1.574331785544523,1.5310001550435155,grid_entropy,persona
713,1.574331785544523,1.531000155043516,grid_entropy,persona
714,1.574331785544523,1.4777468341000444,grid_entropy,persona
715,1.574331785544523,1.474041717473638,grid_entropy,persona
716,1.574331785544523,1.4509082837501823,grid_entropy,persona
717,1.574331785544523,1.5504949818133702,grid_entropy,persona
718,1.574331785544523,1.4029342381953893,grid_entropy,persona
719,1.574331785544523,1.5504949818133702,grid_entropy,persona
720,1.574331785544523,1.509871837193956,grid_entropy,persona
721,1.574331785544523,1.5504949818133702,grid_entropy,persona
722,1.574331785544523,1.3534485046116533,grid_entropy,persona
723,1.574331785544523,1.4281945908435036,grid_entropy,persona
724,1.574331785544523,1.4777468341000444,grid_entropy,persona
725,1.574331785544523,1.474041717473638,grid_entropy,persona
726,1.574331785544523,1.531000155043516,grid_entropy,persona
727,1.574331785544523,1.214295263080721,grid_entropy,persona
728,1.574331785544523,1.5504949818133702,grid_entropy,persona
729,1.574331785544523,1.5821930667351332,grid_entropy,persona
730,1.574331785544523,1.5203750945933545,grid_entropy,persona
731,1.574331785544523,1.214295263080721,grid_entropy,persona
732,1.574331785544523,1.4098449412673983,grid_entropy,persona
733,1.574331785544523,1.5821930667351332,grid_entropy,persona
734,1.574331785544523,1.5203750945933545,grid_entropy,persona
735,1.574331785544523,1.509871837193956,grid_entropy,persona
736,1.574331785544523,1.4219115073546411,grid_entropy,persona
737,1.574331785544523,1.4029342381953893,grid_entropy,persona
738,1.574331785544523,1.474041717473638,grid_entropy,persona
739,1.574331785544523,1.4219115073546411,grid_entropy,persona
740,1.574331785544523,1.3249692858267144,grid_entropy,persona
741,1.574331785544523,1.565340216174067,grid_entropy,persona
742,1.574331785544523,1.4029342381953893,grid_entropy,persona
743,1.574331785544523,1.509871837193956,grid_entropy,persona
744,1.574331785544523,1.5504949818133702,grid_entropy,persona
745,1.574331785544523,1.4029342381953893,grid_entropy,persona
746,1.574331785544523,1.5504949818133702,grid_entropy,persona
747,1.574331785544523,1.509871837193956,grid_entropy,persona
748,1.574331785544523,1.574331785544523,grid_entropy,persona
749,1.574331785544523,1.3534485046116533,grid_entropy,persona
750,1.574331785544523,1.5504949818133702,grid_entropy,persona
751,1.574331785544523,1.3015742892816131,grid_entropy,persona
752,1.574331785544523,1.4224751175914554,grid_entropy,persona
753,1.574331785544523,1.574331785544523,grid_entropy,persona
754,1.574331785544523,1.5504949818133702,grid_entropy,persona
755,1.574331785544523,1.4098449412673983,grid_entropy,persona
756,1.574331785544523,1.4098449412673983,grid_entropy,persona
757,1.574331785544523,1.5203750945933545,grid_entropy,persona
758,1.574331785544523,1.491013870758994,grid_entropy,persona
759,1.574331785544523,1.5203750945933545,grid_entropy,persona
760,1.574331785544523,1.509871837193956,grid_entropy,persona
761,1.574331785544523,1.5379841082136025,grid_entropy,persona
762,1.574331785544523,1.565340216174067,grid_entropy,persona
763,1.574331785544523,1.4219115073546411,grid_entropy,persona
764,1.574331785544523,1.5821930667351334,grid_entropy,persona
765,1.574331785544523,1.4029342381953893,grid_entropy,persona
766,1.574331785544523,1.565340216174067,grid_entropy,persona
767,1.574331785544523,1.5379841082136025,grid_entropy,persona
768,1.574331785544523,1.4029342381953893,grid_entropy,persona
769,1.574331785544523,1.574331785544523,grid_entropy,persona
770,1.574331785544523,1.4098449412673983,grid_entropy,persona
771,1.574331785544523,1.574331785544523,grid_entropy,persona
772,1.574331785544523,1.509871837193956,grid_entropy,persona
773,1.574331785544523,1.474041717473638,grid_entropy,persona
774,1.574331785544523,1.491013870758994,grid_entropy,persona
775,1.574331785544523,1.574331785544523,grid_entropy,persona
776,1.574331785544523,1.5203750945933545,grid_entropy,persona
777,1.574331785544523,1.4098449412673983,grid_entropy,persona
778,1.574331785544523,1.4098449412673983,grid_entropy,persona
779,1.574331785544523,1.491013870758994,grid_entropy,persona
780,1.574331785544523,1.474041717473638,grid_entropy,persona
781,1.574331785544523,1.4224751175914554,grid_entropy,persona
782,1.574331785544523,1.4777468341000444,grid_entropy,persona
783,1.574331785544523,1.4777468341000444,grid_entropy,persona
784,1.574331785544523,1.4098449412673983,grid_entropy,persona
785,1.574331785544523,1.491013870758994,grid_entropy,persona
786,1.574331785544523,1.509871837193956,grid_entropy,persona
787,1.574331785544523,1.4098449412673983,grid_entropy,persona
788,1.574331785544523,1.5203750945933545,grid_entropy,persona
789,1.574331785544523,1.337778097192496,grid_entropy,persona
790,1.574331785544523,1.491013870758994,grid_entropy,persona
791,1.574331785544523,1.4224751175914554,grid_entropy,persona
792,1.574331785544523,1.2646726793957221,grid_entropy,persona
793,1.574331785544523,1.3249692858267144,grid_entropy,persona
794,1.574331785544523,1.3015742892816131,grid_entropy,persona
795,1.574331785544523,1.5504949818133702,grid_entropy,persona
796,1.574331785544523,1.509871837193956,grid_entropy,persona
797,1.574331785544523,1.5416892248400091,grid_entropy,persona
798,1.574331785544523,1.491013870758994,grid_entropy,persona
799,1.574331785544523,1.2799376545731964,grid_entropy,persona
800,1.574331785544523,1.531000155043516,grid_entropy,persona
801,1.574331785544523,1.5821930667351332,grid_entropy,persona
802,1.574331785544523,1.1863929342238186,grid_entropy,persona
803,1.574331785544523,1.531000155043516,grid_entropy,persona
804,1.574331785544523,1.3015742892816131,grid_entropy,persona
805,1.574331785544523,1.4509082837501823,grid_entropy,persona
806,1.574331785544523,1.4029342381953893,grid_entropy,persona
807,1.574331785544523,1.474041717473638,grid_entropy,persona
808,1.574331785544523,1.491013870758994,grid_entropy,persona
809,1.574331785544523,1.474041717473638,grid_entropy,persona
810,1.574331785544523,1.5203750945933545,grid_entropy,persona
811,1.574331785544523,1.5653402161740673,grid_entropy,persona
812,1.574331785544523,1.5203750945933545,grid_entropy,persona
813,1.574331785544523,1.370862465083061,grid_entropy,persona
814,1.574331785544523,1.509871837193956,grid_entropy,persona
815,1.574331785544523,1.509871837193956,grid_entropy,persona
816,1.574331785544523,1.491013870758994,grid_entropy,persona
817,1.574331785544523,4.0559581516151235,grid_entropy,persona
818,1.574331785544523,1.5203750945933545,grid_entropy,persona
819,1.574331785544523,1.3249692858267144,grid_entropy,persona
820,1.574331785544523,1.574331785544523,grid_entropy,persona
821,1.574331785544523,1.5203750945933545,grid_entropy,persona
822,1.574331785544523,1.0676111603502403,grid_entropy,persona
823,1.574331785544523,1.3534485046116533,grid_entropy,persona
824,1.574331785544523,1.474041717473638,grid_entropy,persona
825,1.574331785544523,1.4029342381953893,grid_entropy,persona
826,1.574331785544523,1.4029342381953893,grid_entropy,persona
827,1.574331785544523,1.3534485046116533,grid_entropy,persona
828,1.574331785544523,1.3249692858267144,grid_entropy,persona
829,1.574331785544523,1.4219115073546411,grid_entropy,persona
830,1.574331785544523,1.474041717473638,grid_entropy,persona
831,1.574331785544523,1.2646726793957221,grid_entropy,persona
832,1.574331785544523,1.3534485046116533,grid_entropy,persona
833,1.574331785544523,1.4777468341000444,grid_entropy,persona
834,1.574331785544523,1.474041717473638,grid_entropy,persona
835,1.574331785544523,1.574331785544523,grid_entropy,persona
836,1.574331785544523,1.4098449412673983,grid_entropy,persona
837,1.574331785544523,1.4098449412673983,grid_entropy,persona
838,1.574331785544523,1.370862465083061,grid_entropy,persona
839,1.574331785544523,1.5821930667351332,grid_entropy,persona
840,1.574331785544523,1.574331785544523,grid_entropy,persona
841,1.574331785544523,1.574331785544523,grid_entropy,persona
842,1.574331785544523,1.5821930667351332,grid_entropy,persona
843,1.574331785544523,1.55049498181337,grid_entropy,persona
844,1.574331785544523,1.4098449412673983,grid_entropy,persona
845,1.574331785544523,1.5821930667351334,grid_entropy,persona
846,1.574331785544523,1.491013870758994,grid_entropy,persona
847,1.574331785544523,1.5821930667351332,grid_entropy,persona
848,1.574331785544523,1.5203750945933545,grid_entropy,persona
849,1.574331785544523,1.4029342381953893,grid_entropy,persona
850,1.574331785544523,1.4509082837501823,grid_entropy,persona
851,1.574331785544523,1.474041717473638,grid_entropy,persona
852,1.574331785544523,1.4777468341000444,grid_entropy,persona
853,1.574331785544523,1.531000155043516,grid_entropy,persona
854,1.574331785544523,1.5504949818133702,grid_entropy,persona
855,1.574331785544523,1.5203750945933545,grid_entropy,persona
856,1.574331785544523,1.3249692858267144,grid_entropy,persona
857,1.574331785544523,1.5504949818133702,grid_entropy,persona
858,1.574331785544523,1.3015742892816131,grid_entropy,persona
859,1.574331785544523,1.509871837193956,grid_entropy,persona
860,1.574331785544523,1.509871837193956,grid_entropy,persona
861,1.574331785544523,1.4281945908435036,grid_entropy,persona
862,1.574331785544523,1.509871837193956,grid_entropy,persona
863,1.574331785544523,1.5653402161740673,grid_entropy,persona
864,1.574331785544523,1.474041717473638,grid_entropy,persona
865,1.574331785544523,1.474041717473638,grid_entropy,persona
866,1.574331785544523,1.4509082837501823,grid_entropy,persona
867,1.574331785544523,1.531000155043516,grid_entropy,persona
868,1.574331785544523,1.531000155043516,grid_entropy,persona
869,1.574331785544523,1.5203750945933545,grid_entropy,persona
870,1.574331785544523,1.5504949818133702,grid_entropy,persona
871,1.574331785544523,1.4281945908435036,grid_entropy,persona
872,1.574331785544523,1.509871837193956,grid_entropy,persona
873,1.574331785544523,1.509871837193956,grid_entropy,persona
874,1.574331785544523,1.3015742892816131,grid_entropy,persona
875,1.574331785544523,1.2799376545731964,grid_entropy,persona
876,1.574331785544523,1.474041717473638,grid_entropy,persona
877,1.574331785544523,1.509871837193956,grid_entropy,persona
878,1.574331785544523,1.4098449412673983,grid_entropy,persona
879,1.574331785544523,1.4509082837501823,grid_entropy,persona
880,1.574331785544523,1.4281945908435036,grid_entropy,persona
881,1.574331785544523,1.565340216174067,grid_entropy,persona
882,1.574331785544523,1.491013870758994,grid_entropy,persona
883,1.574331785544523,1.4509082837501823,grid_entropy,persona
884,1.574331785544523,1.4219115073546411,grid_entropy,persona
885,1.574331785544523,1.491013870758994,grid_entropy,persona
886,1.574331785544523,1.491013870758994,grid_entropy,persona
887,1.574331785544523,1.5653402161740673,grid_entropy,persona
888,1.574331785544523,1.4098449412673983,grid_entropy,persona
889,1.574331785544523,1.491013870758994,grid_entropy,persona
890,1.574331785544523,1.491013870758994,grid_entropy,persona
891,1.574331785544523,1.509871837193956,grid_entropy,persona
892,1.574331785544523,1.5821930667351332,grid_entropy,persona
893,1.574331785544523,1.4777468341000444,grid_entropy,persona
894,1.574331785544523,1.5504949818133702,grid_entropy,persona
895,1.574331785544523,1.4224751175914554,grid_entropy,persona
896,1.574331785544523,1.2640886121123147,grid_entropy,persona
897,1.574331785544523,1.3015742892816131,grid_entropy,persona
898,1.574331785544523,1.5504949818133702,grid_entropy,persona
899,1.574331785544523,1.509871837193956,grid_entropy,persona
900,1.574331785544523,1.491013870758994,grid_entropy,persona
901,1.574331785544523,1.5203750945933545,grid_entropy,persona
902,1.574331785544523,1.4509082837501823,grid_entropy,persona
903,1.574331785544523,1.4281945908435036,grid_entropy,persona
904,1.574331785544523,1.4224751175914554,grid_entropy,persona
905,1.574331785544523,1.4281945908435036,grid_entropy,persona
906,1.574331785544523,1.5203750945933545,grid_entropy,persona
907,1.574331785544523,1.531000155043516,grid_entropy,persona
908,1.574331785544523,1.3534485046116533,grid_entropy,persona
909,1.574331785544523,1.5504949818133702,grid_entropy,persona
910,1.574331785544523,1.5653402161740673,grid_entropy,persona
911,1.574331785544523,1.5821930667351332,grid_entropy,persona
912,1.574331785544523,1.5653402161740673,grid_entropy,persona
913,1.574331785544523,1.55049498181337,grid_entropy,persona
914,1.574331785544523,1.1492297615162819,grid_entropy,persona
915,1.574331785544523,1.474041717473638,grid_entropy,persona
916,1.574331785544523,1.474041717473638,grid_entropy,persona
917,1.574331785544523,1.5203750945933545,grid_entropy,persona
918,1.574331785544523,1.1863929342238186,grid_entropy,persona
919,1.574331785544523,1.531000155043516,grid_entropy,persona
920,1.574331785544523,1.2799376545731964,grid_entropy,persona
921,1.574331785544523,1.5203750945933545,grid_entropy,persona
922,1.574331785544523,1.3249692858267144,grid_entropy,persona
923,1.574331785544523,1.370862465083061,grid_entropy,persona
924,1.574331785544523,1.491013870758994,grid_entropy,persona
925,1.574331785544523,1.4281945908435036,grid_entropy,persona
926,1.574331785544523,1.3249692858267144,grid_entropy,persona
927,1.574331785544523,1.4029342381953893,grid_entropy,persona
928,1.574331785544523,1.5203750945933545,grid_entropy,persona
929,1.574331785544523,1.5504949818133702,grid_entropy,persona
930,1.574331785544523,1.4219115073546411,grid_entropy,persona
931,1.574331785544523,1.5504949818133702,grid_entropy,persona
932,1.574331785544523,1.509871837193956,grid_entropy,persona
933,1.574331785544523,1.574331785544523,grid_entropy,persona
934,1.574331785544523,1.5653402161740673,grid_entropy,persona
935,1.574331785544523,1.509871837193956,grid_entropy,persona
936,1.574331785544523,1.574331785544523,grid_entropy,persona
937,1.574331785544523,1.4098449412673983,grid_entropy,persona
938,1.574331785544523,1.4777468341000444,grid_entropy,persona
939,1.574331785544523,1.4509082837501823,grid_entropy,persona
940,1.574331785544523,1.55049498181337,grid_entropy,persona
941,1.574331785544523,1.4219115073546411,grid_entropy,persona
942,1.574331785544523,1.5504949818133702,grid_entropy,persona
943,1.574331785544523,1.370862465083061,grid_entropy,persona
944,1.574331785544523,1.4224751175914554,grid_entropy,persona
945,1.574331785544523,1.3249692858267144,grid_entropy,persona
946,1.574331785544523,1.4029342381953893,grid_entropy,persona
947,1.574331785544523,1.5504949818133702,grid_entropy,persona
948,1.574331785544523,1.474041717473638,grid_entropy,persona
949,1.574331785544523,1.5653402161740673,grid_entropy,persona
950,1.574331785544523,1.370862465083061,grid_entropy,persona
951,1.574331785544523,1.370862465083061,grid_entropy,persona
952,1.574331785544523,1.491013870758994,grid_entropy,persona
953,1.574331785544523,1.531000155043516,grid_entropy,persona
954,1.574331785544523,1.4224751175914554,grid_entropy,persona
955,1.574331785544523,1.4509082837501823,grid_entropy,persona
956,1.574331785544523,1.4098449412673983,grid_entropy,persona
957,1.574331785544523,1.5504949818133702,grid_entropy,persona
958,1.574331785544523,1.4098449412673983,grid_entropy,persona
959,1.574331785544523,1.4509082837501823,grid_entropy,persona
960,1.574331785544523,1.5504949818133702,grid_entropy,persona
961,1.574331785544523,1.5203750945933545,grid_entropy,persona
962,1.574331785544523,1.4281945908435036,grid_entropy,persona
963,1.574331785544523,1.337778097192496,grid_entropy,persona
964,1.574331785544523,1.0676111603502403,grid_entropy,persona
965,1.574331785544523,1.4029342381953893,grid_entropy,persona
966,1.574331785544523,1.574331785544523,grid_entropy,persona
967,1.574331785544523,1.4219115073546411,grid_entropy,persona
968,1.574331785544523,1.4098449412673983,grid_entropy,persona
969,1.574331785544523,1.474041717473638,grid_entropy,persona
970,1.574331785544523,1.4098449412673983,grid_entropy,persona
971,1.574331785544523,1.5203750945933545,grid_entropy,persona
972,1.574331785544523,1.3249692858267144,grid_entropy,persona
973,1.574331785544523,1.4281945908435036,grid_entropy,persona
974,1.574331785544523,1.4098449412673983,grid_entropy,persona
975,1.574331785544523,1.5504949818133702,grid_entropy,persona
976,1.574331785544523,1.474041717473638,grid_entropy,persona
977,1.574331785544523,1.491013870758994,grid_entropy,persona
978,1.574331785544523,1.4777468341000444,grid_entropy,persona
979,1.574331785544523,1.3516292011348525,grid_entropy,persona
980,1.574331785544523,1.5821930667351332,grid_entropy,persona
981,1.574331785544523,1.474041717473638,grid_entropy,persona
982,1.574331785544523,1.4509082837501823,grid_entropy,persona
983,1.574331785544523,1.1625633078480364,grid_entropy,persona
984,1.574331785544523,1.531000155043516,grid_entropy,persona
985,1.574331785544523,1.4777468341000444,grid_entropy,persona
986,1.574331785544523,1.474041717473638,grid_entropy,persona
987,1.574331785544523,1.5310001550435155,grid_entropy,persona
988,1.574331785544523,1.5379841082136025,grid_entropy,persona
989,1.574331785544523,1.474041717473638,grid_entropy,persona
990,1.574331785544523,1.4777468341000444,grid_entropy,persona
991,1.574331785544523,1.370862465083061,grid_entropy,persona
992,1.574331785544523,1.474041717473638,grid_entropy,persona
993,1.574331785544523,1.3534485046116533,grid_entropy,persona
994,1.574331785544523,1.4219115073546411,grid_entropy,persona
995,1.574331785544523,1.4029342381953893,grid_entropy,persona
996,1.574331785544523,1.4509082837501823,grid_entropy,persona
997,1.574331785544523,1.4029342381953893,grid_entropy,persona
998,1.574331785544523,1.4777468341000444,grid_entropy,persona
999,1.574331785544523,1.2799376545731964,grid_entropy,persona
0,0.11007438735528426,0.08751440319147977,mst_dispersion,persona
1,0.11007438735528426,0.08689583160660484,mst_dispersion,persona
2,0.11007438735528426,0.08860824053937738,mst_dispersion,persona
3,0.11007438735528426,0.09747517108917236,mst_dispersion,persona
4,0.11007438735528426,0.11399760300462897,mst_dispersion,persona
5,0.11007438735528426,0.0741026916287162,mst_dispersion,persona
6,0.11007438735528426,0.07847225666046143,mst_dispersion,persona
7,0.11007438735528426,0.09358802979642694,mst_dispersion,persona
8,0.11007438735528426,0.09479929642243819,mst_dispersion,persona
9,0.11007438735528426,0.08869634704156355,mst_dispersion,persona
10,0.11007438735528426,0.08932191675359552,mst_dispersion,persona
11,0.11007438735528426,0.07893102819269354,mst_dispersion,persona
12,0.11007438735528426,0.09002796899188649,mst_dispersion,persona
13,0.11007438735528426,0.07903854955326427,mst_dispersion,persona
14,0.11007438735528426,0.09528515826572072,mst_dispersion,persona
15,0.11007438735528426,0.09265501390803944,mst_dispersion,persona
16,0.11007438735528426,0.0710447457703677,mst_dispersion,persona
17,0.11007438735528426,0.09175729209726508,mst_dispersion,persona
18,0.11007438735528426,0.06740566004406322,mst_dispersion,persona
19,0.11007438735528426,0.06956934116103432,mst_dispersion,persona
20,0.11007438735528426,0.1113807125525041,mst_dispersion,persona
21,0.11007438735528426,0.10486471111124213,mst_dispersion,persona
22,0.11007438735528426,0.08706690777431834,mst_dispersion,persona
23,0.11007438735528426,0.10077940333973277,mst_dispersion,persona
24,0.11007438735528426,0.08426554636521773,mst_dispersion,persona
25,0.11007438735528426,0.10203508084470575,mst_dispersion,persona
26,0.11007438735528426,0.09234708005731757,mst_dispersion,persona
27,0.11007438735528426,0.10297695886005055,mst_dispersion,persona
28,0.11007438735528426,0.08126011490821838,mst_dispersion,persona
29,0.11007438735528426,0.07215146043083885,mst_dispersion,persona
30,0.11007438735528426,0.07925972071560947,mst_dispersion,persona
31,0.11007438735528426,0.09702698750929399,mst_dispersion,persona
32,0.11007438735528426,0.08229151097210971,mst_dispersion,persona
33,0.11007438735528426,0.0977224436673251,mst_dispersion,persona
34,0.11007438735528426,0.09202413396401839,mst_dispersion,persona
35,0.11007438735528426,0.08437581766735423,mst_dispersion,persona
36,0.11007438735528426,0.07437966628508134,mst_dispersion,persona
37,0.11007438735528426,0.09048766981471669,mst_dispersion,persona
38,0.11007438735528426,0.08407674323428761,mst_dispersion,persona
39,0.11007438735528426,0.10114145008000461,mst_dispersion,persona
40,0.11007438735528426,0.09266386790709062,mst_dispersion,persona
41,0.11007438735528426,0.07774352756413547,mst_dispersion,persona
42,0.11007438735528426,0.08327512849460948,mst_dispersion,persona
43,0.11007438735528426,0.08088239485567267,mst_dispersion,persona
44,0.11007438735528426,0.09842556715011597,mst_dispersion,persona
45,0.11007438735528426,0.06969166885722768,mst_dispersion,persona
46,0.11007438735528426,0.09130955013361844,mst_dispersion,persona
47,0.11007438735528426,0.08023999766869978,mst_dispersion,persona
48,0.11007438735528426,0.09141646190123125,mst_dispersion,persona
49,0.11007438735528426,0.08416639945723793,mst_dispersion,persona
50,0.11007438735528426,0.08847484534437006,mst_dispersion,persona
51,0.11007438735528426,0.07805863293734464,mst_dispersion,persona
52,0.11007438735528426,0.08019648356871172,mst_dispersion,persona
53,0.11007438735528426,0.09162444418126886,mst_dispersion,persona
54,0.11007438735528426,0.08137426593086937,mst_dispersion,persona
55,0.11007438735528426,0.083808649669994,mst_dispersion,persona
56,0.11007438735528426,0.0805649080059745,mst_dispersion,persona
57,0.11007438735528426,0.08817110007459467,mst_dispersion,persona
58,0.11007438735528426,0.1030463847247037,mst_dispersion,persona
59,0.11007438735528426,0.08800519596446645,mst_dispersion,persona
60,0.11007438735528426,0.08548551797866821,mst_dispersion,persona
61,0.11007438735528426,0.07835078781301325,mst_dispersion,persona
62,0.11007438735528426,0.09764116460626776,mst_dispersion,persona
63,0.11007438735528426,0.09544073993509467,mst_dispersion,persona
64,0.11007438735528426,0.07415889339013533,mst_dispersion,persona
65,0.11007438735528426,0.10703453963453119,mst_dispersion,persona
66,0.11007438735528426,0.08739324591376564,mst_dispersion,persona
67,0.11007438735528426,0.08726871555501764,mst_dispersion,persona
68,0.11007438735528426,0.07770421288230202,mst_dispersion,persona
69,0.11007438735528426,0.0662448920986869,mst_dispersion,persona
70,0.11007438735528426,0.09391966733065518,mst_dispersion,persona
71,0.11007438735528426,0.09162378040227023,mst_dispersion,persona
72,0.11007438735528426,0.08180254155939276,mst_dispersion,persona
73,0.11007438735528426,0.08839200030673634,mst_dispersion,persona
74,0.11007438735528426,0.07068874077363448,mst_dispersion,persona
75,0.11007438735528426,0.09713334116068753,mst_dispersion,persona
76,0.11007438735528426,0.07367116754705255,mst_dispersion,persona
77,0.11007438735528426,0.10340874574401161,mst_dispersion,persona
78,0.11007438735528426,0.07677505774931474,mst_dispersion,persona
79,0.11007438735528426,0.1007212915203788,mst_dispersion,persona
80,0.11007438735528426,0.0736246786334298,mst_dispersion,persona
81,0.11007438735528426,0.07610129226337779,mst_dispersion,persona
82,0.11007438735528426,0.08446108482100746,mst_dispersion,persona
83,0.11007438735528426,0.08536270802671259,mst_dispersion,persona
84,0.11007438735528426,0.07526691664348949,mst_dispersion,persona
85,0.11007438735528426,0.0796006674116308,mst_dispersion,persona
86,0.11007438735528426,0.07240414619445801,mst_dispersion,persona
87,0.11007438735528426,0.08834732662547719,mst_dispersion,persona
88,0.11007438735528426,0.09345452622933821,mst_dispersion,persona
89,0.11007438735528426,0.08503567901524631,mst_dispersion,persona
90,0.11007438735528426,0.09022732756354591,mst_dispersion,persona
91,0.11007438735528426,0.07678119973702864,mst_dispersion,persona
92,0.11007438735528426,0.09815938364375722,mst_dispersion,persona
93,0.11007438735528426,0.07716055620800365,mst_dispersion,persona
94,0.11007438735528426,0.06730976700782776,mst_dispersion,persona
95,0.11007438735528426,0.0851565193046223,mst_dispersion,persona
96,0.11007438735528426,0.0808377509767359,mst_dispersion,persona
97,0.11007438735528426,0.08778468858111989,mst_dispersion,persona
98,0.11007438735528426,0.08450244231657549,mst_dispersion,persona
99,0.11007438735528426,0.0790895006873391,mst_dispersion,persona
100,0.11007438735528426,0.07898894765160301,mst_dispersion,persona
101,0.11007438735528426,0.08739746700633656,mst_dispersion,persona
102,0.11007438735528426,0.08492199670184743,mst_dispersion,persona
103,0.11007438735528426,0.09140272844921458,mst_dispersion,persona
104,0.11007438735528426,0.08601970293305138,mst_dispersion,persona
105,0.11007438735528426,0.08351156115531921,mst_dispersion,persona
106,0.11007438735528426,0.09579530087384311,mst_dispersion,persona
107,0.11007438735528426,0.08831449259411205,mst_dispersion,persona
108,0.11007438735528426,0.07611569491299716,mst_dispersion,persona
109,0.11007438735528426,0.09221311861818487,mst_dispersion,persona
110,0.11007438735528426,0.07008441198955882,mst_dispersion,persona
111,0.11007438735528426,0.08961018919944763,mst_dispersion,persona
112,0.11007438735528426,0.08189924738623879,mst_dispersion,persona
113,0.11007438735528426,0.08657479286193848,mst_dispersion,persona
114,0.11007438735528426,0.08291306007992137,mst_dispersion,persona
115,0.11007438735528426,0.10033713416619734,mst_dispersion,persona
116,0.11007438735528426,0.10170253840359775,mst_dispersion,persona
117,0.11007438735528426,0.09542436491359364,mst_dispersion,persona
118,0.11007438735528426,0.09113051945512946,mst_dispersion,persona
119,0.11007438735528426,0.09269358082251115,mst_dispersion,persona
120,0.11007438735528426,0.08057627623731439,mst_dispersion,persona
121,0.11007438735528426,0.09701771627772938,mst_dispersion,persona
122,0.11007438735528426,0.08918514847755432,mst_dispersion,persona
123,0.11007438735528426,0.0932192937894301,mst_dispersion,persona
124,0.11007438735528426,0.10283736207268455,mst_dispersion,persona
125,0.11007438735528426,0.09723070805723016,mst_dispersion,persona
126,0.11007438735528426,0.08516509966416792,mst_dispersion,persona
127,0.11007438735528426,0.08167111873626709,mst_dispersion,persona
128,0.11007438735528426,0.08112687956203114,mst_dispersion,persona
129,0.11007438735528426,0.10665188052437523,mst_dispersion,persona
130,0.11007438735528426,0.08729053898291154,mst_dispersion,persona
131,0.11007438735528426,0.09769007834521207,mst_dispersion,persona
132,0.11007438735528426,0.08892784335396507,mst_dispersion,persona
133,0.11007438735528426,0.08623573184013367,mst_dispersion,persona
134,0.11007438735528426,0.0956496840173548,mst_dispersion,persona
135,0.11007438735528426,0.08971274982799184,mst_dispersion,persona
136,0.11007438735528426,0.07902693748474121,mst_dispersion,persona
137,0.11007438735528426,0.08773348277265375,mst_dispersion,persona
138,0.11007438735528426,0.10375800999728116,mst_dispersion,persona
139,0.11007438735528426,0.09129460833289406,mst_dispersion,persona
140,0.11007438735528426,0.07137042013081638,mst_dispersion,persona
141,0.11007438735528426,0.09958172386342828,mst_dispersion,persona
142,0.11007438735528426,0.08106486092914235,mst_dispersion,persona
143,0.11007438735528426,0.0896833755753257,mst_dispersion,persona
144,0.11007438735528426,0.07830251617865129,mst_dispersion,persona
145,0.11007438735528426,0.08060027794404463,mst_dispersion,persona
146,0.11007438735528426,0.09631912003863942,mst_dispersion,persona
147,0.11007438735528426,0.07478871670636264,mst_dispersion,persona
148,0.11007438735528426,0.09987638213417747,mst_dispersion,persona
149,0.11007438735528426,0.10054044831882823,mst_dispersion,persona
150,0.11007438735528426,0.0939698571508581,mst_dispersion,persona
151,0.11007438735528426,0.09685534780675714,mst_dispersion,persona
152,0.11007438735528426,0.07841892675919966,mst_dispersion,persona
153,0.11007438735528426,0.08434643257747997,mst_dispersion,persona
154,0.11007438735528426,0.06852302768013695,mst_dispersion,persona
155,0.11007438735528426,0.0955497378652746,mst_dispersion,persona
156,0.11007438735528426,0.07928340272469954,mst_dispersion,persona
157,0.11007438735528426,0.09616908160122958,mst_dispersion,persona
158,0.11007438735528426,0.07501457225192677,mst_dispersion,persona
159,0.11007438735528426,0.10224517638033087,mst_dispersion,persona
160,0.11007438735528426,0.09165336868979714,mst_dispersion,persona
161,0.11007438735528426,0.07950854301452637,mst_dispersion,persona
162,0.11007438735528426,0.0924306024204601,mst_dispersion,persona
163,0.11007438735528426,0.08629444512453946,mst_dispersion,persona
164,0.11007438735528426,0.07296351952986284,mst_dispersion,persona
165,0.11007438735528426,0.09008796919475902,mst_dispersion,persona
166,0.11007438735528426,0.08204100890593095,mst_dispersion,persona
167,0.11007438735528426,0.09287833625620062,mst_dispersion,persona
168,0.11007438735528426,0.09680705991658298,mst_dispersion,persona
169,0.11007438735528426,0.09406228769909251,mst_dispersion,persona
170,0.11007438735528426,0.07614161751487038,mst_dispersion,persona
171,0.11007438735528426,0.0957213125445626,mst_dispersion,persona
172,0.11007438735528426,0.08093599839643999,mst_dispersion,persona
173,0.11007438735528426,0.08772873065688393,mst_dispersion,persona
174,0.11007438735528426,0.07246117700229991,mst_dispersion,persona
175,0.11007438735528426,0.08632009408690712,mst_dispersion,persona
176,0.11007438735528426,0.07534296675161882,mst_dispersion,persona
177,0.11007438735528426,0.09109652313319119,mst_dispersion,persona
178,0.11007438735528426,0.09838907556100325,mst_dispersion,persona
179,0.11007438735528426,0.08060533892024647,mst_dispersion,persona
180,0.11007438735528426,0.07391525127670982,mst_dispersion,persona
181,0.11007438735528426,0.08197158033197577,mst_dispersion,persona
182,0.11007438735528426,0.07078119028698314,mst_dispersion,persona
183,0.11007438735528426,0.09108973362229088,mst_dispersion,persona
184,0.11007438735528426,0.0854256044734608,mst_dispersion,persona
185,0.11007438735528426,0.0858800167387182,mst_dispersion,persona
186,0.11007438735528426,0.08774840560826389,mst_dispersion,persona
187,0.11007438735528426,0.08273092183199796,mst_dispersion,persona
188,0.11007438735528426,0.08871354840018532,mst_dispersion,persona
189,0.11007438735528426,0.08573238958011974,mst_dispersion,persona
190,0.11007438735528426,0.0811702934178439,mst_dispersion,persona
191,0.11007438735528426,0.08637706258080223,mst_dispersion,persona
192,0.11007438735528426,0.08687244762073863,mst_dispersion,persona
193,0.11007438735528426,0.07208211313594472,mst_dispersion,persona
194,0.11007438735528426,0.06929916143417358,mst_dispersion,persona
195,0.11007438735528426,0.07603719830513,mst_dispersion,persona
196,0.11007438735528426,0.09647951071912592,mst_dispersion,persona
197,0.11007438735528426,0.07993466745723378,mst_dispersion,persona
198,0.11007438735528426,0.09175994721325961,mst_dispersion,persona
199,0.11007438735528426,0.08376372944224965,mst_dispersion,persona
200,0.11007438735528426,0.098584538156336,mst_dispersion,persona
201,0.11007438735528426,0.08780900456688621,mst_dispersion,persona
202,0.11007438735528426,0.09750442071394487,mst_dispersion,persona
203,0.11007438735528426,0.08375419540838762,mst_dispersion,persona
204,0.11007438735528426,0.0940898060798645,mst_dispersion,persona
205,0.11007438735528426,0.09922520409930836,mst_dispersion,persona
206,0.11007438735528426,0.09131047942421654,mst_dispersion,persona
207,0.11007438735528426,0.08401248671791771,mst_dispersion,persona
208,0.11007438735528426,0.08297511122443459,mst_dispersion,persona
209,0.11007438735528426,0.08184227076443759,mst_dispersion,persona
210,0.11007438735528426,0.10022301836447282,mst_dispersion,persona
211,0.11007438735528426,0.07055353576486761,mst_dispersion,persona
212,0.11007438735528426,0.0787229835987091,mst_dispersion,persona
213,0.11007438735528426,0.09258338809013367,mst_dispersion,persona
214,0.11007438735528426,0.0883851945400238,mst_dispersion,persona
215,0.11007438735528426,0.09751815687526356,mst_dispersion,persona
216,0.11007438735528426,0.0825741020115939,mst_dispersion,persona
217,0.11007438735528426,0.08923221718181264,mst_dispersion,persona
218,0.11007438735528426,0.08286800980567932,mst_dispersion,persona
219,0.11007438735528426,0.1108666793866591,mst_dispersion,persona
220,0.11007438735528426,0.08019221370870416,mst_dispersion,persona
221,0.11007438735528426,0.07512820579788902,mst_dispersion,persona
222,0.11007438735528426,0.07803334160284563,mst_dispersion,persona
223,0.11007438735528426,0.08196256648410451,mst_dispersion,persona
224,0.11007438735528426,0.08231134577230974,mst_dispersion,persona
225,0.11007438735528426,0.08230167356404391,mst_dispersion,persona
226,0.11007438735528426,0.0876460535959764,mst_dispersion,persona
227,0.11007438735528426,0.08989796313372525,mst_dispersion,persona
228,0.11007438735528426,0.08063876357945529,mst_dispersion,persona
229,0.11007438735528426,0.08137511665170843,mst_dispersion,persona
230,0.11007438735528426,0.10119932077147743,mst_dispersion,persona
231,0.11007438735528426,0.09654122320088473,mst_dispersion,persona
232,0.11007438735528426,0.10726939277215437,mst_dispersion,persona
233,0.11007438735528426,0.07847122170708397,mst_dispersion,persona
234,0.11007438735528426,0.08352752436291087,mst_dispersion,persona
235,0.11007438735528426,0.07670852541923523,mst_dispersion,persona
236,0.11007438735528426,0.07168534669009122,mst_dispersion,persona
237,0.11007438735528426,0.09164719960906288,mst_dispersion,persona
238,0.11007438735528426,0.09781405058774081,mst_dispersion,persona
239,0.11007438735528426,0.08816602013327858,mst_dispersion,persona
240,0.11007438735528426,0.0765602399002422,mst_dispersion,persona
241,0.11007438735528426,0.095230140469291,mst_dispersion,persona
242,0.11007438735528426,0.08098525621674278,mst_dispersion,persona
243,0.11007438735528426,0.10215549848296425,mst_dispersion,persona
244,0.11007438735528426,0.09271791848269376,mst_dispersion,persona
245,0.11007438735528426,0.08870687538927252,mst_dispersion,persona
246,0.11007438735528426,0.09185843847014687,mst_dispersion,persona
247,0.11007438735528426,0.09007508646358144,mst_dispersion,persona
248,0.11007438735528426,0.084572279995138,mst_dispersion,persona
249,0.11007438735528426,0.07659459655935114,mst_dispersion,persona
250,0.11007438735528426,0.08186008442531932,mst_dispersion,persona
251,0.11007438735528426,0.0851985053582625,mst_dispersion,persona
252,0.11007438735528426,0.08853036165237427,mst_dispersion,persona
253,0.11007438735528426,0.08434624292633751,mst_dispersion,persona
254,0.11007438735528426,0.07755917039784518,mst_dispersion,persona
255,0.11007438735528426,0.08496863733638417,mst_dispersion,persona
256,0.11007438735528426,0.08490796522660689,mst_dispersion,persona
257,0.11007438735528426,0.07731513272632252,mst_dispersion,persona
258,0.11007438735528426,0.08530757914889943,mst_dispersion,persona
259,0.11007438735528426,0.09718050739981911,mst_dispersion,persona
260,0.11007438735528426,0.09061626954512163,mst_dispersion,persona
261,0.11007438735528426,0.08034526218067516,mst_dispersion,persona
262,0.11007438735528426,0.07236547361720692,mst_dispersion,persona
263,0.11007438735528426,0.0809027769348838,mst_dispersion,persona
264,0.11007438735528426,0.09346326643770392,mst_dispersion,persona
265,0.11007438735528426,0.08975829861380837,mst_dispersion,persona
266,0.11007438735528426,0.06180779229510914,mst_dispersion,persona
267,0.11007438735528426,0.09729913960803639,mst_dispersion,persona
268,0.11007438735528426,0.07770087231289256,mst_dispersion,persona
269,0.11007438735528426,0.0796355740590529,mst_dispersion,persona
270,0.11007438735528426,0.07040510665286671,mst_dispersion,persona
271,0.11007438735528426,0.07028351317752492,mst_dispersion,persona
272,0.11007438735528426,0.0960345295342532,mst_dispersion,persona
273,0.11007438735528426,0.09842468933625655,mst_dispersion,persona
274,0.11007438735528426,0.08638255162672563,mst_dispersion,persona
275,0.11007438735528426,0.07628967274319041,mst_dispersion,persona
276,0.11007438735528426,0.08056209575046193,mst_dispersion,persona
277,0.11007438735528426,0.07873011719096791,mst_dispersion,persona
278,0.11007438735528426,0.08579101887616244,mst_dispersion,persona
279,0.11007438735528426,0.0921109833500602,mst_dispersion,persona
280,0.11007438735528426,0.08069263263182207,mst_dispersion,persona
281,0.11007438735528426,0.08580886233936656,mst_dispersion,persona
282,0.11007438735528426,0.07567563652992249,mst_dispersion,persona
283,0.11007438735528426,0.09392204067923805,mst_dispersion,persona
284,0.11007438735528426,0.09260637109929865,mst_dispersion,persona
285,0.11007438735528426,0.0829441872510043,mst_dispersion,persona
286,0.11007438735528426,0.08948984471234409,mst_dispersion,persona
287,0.11007438735528426,0.09132752093401822,mst_dispersion,persona
288,0.11007438735528426,0.09673542326146906,mst_dispersion,persona
289,0.11007438735528426,0.09577043489976363,mst_dispersion,persona
290,0.11007438735528426,0.08646159009499983,mst_dispersion,persona
291,0.11007438735528426,0.08729997006329623,mst_dispersion,persona
292,0.11007438735528426,0.08988189968195828,mst_dispersion,persona
293,0.11007438735528426,0.08967405557632446,mst_dispersion,persona
294,0.11007438735528426,0.10594870556484569,mst_dispersion,persona
295,0.11007438735528426,0.0887920693917708,mst_dispersion,persona
296,0.11007438735528426,0.10227190906351263,mst_dispersion,persona
297,0.11007438735528426,0.09046851234002547,mst_dispersion,persona
298,0.11007438735528426,0.09359746900471774,mst_dispersion,persona
299,0.11007438735528426,0.08296444470232184,mst_dispersion,persona
300,0.11007438735528426,0.09397455237128517,mst_dispersion,persona
301,0.11007438735528426,0.08399675380099904,mst_dispersion,persona
302,0.11007438735528426,0.08208143982020291,mst_dispersion,persona
303,0.11007438735528426,0.09313510493798689,mst_dispersion,persona
304,0.11007438735528426,0.09198890220035207,mst_dispersion,persona
305,0.11007438735528426,0.08642782135443254,mst_dispersion,persona
306,0.11007438735528426,0.07849155772816051,mst_dispersion,persona
307,0.11007438735528426,0.07428999109701677,mst_dispersion,persona
308,0.11007438735528426,0.08201122283935547,mst_dispersion,persona
309,0.11007438735528426,0.07011051882397044,mst_dispersion,persona
310,0.11007438735528426,0.10255513137037103,mst_dispersion,persona
311,0.11007438735528426,0.07703065330331976,mst_dispersion,persona
312,0.11007438735528426,0.08854970877820795,mst_dispersion,persona
313,0.11007438735528426,0.0632809346372431,mst_dispersion,persona
314,0.11007438735528426,0.09108571843667464,mst_dispersion,persona
315,0.11007438735528426,0.07603331045670943,mst_dispersion,persona
316,0.11007438735528426,0.09043041413480585,mst_dispersion,persona
317,0.11007438735528426,0.08145002072507684,mst_dispersion,persona
318,0.11007438735528426,0.09527369249950755,mst_dispersion,persona
319,0.11007438735528426,0.09286420182748274,mst_dispersion,persona
320,0.11007438735528426,0.09510740908709439,mst_dispersion,persona
321,0.11007438735528426,0.06231036240404302,mst_dispersion,persona
322,0.11007438735528426,0.10531569069082086,mst_dispersion,persona
323,0.11007438735528426,0.08561884273182262,mst_dispersion,persona
324,0.11007438735528426,0.07699298858642578,mst_dispersion,persona
325,0.11007438735528426,0.09028654477813026,mst_dispersion,persona
326,0.11007438735528426,0.0674943056973544,mst_dispersion,persona
327,0.11007438735528426,0.08623947338624434,mst_dispersion,persona
328,0.11007438735528426,0.06810255484147505,mst_dispersion,persona
329,0.11007438735528426,0.08720013499259949,mst_dispersion,persona
330,0.11007438735528426,0.10790756886655634,mst_dispersion,persona
331,0.11007438735528426,0.09466071291403337,mst_dispersion,persona
332,0.11007438735528426,0.08741118691184303,mst_dispersion,persona
333,0.11007438735528426,0.08885946327989752,mst_dispersion,persona
334,0.11007438735528426,0.07799654657190497,mst_dispersion,persona
335,0.11007438735528426,0.07433965260332281,mst_dispersion,persona
336,0.11007438735528426,0.10020765662193298,mst_dispersion,persona
337,0.11007438735528426,0.07567463679747148,mst_dispersion,persona
338,0.11007438735528426,0.0932562378319827,mst_dispersion,persona
339,0.11007438735528426,0.08625521984967319,mst_dispersion,persona
340,0.11007438735528426,0.08134636824781244,mst_dispersion,persona
341,0.11007438735528426,0.08014389872550964,mst_dispersion,persona
342,0.11007438735528426,0.08472610874609514,mst_dispersion,persona
343,0.11007438735528426,0.08966545896096663,mst_dispersion,persona
344,0.11007438735528426,0.10503941774368286,mst_dispersion,persona
345,0.11007438735528426,0.09844070402058688,mst_dispersion,persona
346,0.11007438735528426,0.09508571299639615,mst_dispersion,persona
347,0.11007438735528426,0.10589662194252014,mst_dispersion,persona
348,0.11007438735528426,0.07640719142827121,mst_dispersion,persona
349,0.11007438735528426,0.09113917296583002,mst_dispersion,persona
350,0.11007438735528426,0.08641035990281538,mst_dispersion,persona
351,0.11007438735528426,0.09915462407198819,mst_dispersion,persona
352,0.11007438735528426,0.09326282956383446,mst_dispersion,persona
353,0.11007438735528426,0.0936919396573847,mst_dispersion,persona
354,0.11007438735528426,0.09154134175994179,mst_dispersion,persona
355,0.11007438735528426,0.10311837629838423,mst_dispersion,persona
356,0.11007438735528426,0.08871655843474648,mst_dispersion,persona
357,0.11007438735528426,0.09185606783086603,mst_dispersion,persona
358,0.11007438735528426,0.07265234264460477,mst_dispersion,persona
359,0.11007438735528426,0.07232556288892572,mst_dispersion,persona
360,0.11007438735528426,0.09162708575075323,mst_dispersion,persona
361,0.11007438735528426,0.09743280031464317,mst_dispersion,persona
362,0.11007438735528426,0.09434619275006381,mst_dispersion,persona
363,0.11007438735528426,0.07117254354737022,mst_dispersion,persona
364,0.11007438735528426,0.07766499573534186,mst_dispersion,persona
365,0.11007438735528426,0.08499700914729726,mst_dispersion,persona
366,0.11007438735528426,0.07740475372834639,mst_dispersion,persona
367,0.11007438735528426,0.09230322729457509,mst_dispersion,persona
368,0.11007438735528426,0.08880004828626459,mst_dispersion,persona
369,0.11007438735528426,0.07989135926420038,mst_dispersion,persona
370,0.11007438735528426,0.09011112018065019,mst_dispersion,persona
371,0.11007438735528426,0.08536671508442271,mst_dispersion,persona
372,0.11007438735528426,0.08767470446499911,mst_dispersion,persona
373,0.11007438735528426,0.09718873825940219,mst_dispersion,persona
374,0.11007438735528426,0.10547360235994513,mst_dispersion,persona
375,0.11007438735528426,0.08719908920201389,mst_dispersion,persona
376,0.11007438735528426,0.09760304472663185,mst_dispersion,persona
377,0.11007438735528426,0.08274680376052856,mst_dispersion,persona
378,0.11007438735528426,0.09037406065247276,mst_dispersion,persona
379,0.11007438735528426,0.0894176878712394,mst_dispersion,persona
380,0.11007438735528426,0.08461852507157759,mst_dispersion,persona
381,0.11007438735528426,0.10477367585355585,mst_dispersion,persona
382,0.11007438735528426,0.08598739721558311,mst_dispersion,persona
383,0.11007438735528426,0.08042910424145785,mst_dispersion,persona
384,0.11007438735528426,0.07970501617951826,mst_dispersion,persona
385,0.11007438735528426,0.09142883257432417,mst_dispersion,persona
386,0.11007438735528426,0.0860844227400693,mst_dispersion,persona
387,0.11007438735528426,0.08171605251052162,mst_dispersion,persona
388,0.11007438735528426,0.08771935647184198,mst_dispersion,persona
389,0.11007438735528426,0.1002144840630618,mst_dispersion,persona
390,0.11007438735528426,0.09858763217926025,mst_dispersion,persona
391,0.11007438735528426,0.08079008893533186,mst_dispersion,persona
392,0.11007438735528426,0.07846155762672424,mst_dispersion,persona
393,0.11007438735528426,0.08948173848065463,mst_dispersion,persona
394,0.11007438735528426,0.08722675930369984,mst_dispersion,persona
395,0.11007438735528426,0.07209959084337408,mst_dispersion,persona
396,0.11007438735528426,0.07477707212621515,mst_dispersion,persona
397,0.11007438735528426,0.07508791034871881,mst_dispersion,persona
398,0.11007438735528426,0.09596946293657477,mst_dispersion,persona
399,0.11007438735528426,0.08360872485420921,mst_dispersion,persona
400,0.11007438735528426,0.0986335277557373,mst_dispersion,persona
401,0.11007438735528426,0.08206509731032631,mst_dispersion,persona
402,0.11007438735528426,0.10344015468250621,mst_dispersion,persona
403,0.11007438735528426,0.09075750546021895,mst_dispersion,persona
404,0.11007438735528426,0.0688161551952362,mst_dispersion,persona
405,0.11007438735528426,0.09918328306891701,mst_dispersion,persona
406,0.11007438735528426,0.07854532382704994,mst_dispersion,persona
407,0.11007438735528426,0.08214451779018749,mst_dispersion,persona
408,0.11007438735528426,0.06868917833675038,mst_dispersion,persona
409,0.11007438735528426,0.10586556792259216,mst_dispersion,persona
410,0.11007438735528426,0.10119313543493097,mst_dispersion,persona
411,0.11007438735528426,0.09812933748418634,mst_dispersion,persona
412,0.11007438735528426,0.07007361271164635,mst_dispersion,persona
413,0.11007438735528426,0.08845255591652611,mst_dispersion,persona
414,0.11007438735528426,0.08600858395749872,mst_dispersion,persona
415,0.11007438735528426,0.08172547004439613,mst_dispersion,persona
416,0.11007438735528426,0.09747551787983287,mst_dispersion,persona
417,0.11007438735528426,0.10073854977434332,mst_dispersion,persona
418,0.11007438735528426,0.0739256197755987,mst_dispersion,persona
419,0.11007438735528426,0.0781900557604703,mst_dispersion,persona
420,0.11007438735528426,0.09039358388293874,mst_dispersion,persona
421,0.11007438735528426,0.10001127286390825,mst_dispersion,persona
422,0.11007438735528426,0.08504892208359459,mst_dispersion,persona
423,0.11007438735528426,0.08346625078808177,mst_dispersion,persona
424,0.11007438735528426,0.08727007020603526,mst_dispersion,persona
425,0.11007438735528426,0.06885216181928461,mst_dispersion,persona
426,0.11007438735528426,0.08760968121615323,mst_dispersion,persona
427,0.11007438735528426,0.07573653080246666,mst_dispersion,persona
428,0.11007438735528426,0.07989823547276584,mst_dispersion,persona
429,0.11007438735528426,0.07997948202219876,mst_dispersion,persona
430,0.11007438735528426,0.07955836707895453,mst_dispersion,persona
431,0.11007438735528426,0.07953413237224925,mst_dispersion,persona
432,0.11007438735528426,0.08095847476612437,mst_dispersion,persona
433,0.11007438735528426,0.07656086574901234,mst_dispersion,persona
434,0.11007438735528426,0.09220617738637057,mst_dispersion,persona
435,0.11007438735528426,0.08853069760582664,mst_dispersion,persona
436,0.11007438735528426,0.08728308027440851,mst_dispersion,persona
437,0.11007438735528426,0.10044389963150024,mst_dispersion,persona
438,0.11007438735528426,0.074769526720047,mst_dispersion,persona
439,0.11007438735528426,0.08086523142727939,mst_dispersion,persona
440,0.11007438735528426,0.09038202329115434,mst_dispersion,persona
441,0.11007438735528426,0.06983171538873152,mst_dispersion,persona
442,0.11007438735528426,0.10036556287245317,mst_dispersion,persona
443,0.11007438735528426,0.07524278218095953,mst_dispersion,persona
444,0.11007438735528426,0.0770802226933566,mst_dispersion,persona
445,0.11007438735528426,0.07915399291298607,mst_dispersion,persona
446,0.11007438735528426,0.08790624141693115,mst_dispersion,persona
447,0.11007438735528426,0.08756543831391768,mst_dispersion,persona
448,0.11007438735528426,0.08086441863666881,mst_dispersion,persona
449,0.11007438735528426,0.0936017469926314,mst_dispersion,persona
450,0.11007438735528426,0.07855634526772932,mst_dispersion,persona
451,0.11007438735528426,0.08944609761238098,mst_dispersion,persona
452,0.11007438735528426,0.07243946465578946,mst_dispersion,persona
453,0.11007438735528426,0.08007937940684232,mst_dispersion,persona
454,0.11007438735528426,0.09323316541585056,mst_dispersion,persona
455,0.11007438735528426,0.0989017974246632,mst_dispersion,persona
456,0.11007438735528426,0.08703253215009515,mst_dispersion,persona
457,0.11007438735528426,0.09001955119046298,mst_dispersion,persona
458,0.11007438735528426,0.08541834896261041,mst_dispersion,persona
459,0.11007438735528426,0.10534820773384788,mst_dispersion,persona
460,0.11007438735528426,0.08497539975426414,mst_dispersion,persona
461,0.11007438735528426,0.07432585954666138,mst_dispersion,persona
462,0.11007438735528426,0.0743705305186185,mst_dispersion,persona
463,0.11007438735528426,0.08755701780319214,mst_dispersion,persona
464,0.11007438735528426,0.08980575474825772,mst_dispersion,persona
465,0.11007438735528426,0.08556025407531044,mst_dispersion,persona
466,0.11007438735528426,0.08685385368087074,mst_dispersion,persona
467,0.11007438735528426,0.0914233462377028,mst_dispersion,persona
468,0.11007438735528426,0.07440044663169167,mst_dispersion,persona
469,0.11007438735528426,0.06835111975669861,mst_dispersion,persona
470,0.11007438735528426,0.07384541359814731,mst_dispersion,persona
471,0.11007438735528426,0.0872042179107666,mst_dispersion,persona
472,0.11007438735528426,0.10287530855699019,mst_dispersion,persona
473,0.11007438735528426,0.08878498185764659,mst_dispersion,persona
474,0.11007438735528426,0.08521723476323215,mst_dispersion,persona
475,0.11007438735528426,0.08314872058955106,mst_dispersion,persona
476,0.11007438735528426,0.08717524192549965,mst_dispersion,persona
477,0.11007438735528426,0.08465591073036194,mst_dispersion,persona
478,0.11007438735528426,0.09284330227158287,mst_dispersion,persona
479,0.11007438735528426,0.09397806904532692,mst_dispersion,persona
480,0.11007438735528426,0.07994803786277771,mst_dispersion,persona
481,0.11007438735528426,0.07372771338983015,mst_dispersion,persona
482,0.11007438735528426,0.08921454440463673,mst_dispersion,persona
483,0.11007438735528426,0.0859797705303539,mst_dispersion,persona
484,0.11007438735528426,0.07476306774399498,mst_dispersion,persona
485,0.11007438735528426,0.09776860204609958,mst_dispersion,persona
486,0.11007438735528426,0.07416249947114424,mst_dispersion,persona
487,0.11007438735528426,0.07163110104474155,mst_dispersion,persona
488,0.11007438735528426,0.08000803806565025,mst_dispersion,persona
489,0.11007438735528426,0.0919631150635806,mst_dispersion,persona
490,0.11007438735528426,0.07936809821562334,mst_dispersion,persona
491,0.11007438735528426,0.07685026797381314,mst_dispersion,persona
492,0.11007438735528426,0.09860526702620766,mst_dispersion,persona
493,0.11007438735528426,0.09885968403382735,mst_dispersion,persona
494,0.11007438735528426,0.0812373621897264,mst_dispersion,persona
495,0.11007438735528426,0.08576659722761674,mst_dispersion,persona
496,0.11007438735528426,0.0985222106630152,mst_dispersion,persona
497,0.11007438735528426,0.10177753459323537,mst_dispersion,persona
498,0.11007438735528426,0.09638947248458862,mst_dispersion,persona
499,0.11007438735528426,0.08663417263464494,mst_dispersion,persona
500,0.11007438735528426,0.09975477782162753,mst_dispersion,persona
501,0.11007438735528426,0.07755260304971175,mst_dispersion,persona
502,0.11007438735528426,0.08932682059027931,mst_dispersion,persona
503,0.11007438735528426,0.0943426408550956,mst_dispersion,persona
504,0.11007438735528426,0.09828149459578774,mst_dispersion,persona
505,0.11007438735528426,0.08750302683223378,mst_dispersion,persona
506,0.11007438735528426,0.08826000582088124,mst_dispersion,persona
507,0.11007438735528426,0.07701272856105458,mst_dispersion,persona
508,0.11007438735528426,0.08081497929312965,mst_dispersion,persona
509,0.11007438735528426,0.09095572341572154,mst_dispersion,persona
510,0.11007438735528426,0.08753720467740839,mst_dispersion,persona
511,0.11007438735528426,0.08234854990785773,mst_dispersion,persona
512,0.11007438735528426,0.09950619123198769,mst_dispersion,persona
513,0.11007438735528426,0.08841009844433177,mst_dispersion,persona
514,0.11007438735528426,0.09355046803301031,mst_dispersion,persona
515,0.11007438735528426,0.09007615121928128,mst_dispersion,persona
516,0.11007438735528426,0.08338015458800575,mst_dispersion,persona
517,0.11007438735528426,0.09074576605450023,mst_dispersion,persona
518,0.11007438735528426,0.08805766972628506,mst_dispersion,persona
519,0.11007438735528426,0.0862446508624337,mst_dispersion,persona
520,0.11007438735528426,0.06909598545594649,mst_dispersion,persona
521,0.11007438735528426,0.0339493914084001,mst_dispersion,persona
522,0.11007438735528426,0.09682895920493385,mst_dispersion,persona
523,0.11007438735528426,0.0940802584994923,mst_dispersion,persona
524,0.11007438735528426,0.07661178708076477,mst_dispersion,persona
525,0.11007438735528426,0.08052265373143283,mst_dispersion,persona
526,0.11007438735528426,0.07933704690499739,mst_dispersion,persona
527,0.11007438735528426,0.10410539941354231,mst_dispersion,persona
528,0.11007438735528426,0.09305907108566978,mst_dispersion,persona
529,0.11007438735528426,0.09370127591219815,mst_dispersion,persona
530,0.11007438735528426,0.10192360119386153,mst_dispersion,persona
531,0.11007438735528426,0.08224513855847446,mst_dispersion,persona
532,0.11007438735528426,0.09132696010849693,mst_dispersion,persona
533,0.11007438735528426,0.09014478325843811,mst_dispersion,persona
534,0.11007438735528426,0.07489010962572965,mst_dispersion,persona
535,0.11007438735528426,0.07757645574483005,mst_dispersion,persona
536,0.11007438735528426,0.06848592920736833,mst_dispersion,persona
537,0.11007438735528426,0.08064990693872626,mst_dispersion,persona
538,0.11007438735528426,0.09546312960711392,mst_dispersion,persona
539,0.11007438735528426,0.09162187847224149,mst_dispersion,persona
540,0.11007438735528426,0.08886314522136342,mst_dispersion,persona
541,0.11007438735528426,0.08434738354249434,mst_dispersion,persona
542,0.11007438735528426,0.08094452998854897,mst_dispersion,persona
543,0.11007438735528426,0.08785877173597162,mst_dispersion,persona
544,0.11007438735528426,0.08607725392688405,mst_dispersion,persona
545,0.11007438735528426,0.07297451116821983,mst_dispersion,persona
546,0.11007438735528426,0.07607988064939325,mst_dispersion,persona
547,0.11007438735528426,0.09412439573894847,mst_dispersion,persona
548,0.11007438735528426,0.08949069814248518,mst_dispersion,persona
549,0.11007438735528426,0.09434682401743802,mst_dispersion,persona
550,0.11007438735528426,0.06716105883771722,mst_dispersion,persona
551,0.11007438735528426,0.0917862057685852,mst_dispersion,persona
552,0.11007438735528426,0.07801147211681712,mst_dispersion,persona
553,0.11007438735528426,0.06429328701712868,mst_dispersion,persona
554,0.11007438735528426,0.0778483125296506,mst_dispersion,persona
555,0.11007438735528426,0.07640755718404596,mst_dispersion,persona
556,0.11007438735528426,0.08787973631512035,mst_dispersion,persona
557,0.11007438735528426,0.08588860793547197,mst_dispersion,persona
558,0.11007438735528426,0.09111977978186174,mst_dispersion,persona
559,0.11007438735528426,0.09548117355866866,mst_dispersion,persona
560,0.11007438735528426,0.08550426363945007,mst_dispersion,persona
561,0.11007438735528426,0.08395370841026306,mst_dispersion,persona
562,0.11007438735528426,0.09898174892772328,mst_dispersion,persona
563,0.11007438735528426,0.08190494233911688,mst_dispersion,persona
564,0.11007438735528426,0.07579678297042847,mst_dispersion,persona
565,0.11007438735528426,0.08244111050258983,mst_dispersion,persona
566,0.11007438735528426,0.08277112787420099,mst_dispersion,persona
567,0.11007438735528426,0.08254118941046974,mst_dispersion,persona
568,0.11007438735528426,0.08227235078811646,mst_dispersion,persona
569,0.11007438735528426,0.08410822261463512,mst_dispersion,persona
570,0.11007438735528426,0.07338903167031029,mst_dispersion,persona
571,0.11007438735528426,0.0835183018987829,mst_dispersion,persona
572,0.11007438735528426,0.09033446962183173,mst_dispersion,persona
573,0.11007438735528426,0.08755886283787814,mst_dispersion,persona
574,0.11007438735528426,0.09389873255382884,mst_dispersion,persona
575,0.11007438735528426,0.0805732553655451,mst_dispersion,persona
576,0.11007438735528426,0.09013801542195407,mst_dispersion,persona
577,0.11007438735528426,0.07955842126499522,mst_dispersion,persona
578,0.11007438735528426,0.08155062252824957,mst_dispersion,persona
579,0.11007438735528426,0.10642026500268416,mst_dispersion,persona
580,0.11007438735528426,0.07323129610581831,mst_dispersion,persona
581,0.11007438735528426,0.09264573996717279,mst_dispersion,persona
582,0.11007438735528426,0.0898739370432767,mst_dispersion,persona
583,0.11007438735528426,0.08441766825589267,mst_dispersion,persona
584,0.11007438735528426,0.10691639239137823,mst_dispersion,persona
585,0.11007438735528426,0.061317622661590576,mst_dispersion,persona
586,0.11007438735528426,0.11008048870346764,mst_dispersion,persona
587,0.11007438735528426,0.08895005150274797,mst_dispersion,persona
588,0.11007438735528426,0.08824294805526733,mst_dispersion,persona
589,0.11007438735528426,0.09304567358710548,mst_dispersion,persona
590,0.11007438735528426,0.09758538820526817,mst_dispersion,persona
591,0.11007438735528426,0.0957201204516671,mst_dispersion,persona
592,0.11007438735528426,0.0876303802837025,mst_dispersion,persona
593,0.11007438735528426,0.09323471784591675,mst_dispersion,persona
594,0.11007438735528426,0.08528650890697133,mst_dispersion,persona
595,0.11007438735528426,0.06952278993346474,mst_dispersion,persona
596,0.11007438735528426,0.07844855297695506,mst_dispersion,persona
597,0.11007438735528426,0.08423326503146779,mst_dispersion,persona
598,0.11007438735528426,0.08971693569963629,mst_dispersion,persona
599,0.11007438735528426,0.09197488156231967,mst_dispersion,persona
600,0.11007438735528426,0.06733019785447554,mst_dispersion,persona
601,0.11007438735528426,0.07700706611980092,mst_dispersion,persona
602,0.11007438735528426,0.05885538458824158,mst_dispersion,persona
603,0.11007438735528426,0.09341438250108199,mst_dispersion,persona
604,0.11007438735528426,0.08092394471168518,mst_dispersion,persona
605,0.11007438735528426,0.10536604035984386,mst_dispersion,persona
606,0.11007438735528426,0.09145661646669562,mst_dispersion,persona
607,0.11007438735528426,0.08802559700879184,mst_dispersion,persona
608,0.11007438735528426,0.09523399309678511,mst_dispersion,persona
609,0.11007438735528426,0.10816039009527727,mst_dispersion,persona
610,0.11007438735528426,0.11099453947760841,mst_dispersion,persona
611,0.11007438735528426,0.07298447598110545,mst_dispersion,persona
612,0.11007438735528426,0.084312688220631,mst_dispersion,persona
613,0.11007438735528426,0.08335646174170754,mst_dispersion,persona
614,0.11007438735528426,0.07560614564202049,mst_dispersion,persona
615,0.11007438735528426,0.08374608917669817,mst_dispersion,persona
616,0.11007438735528426,0.09521743113344366,mst_dispersion,persona
617,0.11007438735528426,0.09450214288451454,mst_dispersion,persona
618,0.11007438735528426,0.0921210755001415,mst_dispersion,persona
619,0.11007438735528426,0.08415825529531999,mst_dispersion,persona
620,0.11007438735528426,0.08370355313474481,mst_dispersion,persona
621,0.11007438735528426,0.08605830777775157,mst_dispersion,persona
622,0.11007438735528426,0.08480155197056857,mst_dispersion,persona
623,0.11007438735528426,0.09308248216455633,mst_dispersion,persona
624,0.11007438735528426,0.1022992107001218,mst_dispersion,persona
625,0.11007438735528426,0.08678540316495029,mst_dispersion,persona
626,0.11007438735528426,0.09367622841488231,mst_dispersion,persona
627,0.11007438735528426,0.08342215418815613,mst_dispersion,persona
628,0.11007438735528426,0.10001912171190436,mst_dispersion,persona
629,0.11007438735528426,0.09038819508119063,mst_dispersion,persona
630,0.11007438735528426,0.08128870075399225,mst_dispersion,persona
631,0.11007438735528426,0.0714540183544159,mst_dispersion,persona
632,0.11007438735528426,0.09498273513533852,mst_dispersion,persona
633,0.11007438735528426,0.09879381819204851,mst_dispersion,persona
634,0.11007438735528426,0.0807076557116075,mst_dispersion,persona
635,0.11007438735528426,0.09126212651079352,mst_dispersion,persona
636,0.11007438735528426,0.09275818954814564,mst_dispersion,persona
637,0.11007438735528426,0.08303695917129517,mst_dispersion,persona
638,0.11007438735528426,0.09403697739947926,mst_dispersion,persona
639,0.11007438735528426,0.09571328217333014,mst_dispersion,persona
640,0.11007438735528426,0.08490871570327065,mst_dispersion,persona
641,0.11007438735528426,0.09398545731197704,mst_dispersion,persona
642,0.11007438735528426,0.09461164745417508,mst_dispersion,persona
643,0.11007438735528426,0.07187631184404547,mst_dispersion,persona
644,0.11007438735528426,0.07843926007097418,mst_dispersion,persona
645,0.11007438735528426,0.07329230958765204,mst_dispersion,persona
646,0.11007438735528426,0.0849666107784618,mst_dispersion,persona
647,0.11007438735528426,0.068960040807724,mst_dispersion,persona
648,0.11007438735528426,0.09376411275430159,mst_dispersion,persona
649,0.11007438735528426,0.0881700732491233,mst_dispersion,persona
650,0.11007438735528426,0.06517734852704135,mst_dispersion,persona
651,0.11007438735528426,0.07984809171069752,mst_dispersion,persona
652,0.11007438735528426,0.10295051336288452,mst_dispersion,persona
653,0.11007438735528426,0.07996333729137074,mst_dispersion,persona
654,0.11007438735528426,0.07675386558879506,mst_dispersion,persona
655,0.11007438735528426,0.09587826241146434,mst_dispersion,persona
656,0.11007438735528426,0.062347032807090065,mst_dispersion,persona
657,0.11007438735528426,0.08547282760793512,mst_dispersion,persona
658,0.11007438735528426,0.09053921157663519,mst_dispersion,persona
659,0.11007438735528426,0.07351879098198631,mst_dispersion,persona
660,0.11007438735528426,0.09500148350542242,mst_dispersion,persona
661,0.11007438735528426,0.08162966099652377,mst_dispersion,persona
662,0.11007438735528426,0.0932096920230172,mst_dispersion,persona
663,0.11007438735528426,0.09342019395394759,mst_dispersion,persona
664,0.11007438735528426,0.08313693512569774,mst_dispersion,persona
665,0.11007438735528426,0.0763445334001021,mst_dispersion,persona
666,0.11007438735528426,0.09563850814645941,mst_dispersion,persona
667,0.11007438735528426,0.09521235661073164,mst_dispersion,persona
668,0.11007438735528426,0.10869950868866661,mst_dispersion,persona
669,0.11007438735528426,0.07559891722419045,mst_dispersion,persona
670,0.11007438735528426,0.0960989079692147,mst_dispersion,persona
671,0.11007438735528426,0.07738290862603621,mst_dispersion,persona
672,0.11007438735528426,0.08115147189660506,mst_dispersion,persona
673,0.11007438735528426,0.09645848382603038,mst_dispersion,persona
674,0.11007438735528426,0.09658009355718439,mst_dispersion,persona
675,0.11007438735528426,0.06219948421825062,mst_dispersion,persona
676,0.11007438735528426,0.08716769110072743,mst_dispersion,persona
677,0.11007438735528426,0.09162466363473372,mst_dispersion,persona
678,0.11007438735528426,0.09331451762806285,mst_dispersion,persona
679,0.11007438735528426,0.08500806309960106,mst_dispersion,persona
680,0.11007438735528426,0.08766320076855746,mst_dispersion,persona
681,0.11007438735528426,0.10090064731511203,mst_dispersion,persona
682,0.11007438735528426,0.08157961476932872,mst_dispersion,persona
683,0.11007438735528426,0.07653485915877602,mst_dispersion,persona
684,0.11007438735528426,0.09610867229374973,mst_dispersion,persona
685,0.11007438735528426,0.08421486887064847,mst_dispersion,persona
686,0.11007438735528426,0.07551787387241017,mst_dispersion,persona
687,0.11007438735528426,0.09318260442126881,mst_dispersion,persona
688,0.11007438735528426,0.06300398436459628,mst_dispersion,persona
689,0.11007438735528426,0.069038141857494,mst_dispersion,persona
690,0.11007438735528426,0.09606892683289268,mst_dispersion,persona
691,0.11007438735528426,0.1046831499446522,mst_dispersion,persona
692,0.11007438735528426,0.0830476473678242,mst_dispersion,persona
693,0.11007438735528426,0.09472418102351102,mst_dispersion,persona
694,0.11007438735528426,0.07274850661104376,mst_dispersion,persona
695,0.11007438735528426,0.09318200837482106,mst_dispersion,persona
696,0.11007438735528426,0.08263263377276334,mst_dispersion,persona
697,0.11007438735528426,0.0735218118537556,mst_dispersion,persona
698,0.11007438735528426,0.08769217133522034,mst_dispersion,persona
699,0.11007438735528426,0.09232509948990562,mst_dispersion,persona
700,0.11007438735528426,0.08160385218533603,mst_dispersion,persona
701,0.11007438735528426,0.09912977435372093,mst_dispersion,persona
702,0.11007438735528426,0.09111547741022977,mst_dispersion,persona
703,0.11007438735528426,0.08717393062331459,mst_dispersion,persona
704,0.11007438735528426,0.09632625634020026,mst_dispersion,persona
705,0.11007438735528426,0.07810134237462824,mst_dispersion,persona
706,0.11007438735528426,0.07395488294688138,mst_dispersion,persona
707,0.11007438735528426,0.09055160663344643,mst_dispersion,persona
708,0.11007438735528426,0.08686735684221442,mst_dispersion,persona
709,0.11007438735528426,0.07340400869196112,mst_dispersion,persona
710,0.11007438735528426,0.0925032604824413,mst_dispersion,persona
711,0.11007438735528426,0.08710698647932573,mst_dispersion,persona
712,0.11007438735528426,0.10042699629610236,mst_dispersion,persona
713,0.11007438735528426,0.08072439919818532,mst_dispersion,persona
714,0.11007438735528426,0.07949557900428772,mst_dispersion,persona
715,0.11007438735528426,0.08874255960637872,mst_dispersion,persona
716,0.11007438735528426,0.0803400684486736,mst_dispersion,persona
717,0.11007438735528426,0.09217937697063792,mst_dispersion,persona
718,0.11007438735528426,0.06980029290372675,mst_dispersion,persona
719,0.11007438735528426,0.08911036090417342,mst_dispersion,persona
720,0.11007438735528426,0.09342128038406372,mst_dispersion,persona
721,0.11007438735528426,0.09102211757139726,mst_dispersion,persona
722,0.11007438735528426,0.08748016574166038,mst_dispersion,persona
723,0.11007438735528426,0.0832060846415433,mst_dispersion,persona
724,0.11007438735528426,0.08303443410179832,mst_dispersion,persona
725,0.11007438735528426,0.08875023505904457,mst_dispersion,persona
726,0.11007438735528426,0.09282403913411227,mst_dispersion,persona
727,0.11007438735528426,0.07137677344408902,mst_dispersion,persona
728,0.11007438735528426,0.09841429916295139,mst_dispersion,persona
729,0.11007438735528426,0.09963217648592862,mst_dispersion,persona
730,0.11007438735528426,0.09173681790178473,mst_dispersion,persona
731,0.11007438735528426,0.06597479636018927,mst_dispersion,persona
732,0.11007438735528426,0.08113867857239464,mst_dispersion,persona
733,0.11007438735528426,0.09392469308593056,mst_dispersion,persona
734,0.11007438735528426,0.08094965327869762,mst_dispersion,persona
735,0.11007438735528426,0.08813839608972723,mst_dispersion,persona
736,0.11007438735528426,0.07592775604941628,mst_dispersion,persona
737,0.11007438735528426,0.08305225589058617,mst_dispersion,persona
738,0.11007438735528426,0.09494790705767545,mst_dispersion,persona
739,0.11007438735528426,0.07717159661379727,mst_dispersion,persona
740,0.11007438735528426,0.07223041491074995,mst_dispersion,persona
741,0.11007438735528426,0.09937918186187744,mst_dispersion,persona
742,0.11007438735528426,0.07525766166773709,mst_dispersion,persona
743,0.11007438735528426,0.09459404782815413,mst_dispersion,persona
744,0.11007438735528426,0.09212976694107056,mst_dispersion,persona
745,0.11007438735528426,0.07367161729119041,mst_dispersion,persona
746,0.11007438735528426,0.09927043589678677,mst_dispersion,persona
747,0.11007438735528426,0.08376144820993597,mst_dispersion,persona
748,0.11007438735528426,0.09613380919803273,mst_dispersion,persona
749,0.11007438735528426,0.09235121445222334,mst_dispersion,persona
750,0.11007438735528426,0.09157289700074629,mst_dispersion,persona
751,0.11007438735528426,0.1068142219023271,mst_dispersion,persona
752,0.11007438735528426,0.08798714930360968,mst_dispersion,persona
753,0.11007438735528426,0.1004526290026578,mst_dispersion,persona
754,0.11007438735528426,0.10299448533491655,mst_dispersion,persona
755,0.11007438735528426,0.0803507999940352,mst_dispersion,persona
756,0.11007438735528426,0.08326267383315346,mst_dispersion,persona
757,0.11007438735528426,0.09474261240525679,mst_dispersion,persona
758,0.11007438735528426,0.08109358765862205,mst_dispersion,persona
759,0.11007438735528426,0.09388707984577525,mst_dispersion,persona
760,0.11007438735528426,0.09724551710215482,mst_dispersion,persona
761,0.11007438735528426,0.08863891525702043,mst_dispersion,persona
762,0.11007438735528426,0.09978227723728526,mst_dispersion,persona
763,0.11007438735528426,0.07842740416526794,mst_dispersion,persona
764,0.11007438735528426,0.10397098010236566,mst_dispersion,persona
765,0.11007438735528426,0.07471188360994513,mst_dispersion,persona
766,0.11007438735528426,0.09351819482716647,mst_dispersion,persona
767,0.11007438735528426,0.1060881560499018,mst_dispersion,persona
768,0.11007438735528426,0.08125004443255338,mst_dispersion,persona
769,0.11007438735528426,0.10462998531081459,mst_dispersion,persona
770,0.11007438735528426,0.07889319549907338,mst_dispersion,persona
771,0.11007438735528426,0.10109288313172081,mst_dispersion,persona
772,0.11007438735528426,0.10629635507410223,mst_dispersion,persona
773,0.11007438735528426,0.09350913492116061,mst_dispersion,persona
774,0.11007438735528426,0.08219499479640614,mst_dispersion,persona
775,0.11007438735528426,0.10393179275772789,mst_dispersion,persona
776,0.11007438735528426,0.09222352504730225,mst_dispersion,persona
777,0.11007438735528426,0.08839880878275092,mst_dispersion,persona
778,0.11007438735528426,0.09909553148529747,mst_dispersion,persona
779,0.11007438735528426,0.08953483267263933,mst_dispersion,persona
780,0.11007438735528426,0.08861132643439552,mst_dispersion,persona
781,0.11007438735528426,0.09327954595739191,mst_dispersion,persona
782,0.11007438735528426,0.08243501457301053,mst_dispersion,persona
783,0.11007438735528426,0.08470448580655185,mst_dispersion,persona
784,0.11007438735528426,0.0892783213745464,mst_dispersion,persona
785,0.11007438735528426,0.07527075572447343,mst_dispersion,persona
786,0.11007438735528426,0.09687112678181041,mst_dispersion,persona
787,0.11007438735528426,0.08601702343333852,mst_dispersion,persona
788,0.11007438735528426,0.08779161897572604,mst_dispersion,persona
789,0.11007438735528426,0.07045962322841991,mst_dispersion,persona
790,0.11007438735528426,0.08432010087099942,mst_dispersion,persona
791,0.11007438735528426,0.08479414744810625,mst_dispersion,persona
792,0.11007438735528426,0.08637952533635226,mst_dispersion,persona
793,0.11007438735528426,0.07566288384524258,mst_dispersion,persona
794,0.11007438735528426,0.07018204439770091,mst_dispersion,persona
795,0.11007438735528426,0.09403399445793846,mst_dispersion,persona
796,0.11007438735528426,0.08893660794604909,mst_dispersion,persona
797,0.11007438735528426,0.0710822966965762,mst_dispersion,persona
798,0.11007438735528426,0.08536496487530795,mst_dispersion,persona
799,0.11007438735528426,0.08386061950163408,mst_dispersion,persona
800,0.11007438735528426,0.0914330401203849,mst_dispersion,persona
801,0.11007438735528426,0.09808734330264005,mst_dispersion,persona
802,0.11007438735528426,0.0783534429290078,mst_dispersion,persona
803,0.11007438735528426,0.09304995428432118,mst_dispersion,persona
804,0.11007438735528426,0.06771548227830367,mst_dispersion,persona
805,0.11007438735528426,0.08614486726847562,mst_dispersion,persona
806,0.11007438735528426,0.07809088175947015,mst_dispersion,persona
807,0.11007438735528426,0.08594210852276195,mst_dispersion,persona
808,0.11007438735528426,0.08449358289892023,mst_dispersion,persona
809,0.11007438735528426,0.0851458256894892,mst_dispersion,persona
810,0.11007438735528426,0.09277121316302907,mst_dispersion,persona
811,0.11007438735528426,0.0955794860016216,mst_dispersion,persona
812,0.11007438735528426,0.09683479233221574,mst_dispersion,persona
813,0.11007438735528426,0.09898051348599521,mst_dispersion,persona
814,0.11007438735528426,0.0946906100619923,mst_dispersion,persona
815,0.11007438735528426,0.09493177045475353,mst_dispersion,persona
816,0.11007438735528426,0.07981769605116411,mst_dispersion,persona
817,0.11007438735528426,0.030858917669816452,mst_dispersion,persona
818,0.11007438735528426,0.09048764272169633,mst_dispersion,persona
819,0.11007438735528426,0.07901194962588223,mst_dispersion,persona
820,0.11007438735528426,0.09766866131262346,mst_dispersion,persona
821,0.11007438735528426,0.09209396893327887,mst_dispersion,persona
822,0.11007438735528426,0.06719753688031976,mst_dispersion,persona
823,0.11007438735528426,0.08199216019023549,mst_dispersion,persona
824,0.11007438735528426,0.09099070592360063,mst_dispersion,persona
825,0.11007438735528426,0.07773143865845421,mst_dispersion,persona
826,0.11007438735528426,0.0784663585099307,mst_dispersion,persona
827,0.11007438735528426,0.0895043828270652,mst_dispersion,persona
828,0.11007438735528426,0.07256253470074046,mst_dispersion,persona
829,0.11007438735528426,0.0748198465867476,mst_dispersion,persona
830,0.11007438735528426,0.08766996047713539,mst_dispersion,persona
831,0.11007438735528426,0.06463174657388167,mst_dispersion,persona
832,0.11007438735528426,0.0764877741987055,mst_dispersion,persona
833,0.11007438735528426,0.08584966442801735,mst_dispersion,persona
834,0.11007438735528426,0.08586745912378485,mst_dispersion,persona
835,0.11007438735528426,0.10423088344660672,mst_dispersion,persona
836,0.11007438735528426,0.0833339040929621,mst_dispersion,persona
837,0.11007438735528426,0.08893305334177884,mst_dispersion,persona
838,0.11007438735528426,0.07304734262553128,mst_dispersion,persona
839,0.11007438735528426,0.10034448992122304,mst_dispersion,persona
840,0.11007438735528426,0.09794556552713568,mst_dispersion,persona
841,0.11007438735528426,0.09644478830424222,mst_dispersion,persona
842,0.11007438735528426,0.10675933957099915,mst_dispersion,persona
843,0.11007438735528426,0.09844464063644409,mst_dispersion,persona
844,0.11007438735528426,0.09329917214133522,mst_dispersion,persona
845,0.11007438735528426,0.09651368043639443,mst_dispersion,persona
846,0.11007438735528426,0.08093435114080255,mst_dispersion,persona
847,0.11007438735528426,0.10544430667703802,mst_dispersion,persona
848,0.11007438735528426,0.09510524435476823,mst_dispersion,persona
849,0.11007438735528426,0.07755553722381592,mst_dispersion,persona
850,0.11007438735528426,0.08393218300559303,mst_dispersion,persona
851,0.11007438735528426,0.0861487253145738,mst_dispersion,persona
852,0.11007438735528426,0.08073417706923051,mst_dispersion,persona
853,0.11007438735528426,0.08848271857608449,mst_dispersion,persona
854,0.11007438735528426,0.08598777109926398,mst_dispersion,persona
855,0.11007438735528426,0.08662770823998885,mst_dispersion,persona
856,0.11007438735528426,0.07846109162677418,mst_dispersion,persona
857,0.11007438735528426,0.09856267137960954,mst_dispersion,persona
858,0.11007438735528426,0.06574402072212913,mst_dispersion,persona
859,0.11007438735528426,0.08649673516100104,mst_dispersion,persona
860,0.11007438735528426,0.08400201255624945,mst_dispersion,persona
861,0.11007438735528426,0.07674423402005975,mst_dispersion,persona
862,0.11007438735528426,0.09009987115859985,mst_dispersion,persona
863,0.11007438735528426,0.09723752737045288,mst_dispersion,persona
864,0.11007438735528426,0.08442845398729498,mst_dispersion,persona
865,0.11007438735528426,0.0844449753111059,mst_dispersion,persona
866,0.11007438735528426,0.07939121398058804,mst_dispersion,persona
867,0.11007438735528426,0.08781556649641557,mst_dispersion,persona
868,0.11007438735528426,0.0930358577858318,mst_dispersion,persona
869,0.11007438735528426,0.0924374217336828,mst_dispersion,persona
870,0.11007438735528426,0.09087174047123302,mst_dispersion,persona
871,0.11007438735528426,0.07937402616847646,mst_dispersion,persona
872,0.11007438735528426,0.09189723025668751,mst_dispersion,persona
873,0.11007438735528426,0.08779659596356479,mst_dispersion,persona
874,0.11007438735528426,0.07508646900003607,mst_dispersion,persona
875,0.11007438735528426,0.08341731808402321,mst_dispersion,persona
876,0.11007438735528426,0.09442808140407909,mst_dispersion,persona
877,0.11007438735528426,0.08991638367826288,mst_dispersion,persona
878,0.11007438735528426,0.08386119658296759,mst_dispersion,persona
879,0.11007438735528426,0.08509168570691888,mst_dispersion,persona
880,0.11007438735528426,0.07135402614420111,mst_dispersion,persona
881,0.11007438735528426,0.10482865301045505,mst_dispersion,persona
882,0.11007438735528426,0.0780818137255582,mst_dispersion,persona
883,0.11007438735528426,0.1027603420344266,mst_dispersion,persona
884,0.11007438735528426,0.07860438932072032,mst_dispersion,persona
885,0.11007438735528426,0.08952800794081255,mst_dispersion,persona
886,0.11007438735528426,0.08725664019584656,mst_dispersion,persona
887,0.11007438735528426,0.10208057273517955,mst_dispersion,persona
888,0.11007438735528426,0.08654927123676646,mst_dispersion,persona
889,0.11007438735528426,0.08192938837138089,mst_dispersion,persona
890,0.11007438735528426,0.08170943368564952,mst_dispersion,persona
891,0.11007438735528426,0.09661726518110796,mst_dispersion,persona
892,0.11007438735528426,0.09534693848003041,mst_dispersion,persona
893,0.11007438735528426,0.08625510876828973,mst_dispersion,persona
894,0.11007438735528426,0.09092903408137235,mst_dispersion,persona
895,0.11007438735528426,0.08640008622949774,mst_dispersion,persona
896,0.11007438735528426,0.09135108373381874,mst_dispersion,persona
897,0.11007438735528426,0.07122293927452782,mst_dispersion,persona
898,0.11007438735528426,0.09377842870625583,mst_dispersion,persona
899,0.11007438735528426,0.08464204452254555,mst_dispersion,persona
900,0.11007438735528426,0.10894492268562317,mst_dispersion,persona
901,0.11007438735528426,0.0925773328000849,mst_dispersion,persona
902,0.11007438735528426,0.08255174214189703,mst_dispersion,persona
903,0.11007438735528426,0.07870172370563853,mst_dispersion,persona
904,0.11007438735528426,0.08623217723586342,mst_dispersion,persona
905,0.11007438735528426,0.07810005816546353,mst_dispersion,persona
906,0.11007438735528426,0.08808818459510803,mst_dispersion,persona
907,0.11007438735528426,0.0884122983975844,mst_dispersion,persona
908,0.11007438735528426,0.07487582618539984,mst_dispersion,persona
909,0.11007438735528426,0.08078379793600603,mst_dispersion,persona
910,0.11007438735528426,0.09920371662486684,mst_dispersion,persona
911,0.11007438735528426,0.09346681562337009,mst_dispersion,persona
912,0.11007438735528426,0.10520738634196194,mst_dispersion,persona
913,0.11007438735528426,0.09565406224944374,mst_dispersion,persona
914,0.11007438735528426,0.07968561757694591,mst_dispersion,persona
915,0.11007438735528426,0.08659964528950778,mst_dispersion,persona
916,0.11007438735528426,0.08941872824322093,mst_dispersion,persona
917,0.11007438735528426,0.09334154562516646,mst_dispersion,persona
918,0.11007438735528426,0.07925218614664944,mst_dispersion,persona
919,0.11007438735528426,0.0854470892386003,mst_dispersion,persona
920,0.11007438735528426,0.085394564000043,mst_dispersion,persona
921,0.11007438735528426,0.09497696161270142,mst_dispersion,persona
922,0.11007438735528426,0.07567118243737654,mst_dispersion,persona
923,0.11007438735528426,0.09742251851341942,mst_dispersion,persona
924,0.11007438735528426,0.08259069919586182,mst_dispersion,persona
925,0.11007438735528426,0.07167111743580211,mst_dispersion,persona
926,0.11007438735528426,0.07248578830198808,mst_dispersion,persona
927,0.11007438735528426,0.10631062225861983,mst_dispersion,persona
928,0.11007438735528426,0.09684424508701671,mst_dispersion,persona
929,0.11007438735528426,0.09533559463240883,mst_dispersion,persona
930,0.11007438735528426,0.1098624738779935,mst_dispersion,persona
931,0.11007438735528426,0.09572751684622331,mst_dispersion,persona
932,0.11007438735528426,0.09426387331702492,mst_dispersion,persona
933,0.11007438735528426,0.10169564593922008,mst_dispersion,persona
934,0.11007438735528426,0.091961838982322,mst_dispersion,persona
935,0.11007438735528426,0.09446358409794894,mst_dispersion,persona
936,0.11007438735528426,0.10227096351710233,mst_dispersion,persona
937,0.11007438735528426,0.09633707458322699,mst_dispersion,persona
938,0.11007438735528426,0.08105657317421654,mst_dispersion,persona
939,0.11007438735528426,0.09521094235506924,mst_dispersion,persona
940,0.11007438735528426,0.09259222854267467,mst_dispersion,persona
941,0.11007438735528426,0.07604566216468811,mst_dispersion,persona
942,0.11007438735528426,0.0964334336194125,mst_dispersion,persona
943,0.11007438735528426,0.08230823549357327,mst_dispersion,persona
944,0.11007438735528426,0.09242369640957225,mst_dispersion,persona
945,0.11007438735528426,0.08007002147761258,mst_dispersion,persona
946,0.11007438735528426,0.0811220109462738,mst_dispersion,persona
947,0.11007438735528426,0.09766817092895508,mst_dispersion,persona
948,0.11007438735528426,0.09251492673700507,mst_dispersion,persona
949,0.11007438735528426,0.09534012187610973,mst_dispersion,persona
950,0.11007438735528426,0.07735211198980158,mst_dispersion,persona
951,0.11007438735528426,0.07576330412517894,mst_dispersion,persona
952,0.11007438735528426,0.08122714812105353,mst_dispersion,persona
953,0.11007438735528426,0.08530382676558061,mst_dispersion,persona
954,0.11007438735528426,0.09416369958357378,mst_dispersion,persona
955,0.11007438735528426,0.07922944155606357,mst_dispersion,persona
956,0.11007438735528426,0.08179926601323215,mst_dispersion,persona
957,0.11007438735528426,0.09376806562597101,mst_dispersion,persona
958,0.11007438735528426,0.08029781146482988,mst_dispersion,persona
959,0.11007438735528426,0.08625995841893283,mst_dispersion,persona
960,0.11007438735528426,0.08955826000733809,mst_dispersion,persona
961,0.11007438735528426,0.0871796960180456,mst_dispersion,persona
962,0.11007438735528426,0.07186003977602179,mst_dispersion,persona
963,0.11007438735528426,0.06905739144845442,mst_dispersion,persona
964,0.11007438735528426,0.0661381645636125,mst_dispersion,persona
965,0.11007438735528426,0.07792912830005992,mst_dispersion,persona
966,0.11007438735528426,0.0988663760098544,mst_dispersion,persona
967,0.11007438735528426,0.08176209438930858,mst_dispersion,persona
968,0.11007438735528426,0.07802359624342485,mst_dispersion,persona
969,0.11007438735528426,0.09254805608229204,mst_dispersion,persona
970,0.11007438735528426,0.09527160091833635,mst_dispersion,persona
971,0.11007438735528426,0.08409171212803233,mst_dispersion,persona
972,0.11007438735528426,0.07646722143346613,mst_dispersion,persona
973,0.11007438735528426,0.07897446101362054,mst_dispersion,persona
974,0.11007438735528426,0.09632271528244019,mst_dispersion,persona
975,0.11007438735528426,0.09202876416119662,mst_dispersion,persona
976,0.11007438735528426,0.0853493484583768,mst_dispersion,persona
977,0.11007438735528426,0.08343970233743842,mst_dispersion,persona
978,0.11007438735528426,0.07468501817096364,mst_dispersion,persona
979,0.11007438735528426,0.06321497396989302,mst_dispersion,persona
980,0.11007438735528426,0.10184414007446983,mst_dispersion,persona
981,0.11007438735528426,0.08767179467461327,mst_dispersion,persona
982,0.11007438735528426,0.07974990118633617,mst_dispersion,persona
983,0.11007438735528426,0.0630191293629733,mst_dispersion,persona
984,0.11007438735528426,0.09069349549033424,mst_dispersion,persona
985,0.11007438735528426,0.0991350683298978,mst_dispersion,persona
986,0.11007438735528426,0.09655238281596791,mst_dispersion,persona
987,0.11007438735528426,0.08781236681071194,mst_dispersion,persona
988,0.11007438735528426,0.08686505393548445,mst_dispersion,persona
989,0.11007438735528426,0.08466663685711948,mst_dispersion,persona
990,0.11007438735528426,0.08758455514907837,mst_dispersion,persona
991,0.11007438735528426,0.07745240764184431,mst_dispersion,persona
992,0.11007438735528426,0.09017604318532077,mst_dispersion,persona
993,0.11007438735528426,0.078757028688084,mst_dispersion,persona
994,0.11007438735528426,0.06881946596232327,mst_dispersion,persona
995,0.11007438735528426,0.07542110573161732,mst_dispersion,persona
996,0.11007438735528426,0.08359347419305281,mst_dispersion,persona
997,0.11007438735528426,0.0778037201274525,mst_dispersion,persona
998,0.11007438735528426,0.09666969559409401,mst_dispersion,persona
999,0.11007438735528426,0.08242015676064925,mst_dispersion,persona
