condition,text_version,field,comparison,facet,metric,param,target_proposal_uid,target_cohort,n_human_reviews,human_value,ai_value,paired_diff
one_at_a_time,original,whole,human_vs_pooled_ai,richness,vendi,q=1,y1::1,,4,1.16257255298211,1.1033883758329217,0.05918417714918833
one_at_a_time,original,whole,human_vs_pooled_ai,richness,vendi,q=1,y1::10,,4,1.1075334572050226,1.1015845313542452,0.005948925850777442
one_at_a_time,original,whole,human_vs_pooled_ai,richness,vendi,q=1,y1::11,,4,1.1276861967234342,1.09446974999145,0.033216446731984206
one_at_a_time,original,whole,human_vs_pooled_ai,richness,vendi,q=1,y1::12,,4,1.1846007889160133,1.0883439920370603,0.09625679687895294
one_at_a_time,original,whole,human_vs_pooled_ai,richness,vendi,q=1,y1::2,,3,1.1324463810804055,1.0873200653346595,0.04512631574574599
one_at_a_time,original,whole,human_vs_pooled_ai,richness,vendi,q=1,y1::3,,4,1.1887441426899779,1.0983466763418335,0.09039746634814438
one_at_a_time,original,whole,human_vs_pooled_ai,richness,vendi,q=1,y1::4,,4,1.125758564236163,1.0899090963070173,0.03584946792914567
one_at_a_time,original,whole,human_vs_pooled_ai,richness,vendi,q=1,y1::5,,4,1.1333910889610381,1.098057211033754,0.03533387792728404
one_at_a_time,original,whole,human_vs_pooled_ai,richness,vendi,q=1,y1::6,,4,1.110325801417434,1.1043686547193163,0.0059571466981176435
one_at_a_time,original,whole,human_vs_pooled_ai,richness,vendi,q=1,y1::7,,4,1.1399916092573004,1.0934691903286315,0.04652241892866882
one_at_a_time,original,whole,human_vs_pooled_ai,richness,vendi,q=1,y1::8,,5,1.222000111551555,1.1031381963597184,0.11886191519183664
one_at_a_time,original,whole,human_vs_pooled_ai,richness,vendi,q=1,y1::9,,3,1.17195829492951,1.0842746750391046,0.0876836198904054
one_at_a_time,original,whole,human_vs_pooled_ai,richness,vendi,q=1,y2::1,,3,1.1301592185267035,1.085044499696808,0.045114718829895484
one_at_a_time,original,whole,human_vs_pooled_ai,richness,vendi,q=1,y2::10,,3,1.1970061337920077,1.0825352631370564,0.11447087065495132
one_at_a_time,original,whole,human_vs_pooled_ai,richness,vendi,q=1,y2::11,,4,1.1522162221731291,1.0914250337227878,0.06079118845034137
one_at_a_time,original,whole,human_vs_pooled_ai,richness,vendi,q=1,y2::2,,3,1.1084071077852313,1.084173920550791,0.024233187234440345
one_at_a_time,original,whole,human_vs_pooled_ai,richness,vendi,q=1,y2::3,,4,1.1761037392994658,1.0941743043705203,0.08192943492894544
one_at_a_time,original,whole,human_vs_pooled_ai,richness,vendi,q=1,y2::4,,2,1.0732072963873636,1.0608818152250188,0.012325481162344776
one_at_a_time,original,whole,human_vs_pooled_ai,richness,vendi,q=1,y2::5,,4,1.1326623577047987,1.1103566627562356,0.02230569494856316
one_at_a_time,original,whole,human_vs_pooled_ai,richness,vendi,q=1,y2::6,,4,1.1346171054112728,1.1011203050786673,0.03349680033260549
one_at_a_time,original,whole,human_vs_pooled_ai,richness,vendi,q=1,y2::7,,4,1.1661991702070842,1.0969652732004813,0.06923389700660287
one_at_a_time,original,whole,human_vs_pooled_ai,richness,vendi,q=1,y2::8,,3,1.1562252994565383,1.083432964045822,0.07279233541071628
one_at_a_time,original,whole,human_vs_pooled_ai,richness,vendi,q=1,y2::9,,4,1.1565828579703665,1.1084783045403035,0.048104553430063035
one_at_a_time,original,whole,human_vs_pooled_ai,dimensionality,participation_ratio,,y1::1,,4,2.674797695481458,2.3171732080858747,0.3576244873955834
one_at_a_time,original,whole,human_vs_pooled_ai,dimensionality,participation_ratio,,y1::10,,4,2.6612862487559377,2.394158594427057,0.26712765432888075
one_at_a_time,original,whole,human_vs_pooled_ai,dimensionality,participation_ratio,,y1::11,,4,2.7600271099555975,2.494135931831701,0.2658911781238964
one_at_a_time,original,whole,human_vs_pooled_ai,dimensionality,participation_ratio,,y1::12,,4,2.0182465512622607,2.3340375796120902,-0.31579102834982953
one_at_a_time,original,whole,human_vs_pooled_ai,dimensionality,participation_ratio,,y1::2,,3,1.7483109296137338,1.7465310752765209,0.0017798543372129494
one_at_a_time,original,whole,human_vs_pooled_ai,dimensionality,participation_ratio,,y1::3,,4,2.529583940031442,2.383351236897628,0.1462327031338142
one_at_a_time,original,whole,human_vs_pooled_ai,dimensionality,participation_ratio,,y1::4,,4,2.3396103121279843,2.4335766406780817,-0.09396632855009734
one_at_a_time,original,whole,human_vs_pooled_ai,dimensionality,participation_ratio,,y1::5,,4,2.520039044692577,2.399467374257551,0.1205716704350257
one_at_a_time,original,whole,human_vs_pooled_ai,dimensionality,participation_ratio,,y1::6,,4,2.937768676800379,2.3590240470685124,0.5787446297318666
one_at_a_time,original,whole,human_vs_pooled_ai,dimensionality,participation_ratio,,y1::7,,4,2.802644837544766,2.4830330012937845,0.31961183625098144
one_at_a_time,original,whole,human_vs_pooled_ai,dimensionality,participation_ratio,,y1::8,,5,2.9443742977735217,3.209608442810441,-0.26523414503691933
one_at_a_time,original,whole,human_vs_pooled_ai,dimensionality,participation_ratio,,y1::9,,3,1.804676269262951,1.7499370876061107,0.05473918165684033
one_at_a_time,original,whole,human_vs_pooled_ai,dimensionality,participation_ratio,,y2::1,,3,1.7243714683500961,1.7479243537978335,-0.02355288544773737
one_at_a_time,original,whole,human_vs_pooled_ai,dimensionality,participation_ratio,,y2::10,,3,1.9208633227983178,1.801958559122723,0.11890476367559488
one_at_a_time,original,whole,human_vs_pooled_ai,dimensionality,participation_ratio,,y2::11,,4,2.695340007964107,2.4446497858307263,0.25069022213338066
one_at_a_time,original,whole,human_vs_pooled_ai,dimensionality,participation_ratio,,y2::2,,3,1.883066828033179,1.7035709381324617,0.1794958899007173
one_at_a_time,original,whole,human_vs_pooled_ai,dimensionality,participation_ratio,,y2::3,,4,2.465539426805587,2.5245378770513187,-0.05899845024573169
one_at_a_time,original,whole,human_vs_pooled_ai,dimensionality,participation_ratio,,y2::4,,2,1.0,1.0,0.0
one_at_a_time,original,whole,human_vs_pooled_ai,dimensionality,participation_ratio,,y2::5,,4,2.9667462507362674,2.324817327507576,0.6419289232286913
one_at_a_time,original,whole,human_vs_pooled_ai,dimensionality,participation_ratio,,y2::6,,4,2.813892123171167,2.38385387696279,0.43003824620837694
one_at_a_time,original,whole,human_vs_pooled_ai,dimensionality,participation_ratio,,y2::7,,4,2.6208842103917687,2.4451022016173773,0.17578200877439132
one_at_a_time,original,whole,human_vs_pooled_ai,dimensionality,participation_ratio,,y2::8,,3,1.858812513773307,1.7467300718765928,0.11208244189671412
one_at_a_time,original,whole,human_vs_pooled_ai,dimensionality,participation_ratio,,y2::9,,4,2.5791235940180584,2.500367625787079,0.07875596823097952
one_at_a_time,original,whole,human_vs_pooled_ai,dimensionality,effective_rank,,y1::1,,4,2.8296386071296467,2.5782547558674476,0.2513838512621991
one_at_a_time,original,whole,human_vs_pooled_ai,dimensionality,effective_rank,,y1::10,,4,2.8237771157113793,2.6304203683308542,0.1933567473805251
one_at_a_time,original,whole,human_vs_pooled_ai,dimensionality,effective_rank,,y1::11,,4,2.875957309569804,2.6951581404695775,0.18079916910022664
one_at_a_time,original,whole,human_vs_pooled_ai,dimensionality,effective_rank,,y1::12,,4,2.392477922341134,2.593822996594556,-0.20134507425342196
one_at_a_time,original,whole,human_vs_pooled_ai,dimensionality,effective_rank,,y1::2,,3,1.8576859262288834,1.843960525296676,0.013725400932207421
one_at_a_time,original,whole,human_vs_pooled_ai,dimensionality,effective_rank,,y1::3,,4,2.747929628045421,2.6308142098707714,0.11711541817464965
one_at_a_time,original,whole,human_vs_pooled_ai,dimensionality,effective_rank,,y1::4,,4,2.6268057322357814,2.66083538334385,-0.03402965110806866
one_at_a_time,original,whole,human_vs_pooled_ai,dimensionality,effective_rank,,y1::5,,4,2.7437786664984882,2.6343685950206606,0.10941007147782766
one_at_a_time,original,whole,human_vs_pooled_ai,dimensionality,effective_rank,,y1::6,,4,2.9689964757823977,2.60886904886629,0.36012742691610766
one_at_a_time,original,whole,human_vs_pooled_ai,dimensionality,effective_rank,,y1::7,,4,2.89718595006124,2.6939899302089323,0.2031960198523075
one_at_a_time,original,whole,human_vs_pooled_ai,dimensionality,effective_rank,,y1::8,,5,3.3965534868101286,3.5262832445516024,-0.12972975774147377
one_at_a_time,original,whole,human_vs_pooled_ai,dimensionality,effective_rank,,y1::9,,3,1.8927108381571147,1.8450688979871122,0.04764194017000256
one_at_a_time,original,whole,human_vs_pooled_ai,dimensionality,effective_rank,,y2::1,,3,1.842176024659261,1.846667585585537,-0.004491560926276117
one_at_a_time,original,whole,human_vs_pooled_ai,dimensionality,effective_rank,,y2::10,,3,1.9589411674360298,1.8819479670841361,0.07699320035189361
one_at_a_time,original,whole,human_vs_pooled_ai,dimensionality,effective_rank,,y2::11,,4,2.8366439774903913,2.669927939381652,0.16671603810873936
one_at_a_time,original,whole,human_vs_pooled_ai,dimensionality,effective_rank,,y2::2,,3,1.9382179832436541,1.8150703574348794,0.1231476258087747
one_at_a_time,original,whole,human_vs_pooled_ai,dimensionality,effective_rank,,y2::3,,4,2.666810641623057,2.7218950234392754,-0.05508438181621855
one_at_a_time,original,whole,human_vs_pooled_ai,dimensionality,effective_rank,,y2::4,,2,1.0,1.0,0.0
one_at_a_time,original,whole,human_vs_pooled_ai,dimensionality,effective_rank,,y2::5,,4,2.983515235941151,2.589495897339209,0.39401933860194216
one_at_a_time,original,whole,human_vs_pooled_ai,dimensionality,effective_rank,,y2::6,,4,2.897524922730603,2.623738235761483,0.2737866869691197
one_at_a_time,original,whole,human_vs_pooled_ai,dimensionality,effective_rank,,y2::7,,4,2.7925803881765994,2.6774952135316212,0.11508517464497814
one_at_a_time,original,whole,human_vs_pooled_ai,dimensionality,effective_rank,,y2::8,,3,1.9245136856488774,1.845215390916923,0.07929829473195427
one_at_a_time,original,whole,human_vs_pooled_ai,dimensionality,effective_rank,,y2::9,,4,2.7481542899119806,2.704935916031978,0.04321837388000249
one_at_a_time,original,whole,human_vs_pooled_ai,coverage,coverage_geometric,k=panel_adaptive,y1::1,,4,1.0,0.8708791208791209,0.1291208791208791
one_at_a_time,original,whole,human_vs_pooled_ai,coverage,coverage_geometric,k=panel_adaptive,y1::10,,4,1.0,0.0,1.0
one_at_a_time,original,whole,human_vs_pooled_ai,coverage,coverage_geometric,k=panel_adaptive,y1::11,,4,1.0,0.3489010989010989,0.6510989010989011
one_at_a_time,original,whole,human_vs_pooled_ai,coverage,coverage_geometric,k=panel_adaptive,y1::12,,4,1.0,0.9998168498168498,0.0001831501831501825
one_at_a_time,original,whole,human_vs_pooled_ai,coverage,coverage_geometric,k=panel_adaptive,y1::2,,3,1.0,0.6593406593406593,0.34065934065934067
one_at_a_time,original,whole,human_vs_pooled_ai,coverage,coverage_geometric,k=panel_adaptive,y1::3,,4,1.0,0.9615384615384616,0.038461538461538436
one_at_a_time,original,whole,human_vs_pooled_ai,coverage,coverage_geometric,k=panel_adaptive,y1::4,,4,1.0,0.5283882783882784,0.4716117216117216
one_at_a_time,original,whole,human_vs_pooled_ai,coverage,coverage_geometric,k=panel_adaptive,y1::5,,4,1.0,0.15934065934065933,0.8406593406593407
one_at_a_time,original,whole,human_vs_pooled_ai,coverage,coverage_geometric,k=panel_adaptive,y1::6,,4,1.0,0.0,1.0
one_at_a_time,original,whole,human_vs_pooled_ai,coverage,coverage_geometric,k=panel_adaptive,y1::7,,4,1.0,0.22692307692307692,0.7730769230769231
one_at_a_time,original,whole,human_vs_pooled_ai,coverage,coverage_geometric,k=panel_adaptive,y1::8,,5,1.0,0.4662670662670662,0.5337329337329337
one_at_a_time,original,whole,human_vs_pooled_ai,coverage,coverage_geometric,k=panel_adaptive,y1::9,,3,1.0,0.5787545787545787,0.4212454212454213
one_at_a_time,original,whole,human_vs_pooled_ai,coverage,coverage_geometric,k=panel_adaptive,y2::1,,3,1.0,0.45787545787545786,0.5421245421245422
one_at_a_time,original,whole,human_vs_pooled_ai,coverage,coverage_geometric,k=panel_adaptive,y2::10,,3,1.0,0.9706959706959707,0.02930402930402931
one_at_a_time,original,whole,human_vs_pooled_ai,coverage,coverage_geometric,k=panel_adaptive,y2::11,,4,1.0,0.5062271062271062,0.4937728937728938
one_at_a_time,original,whole,human_vs_pooled_ai,coverage,coverage_geometric,k=panel_adaptive,y2::2,,3,1.0,0.17216117216117213,0.8278388278388279
one_at_a_time,original,whole,human_vs_pooled_ai,coverage,coverage_geometric,k=panel_adaptive,y2::3,,4,1.0,0.986996336996337,0.013003663003662957
one_at_a_time,original,whole,human_vs_pooled_ai,coverage,coverage_geometric,k=panel_adaptive,y2::4,,2,1.0,0.0,1.0
one_at_a_time,original,whole,human_vs_pooled_ai,coverage,coverage_geometric,k=panel_adaptive,y2::5,,4,1.0,0.11904761904761904,0.8809523809523809
one_at_a_time,original,whole,human_vs_pooled_ai,coverage,coverage_geometric,k=panel_adaptive,y2::6,,4,1.0,0.36904761904761907,0.6309523809523809
one_at_a_time,original,whole,human_vs_pooled_ai,coverage,coverage_geometric,k=panel_adaptive,y2::7,,4,1.0,0.7316849816849816,0.26831501831501836
one_at_a_time,original,whole,human_vs_pooled_ai,coverage,coverage_geometric,k=panel_adaptive,y2::8,,3,1.0,0.45714285714285713,0.5428571428571429
one_at_a_time,original,whole,human_vs_pooled_ai,coverage,coverage_geometric,k=panel_adaptive,y2::9,,4,1.0,0.25,0.75
one_at_a_time,original,whole,human_vs_pooled_ai,evenness,vendi_slope,q=0..2,y1::1,,4,-0.6662719028433579,-0.676794639245651,0.010522736402293065
one_at_a_time,original,whole,human_vs_pooled_ai,evenness,vendi_slope,q=0..2,y1::10,,4,-0.6763805175060529,-0.6771914917286254,0.0008109742225724803
one_at_a_time,original,whole,human_vs_pooled_ai,evenness,vendi_slope,q=0..2,y1::11,,4,-0.6728146012478529,-0.6785471989396232,0.005732597691770369
one_at_a_time,original,whole,human_vs_pooled_ai,evenness,vendi_slope,q=0..2,y1::12,,4,-0.6609179442747899,-0.679499830675532,0.018581886400742098
one_at_a_time,original,whole,human_vs_pooled_ai,evenness,vendi_slope,q=0..2,y1::2,,3,-0.5260484534072014,-0.5348985040274776,0.008850050620276217
one_at_a_time,original,whole,human_vs_pooled_ai,evenness,vendi_slope,q=0..2,y1::3,,4,-0.6610870322367397,-0.6777419990939395,0.016654966857199804
one_at_a_time,original,whole,human_vs_pooled_ai,evenness,vendi_slope,q=0..2,y1::4,,4,-0.6728032040261378,-0.6793017914545902,0.00649858742845244
one_at_a_time,original,whole,human_vs_pooled_ai,evenness,vendi_slope,q=0..2,y1::5,,4,-0.6715728434527226,-0.6778308192838359,0.006257975831113316
one_at_a_time,original,whole,human_vs_pooled_ai,evenness,vendi_slope,q=0..2,y1::6,,4,-0.6760456813579488,-0.6765434705550045,0.0004977891970556758
one_at_a_time,original,whole,human_vs_pooled_ai,evenness,vendi_slope,q=0..2,y1::7,,4,-0.6705954304913413,-0.6787212390239437,0.008125808532602363
one_at_a_time,original,whole,human_vs_pooled_ai,evenness,vendi_slope,q=0..2,y1::8,,5,-0.7679588131758592,-0.7893799129779198,0.021421099802060528
one_at_a_time,original,whole,human_vs_pooled_ai,evenness,vendi_slope,q=0..2,y1::9,,3,-0.5179263582333582,-0.5354964416284926,0.01757008339513444
one_at_a_time,original,whole,human_vs_pooled_ai,evenness,vendi_slope,q=0..2,y2::1,,3,-0.5264729128381855,-0.5353458543945684,0.008872941556382852
one_at_a_time,original,whole,human_vs_pooled_ai,evenness,vendi_slope,q=0..2,y2::10,,3,-0.512850897771299,-0.5358826375989585,0.023031739827659492
one_at_a_time,original,whole,human_vs_pooled_ai,evenness,vendi_slope,q=0..2,y2::11,,4,-0.6682288073916289,-0.6790548894545463,0.010826082062917353
one_at_a_time,original,whole,human_vs_pooled_ai,evenness,vendi_slope,q=0..2,y2::2,,3,-0.5310445784841326,-0.5354463796263698,0.004401801142237205
one_at_a_time,original,whole,human_vs_pooled_ai,evenness,vendi_slope,q=0..2,y2::3,,4,-0.6633303429964063,-0.678620428733204,0.015290085736797798
one_at_a_time,original,whole,human_vs_pooled_ai,evenness,vendi_slope,q=0..2,y2::4,,2,-0.33327876610657736,-0.3357475126192753,0.0024687465126979613
one_at_a_time,original,whole,human_vs_pooled_ai,evenness,vendi_slope,q=0..2,y2::5,,4,-0.6720606613360716,-0.6755371259558193,0.00347646461974771
one_at_a_time,original,whole,human_vs_pooled_ai,evenness,vendi_slope,q=0..2,y2::6,,4,-0.6715812645676689,-0.6772590965321117,0.0056778319644428255
one_at_a_time,original,whole,human_vs_pooled_ai,evenness,vendi_slope,q=0..2,y2::7,,4,-0.6655105050467924,-0.678059300647768,0.012548795600975549
one_at_a_time,original,whole,human_vs_pooled_ai,evenness,vendi_slope,q=0..2,y2::8,,3,-0.5213442948293805,-0.5356423987191659,0.014298103889785363
one_at_a_time,original,whole,human_vs_pooled_ai,evenness,vendi_slope,q=0..2,y2::9,,4,-0.6672388447817473,-0.6760550528681721,0.008816208086424804
one_at_a_time,original,whole,human_vs_pooled_ai,evenness,ripley_excess,r=panel_q01_q50,y1::1,,4,0.0,0.03483956518343133,-0.03483956518343133
one_at_a_time,original,whole,human_vs_pooled_ai,evenness,ripley_excess,r=panel_q01_q50,y1::10,,4,0.0,0.045145706284270386,-0.045145706284270386
one_at_a_time,original,whole,human_vs_pooled_ai,evenness,ripley_excess,r=panel_q01_q50,y1::11,,4,0.0,0.04209747702930112,-0.04209747702930112
one_at_a_time,original,whole,human_vs_pooled_ai,evenness,ripley_excess,r=panel_q01_q50,y1::12,,4,0.0,0.05264952047439065,-0.05264952047439065
one_at_a_time,original,whole,human_vs_pooled_ai,evenness,ripley_excess,r=panel_q01_q50,y1::2,,3,0.0,0.027701588410011014,-0.027701588410011014
one_at_a_time,original,whole,human_vs_pooled_ai,evenness,ripley_excess,r=panel_q01_q50,y1::3,,4,0.0,0.06175940140249154,-0.06175940140249154
one_at_a_time,original,whole,human_vs_pooled_ai,evenness,ripley_excess,r=panel_q01_q50,y1::4,,4,0.0,0.03727422973510013,-0.03727422973510013
one_at_a_time,original,whole,human_vs_pooled_ai,evenness,ripley_excess,r=panel_q01_q50,y1::5,,4,0.0,0.06553015586010544,-0.06553015586010544
one_at_a_time,original,whole,human_vs_pooled_ai,evenness,ripley_excess,r=panel_q01_q50,y1::6,,4,0.0,0.041553526928295934,-0.041553526928295934
one_at_a_time,original,whole,human_vs_pooled_ai,evenness,ripley_excess,r=panel_q01_q50,y1::7,,4,0.0,0.05957953845099986,-0.05957953845099986
one_at_a_time,original,whole,human_vs_pooled_ai,evenness,ripley_excess,r=panel_q01_q50,y1::8,,5,0.0,0.10123907881892415,-0.10123907881892415
one_at_a_time,original,whole,human_vs_pooled_ai,evenness,ripley_excess,r=panel_q01_q50,y1::9,,3,0.0,0.055164222416905474,-0.055164222416905474
one_at_a_time,original,whole,human_vs_pooled_ai,evenness,ripley_excess,r=panel_q01_q50,y2::1,,3,0.0,0.03998221950526543,-0.03998221950526543
one_at_a_time,original,whole,human_vs_pooled_ai,evenness,ripley_excess,r=panel_q01_q50,y2::10,,3,0.0,0.05378383227146424,-0.05378383227146424
one_at_a_time,original,whole,human_vs_pooled_ai,evenness,ripley_excess,r=panel_q01_q50,y2::11,,4,0.0,0.056097875355902986,-0.056097875355902986
one_at_a_time,original,whole,human_vs_pooled_ai,evenness,ripley_excess,r=panel_q01_q50,y2::2,,3,0.0,0.023927065044678633,-0.023927065044678633
one_at_a_time,original,whole,human_vs_pooled_ai,evenness,ripley_excess,r=panel_q01_q50,y2::3,,4,0.0,0.03560930509986043,-0.03560930509986043
one_at_a_time,original,whole,human_vs_pooled_ai,evenness,ripley_excess,r=panel_q01_q50,y2::4,,2,0.0,0.020172519807815745,-0.020172519807815745
one_at_a_time,original,whole,human_vs_pooled_ai,evenness,ripley_excess,r=panel_q01_q50,y2::5,,4,0.0,0.04083823577379054,-0.04083823577379054
one_at_a_time,original,whole,human_vs_pooled_ai,evenness,ripley_excess,r=panel_q01_q50,y2::6,,4,0.0,0.03186479136549392,-0.03186479136549392
one_at_a_time,original,whole,human_vs_pooled_ai,evenness,ripley_excess,r=panel_q01_q50,y2::7,,4,0.0,0.06094197035159941,-0.06094197035159941
one_at_a_time,original,whole,human_vs_pooled_ai,evenness,ripley_excess,r=panel_q01_q50,y2::8,,3,0.0,0.04767980756150192,-0.04767980756150192
one_at_a_time,original,whole,human_vs_pooled_ai,evenness,ripley_excess,r=panel_q01_q50,y2::9,,4,0.0,0.030347426049978515,-0.030347426049978515
one_at_a_time,original,whole,human_vs_pooled_ai,spread,mean_pairwise,,y1::1,,4,0.035550599478778255,0.021710339215341587,0.013840260263436668
one_at_a_time,original,whole,human_vs_pooled_ai,spread,mean_pairwise,,y1::10,,4,0.022241269340080066,0.021182463168058756,0.0010588061720213093
one_at_a_time,original,whole,human_vs_pooled_ai,spread,mean_pairwise,,y1::11,,4,0.026943959836401705,0.01938585561887788,0.007558104217523825
one_at_a_time,original,whole,human_vs_pooled_ai,spread,mean_pairwise,,y1::12,,4,0.04269020463433487,0.01813209695816882,0.024558107676166053
one_at_a_time,original,whole,human_vs_pooled_ai,spread,mean_pairwise,,y1::2,,3,0.034734246833045455,0.021550935918655794,0.013183310914389661
one_at_a_time,original,whole,human_vs_pooled_ai,spread,mean_pairwise,,y1::3,,4,0.04235411627404575,0.02045686808294009,0.02189724819110566
one_at_a_time,original,whole,human_vs_pooled_ai,spread,mean_pairwise,,y1::4,,4,0.026990847244338312,0.01838995347405515,0.008600893770283162
one_at_a_time,original,whole,human_vs_pooled_ai,spread,mean_pairwise,,y1::5,,4,0.028585612906961228,0.02033701309313238,0.008248599813828847
one_at_a_time,original,whole,human_vs_pooled_ai,spread,mean_pairwise,,y1::6,,4,0.022676223478196072,0.02204987416802938,0.0006263493101666927
one_at_a_time,original,whole,human_vs_pooled_ai,spread,mean_pairwise,,y1::7,,4,0.029859205314070585,0.0191563493877886,0.010702855926281986
one_at_a_time,original,whole,human_vs_pooled_ai,spread,mean_pairwise,,y1::8,,5,0.04550788764976611,0.01907674003739403,0.026431147612372082
one_at_a_time,original,whole,human_vs_pooled_ai,spread,mean_pairwise,,y1::9,,3,0.04677627677796988,0.02065785808223219,0.02611841869573769
one_at_a_time,original,whole,human_vs_pooled_ai,spread,mean_pairwise,,y2::1,,3,0.03410773888031656,0.020883002026663156,0.013224736853653406
one_at_a_time,original,whole,human_vs_pooled_ai,spread,mean_pairwise,,y2::10,,3,0.05423815856612709,0.020078717878472284,0.03415944068765481
one_at_a_time,original,whole,human_vs_pooled_ai,spread,mean_pairwise,,y2::11,,4,0.032982968463688,0.018716391095133268,0.014266577368554731
one_at_a_time,original,whole,human_vs_pooled_ai,spread,mean_pairwise,,y2::2,,3,0.027281861052315486,0.02073698572476779,0.006544875327547696
one_at_a_time,original,whole,human_vs_pooled_ai,spread,mean_pairwise,,y2::3,,4,0.03944494672132356,0.019288151475065,0.020156795246258557
one_at_a_time,original,whole,human_vs_pooled_ai,spread,mean_pairwise,,y2::4,,2,0.026592845843440016,0.021654732026328463,0.004938113817111553
one_at_a_time,original,whole,human_vs_pooled_ai,spread,mean_pairwise,,y2::5,,4,0.02792223674646921,0.023372365191994055,0.004549871554475154
one_at_a_time,original,whole,human_vs_pooled_ai,spread,mean_pairwise,,y2::6,,4,0.028560346882568238,0.02109459079415538,0.007465756088412857
one_at_a_time,original,whole,human_vs_pooled_ai,spread,mean_pairwise,,y2::7,,4,0.03656351922339416,0.020033974507847083,0.016529544715547077
one_at_a_time,original,whole,human_vs_pooled_ai,spread,mean_pairwise,,y2::8,,3,0.041693730147028894,0.02044114329957381,0.021252586847455086
one_at_a_time,original,whole,human_vs_pooled_ai,spread,mean_pairwise,,y2::9,,4,0.03429521727672937,0.02267854934271055,0.011616667934018821
one_at_a_time,original,whole,human_vs_pooled_ai,spread,centroid_loo,,y1::1,,4,0.2164466212833947,0.16720718061043022,0.049239440672964485
one_at_a_time,original,whole,human_vs_pooled_ai,spread,centroid_loo,,y1::10,,4,0.1719330289967536,0.16572053908139944,0.006212489915354169
one_at_a_time,original,whole,human_vs_pooled_ai,spread,centroid_loo,,y1::11,,4,0.18832594393987087,0.15906831614548356,0.029257627794387314
one_at_a_time,original,whole,human_vs_pooled_ai,spread,centroid_loo,,y1::12,,4,0.2338553498568993,0.15285660888414263,0.08099874097275667
one_at_a_time,original,whole,human_vs_pooled_ai,spread,centroid_loo,,y1::2,,3,0.22633102784920367,0.17688302632727654,0.04944800152192713
one_at_a_time,original,whole,human_vs_pooled_ai,spread,centroid_loo,,y1::3,,4,0.23670183577964288,0.1621681491414458,0.07453368663819707
one_at_a_time,original,whole,human_vs_pooled_ai,spread,centroid_loo,,y1::4,,4,0.18640833004537496,0.15426799323695392,0.032140336808421044
one_at_a_time,original,whole,human_vs_pooled_ai,spread,centroid_loo,,y1::5,,4,0.19468386448385272,0.1625098912065562,0.032173973277296514
one_at_a_time,original,whole,human_vs_pooled_ai,spread,centroid_loo,,y1::6,,4,0.1735954909714102,0.16709590684152206,0.006499584129888131
one_at_a_time,original,whole,human_vs_pooled_ai,spread,centroid_loo,,y1::7,,4,0.19882646233545867,0.15827471505707222,0.04055174727838645
one_at_a_time,original,whole,human_vs_pooled_ai,spread,centroid_loo,,y1::8,,5,0.2318806916373927,0.1529922367290392,0.0788884549083535
one_at_a_time,original,whole,human_vs_pooled_ai,spread,centroid_loo,,y1::9,,3,0.2631644429827355,0.17339977830744047,0.08976466467529504
one_at_a_time,original,whole,human_vs_pooled_ai,spread,centroid_loo,,y2::1,,3,0.22392627688780134,0.17429943644165333,0.04962684044614801
one_at_a_time,original,whole,human_vs_pooled_ai,spread,centroid_loo,,y2::10,,3,0.2845041652298293,0.17144397895480212,0.11306018627502717
one_at_a_time,original,whole,human_vs_pooled_ai,spread,centroid_loo,,y2::11,,4,0.20810063321347053,0.15627307072060032,0.05182756249287021
one_at_a_time,original,whole,human_vs_pooled_ai,spread,centroid_loo,,y2::2,,3,0.20148012140841454,0.17303966092335551,0.02844046048505902
one_at_a_time,original,whole,human_vs_pooled_ai,spread,centroid_loo,,y2::3,,4,0.22645364925598968,0.15855560720791306,0.06789804204807662
one_at_a_time,original,whole,human_vs_pooled_ai,spread,centroid_loo,,y2::4,,2,0.23062023260520817,0.2039337640550483,0.02668646855015988
one_at_a_time,original,whole,human_vs_pooled_ai,spread,centroid_loo,,y2::5,,4,0.19285880897968077,0.17359177175779125,0.01926703722188952
one_at_a_time,original,whole,human_vs_pooled_ai,spread,centroid_loo,,y2::6,,4,0.19474133623273238,0.16536191727145422,0.02937941896127816
one_at_a_time,original,whole,human_vs_pooled_ai,spread,centroid_loo,,y2::7,,4,0.21845227342688076,0.1610918582435845,0.057360415183296265
one_at_a_time,original,whole,human_vs_pooled_ai,spread,centroid_loo,,y2::8,,3,0.24893885101680105,0.1723086125385445,0.07663023847825656
one_at_a_time,original,whole,human_vs_pooled_ai,spread,centroid_loo,,y2::9,,4,0.21134713758420928,0.17215127953991513,0.03919585804429415
one_at_a_time,original,whole,human_vs_pooled_ai,spread,mst_dispersion,,y1::1,,4,0.02954953561845408,0.016807391030553644,0.012742144587900437
one_at_a_time,original,whole,human_vs_pooled_ai,spread,mst_dispersion,,y1::10,,4,0.018794164638762784,0.016878170348623232,0.001915994290139552
one_at_a_time,original,whole,human_vs_pooled_ai,spread,mst_dispersion,,y1::11,,4,0.02297342447627874,0.015831244414593642,0.0071421800616850994
one_at_a_time,original,whole,human_vs_pooled_ai,spread,mst_dispersion,,y1::12,,4,0.028490940114900165,0.0139361688602064,0.014554771254693765
one_at_a_time,original,whole,human_vs_pooled_ai,spread,mst_dispersion,,y1::2,,3,0.03088106214938685,0.018651879386639682,0.01222918276274717
one_at_a_time,original,whole,human_vs_pooled_ai,spread,mst_dispersion,,y1::3,,4,0.033756107377712986,0.01609156343437034,0.017664543943342645
one_at_a_time,original,whole,human_vs_pooled_ai,spread,mst_dispersion,,y1::4,,4,0.021828530099665233,0.014806171206439712,0.007022358893225521
one_at_a_time,original,whole,human_vs_pooled_ai,spread,mst_dispersion,,y1::5,,4,0.02298083489462288,0.016069951937757877,0.006910882956865004
one_at_a_time,original,whole,human_vs_pooled_ai,spread,mst_dispersion,,y1::6,,4,0.02124792231528087,0.017089771555457975,0.004158150759822895
one_at_a_time,original,whole,human_vs_pooled_ai,spread,mst_dispersion,,y1::7,,4,0.0261893885536002,0.015552247132442309,0.010637141421157893
one_at_a_time,original,whole,human_vs_pooled_ai,spread,mst_dispersion,,y1::8,,5,0.0343401016504897,0.014944579674396418,0.01939552197609328
one_at_a_time,original,whole,human_vs_pooled_ai,spread,mst_dispersion,,y1::9,,3,0.04146535061208284,0.018209061194679098,0.023256289417403743
one_at_a_time,original,whole,human_vs_pooled_ai,spread,mst_dispersion,,y2::1,,3,0.028653303254000728,0.01835772014806075,0.01029558310593998
one_at_a_time,original,whole,human_vs_pooled_ai,spread,mst_dispersion,,y2::10,,3,0.049850081068881225,0.017819395642233213,0.03203068542664801
one_at_a_time,original,whole,human_vs_pooled_ai,spread,mst_dispersion,,y2::11,,4,0.02833721611601292,0.015006036850807439,0.013331179265205481
one_at_a_time,original,whole,human_vs_pooled_ai,spread,mst_dispersion,,y2::2,,3,0.02416494304706801,0.017738974289878005,0.006425968757190006
one_at_a_time,original,whole,human_vs_pooled_ai,spread,mst_dispersion,,y2::3,,4,0.03142271120194114,0.01584941242452361,0.015573298777417532
one_at_a_time,original,whole,human_vs_pooled_ai,spread,mst_dispersion,,y2::4,,2,0.026592845843440016,0.021654732026328463,0.004938113817111553
one_at_a_time,original,whole,human_vs_pooled_ai,spread,mst_dispersion,,y2::5,,4,0.026517273338620456,0.017988561586234887,0.008528711752385568
one_at_a_time,original,whole,human_vs_pooled_ai,spread,mst_dispersion,,y2::6,,4,0.02602106067654608,0.01655152939113181,0.009469531285414272
one_at_a_time,original,whole,human_vs_pooled_ai,spread,mst_dispersion,,y2::7,,4,0.030061846396276737,0.01581829235829526,0.014243554037981478
one_at_a_time,original,whole,human_vs_pooled_ai,spread,mst_dispersion,,y2::8,,3,0.03778619966169272,0.017792234007001542,0.01999396565469118
one_at_a_time,original,whole,human_vs_pooled_ai,spread,mst_dispersion,,y2::9,,4,0.026846332831402437,0.018582152778930994,0.008264180052471443
one_at_a_time,original,whole,human_vs_pooled_ai,spread,sparseness,,y1::1,,4,0.03192767390221962,0.0183476742129593,0.013579999689260321
one_at_a_time,original,whole,human_vs_pooled_ai,spread,sparseness,,y1::10,,4,0.020988760698423852,0.01811849117068794,0.002870269527735912
one_at_a_time,original,whole,human_vs_pooled_ai,spread,sparseness,,y1::11,,4,0.02297342447627874,0.016935357794895228,0.006038066681383514
one_at_a_time,original,whole,human_vs_pooled_ai,spread,sparseness,,y1::12,,4,0.03377885082348046,0.015339278515457227,0.01843957230802323
one_at_a_time,original,whole,human_vs_pooled_ai,spread,sparseness,,y1::2,,3,0.03088106214938685,0.018651879386639682,0.01222918276274717
one_at_a_time,original,whole,human_vs_pooled_ai,spread,sparseness,,y1::3,,4,0.037311366406448866,0.017398290929592154,0.019913075476856713
one_at_a_time,original,whole,human_vs_pooled_ai,spread,sparseness,,y1::4,,4,0.021828530099665233,0.015774567937358538,0.006053962162306695
one_at_a_time,original,whole,human_vs_pooled_ai,spread,sparseness,,y1::5,,4,0.026284525172135087,0.017434759912360633,0.008849765259774454
one_at_a_time,original,whole,human_vs_pooled_ai,spread,sparseness,,y1::6,,4,0.02124792231528087,0.018376818316402768,0.0028711039988781016
one_at_a_time,original,whole,human_vs_pooled_ai,spread,sparseness,,y1::7,,4,0.026354859759293376,0.01667430657578114,0.009680553183512235
one_at_a_time,original,whole,human_vs_pooled_ai,spread,sparseness,,y1::8,,5,0.035702686879554385,0.01651478399860498,0.019187902880949403
one_at_a_time,original,whole,human_vs_pooled_ai,spread,sparseness,,y1::9,,3,0.04146535061208284,0.018209061194679098,0.023256289417403743
one_at_a_time,original,whole,human_vs_pooled_ai,spread,sparseness,,y2::1,,3,0.028653303254000728,0.01835772014806075,0.01029558310593998
one_at_a_time,original,whole,human_vs_pooled_ai,spread,sparseness,,y2::10,,3,0.049850081068881225,0.017819395642233213,0.03203068542664801
one_at_a_time,original,whole,human_vs_pooled_ai,spread,sparseness,,y2::11,,4,0.02868456568483065,0.016231744070756435,0.012452821614074214
one_at_a_time,original,whole,human_vs_pooled_ai,spread,sparseness,,y2::2,,3,0.02416494304706801,0.017738974289878005,0.006425968757190006
one_at_a_time,original,whole,human_vs_pooled_ai,spread,sparseness,,y2::3,,4,0.03245280144382049,0.016833147240917855,0.015619654202902636
one_at_a_time,original,whole,human_vs_pooled_ai,spread,sparseness,,y2::4,,2,0.026592845843440016,0.021654732026328463,0.004938113817111553
one_at_a_time,original,whole,human_vs_pooled_ai,spread,sparseness,,y2::5,,4,0.027238190180299198,0.01983639937580623,0.007401790804492967
one_at_a_time,original,whole,human_vs_pooled_ai,spread,sparseness,,y2::6,,4,0.026543289634210043,0.017974280350796828,0.008569009283413215
one_at_a_time,original,whole,human_vs_pooled_ai,spread,sparseness,,y2::7,,4,0.030061846396276737,0.01702890572443175,0.013032940671844986
one_at_a_time,original,whole,human_vs_pooled_ai,spread,sparseness,,y2::8,,3,0.03778619966169272,0.017792234007001542,0.01999396565469118
one_at_a_time,original,whole,human_vs_pooled_ai,spread,sparseness,,y2::9,,4,0.026846332831402437,0.019749405128855008,0.007096927702547429
one_at_a_time,original,whole,human_vs_pooled_ai,spread,nn_isolation,,y1::1,,4,0.028361182018139502,0.01482105589253945,0.013540126125600052
one_at_a_time,original,whole,human_vs_pooled_ai,spread,nn_isolation,,y1::10,,4,0.017175446724067955,0.014930211208197073,0.0022452355158708824
one_at_a_time,original,whole,human_vs_pooled_ai,spread,nn_isolation,,y1::11,,4,0.022346654373526897,0.014353052908549734,0.007993601464977164
one_at_a_time,original,whole,human_vs_pooled_ai,spread,nn_isolation,,y1::12,,4,0.027735138962978634,0.012475527025242189,0.015259611937736445
one_at_a_time,original,whole,human_vs_pooled_ai,spread,nn_isolation,,y1::2,,3,0.027794849142984763,0.017314584140336788,0.010480265002647975
one_at_a_time,original,whole,human_vs_pooled_ai,spread,nn_isolation,,y1::3,,4,0.031265909932075675,0.014489490404948374,0.0167764195271273
one_at_a_time,original,whole,human_vs_pooled_ai,spread,nn_isolation,,y1::4,,4,0.020651323437910568,0.01330653040435754,0.007344793033553029
one_at_a_time,original,whole,human_vs_pooled_ai,spread,nn_isolation,,y1::5,,4,0.020618498988880907,0.01433706078029708,0.006281438208583826
one_at_a_time,original,whole,human_vs_pooled_ai,spread,nn_isolation,,y1::6,,4,0.02084153264145322,0.015469453124367075,0.005372079517086145
one_at_a_time,original,whole,human_vs_pooled_ai,spread,nn_isolation,,y1::7,,4,0.02525881526426696,0.013958323860199118,0.011300491404067841
one_at_a_time,original,whole,human_vs_pooled_ai,spread,nn_isolation,,y1::8,,5,0.032186778832407434,0.013294510536775685,0.01889226829563175
one_at_a_time,original,whole,human_vs_pooled_ai,spread,nn_isolation,,y1::9,,3,0.03825092930859175,0.01682310344587486,0.021427825862716892
one_at_a_time,original,whole,human_vs_pooled_ai,spread,nn_isolation,,y2::1,,3,0.02629131572922409,0.01688270436008877,0.00940861136913532
one_at_a_time,original,whole,human_vs_pooled_ai,spread,nn_isolation,,y2::10,,3,0.047931402658408895,0.016724840894521968,0.031206561763886927
one_at_a_time,original,whole,human_vs_pooled_ai,spread,nn_isolation,,y2::11,,4,0.026921380249831317,0.01343037054085182,0.013491009708979497
one_at_a_time,original,whole,human_vs_pooled_ai,spread,nn_isolation,,y2::2,,3,0.023381881277397154,0.016177722140241258,0.007204159137155896
one_at_a_time,original,whole,human_vs_pooled_ai,spread,nn_isolation,,y2::3,,4,0.028900872319010867,0.01447442524549568,0.014426447073515187
one_at_a_time,original,whole,human_vs_pooled_ai,spread,nn_isolation,,y2::4,,2,0.026592845843440016,0.021654732026328463,0.004938113817111553
one_at_a_time,original,whole,human_vs_pooled_ai,spread,nn_isolation,,y2::5,,4,0.026191644298958622,0.015858383888329525,0.010333260410629097
one_at_a_time,original,whole,human_vs_pooled_ai,spread,nn_isolation,,y2::6,,4,0.024314565858092052,0.014867793860885528,0.009446771997206524
one_at_a_time,original,whole,human_vs_pooled_ai,spread,nn_isolation,,y2::7,,4,0.028339792657698953,0.014422518626764906,0.013917274030934047
one_at_a_time,original,whole,human_vs_pooled_ai,spread,nn_isolation,,y2::8,,3,0.03535440009029267,0.016433338689855668,0.018921061400437002
one_at_a_time,original,whole,human_vs_pooled_ai,spread,nn_isolation,,y2::9,,4,0.0252270623699615,0.016713093948470554,0.008513968421490947
one_at_a_time,original,whole,human_vs_pooled_ai,spread,spherical_variance,,y1::1,,4,0.01342154372248916,0.00817592587611448,0.00524561784637468
one_at_a_time,original,whole,human_vs_pooled_ai,spread,spherical_variance,,y1::10,,4,0.008375550929213937,0.007976077794495792,0.0003994731347181455
one_at_a_time,original,whole,human_vs_pooled_ai,spread,spherical_variance,,y1::11,,4,0.010155552562576275,0.0072967959380307555,0.00285875662454552
one_at_a_time,original,whole,human_vs_pooled_ai,spread,spherical_variance,,y1::12,,4,0.016139061389136677,0.006823591370760934,0.009315470018375745
one_at_a_time,original,whole,human_vs_pooled_ai,spread,spherical_variance,,y1::2,,3,0.01164589572125696,0.0072108814502976504,0.00443501427095931
one_at_a_time,original,whole,human_vs_pooled_ai,spread,spherical_variance,,y1::3,,4,0.01601096916964273,0.007702282088107813,0.008308687081534916
one_at_a_time,original,whole,human_vs_pooled_ai,spread,spherical_variance,,y1::4,,4,0.010173315894774215,0.006920984301042629,0.0032523315937315863
one_at_a_time,original,whole,human_vs_pooled_ai,spread,spherical_variance,,y1::5,,4,0.010777684077143745,0.007656397980122408,0.003121286097021337
one_at_a_time,original,whole,human_vs_pooled_ai,spread,spherical_variance,,y1::6,,4,0.008540050031594637,0.008306004707025354,0.00023404532456928334
one_at_a_time,original,whole,human_vs_pooled_ai,spread,spherical_variance,,y1::7,,4,0.011260602577986112,0.007210014084091287,0.004050588493894825
one_at_a_time,original,whole,human_vs_pooled_ai,spread,spherical_variance,,y1::8,,5,0.01837191875935662,0.007660404003791646,0.010711514755564974
one_at_a_time,original,whole,human_vs_pooled_ai,spread,spherical_variance,,y1::9,,3,0.015715582018412055,0.006910797783025735,0.008804784235386321
one_at_a_time,original,whole,human_vs_pooled_ai,spread,spherical_variance,,y2::1,,3,0.011434621578763626,0.006986461324817848,0.004448160253945778
one_at_a_time,original,whole,human_vs_pooled_ai,spread,spherical_variance,,y2::10,,3,0.01824584155574771,0.006716261029848271,0.01152958052589944
one_at_a_time,original,whole,human_vs_pooled_ai,spread,spherical_variance,,y2::11,,4,0.012446065446431454,0.007043873051397576,0.005402192395033877
one_at_a_time,original,whole,human_vs_pooled_ai,spread,spherical_variance,,y2::2,,3,0.009135684045595616,0.006937668902389736,0.0021980151432058797
one_at_a_time,original,whole,human_vs_pooled_ai,spread,spherical_variance,,y2::3,,4,0.01490290328363697,0.00726001240733463,0.00764289087630234
one_at_a_time,original,whole,human_vs_pooled_ai,spread,spherical_variance,,y2::4,,2,0.006670458972310667,0.00543071919758015,0.0012397397747305168
one_at_a_time,original,whole,human_vs_pooled_ai,spread,spherical_variance,,y2::5,,4,0.010526239640409552,0.008804684412630468,0.0017215552277790834
one_at_a_time,original,whole,human_vs_pooled_ai,spread,spherical_variance,,y2::6,,4,0.010768106135839561,0.007942819495071285,0.0028252866407682767
one_at_a_time,original,whole,human_vs_pooled_ai,spread,spherical_variance,,y2::7,,4,0.013806631241897627,0.007542056635394314,0.006264574606503313
one_at_a_time,original,whole,human_vs_pooled_ai,spread,spherical_variance,,y2::8,,3,0.013995851985408425,0.006838211093153162,0.007157640892255263
one_at_a_time,original,whole,human_vs_pooled_ai,spread,spherical_variance,,y2::9,,4,0.012944486342103989,0.008541549901283394,0.004402936440820595
one_at_a_time,original,whole,human_vs_claude,richness,vendi,q=1,y1::1,,4,1.16257255298211,1.0646997162780159,0.09787283670409419
one_at_a_time,original,whole,human_vs_claude,richness,vendi,q=1,y1::10,,4,1.1075334572050226,1.0659778212629847,0.04155563594203793
one_at_a_time,original,whole,human_vs_claude,richness,vendi,q=1,y1::11,,4,1.1276861967234342,1.0611570965422263,0.06652910018120783
one_at_a_time,original,whole,human_vs_claude,richness,vendi,q=1,y1::12,,4,1.1846007889160133,1.0598024422878631,0.12479834662815015
one_at_a_time,original,whole,human_vs_claude,richness,vendi,q=1,y1::2,,3,1.1324463810804055,1.0448309737238173,0.08761540735658824
one_at_a_time,original,whole,human_vs_claude,richness,vendi,q=1,y1::3,,4,1.1887441426899779,1.062839102858084,0.12590503983189394
one_at_a_time,original,whole,human_vs_claude,richness,vendi,q=1,y1::4,,4,1.125758564236163,1.050183166129825,0.07557539810633784
one_at_a_time,original,whole,human_vs_claude,richness,vendi,q=1,y1::5,,4,1.1333910889610381,1.0693155257155766,0.06407556324546149
one_at_a_time,original,whole,human_vs_claude,richness,vendi,q=1,y1::6,,4,1.110325801417434,1.0758822441539242,0.03444355726350978
one_at_a_time,original,whole,human_vs_claude,richness,vendi,q=1,y1::7,,4,1.1399916092573004,1.0652082989102847,0.07478331034701569
one_at_a_time,original,whole,human_vs_claude,richness,vendi,q=1,y1::8,,5,1.222000111551555,1.0673614011796528,0.15463871037190224
one_at_a_time,original,whole,human_vs_claude,richness,vendi,q=1,y1::9,,3,1.17195829492951,1.050799684538593,0.12115861039091702
one_at_a_time,original,whole,human_vs_claude,richness,vendi,q=1,y2::1,,3,1.1301592185267035,1.0429955753964457,0.08716364313025782
one_at_a_time,original,whole,human_vs_claude,richness,vendi,q=1,y2::10,,3,1.1970061337920077,1.0643290159960392,0.13267711779596847
one_at_a_time,original,whole,human_vs_claude,richness,vendi,q=1,y2::11,,4,1.1522162221731291,1.054131770051265,0.09808445212186423
one_at_a_time,original,whole,human_vs_claude,richness,vendi,q=1,y2::2,,3,1.1084071077852313,1.048165564318666,0.060241543466565295
one_at_a_time,original,whole,human_vs_claude,richness,vendi,q=1,y2::3,,4,1.1761037392994658,1.0628412275060541,0.11326251179341162
one_at_a_time,original,whole,human_vs_claude,richness,vendi,q=1,y2::4,,2,1.0732072963873636,1.0410704363307395,0.032136860056624084
one_at_a_time,original,whole,human_vs_claude,richness,vendi,q=1,y2::5,,4,1.1326623577047987,1.0589119375917593,0.07375042011303945
one_at_a_time,original,whole,human_vs_claude,richness,vendi,q=1,y2::6,,4,1.1346171054112728,1.0566648263048226,0.0779522791064502
one_at_a_time,original,whole,human_vs_claude,richness,vendi,q=1,y2::7,,4,1.1661991702070842,1.0601120207684356,0.10608714943864861
one_at_a_time,original,whole,human_vs_claude,richness,vendi,q=1,y2::8,,3,1.1562252994565383,1.0536393899202208,0.10258590953631752
one_at_a_time,original,whole,human_vs_claude,richness,vendi,q=1,y2::9,,4,1.1565828579703665,1.0664390685014848,0.09014378946888169
one_at_a_time,original,whole,human_vs_claude,dimensionality,participation_ratio,,y1::1,,4,2.674797695481458,2.7381681478818445,-0.06337045240038641
one_at_a_time,original,whole,human_vs_claude,dimensionality,participation_ratio,,y1::10,,4,2.6612862487559377,2.7896898512162096,-0.12840360246027194
one_at_a_time,original,whole,human_vs_claude,dimensionality,participation_ratio,,y1::11,,4,2.7600271099555975,2.592630030880778,0.16739707907481938
one_at_a_time,original,whole,human_vs_claude,dimensionality,participation_ratio,,y1::12,,4,2.0182465512622607,2.8135940715127417,-0.7953475202504809
one_at_a_time,original,whole,human_vs_claude,dimensionality,participation_ratio,,y1::2,,3,1.7483109296137338,1.9692847112808671,-0.22097378166713333
one_at_a_time,original,whole,human_vs_claude,dimensionality,participation_ratio,,y1::3,,4,2.529583940031442,2.753119149740883,-0.22353520970944096
one_at_a_time,original,whole,human_vs_claude,dimensionality,participation_ratio,,y1::4,,4,2.3396103121279843,2.9513007933020576,-0.6116904811740733
one_at_a_time,original,whole,human_vs_claude,dimensionality,participation_ratio,,y1::5,,4,2.520039044692577,2.6020346841242254,-0.08199563943164856
one_at_a_time,original,whole,human_vs_claude,dimensionality,participation_ratio,,y1::6,,4,2.937768676800379,2.7516802441589645,0.1860884326414145
one_at_a_time,original,whole,human_vs_claude,dimensionality,participation_ratio,,y1::7,,4,2.802644837544766,2.767660005384994,0.034984832159771884
one_at_a_time,original,whole,human_vs_claude,dimensionality,participation_ratio,,y1::8,,5,2.9443742977735217,3.5437930962457007,-0.599418798472179
one_at_a_time,original,whole,human_vs_claude,dimensionality,participation_ratio,,y1::9,,3,1.804676269262951,1.9512234852773584,-0.14654721601440746
one_at_a_time,original,whole,human_vs_claude,dimensionality,participation_ratio,,y2::1,,3,1.7243714683500961,1.9608977283043685,-0.23652625995427234
one_at_a_time,original,whole,human_vs_claude,dimensionality,participation_ratio,,y2::10,,3,1.9208633227983178,1.7693082451156745,0.1515550776826433
one_at_a_time,original,whole,human_vs_claude,dimensionality,participation_ratio,,y2::11,,4,2.695340007964107,2.891345267329781,-0.1960052593656738
one_at_a_time,original,whole,human_vs_claude,dimensionality,participation_ratio,,y2::2,,3,1.883066828033179,1.9274905325570753,-0.04442370452389621
one_at_a_time,original,whole,human_vs_claude,dimensionality,participation_ratio,,y2::3,,4,2.465539426805587,2.8302641001804316,-0.3647246733748446
one_at_a_time,original,whole,human_vs_claude,dimensionality,participation_ratio,,y2::4,,2,1.0,1.0,0.0
one_at_a_time,original,whole,human_vs_claude,dimensionality,participation_ratio,,y2::5,,4,2.9667462507362674,2.8356341455809044,0.13111210515536298
one_at_a_time,original,whole,human_vs_claude,dimensionality,participation_ratio,,y2::6,,4,2.813892123171167,2.8460874339611544,-0.032195310789987275
one_at_a_time,original,whole,human_vs_claude,dimensionality,participation_ratio,,y2::7,,4,2.6208842103917687,2.7757277904511075,-0.15484358005933885
one_at_a_time,original,whole,human_vs_claude,dimensionality,participation_ratio,,y2::8,,3,1.858812513773307,1.9172374084747925,-0.0584248947014856
one_at_a_time,original,whole,human_vs_claude,dimensionality,participation_ratio,,y2::9,,4,2.5791235940180584,2.718954595638018,-0.13983100161995976
one_at_a_time,original,whole,human_vs_claude,dimensionality,effective_rank,,y1::1,,4,2.8296386071296467,2.8585020166873862,-0.028863409557739583
one_at_a_time,original,whole,human_vs_claude,dimensionality,effective_rank,,y1::10,,4,2.8237771157113793,2.886520343597496,-0.06274322788611686
one_at_a_time,original,whole,human_vs_claude,dimensionality,effective_rank,,y1::11,,4,2.875957309569804,2.7819758168941693,0.09398149267563483
one_at_a_time,original,whole,human_vs_claude,dimensionality,effective_rank,,y1::12,,4,2.392477922341134,2.901564741247866,-0.5090868189067317
one_at_a_time,original,whole,human_vs_claude,dimensionality,effective_rank,,y1::2,,3,1.8576859262288834,1.9842877075150511,-0.12660178128616772
one_at_a_time,original,whole,human_vs_claude,dimensionality,effective_rank,,y1::3,,4,2.747929628045421,2.8700515643648643,-0.12212193631944324
one_at_a_time,original,whole,human_vs_claude,dimensionality,effective_rank,,y1::4,,4,2.6268057322357814,2.975038615276749,-0.3482328830409678
one_at_a_time,original,whole,human_vs_claude,dimensionality,effective_rank,,y1::5,,4,2.7437786664984882,2.7801774223188898,-0.03639875582040153
one_at_a_time,original,whole,human_vs_claude,dimensionality,effective_rank,,y1::6,,4,2.9689964757823977,2.8647753783062426,0.10422109747615504
one_at_a_time,original,whole,human_vs_claude,dimensionality,effective_rank,,y1::7,,4,2.89718595006124,2.873086216193485,0.024099733867754658
one_at_a_time,original,whole,human_vs_claude,dimensionality,effective_rank,,y1::8,,5,3.3965534868101286,3.76056880368286,-0.36401531687273136
one_at_a_time,original,whole,human_vs_claude,dimensionality,effective_rank,,y1::9,,3,1.8927108381571147,1.9748054578210255,-0.08209461966391074
one_at_a_time,original,whole,human_vs_claude,dimensionality,effective_rank,,y2::1,,3,1.842176024659261,1.9799281760645282,-0.1377521514052673
one_at_a_time,original,whole,human_vs_claude,dimensionality,effective_rank,,y2::10,,3,1.9589411674360298,1.8659545498588173,0.0929866175772125
one_at_a_time,original,whole,human_vs_claude,dimensionality,effective_rank,,y2::11,,4,2.8366439774903913,2.9438590638398177,-0.10721508634942634
one_at_a_time,original,whole,human_vs_claude,dimensionality,effective_rank,,y2::2,,3,1.9382179832436541,1.9615758865808246,-0.02335790333717047
one_at_a_time,original,whole,human_vs_claude,dimensionality,effective_rank,,y2::3,,4,2.666810641623057,2.91253048968316,-0.24571984806010327
one_at_a_time,original,whole,human_vs_claude,dimensionality,effective_rank,,y2::4,,2,1.0,1.0,0.0
one_at_a_time,original,whole,human_vs_claude,dimensionality,effective_rank,,y2::5,,4,2.983515235941151,2.914769961769619,0.06874527417153198
one_at_a_time,original,whole,human_vs_claude,dimensionality,effective_rank,,y2::6,,4,2.897524922730603,2.919769694868024,-0.022244772137421265
one_at_a_time,original,whole,human_vs_claude,dimensionality,effective_rank,,y2::7,,4,2.7925803881765994,2.885052802454833,-0.09247241427823383
one_at_a_time,original,whole,human_vs_claude,dimensionality,effective_rank,,y2::8,,3,1.9245136856488774,1.9553410815751744,-0.03082739592629702
one_at_a_time,original,whole,human_vs_claude,dimensionality,effective_rank,,y2::9,,4,2.7481542899119806,2.851981596885171,-0.10382730697319031
one_at_a_time,original,whole,human_vs_claude,coverage,coverage_geometric,k=panel_adaptive,y1::1,,4,1.0,0.75,0.25
one_at_a_time,original,whole,human_vs_claude,coverage,coverage_geometric,k=panel_adaptive,y1::10,,4,1.0,0.0,1.0
one_at_a_time,original,whole,human_vs_claude,coverage,coverage_geometric,k=panel_adaptive,y1::11,,4,1.0,0.5,0.5
one_at_a_time,original,whole,human_vs_claude,coverage,coverage_geometric,k=panel_adaptive,y1::12,,4,1.0,1.0,0.0
one_at_a_time,original,whole,human_vs_claude,coverage,coverage_geometric,k=panel_adaptive,y1::2,,3,1.0,0.6666666666666667,0.33333333333333326
one_at_a_time,original,whole,human_vs_claude,coverage,coverage_geometric,k=panel_adaptive,y1::3,,4,1.0,1.0,0.0
one_at_a_time,original,whole,human_vs_claude,coverage,coverage_geometric,k=panel_adaptive,y1::4,,4,1.0,0.75,0.25
one_at_a_time,original,whole,human_vs_claude,coverage,coverage_geometric,k=panel_adaptive,y1::5,,4,1.0,0.25,0.75
one_at_a_time,original,whole,human_vs_claude,coverage,coverage_geometric,k=panel_adaptive,y1::6,,4,1.0,0.0,1.0
one_at_a_time,original,whole,human_vs_claude,coverage,coverage_geometric,k=panel_adaptive,y1::7,,4,1.0,0.2,0.8
one_at_a_time,original,whole,human_vs_claude,coverage,coverage_geometric,k=panel_adaptive,y1::8,,5,1.0,0.6,0.4
one_at_a_time,original,whole,human_vs_claude,coverage,coverage_geometric,k=panel_adaptive,y1::9,,3,1.0,0.6666666666666667,0.33333333333333326
one_at_a_time,original,whole,human_vs_claude,coverage,coverage_geometric,k=panel_adaptive,y2::1,,3,1.0,0.3,0.7
one_at_a_time,original,whole,human_vs_claude,coverage,coverage_geometric,k=panel_adaptive,y2::10,,3,1.0,1.0,0.0
one_at_a_time,original,whole,human_vs_claude,coverage,coverage_geometric,k=panel_adaptive,y2::11,,4,1.0,0.65,0.35
one_at_a_time,original,whole,human_vs_claude,coverage,coverage_geometric,k=panel_adaptive,y2::2,,3,1.0,0.0,1.0
one_at_a_time,original,whole,human_vs_claude,coverage,coverage_geometric,k=panel_adaptive,y2::3,,4,1.0,0.75,0.25
one_at_a_time,original,whole,human_vs_claude,coverage,coverage_geometric,k=panel_adaptive,y2::4,,2,1.0,0.0,1.0
one_at_a_time,original,whole,human_vs_claude,coverage,coverage_geometric,k=panel_adaptive,y2::5,,4,1.0,0.0,1.0
one_at_a_time,original,whole,human_vs_claude,coverage,coverage_geometric,k=panel_adaptive,y2::6,,4,1.0,0.25,0.75
one_at_a_time,original,whole,human_vs_claude,coverage,coverage_geometric,k=panel_adaptive,y2::7,,4,1.0,0.75,0.25
one_at_a_time,original,whole,human_vs_claude,coverage,coverage_geometric,k=panel_adaptive,y2::8,,3,1.0,0.33333333333333337,0.6666666666666666
one_at_a_time,original,whole,human_vs_claude,coverage,coverage_geometric,k=panel_adaptive,y2::9,,4,1.0,0.25,0.75
one_at_a_time,original,whole,human_vs_claude,evenness,vendi_slope,q=0..2,y1::1,,4,-0.6662719028433579,-0.6837860131921324,0.01751411034877448
one_at_a_time,original,whole,human_vs_claude,evenness,vendi_slope,q=0..2,y1::10,,4,-0.6763805175060529,-0.6835932690423698,0.0072127515363169525
one_at_a_time,original,whole,human_vs_claude,evenness,vendi_slope,q=0..2,y1::11,,4,-0.6728146012478529,-0.6843298745384014,0.011515273290548578
one_at_a_time,original,whole,human_vs_claude,evenness,vendi_slope,q=0..2,y1::12,,4,-0.6609179442747899,-0.6846154961105597,0.023697551835769826
one_at_a_time,original,whole,human_vs_claude,evenness,vendi_slope,q=0..2,y1::2,,3,-0.5260484534072014,-0.5427617108795981,0.016713257472396714
one_at_a_time,original,whole,human_vs_claude,evenness,vendi_slope,q=0..2,y1::3,,4,-0.6610870322367397,-0.684099029933062,0.02301199769632234
one_at_a_time,original,whole,human_vs_claude,evenness,vendi_slope,q=0..2,y1::4,,4,-0.6728032040261378,-0.6861929806465967,0.013389776620458926
one_at_a_time,original,whole,human_vs_claude,evenness,vendi_slope,q=0..2,y1::5,,4,-0.6715728434527226,-0.6829659142790447,0.011393070826322127
one_at_a_time,original,whole,human_vs_claude,evenness,vendi_slope,q=0..2,y1::6,,4,-0.6760456813579488,-0.6819211050299996,0.005875423672050739
one_at_a_time,original,whole,human_vs_claude,evenness,vendi_slope,q=0..2,y1::7,,4,-0.6705954304913413,-0.6837122045050685,0.01311677401372724
one_at_a_time,original,whole,human_vs_claude,evenness,vendi_slope,q=0..2,y1::8,,5,-0.7679588131758592,-0.7953691552524127,0.027410342076553462
one_at_a_time,original,whole,human_vs_claude,evenness,vendi_slope,q=0..2,y1::9,,3,-0.5179263582333582,-0.5417390436293421,0.023812685395983912
one_at_a_time,original,whole,human_vs_claude,evenness,vendi_slope,q=0..2,y2::1,,3,-0.5264729128381855,-0.5430659407604959,0.01659302792231032
one_at_a_time,original,whole,human_vs_claude,evenness,vendi_slope,q=0..2,y2::10,,3,-0.512850897771299,-0.539232441826971,0.026381544055672057
one_at_a_time,original,whole,human_vs_claude,evenness,vendi_slope,q=0..2,y2::11,,4,-0.6682288073916289,-0.685551256093237,0.01732244870160804
one_at_a_time,original,whole,human_vs_claude,evenness,vendi_slope,q=0..2,y2::2,,3,-0.5310445784841326,-0.5421773985260915,0.011132820041958924
one_at_a_time,original,whole,human_vs_claude,evenness,vendi_slope,q=0..2,y2::3,,4,-0.6633303429964063,-0.6841241038358745,0.020793760839468267
one_at_a_time,original,whole,human_vs_claude,evenness,vendi_slope,q=0..2,y2::4,,2,-0.33327876610657736,-0.3398356233691864,0.006556857262609017
one_at_a_time,original,whole,human_vs_claude,evenness,vendi_slope,q=0..2,y2::5,,4,-0.6720606613360716,-0.6847657165697176,0.012705055233646068
one_at_a_time,original,whole,human_vs_claude,evenness,vendi_slope,q=0..2,y2::6,,4,-0.6715812645676689,-0.6851338436633414,0.013552579095672534
one_at_a_time,original,whole,human_vs_claude,evenness,vendi_slope,q=0..2,y2::7,,4,-0.6655105050467924,-0.6845571002301113,0.01904659518331886
one_at_a_time,original,whole,human_vs_claude,evenness,vendi_slope,q=0..2,y2::8,,3,-0.5213442948293805,-0.5412272912281296,0.01988299639874913
one_at_a_time,original,whole,human_vs_claude,evenness,vendi_slope,q=0..2,y2::9,,4,-0.6672388447817473,-0.6834945537234491,0.016255708941701807
one_at_a_time,original,whole,human_vs_claude,evenness,ripley_excess,r=panel_q01_q50,y1::1,,4,0.0,0.06853105799805273,-0.06853105799805273
one_at_a_time,original,whole,human_vs_claude,evenness,ripley_excess,r=panel_q01_q50,y1::10,,4,0.0,0.06332747122990465,-0.06332747122990465
one_at_a_time,original,whole,human_vs_claude,evenness,ripley_excess,r=panel_q01_q50,y1::11,,4,0.0,0.05835146459803934,-0.05835146459803934
one_at_a_time,original,whole,human_vs_claude,evenness,ripley_excess,r=panel_q01_q50,y1::12,,4,0.0,0.07947823475288816,-0.07947823475288816
one_at_a_time,original,whole,human_vs_claude,evenness,ripley_excess,r=panel_q01_q50,y1::2,,3,0.0,0.04718444747422455,-0.04718444747422455
one_at_a_time,original,whole,human_vs_claude,evenness,ripley_excess,r=panel_q01_q50,y1::3,,4,0.0,0.08827730805730491,-0.08827730805730491
one_at_a_time,original,whole,human_vs_claude,evenness,ripley_excess,r=panel_q01_q50,y1::4,,4,0.0,0.0630208784506557,-0.0630208784506557
one_at_a_time,original,whole,human_vs_claude,evenness,ripley_excess,r=panel_q01_q50,y1::5,,4,0.0,0.07362374364858604,-0.07362374364858604
one_at_a_time,original,whole,human_vs_claude,evenness,ripley_excess,r=panel_q01_q50,y1::6,,4,0.0,0.050848548695002084,-0.050848548695002084
one_at_a_time,original,whole,human_vs_claude,evenness,ripley_excess,r=panel_q01_q50,y1::7,,4,0.0,0.08075894851958401,-0.08075894851958401
one_at_a_time,original,whole,human_vs_claude,evenness,ripley_excess,r=panel_q01_q50,y1::8,,5,0.0,0.12197077691685328,-0.12197077691685328
one_at_a_time,original,whole,human_vs_claude,evenness,ripley_excess,r=panel_q01_q50,y1::9,,3,0.0,0.061022885989331165,-0.061022885989331165
one_at_a_time,original,whole,human_vs_claude,evenness,ripley_excess,r=panel_q01_q50,y2::1,,3,0.0,0.06449917861970594,-0.06449917861970594
one_at_a_time,original,whole,human_vs_claude,evenness,ripley_excess,r=panel_q01_q50,y2::10,,3,0.0,0.06026708847147595,-0.06026708847147595
one_at_a_time,original,whole,human_vs_claude,evenness,ripley_excess,r=panel_q01_q50,y2::11,,4,0.0,0.0829336736363531,-0.0829336736363531
one_at_a_time,original,whole,human_vs_claude,evenness,ripley_excess,r=panel_q01_q50,y2::2,,3,0.0,0.0460616549183564,-0.0460616549183564
one_at_a_time,original,whole,human_vs_claude,evenness,ripley_excess,r=panel_q01_q50,y2::3,,4,0.0,0.05991426126513907,-0.05991426126513907
one_at_a_time,original,whole,human_vs_claude,evenness,ripley_excess,r=panel_q01_q50,y2::4,,2,0.0,0.026719655164533323,-0.026719655164533323
one_at_a_time,original,whole,human_vs_claude,evenness,ripley_excess,r=panel_q01_q50,y2::5,,4,0.0,0.08229588561592253,-0.08229588561592253
one_at_a_time,original,whole,human_vs_claude,evenness,ripley_excess,r=panel_q01_q50,y2::6,,4,0.0,0.060291873574723785,-0.060291873574723785
one_at_a_time,original,whole,human_vs_claude,evenness,ripley_excess,r=panel_q01_q50,y2::7,,4,0.0,0.08429147394250516,-0.08429147394250516
one_at_a_time,original,whole,human_vs_claude,evenness,ripley_excess,r=panel_q01_q50,y2::8,,3,0.0,0.0672199565342697,-0.0672199565342697
one_at_a_time,original,whole,human_vs_claude,evenness,ripley_excess,r=panel_q01_q50,y2::9,,4,0.0,0.06074360646000372,-0.06074360646000372
one_at_a_time,original,whole,human_vs_claude,spread,mean_pairwise,,y1::1,,4,0.035550599478778255,0.012445827033309842,0.023104772445468415
one_at_a_time,original,whole,human_vs_claude,spread,mean_pairwise,,y1::10,,4,0.022241269340080066,0.012700556521693374,0.009540712818386692
one_at_a_time,original,whole,human_vs_claude,spread,mean_pairwise,,y1::11,,4,0.026943959836401705,0.011725790434495198,0.015218169401906506
one_at_a_time,original,whole,human_vs_claude,spread,mean_pairwise,,y1::12,,4,0.04269020463433487,0.01134500431790414,0.03134520031643073
one_at_a_time,original,whole,human_vs_claude,spread,mean_pairwise,,y1::2,,3,0.034734246833045455,0.009801042029869356,0.0249332048031761
one_at_a_time,original,whole,human_vs_claude,spread,mean_pairwise,,y1::3,,4,0.04235411627404575,0.012030726633740663,0.030323389640305086
one_at_a_time,original,whole,human_vs_claude,spread,mean_pairwise,,y1::4,,4,0.026990847244338312,0.009251144488904493,0.01773970275543382
one_at_a_time,original,whole,human_vs_claude,spread,mean_pairwise,,y1::5,,4,0.028585612906961228,0.013535259004917677,0.015050353902043552
one_at_a_time,original,whole,human_vs_claude,spread,mean_pairwise,,y1::6,,4,0.022676223478196072,0.014916284620693554,0.007759938857502518
one_at_a_time,original,whole,human_vs_claude,spread,mean_pairwise,,y1::7,,4,0.029859205314070585,0.012543330829119926,0.017315874484950658
one_at_a_time,original,whole,human_vs_claude,spread,mean_pairwise,,y1::8,,5,0.04550788764976611,0.011650117482089838,0.03385777016767627
one_at_a_time,original,whole,human_vs_claude,spread,mean_pairwise,,y1::9,,3,0.04677627677796988,0.01133016507122898,0.035446111706740904
one_at_a_time,original,whole,human_vs_claude,spread,mean_pairwise,,y2::1,,3,0.03410773888031656,0.009346226614529473,0.024761512265787086
one_at_a_time,original,whole,human_vs_claude,spread,mean_pairwise,,y2::10,,3,0.05423815856612709,0.015080756539293116,0.03915740202683397
one_at_a_time,original,whole,human_vs_claude,spread,mean_pairwise,,y2::11,,4,0.032982968463688,0.010103191168152672,0.02287977729553533
one_at_a_time,original,whole,human_vs_claude,spread,mean_pairwise,,y2::2,,3,0.027281861052315486,0.010675158132736996,0.01660670291957849
one_at_a_time,original,whole,human_vs_claude,spread,mean_pairwise,,y2::3,,4,0.03944494672132356,0.011996478184409477,0.02744846853691408
one_at_a_time,original,whole,human_vs_claude,spread,mean_pairwise,,y2::4,,2,0.026592845843440016,0.013476416412711089,0.013116429430728927
one_at_a_time,original,whole,human_vs_claude,spread,mean_pairwise,,y2::5,,4,0.02792223674646921,0.011145787939422613,0.016776448807046596
one_at_a_time,original,whole,human_vs_claude,spread,mean_pairwise,,y2::6,,4,0.028560346882568238,0.010657137677812133,0.017903209204756104
one_at_a_time,original,whole,human_vs_claude,spread,mean_pairwise,,y2::7,,4,0.03656351922339416,0.011422597946572476,0.025140921276821684
one_at_a_time,original,whole,human_vs_claude,spread,mean_pairwise,,y2::8,,3,0.041693730147028894,0.012095780527235455,0.029597949619793437
one_at_a_time,original,whole,human_vs_claude,spread,mean_pairwise,,y2::9,,4,0.03429521727672937,0.012832384229032379,0.021462833047696993
one_at_a_time,original,whole,human_vs_claude,spread,centroid_loo,,y1::1,,4,0.2164466212833947,0.12804977816485605,0.08839684311853865
one_at_a_time,original,whole,human_vs_claude,spread,centroid_loo,,y1::10,,4,0.1719330289967536,0.12956257589212095,0.042370453104632666
one_at_a_time,original,whole,human_vs_claude,spread,centroid_loo,,y1::11,,4,0.18832594393987087,0.12437717889365038,0.06394876504622049
one_at_a_time,original,whole,human_vs_claude,spread,centroid_loo,,y1::12,,4,0.2338553498568993,0.12254812553384262,0.11130722432305667
one_at_a_time,original,whole,human_vs_claude,spread,centroid_loo,,y1::2,,3,0.22633102784920367,0.12109652748171593,0.10523450036748774
one_at_a_time,original,whole,human_vs_claude,spread,centroid_loo,,y1::3,,4,0.23670183577964288,0.12591187072375548,0.1107899650558874
one_at_a_time,original,whole,human_vs_claude,spread,centroid_loo,,y1::4,,4,0.18640833004537496,0.1109517430016184,0.07545658704375656
one_at_a_time,original,whole,human_vs_claude,spread,centroid_loo,,y1::5,,4,0.19468386448385272,0.1326992125404049,0.06198465194344782
one_at_a_time,original,whole,human_vs_claude,spread,centroid_loo,,y1::6,,4,0.1735954909714102,0.140327741385732,0.033267749585678186
one_at_a_time,original,whole,human_vs_claude,spread,centroid_loo,,y1::7,,4,0.19882646233545867,0.12854340954083673,0.07028305279462194
one_at_a_time,original,whole,human_vs_claude,spread,centroid_loo,,y1::8,,5,0.2318806916373927,0.11972788033386572,0.11215281130352697
one_at_a_time,original,whole,human_vs_claude,spread,centroid_loo,,y1::9,,3,0.2631644429827355,0.13008535163596288,0.13307909134677262
one_at_a_time,original,whole,human_vs_claude,spread,centroid_loo,,y2::1,,3,0.22392627688780134,0.11819412929809711,0.10573214758970423
one_at_a_time,original,whole,human_vs_claude,spread,centroid_loo,,y2::10,,3,0.2845041652298293,0.14844699648781315,0.13605716874201615
one_at_a_time,original,whole,human_vs_claude,spread,centroid_loo,,y2::11,,4,0.20810063321347053,0.11571874029820806,0.09238189291526247
one_at_a_time,original,whole,human_vs_claude,spread,centroid_loo,,y2::2,,3,0.20148012140841454,0.12604743620225314,0.07543268520616139
one_at_a_time,original,whole,human_vs_claude,spread,centroid_loo,,y2::3,,4,0.22645364925598968,0.12600698653368986,0.10044666272229982
one_at_a_time,original,whole,human_vs_claude,spread,centroid_loo,,y2::4,,2,0.23062023260520817,0.16302845914310266,0.06759177346210551
one_at_a_time,original,whole,human_vs_claude,spread,centroid_loo,,y2::5,,4,0.19285880897968077,0.12134719838066765,0.07151161059901312
one_at_a_time,original,whole,human_vs_claude,spread,centroid_loo,,y2::6,,4,0.19474133623273238,0.11894985000291873,0.07579148622981365
one_at_a_time,original,whole,human_vs_claude,spread,centroid_loo,,y2::7,,4,0.21845227342688076,0.12314861447897503,0.09530365894790573
one_at_a_time,original,whole,human_vs_claude,spread,centroid_loo,,y2::8,,3,0.24893885101680105,0.13408727728919353,0.11485157372760751
one_at_a_time,original,whole,human_vs_claude,spread,centroid_loo,,y2::9,,4,0.21134713758420928,0.13001031866552915,0.08133681891868014
one_at_a_time,original,whole,human_vs_claude,spread,mst_dispersion,,y1::1,,4,0.02954953561845408,0.010571074373266365,0.018978461245187716
one_at_a_time,original,whole,human_vs_claude,spread,mst_dispersion,,y1::10,,4,0.018794164638762784,0.01096030114958617,0.007833863489176614
one_at_a_time,original,whole,human_vs_claude,spread,mst_dispersion,,y1::11,,4,0.02297342447627874,0.009581497702093586,0.013391926774185155
one_at_a_time,original,whole,human_vs_claude,spread,mst_dispersion,,y1::12,,4,0.028490940114900165,0.009855520430333605,0.01863541968456656
one_at_a_time,original,whole,human_vs_claude,spread,mst_dispersion,,y1::2,,3,0.03088106214938685,0.009387410927380057,0.021493651222006794
one_at_a_time,original,whole,human_vs_claude,spread,mst_dispersion,,y1::3,,4,0.033756107377712986,0.010415108166764572,0.023340999210948413
one_at_a_time,original,whole,human_vs_claude,spread,mst_dispersion,,y1::4,,4,0.021828530099665233,0.008713128091065623,0.01311540200859961
one_at_a_time,original,whole,human_vs_claude,spread,mst_dispersion,,y1::5,,4,0.02298083489462288,0.011134376541233133,0.011846458353389749
one_at_a_time,original,whole,human_vs_claude,spread,mst_dispersion,,y1::6,,4,0.02124792231528087,0.012680816182607324,0.008567106132673545
one_at_a_time,original,whole,human_vs_claude,spread,mst_dispersion,,y1::7,,4,0.0261893885536002,0.011041347400938612,0.01514804115266159
one_at_a_time,original,whole,human_vs_claude,spread,mst_dispersion,,y1::8,,5,0.0343401016504897,0.009782085650678451,0.02455801599981125
one_at_a_time,original,whole,human_vs_claude,spread,mst_dispersion,,y1::9,,3,0.04146535061208284,0.010598970702282795,0.030866379909800047
one_at_a_time,original,whole,human_vs_claude,spread,mst_dispersion,,y2::1,,3,0.028653303254000728,0.008778389562033233,0.019874913691967495
one_at_a_time,original,whole,human_vs_claude,spread,mst_dispersion,,y2::10,,3,0.049850081068881225,0.012851469778360786,0.03699861129052044
one_at_a_time,original,whole,human_vs_claude,spread,mst_dispersion,,y2::11,,4,0.02833721611601292,0.00905461779429128,0.01928259832172164
one_at_a_time,original,whole,human_vs_claude,spread,mst_dispersion,,y2::2,,3,0.02416494304706801,0.010042823469258633,0.014122119577809377
one_at_a_time,original,whole,human_vs_claude,spread,mst_dispersion,,y2::3,,4,0.03142271120194114,0.010502710445969258,0.020920000755971883
one_at_a_time,original,whole,human_vs_claude,spread,mst_dispersion,,y2::4,,2,0.026592845843440016,0.013476416412711089,0.013116429430728927
one_at_a_time,original,whole,human_vs_claude,spread,mst_dispersion,,y2::5,,4,0.026517273338620456,0.009867282291186646,0.01664999104743381
one_at_a_time,original,whole,human_vs_claude,spread,mst_dispersion,,y2::6,,4,0.02602106067654608,0.009458987050523606,0.016562073626022474
one_at_a_time,original,whole,human_vs_claude,spread,mst_dispersion,,y2::7,,4,0.030061846396276737,0.010006794881092884,0.02005505151518385
one_at_a_time,original,whole,human_vs_claude,spread,mst_dispersion,,y2::8,,3,0.03778619966169272,0.011043273222998657,0.026742926438694064
one_at_a_time,original,whole,human_vs_claude,spread,mst_dispersion,,y2::9,,4,0.026846332831402437,0.010996391469274365,0.01584994136212807
one_at_a_time,original,whole,human_vs_claude,spread,sparseness,,y1::1,,4,0.03192767390221962,0.010743918263100127,0.021183755639119495
one_at_a_time,original,whole,human_vs_claude,spread,sparseness,,y1::10,,4,0.020988760698423852,0.011517249940893901,0.009471510757529951
one_at_a_time,original,whole,human_vs_claude,spread,sparseness,,y1::11,,4,0.02297342447627874,0.010435100181095398,0.012538324295183343
one_at_a_time,original,whole,human_vs_claude,spread,sparseness,,y1::12,,4,0.03377885082348046,0.010013504596669285,0.023765346226811174
one_at_a_time,original,whole,human_vs_claude,spread,sparseness,,y1::2,,3,0.03088106214938685,0.009387410927380057,0.021493651222006794
one_at_a_time,original,whole,human_vs_claude,spread,sparseness,,y1::3,,4,0.037311366406448866,0.010564090930810698,0.02674727547563817
one_at_a_time,original,whole,human_vs_claude,spread,sparseness,,y1::4,,4,0.021828530099665233,0.00878971522958456,0.013038814870080673
one_at_a_time,original,whole,human_vs_claude,spread,sparseness,,y1::5,,4,0.026284525172135087,0.011201167804329218,0.01508335736780587
one_at_a_time,original,whole,human_vs_claude,spread,sparseness,,y1::6,,4,0.02124792231528087,0.012921310726710327,0.008326611588570542
one_at_a_time,original,whole,human_vs_claude,spread,sparseness,,y1::7,,4,0.026354859759293376,0.011308813348822788,0.015046046410470588
one_at_a_time,original,whole,human_vs_claude,spread,sparseness,,y1::8,,5,0.035702686879554385,0.010000255655061269,0.025702431224493116
one_at_a_time,original,whole,human_vs_claude,spread,sparseness,,y1::9,,3,0.04146535061208284,0.010598970702282795,0.030866379909800047
one_at_a_time,original,whole,human_vs_claude,spread,sparseness,,y2::1,,3,0.028653303254000728,0.008778389562033233,0.019874913691967495
one_at_a_time,original,whole,human_vs_claude,spread,sparseness,,y2::10,,3,0.049850081068881225,0.012851469778360786,0.03699861129052044
one_at_a_time,original,whole,human_vs_claude,spread,sparseness,,y2::11,,4,0.02868456568483065,0.00905461779429128,0.01962994789053937
one_at_a_time,original,whole,human_vs_claude,spread,sparseness,,y2::2,,3,0.02416494304706801,0.010042823469258633,0.014122119577809377
one_at_a_time,original,whole,human_vs_claude,spread,sparseness,,y2::3,,4,0.03245280144382049,0.010636631309598665,0.021816170134221824
one_at_a_time,original,whole,human_vs_claude,spread,sparseness,,y2::4,,2,0.026592845843440016,0.013476416412711089,0.013116429430728927
one_at_a_time,original,whole,human_vs_claude,spread,sparseness,,y2::5,,4,0.027238190180299198,0.00992685793372449,0.017311332246574707
one_at_a_time,original,whole,human_vs_claude,spread,sparseness,,y2::6,,4,0.026543289634210043,0.009911903474529467,0.016631386159680576
one_at_a_time,original,whole,human_vs_claude,spread,sparseness,,y2::7,,4,0.030061846396276737,0.010790579532665483,0.019271266863611254
one_at_a_time,original,whole,human_vs_claude,spread,sparseness,,y2::8,,3,0.03778619966169272,0.011043273222998657,0.026742926438694064
one_at_a_time,original,whole,human_vs_claude,spread,sparseness,,y2::9,,4,0.026846332831402437,0.01143202519675292,0.015414307634649517
one_at_a_time,original,whole,human_vs_claude,spread,nn_isolation,,y1::1,,4,0.028361182018139502,0.01047384266293267,0.01788733935520683
one_at_a_time,original,whole,human_vs_claude,spread,nn_isolation,,y1::10,,4,0.017175446724067955,0.010573278974958111,0.006602167749109844
one_at_a_time,original,whole,human_vs_claude,spread,nn_isolation,,y1::11,,4,0.022346654373526897,0.00910122493918884,0.013245429434338058
one_at_a_time,original,whole,human_vs_claude,spread,nn_isolation,,y1::12,,4,0.027735138962978634,0.009596144395645528,0.018138994567333106
one_at_a_time,original,whole,human_vs_claude,spread,nn_isolation,,y1::2,,3,0.027794849142984763,0.009180166428584458,0.018614682714400303
one_at_a_time,original,whole,human_vs_claude,spread,nn_isolation,,y1::3,,4,0.031265909932075675,0.010093783071635299,0.021172126860440378
one_at_a_time,original,whole,human_vs_claude,spread,nn_isolation,,y1::4,,4,0.020651323437910568,0.008537754258565433,0.012113569179345135
one_at_a_time,original,whole,human_vs_claude,spread,nn_isolation,,y1::5,,4,0.020618498988880907,0.0105938821240389,0.010024616864842007
one_at_a_time,original,whole,human_vs_claude,spread,nn_isolation,,y1::6,,4,0.02084153264145322,0.012256305181635724,0.008585227459817496
one_at_a_time,original,whole,human_vs_claude,spread,nn_isolation,,y1::7,,4,0.02525881526426696,0.010423870201215518,0.014834945063051441
one_at_a_time,original,whole,human_vs_claude,spread,nn_isolation,,y1::8,,5,0.032186778832407434,0.009391890972792116,0.022794887859615316
one_at_a_time,original,whole,human_vs_claude,spread,nn_isolation,,y1::9,,3,0.03825092930859175,0.010385932806802578,0.027864996501789176
one_at_a_time,original,whole,human_vs_claude,spread,nn_isolation,,y2::1,,3,0.02629131572922409,0.00864360343836764,0.01764771229085645
one_at_a_time,original,whole,human_vs_claude,spread,nn_isolation,,y2::10,,3,0.047931402658408895,0.012022175712213246,0.03590922694619565
one_at_a_time,original,whole,human_vs_claude,spread,nn_isolation,,y2::11,,4,0.026921380249831317,0.008932717028966836,0.01798866322086448
one_at_a_time,original,whole,human_vs_claude,spread,nn_isolation,,y2::2,,3,0.023381881277397154,0.00964492826005185,0.013736953017345304
one_at_a_time,original,whole,human_vs_claude,spread,nn_isolation,,y2::3,,4,0.028900872319010867,0.010348811498496164,0.018552060820514703
one_at_a_time,original,whole,human_vs_claude,spread,nn_isolation,,y2::4,,2,0.026592845843440016,0.013476416412711089,0.013116429430728927
one_at_a_time,original,whole,human_vs_claude,spread,nn_isolation,,y2::5,,4,0.026191644298958622,0.009591015312171974,0.016600628986786648
one_at_a_time,original,whole,human_vs_claude,spread,nn_isolation,,y2::6,,4,0.024314565858092052,0.009240087755779391,0.01507447810231266
one_at_a_time,original,whole,human_vs_claude,spread,nn_isolation,,y2::7,,4,0.028339792657698953,0.009472538459932123,0.01886725419776683
one_at_a_time,original,whole,human_vs_claude,spread,nn_isolation,,y2::8,,3,0.03535440009029267,0.010813335659025312,0.024541064431267356
one_at_a_time,original,whole,human_vs_claude,spread,nn_isolation,,y2::9,,4,0.0252270623699615,0.010528186999781631,0.01469887537017987
one_at_a_time,original,whole,human_vs_claude,spread,spherical_variance,,y1::1,,4,0.01342154372248916,0.004678184134041019,0.00874335958844814
one_at_a_time,original,whole,human_vs_claude,spread,spherical_variance,,y1::10,,4,0.008375550929213937,0.004774150717630365,0.003601400211583572
one_at_a_time,original,whole,human_vs_claude,spread,spherical_variance,,y1::11,,4,0.010155552562576275,0.004406913467056395,0.005748639095519881
one_at_a_time,original,whole,human_vs_claude,spread,spherical_variance,,y1::12,,4,0.016139061389136677,0.004263492798639246,0.011875568590497432
one_at_a_time,original,whole,human_vs_claude,spread,spherical_variance,,y1::2,,3,0.01164589572125696,0.0032723813503218956,0.008373514370935064
one_at_a_time,original,whole,human_vs_claude,spread,spherical_variance,,y1::3,,4,0.01601096916964273,0.004521801995991237,0.011489167173651494
one_at_a_time,original,whole,human_vs_claude,spread,spherical_variance,,y1::4,,4,0.010173315894774215,0.003475223317840581,0.006698092576933634
one_at_a_time,original,whole,human_vs_claude,spread,spherical_variance,,y1::5,,4,0.010777684077143745,0.005088826242693356,0.005688857834450389
one_at_a_time,original,whole,human_vs_claude,spread,spherical_variance,,y1::6,,4,0.008540050031594637,0.005609404079682889,0.002930645951911748
one_at_a_time,original,whole,human_vs_claude,spread,spherical_variance,,y1::7,,4,0.011260602577986112,0.004714931271071832,0.00654567130691428
one_at_a_time,original,whole,human_vs_claude,spread,spherical_variance,,y1::8,,5,0.01837191875935662,0.004670955907380203,0.013700962851976417
one_at_a_time,original,whole,human_vs_claude,spread,spherical_variance,,y1::9,,3,0.015715582018412055,0.003783911027301612,0.011931670991110444
one_at_a_time,original,whole,human_vs_claude,spread,spherical_variance,,y2::1,,3,0.011434621578763626,0.003120295457260824,0.008314326121502801
one_at_a_time,original,whole,human_vs_claude,spread,spherical_variance,,y2::10,,3,0.01824584155574771,0.005039997835975763,0.013205843719771949
one_at_a_time,original,whole,human_vs_claude,spread,spherical_variance,,y2::11,,4,0.012446065446431454,0.0037959217590959105,0.008650143687335543
one_at_a_time,original,whole,human_vs_claude,spread,spherical_variance,,y2::2,,3,0.009135684045595616,0.003564815457181525,0.0055708685884140905
one_at_a_time,original,whole,human_vs_claude,spread,spherical_variance,,y2::3,,4,0.01490290328363697,0.0045088760184260005,0.01039402726521097
one_at_a_time,original,whole,human_vs_claude,spread,spherical_variance,,y2::4,,2,0.006670458972310667,0.0033751169565321205,0.003295342015778546
one_at_a_time,original,whole,human_vs_claude,spread,spherical_variance,,y2::5,,4,0.010526239640409552,0.004188481633908147,0.006337758006501404
one_at_a_time,original,whole,human_vs_claude,spread,spherical_variance,,y2::6,,4,0.010768106135839561,0.004004456657270561,0.0067636494785690005
one_at_a_time,original,whole,human_vs_claude,spread,spherical_variance,,y2::7,,4,0.013806631241897627,0.004292697718907857,0.00951393352298977
one_at_a_time,original,whole,human_vs_claude,spread,spherical_variance,,y2::8,,3,0.013995851985408425,0.0040401835144256324,0.009955668470982792
one_at_a_time,original,whole,human_vs_claude,spread,spherical_variance,,y2::9,,4,0.012944486342103989,0.00482384509994418,0.00812064124215981
one_at_a_time,original,whole,human_vs_gemini,richness,vendi,q=1,y1::1,,4,1.16257255298211,1.0832069530764286,0.07936559990568148
one_at_a_time,original,whole,human_vs_gemini,richness,vendi,q=1,y1::10,,4,1.1075334572050226,1.0747794840735851,0.032753973131437464
one_at_a_time,original,whole,human_vs_gemini,richness,vendi,q=1,y1::11,,4,1.1276861967234342,1.0850420722072829,0.042644124516151294
one_at_a_time,original,whole,human_vs_gemini,richness,vendi,q=1,y1::12,,4,1.1846007889160133,1.0719652425513844,0.11263554636462891
one_at_a_time,original,whole,human_vs_gemini,richness,vendi,q=1,y1::2,,3,1.1324463810804055,1.0684636867544597,0.06398269432594583
one_at_a_time,original,whole,human_vs_gemini,richness,vendi,q=1,y1::3,,4,1.1887441426899779,1.0886869356976594,0.10005720699231846
one_at_a_time,original,whole,human_vs_gemini,richness,vendi,q=1,y1::4,,4,1.125758564236163,1.0849707954714902,0.040787768764672716
one_at_a_time,original,whole,human_vs_gemini,richness,vendi,q=1,y1::5,,4,1.1333910889610381,1.0762448697716045,0.057146219189433634
one_at_a_time,original,whole,human_vs_gemini,richness,vendi,q=1,y1::6,,4,1.110325801417434,1.0954493737630895,0.014876427654344493
one_at_a_time,original,whole,human_vs_gemini,richness,vendi,q=1,y1::7,,4,1.1399916092573004,1.0623762394853127,0.07761536977198769
one_at_a_time,original,whole,human_vs_gemini,richness,vendi,q=1,y1::8,,5,1.222000111551555,1.0963090601981949,0.12569105135336023
one_at_a_time,original,whole,human_vs_gemini,richness,vendi,q=1,y1::9,,3,1.17195829492951,1.0643773410088007,0.10758095392070932
one_at_a_time,original,whole,human_vs_gemini,richness,vendi,q=1,y2::1,,3,1.1301592185267035,1.0637673326334254,0.06639188589327816
one_at_a_time,original,whole,human_vs_gemini,richness,vendi,q=1,y2::10,,3,1.1970061337920077,1.0706194580890174,0.12638667570299034
one_at_a_time,original,whole,human_vs_gemini,richness,vendi,q=1,y2::11,,4,1.1522162221731291,1.0709951037223937,0.08122111845073543
one_at_a_time,original,whole,human_vs_gemini,richness,vendi,q=1,y2::2,,3,1.1084071077852313,1.0592922900999846,0.049114817685246726
one_at_a_time,original,whole,human_vs_gemini,richness,vendi,q=1,y2::3,,4,1.1761037392994658,1.0870410166486522,0.08906272265081361
one_at_a_time,original,whole,human_vs_gemini,richness,vendi,q=1,y2::4,,2,1.0732072963873636,1.0391733221482795,0.03403397423908405
one_at_a_time,original,whole,human_vs_gemini,richness,vendi,q=1,y2::5,,4,1.1326623577047987,1.0885226097913774,0.044139747913421346
one_at_a_time,original,whole,human_vs_gemini,richness,vendi,q=1,y2::6,,4,1.1346171054112728,1.0940143514019218,0.04060275400935098
one_at_a_time,original,whole,human_vs_gemini,richness,vendi,q=1,y2::7,,4,1.1661991702070842,1.0808411709205463,0.08535799928653787
one_at_a_time,original,whole,human_vs_gemini,richness,vendi,q=1,y2::8,,3,1.1562252994565383,1.0584018647110556,0.09782343474548272
one_at_a_time,original,whole,human_vs_gemini,richness,vendi,q=1,y2::9,,4,1.1565828579703665,1.087622876922497,0.0689599810478696
one_at_a_time,original,whole,human_vs_gemini,dimensionality,participation_ratio,,y1::1,,4,2.674797695481458,2.847298677188917,-0.17250098170745876
one_at_a_time,original,whole,human_vs_gemini,dimensionality,participation_ratio,,y1::10,,4,2.6612862487559377,2.8645518630224545,-0.2032656142665168
one_at_a_time,original,whole,human_vs_gemini,dimensionality,participation_ratio,,y1::11,,4,2.7600271099555975,2.8693284247411257,-0.10930131478552818
one_at_a_time,original,whole,human_vs_gemini,dimensionality,participation_ratio,,y1::12,,4,2.0182465512622607,2.6704035495851883,-0.6521569983229276
one_at_a_time,original,whole,human_vs_gemini,dimensionality,participation_ratio,,y1::2,,3,1.7483109296137338,1.9031591917364092,-0.15484826212267544
one_at_a_time,original,whole,human_vs_gemini,dimensionality,participation_ratio,,y1::3,,4,2.529583940031442,2.7777630105976865,-0.24817907056624433
one_at_a_time,original,whole,human_vs_gemini,dimensionality,participation_ratio,,y1::4,,4,2.3396103121279843,2.693441602323852,-0.3538312901958678
one_at_a_time,original,whole,human_vs_gemini,dimensionality,participation_ratio,,y1::5,,4,2.520039044692577,2.591304830945275,-0.07126578625269797
one_at_a_time,original,whole,human_vs_gemini,dimensionality,participation_ratio,,y1::6,,4,2.937768676800379,2.250639994422299,0.6871286823780802
one_at_a_time,original,whole,human_vs_gemini,dimensionality,participation_ratio,,y1::7,,4,2.802644837544766,2.9080352174972726,-0.10539037995250666
one_at_a_time,original,whole,human_vs_gemini,dimensionality,participation_ratio,,y1::8,,5,2.9443742977735217,3.5593659446084205,-0.6149916468348988
one_at_a_time,original,whole,human_vs_gemini,dimensionality,participation_ratio,,y1::9,,3,1.804676269262951,1.9174103029833964,-0.11273403372044544
one_at_a_time,original,whole,human_vs_gemini,dimensionality,participation_ratio,,y2::1,,3,1.7243714683500961,1.9375862711412175,-0.21321480279112137
one_at_a_time,original,whole,human_vs_gemini,dimensionality,participation_ratio,,y2::10,,3,1.9208633227983178,1.9412660300127413,-0.0204027072144235
one_at_a_time,original,whole,human_vs_gemini,dimensionality,participation_ratio,,y2::11,,4,2.695340007964107,2.839288785756011,-0.14394877779190418
one_at_a_time,original,whole,human_vs_gemini,dimensionality,participation_ratio,,y2::2,,3,1.883066828033179,1.953725926359883,-0.07065909832670392
one_at_a_time,original,whole,human_vs_gemini,dimensionality,participation_ratio,,y2::3,,4,2.465539426805587,2.8353160234690518,-0.36977659666346474
one_at_a_time,original,whole,human_vs_gemini,dimensionality,participation_ratio,,y2::4,,2,1.0,1.0,0.0
one_at_a_time,original,whole,human_vs_gemini,dimensionality,participation_ratio,,y2::5,,4,2.9667462507362674,2.5931509893594047,0.3735952613768627
one_at_a_time,original,whole,human_vs_gemini,dimensionality,participation_ratio,,y2::6,,4,2.813892123171167,2.599432677723354,0.21445944544781304
one_at_a_time,original,whole,human_vs_gemini,dimensionality,participation_ratio,,y2::7,,4,2.6208842103917687,2.9285177021312387,-0.3076334917394701
one_at_a_time,original,whole,human_vs_gemini,dimensionality,participation_ratio,,y2::8,,3,1.858812513773307,1.9114094223476066,-0.05259690857429966
one_at_a_time,original,whole,human_vs_gemini,dimensionality,participation_ratio,,y2::9,,4,2.5791235940180584,2.962692974217177,-0.38356938019911846
one_at_a_time,original,whole,human_vs_gemini,dimensionality,effective_rank,,y1::1,,4,2.8296386071296467,2.922320716401498,-0.0926821092718515
one_at_a_time,original,whole,human_vs_gemini,dimensionality,effective_rank,,y1::10,,4,2.8237771157113793,2.928024558618037,-0.10424744290665755
one_at_a_time,original,whole,human_vs_gemini,dimensionality,effective_rank,,y1::11,,4,2.875957309569804,2.929072685276361,-0.053115375706557
one_at_a_time,original,whole,human_vs_gemini,dimensionality,effective_rank,,y1::12,,4,2.392477922341134,2.8169015088789466,-0.42442358653781254
one_at_a_time,original,whole,human_vs_gemini,dimensionality,effective_rank,,y1::2,,3,1.8576859262288834,1.9475213397796125,-0.0898354135507291
one_at_a_time,original,whole,human_vs_gemini,dimensionality,effective_rank,,y1::3,,4,2.747929628045421,2.885051683883371,-0.13712205583795
one_at_a_time,original,whole,human_vs_gemini,dimensionality,effective_rank,,y1::4,,4,2.6268057322357814,2.8395744878385356,-0.2127687556027542
one_at_a_time,original,whole,human_vs_gemini,dimensionality,effective_rank,,y1::5,,4,2.7437786664984882,2.77797358361224,-0.03419491711375189
one_at_a_time,original,whole,human_vs_gemini,dimensionality,effective_rank,,y1::6,,4,2.9689964757823977,2.548261705838379,0.4207347699440187
one_at_a_time,original,whole,human_vs_gemini,dimensionality,effective_rank,,y1::7,,4,2.89718595006124,2.9537891132110845,-0.056603163149844704
one_at_a_time,original,whole,human_vs_gemini,dimensionality,effective_rank,,y1::8,,5,3.3965534868101286,3.7550033359149775,-0.3584498491048489
one_at_a_time,original,whole,human_vs_gemini,dimensionality,effective_rank,,y1::9,,3,1.8927108381571147,1.956205860660655,-0.06349502250354022
one_at_a_time,original,whole,human_vs_gemini,dimensionality,effective_rank,,y2::1,,3,1.842176024659261,1.9671122452103138,-0.12493622055105291
one_at_a_time,original,whole,human_vs_gemini,dimensionality,effective_rank,,y2::10,,3,1.9589411674360298,1.9691108930905457,-0.010169725654515904
one_at_a_time,original,whole,human_vs_gemini,dimensionality,effective_rank,,y2::11,,4,2.8366439774903913,2.915320907408307,-0.07867692991791575
one_at_a_time,original,whole,human_vs_gemini,dimensionality,effective_rank,,y2::2,,3,1.9382179832436541,1.976113592333506,-0.0378956090898519
one_at_a_time,original,whole,human_vs_gemini,dimensionality,effective_rank,,y2::3,,4,2.666810641623057,2.9144161396049477,-0.2476054979818909
one_at_a_time,original,whole,human_vs_gemini,dimensionality,effective_rank,,y2::4,,2,1.0,1.0,0.0
one_at_a_time,original,whole,human_vs_gemini,dimensionality,effective_rank,,y2::5,,4,2.983515235941151,2.7745024779997456,0.2090127579414056
one_at_a_time,original,whole,human_vs_gemini,dimensionality,effective_rank,,y2::6,,4,2.897524922730603,2.779414250288252,0.11811067244235085
one_at_a_time,original,whole,human_vs_gemini,dimensionality,effective_rank,,y2::7,,4,2.7925803881765994,2.9626425460596857,-0.17006215788308632
one_at_a_time,original,whole,human_vs_gemini,dimensionality,effective_rank,,y2::8,,3,1.9245136856488774,1.953440087643462,-0.02892640199458474
one_at_a_time,original,whole,human_vs_gemini,dimensionality,effective_rank,,y2::9,,4,2.7481542899119806,2.9813542960729187,-0.23320000616093806
one_at_a_time,original,whole,human_vs_gemini,coverage,coverage_geometric,k=panel_adaptive,y1::1,,4,1.0,1.0,0.0
one_at_a_time,original,whole,human_vs_gemini,coverage,coverage_geometric,k=panel_adaptive,y1::10,,4,1.0,0.0,1.0
one_at_a_time,original,whole,human_vs_gemini,coverage,coverage_geometric,k=panel_adaptive,y1::11,,4,1.0,0.0,1.0
one_at_a_time,original,whole,human_vs_gemini,coverage,coverage_geometric,k=panel_adaptive,y1::12,,4,1.0,0.95,0.050000000000000044
one_at_a_time,original,whole,human_vs_gemini,coverage,coverage_geometric,k=panel_adaptive,y1::2,,3,1.0,0.6666666666666667,0.33333333333333326
one_at_a_time,original,whole,human_vs_gemini,coverage,coverage_geometric,k=panel_adaptive,y1::3,,4,1.0,0.5,0.5
one_at_a_time,original,whole,human_vs_gemini,coverage,coverage_geometric,k=panel_adaptive,y1::4,,4,1.0,0.25,0.75
one_at_a_time,original,whole,human_vs_gemini,coverage,coverage_geometric,k=panel_adaptive,y1::5,,4,1.0,0.2,0.8
one_at_a_time,original,whole,human_vs_gemini,coverage,coverage_geometric,k=panel_adaptive,y1::6,,4,1.0,0.0,1.0
one_at_a_time,original,whole,human_vs_gemini,coverage,coverage_geometric,k=panel_adaptive,y1::7,,4,1.0,0.2,0.8
one_at_a_time,original,whole,human_vs_gemini,coverage,coverage_geometric,k=panel_adaptive,y1::8,,5,1.0,0.4,0.6
one_at_a_time,original,whole,human_vs_gemini,coverage,coverage_geometric,k=panel_adaptive,y1::9,,3,1.0,0.33333333333333337,0.6666666666666666
one_at_a_time,original,whole,human_vs_gemini,coverage,coverage_geometric,k=panel_adaptive,y2::1,,3,1.0,0.5333333333333333,0.4666666666666667
one_at_a_time,original,whole,human_vs_gemini,coverage,coverage_geometric,k=panel_adaptive,y2::10,,3,1.0,0.8666666666666666,0.13333333333333341
one_at_a_time,original,whole,human_vs_gemini,coverage,coverage_geometric,k=panel_adaptive,y2::11,,4,1.0,0.25,0.75
one_at_a_time,original,whole,human_vs_gemini,coverage,coverage_geometric,k=panel_adaptive,y2::2,,3,1.0,0.33333333333333337,0.6666666666666666
one_at_a_time,original,whole,human_vs_gemini,coverage,coverage_geometric,k=panel_adaptive,y2::3,,4,1.0,0.95,0.050000000000000044
one_at_a_time,original,whole,human_vs_gemini,coverage,coverage_geometric,k=panel_adaptive,y2::4,,2,1.0,0.0,1.0
one_at_a_time,original,whole,human_vs_gemini,coverage,coverage_geometric,k=panel_adaptive,y2::5,,4,1.0,0.0,1.0
one_at_a_time,original,whole,human_vs_gemini,coverage,coverage_geometric,k=panel_adaptive,y2::6,,4,1.0,0.45,0.55
one_at_a_time,original,whole,human_vs_gemini,coverage,coverage_geometric,k=panel_adaptive,y2::7,,4,1.0,0.2,0.8
one_at_a_time,original,whole,human_vs_gemini,coverage,coverage_geometric,k=panel_adaptive,y2::8,,3,1.0,0.33333333333333337,0.6666666666666666
one_at_a_time,original,whole,human_vs_gemini,coverage,coverage_geometric,k=panel_adaptive,y2::9,,4,1.0,0.25,0.75
one_at_a_time,original,whole,human_vs_gemini,evenness,vendi_slope,q=0..2,y1::1,,4,-0.6662719028433579,-0.6807169446252203,0.014445041781862344
one_at_a_time,original,whole,human_vs_gemini,evenness,vendi_slope,q=0..2,y1::10,,4,-0.6763805175060529,-0.682151786956499,0.005771269450446148
one_at_a_time,original,whole,human_vs_gemini,evenness,vendi_slope,q=0..2,y1::11,,4,-0.6728146012478529,-0.6804118285451655,0.007597227297312603
one_at_a_time,original,whole,human_vs_gemini,evenness,vendi_slope,q=0..2,y1::12,,4,-0.6609179442747899,-0.6825440756708337,0.021626131396043857
one_at_a_time,original,whole,human_vs_gemini,evenness,vendi_slope,q=0..2,y1::2,,3,-0.5260484534072014,-0.5385781554043374,0.012529701997135989
one_at_a_time,original,whole,human_vs_gemini,evenness,vendi_slope,q=0..2,y1::3,,4,-0.6610870322367397,-0.6797406383066711,0.018653606069931383
one_at_a_time,original,whole,human_vs_gemini,evenness,vendi_slope,q=0..2,y1::4,,4,-0.6728032040261378,-0.6803377581741051,0.007534554147967332
one_at_a_time,original,whole,human_vs_gemini,evenness,vendi_slope,q=0..2,y1::5,,4,-0.6715728434527226,-0.6817835576687157,0.010210714215993066
one_at_a_time,original,whole,human_vs_gemini,evenness,vendi_slope,q=0..2,y1::6,,4,-0.6760456813579488,-0.6781637240229026,0.0021180426649537454
one_at_a_time,original,whole,human_vs_gemini,evenness,vendi_slope,q=0..2,y1::7,,4,-0.6705954304913413,-0.6842225132590122,0.013627082767670884
one_at_a_time,original,whole,human_vs_gemini,evenness,vendi_slope,q=0..2,y1::8,,5,-0.7679588131758592,-0.7906910486288091,0.02273223545294989
one_at_a_time,original,whole,human_vs_gemini,evenness,vendi_slope,q=0..2,y1::9,,3,-0.5179263582333582,-0.53933598285157,0.02140962461821183
one_at_a_time,original,whole,human_vs_gemini,evenness,vendi_slope,q=0..2,y2::1,,3,-0.5264729128381855,-0.539458165457623,0.012985252619437504
one_at_a_time,original,whole,human_vs_gemini,evenness,vendi_slope,q=0..2,y2::10,,3,-0.512850897771299,-0.5382220513477491,0.025371153576450145
one_at_a_time,original,whole,human_vs_gemini,evenness,vendi_slope,q=0..2,y2::11,,4,-0.6682288073916289,-0.682778196464662,0.014549389073033048
one_at_a_time,original,whole,human_vs_gemini,evenness,vendi_slope,q=0..2,y2::2,,3,-0.5310445784841326,-0.5402609885288167,0.009216410044684098
one_at_a_time,original,whole,human_vs_gemini,evenness,vendi_slope,q=0..2,y2::3,,4,-0.6633303429964063,-0.6800565489621023,0.016726205965696073
one_at_a_time,original,whole,human_vs_gemini,evenness,vendi_slope,q=0..2,y2::4,,2,-0.33327876610657736,-0.34021215321810117,0.006933387111523803
one_at_a_time,original,whole,human_vs_gemini,evenness,vendi_slope,q=0..2,y2::5,,4,-0.6720606613360716,-0.6796614127059659,0.007600751369894354
one_at_a_time,original,whole,human_vs_gemini,evenness,vendi_slope,q=0..2,y2::6,,4,-0.6715812645676689,-0.6787095876479757,0.007128323080306864
one_at_a_time,original,whole,human_vs_gemini,evenness,vendi_slope,q=0..2,y2::7,,4,-0.6655105050467924,-0.6811530419750431,0.015642536928250683
one_at_a_time,original,whole,human_vs_gemini,evenness,vendi_slope,q=0..2,y2::8,,3,-0.5213442948293805,-0.5403904992806794,0.019046204451298898
one_at_a_time,original,whole,human_vs_gemini,evenness,vendi_slope,q=0..2,y2::9,,4,-0.6672388447817473,-0.680012005101035,0.012773160319287657
one_at_a_time,original,whole,human_vs_gemini,evenness,ripley_excess,r=panel_q01_q50,y1::1,,4,0.0,0.04863675722579238,-0.04863675722579238
one_at_a_time,original,whole,human_vs_gemini,evenness,ripley_excess,r=panel_q01_q50,y1::10,,4,0.0,0.07459056863974997,-0.07459056863974997
one_at_a_time,original,whole,human_vs_gemini,evenness,ripley_excess,r=panel_q01_q50,y1::11,,4,0.0,0.0618954697573843,-0.0618954697573843
one_at_a_time,original,whole,human_vs_gemini,evenness,ripley_excess,r=panel_q01_q50,y1::12,,4,0.0,0.07875995511382138,-0.07875995511382138
one_at_a_time,original,whole,human_vs_gemini,evenness,ripley_excess,r=panel_q01_q50,y1::2,,3,0.0,0.0389542721286456,-0.0389542721286456
one_at_a_time,original,whole,human_vs_gemini,evenness,ripley_excess,r=panel_q01_q50,y1::3,,4,0.0,0.07451720845044044,-0.07451720845044044
one_at_a_time,original,whole,human_vs_gemini,evenness,ripley_excess,r=panel_q01_q50,y1::4,,4,0.0,0.04367096726864359,-0.04367096726864359
one_at_a_time,original,whole,human_vs_gemini,evenness,ripley_excess,r=panel_q01_q50,y1::5,,4,0.0,0.08676114797899803,-0.08676114797899803
one_at_a_time,original,whole,human_vs_gemini,evenness,ripley_excess,r=panel_q01_q50,y1::6,,4,0.0,0.05150708054770052,-0.05150708054770052
one_at_a_time,original,whole,human_vs_gemini,evenness,ripley_excess,r=panel_q01_q50,y1::7,,4,0.0,0.08500013268551396,-0.08500013268551396
one_at_a_time,original,whole,human_vs_gemini,evenness,ripley_excess,r=panel_q01_q50,y1::8,,5,0.0,0.11138510186102035,-0.11138510186102035
one_at_a_time,original,whole,human_vs_gemini,evenness,ripley_excess,r=panel_q01_q50,y1::9,,3,0.0,0.07573456239771148,-0.07573456239771148
one_at_a_time,original,whole,human_vs_gemini,evenness,ripley_excess,r=panel_q01_q50,y2::1,,3,0.0,0.05367308959392754,-0.05367308959392754
one_at_a_time,original,whole,human_vs_gemini,evenness,ripley_excess,r=panel_q01_q50,y2::10,,3,0.0,0.07243791435962346,-0.07243791435962346
one_at_a_time,original,whole,human_vs_gemini,evenness,ripley_excess,r=panel_q01_q50,y2::11,,4,0.0,0.07700345136568944,-0.07700345136568944
one_at_a_time,original,whole,human_vs_gemini,evenness,ripley_excess,r=panel_q01_q50,y2::2,,3,0.0,0.036263945743279964,-0.036263945743279964
one_at_a_time,original,whole,human_vs_gemini,evenness,ripley_excess,r=panel_q01_q50,y2::3,,4,0.0,0.048007354856894634,-0.048007354856894634
one_at_a_time,original,whole,human_vs_gemini,evenness,ripley_excess,r=panel_q01_q50,y2::4,,2,0.0,0.03443795084767453,-0.03443795084767453
one_at_a_time,original,whole,human_vs_gemini,evenness,ripley_excess,r=panel_q01_q50,y2::5,,4,0.0,0.06832730989780174,-0.06832730989780174
one_at_a_time,original,whole,human_vs_gemini,evenness,ripley_excess,r=panel_q01_q50,y2::6,,4,0.0,0.0364090966514253,-0.0364090966514253
one_at_a_time,original,whole,human_vs_gemini,evenness,ripley_excess,r=panel_q01_q50,y2::7,,4,0.0,0.09841343293973034,-0.09841343293973034
one_at_a_time,original,whole,human_vs_gemini,evenness,ripley_excess,r=panel_q01_q50,y2::8,,3,0.0,0.06218029432198485,-0.06218029432198485
one_at_a_time,original,whole,human_vs_gemini,evenness,ripley_excess,r=panel_q01_q50,y2::9,,4,0.0,0.04777630588352281,-0.04777630588352281
one_at_a_time,original,whole,human_vs_gemini,spread,mean_pairwise,,y1::1,,4,0.035550599478778255,0.016508746399091157,0.019041853079687098
one_at_a_time,original,whole,human_vs_gemini,spread,mean_pairwise,,y1::10,,4,0.022241269340080066,0.01460905330111938,0.007632216038960686
one_at_a_time,original,whole,human_vs_gemini,spread,mean_pairwise,,y1::11,,4,0.026943959836401705,0.016911557821445756,0.010032402014955949
one_at_a_time,original,whole,human_vs_gemini,spread,mean_pairwise,,y1::12,,4,0.04269020463433487,0.014093197146431358,0.028597007487903513
one_at_a_time,original,whole,human_vs_gemini,spread,mean_pairwise,,y1::2,,3,0.034734246833045455,0.016052853144318657,0.0186813936887268
one_at_a_time,original,whole,human_vs_gemini,spread,mean_pairwise,,y1::3,,4,0.04235411627404575,0.017802272119818434,0.024551844154227315
one_at_a_time,original,whole,human_vs_gemini,spread,mean_pairwise,,y1::4,,4,0.026990847244338312,0.017014935026387755,0.009975912217950557
one_at_a_time,original,whole,human_vs_gemini,spread,mean_pairwise,,y1::5,,4,0.028585612906961228,0.015102726850560489,0.01348288605640074
one_at_a_time,original,whole,human_vs_gemini,spread,mean_pairwise,,y1::6,,4,0.022676223478196072,0.019912188934839793,0.0027640345433562787
one_at_a_time,original,whole,human_vs_gemini,spread,mean_pairwise,,y1::7,,4,0.029859205314070585,0.011865229520013287,0.017993975794057298
one_at_a_time,original,whole,human_vs_gemini,spread,mean_pairwise,,y1::8,,5,0.04550788764976611,0.017451716067844125,0.028056171581921988
one_at_a_time,original,whole,human_vs_gemini,spread,mean_pairwise,,y1::9,,3,0.04677627677796988,0.014920631428807373,0.031855645349162506
one_at_a_time,original,whole,human_vs_gemini,spread,mean_pairwise,,y2::1,,3,0.03410773888031656,0.014737518252848702,0.01937022062746786
one_at_a_time,original,whole,human_vs_gemini,spread,mean_pairwise,,y2::10,,3,0.05423815856612709,0.016582817326656486,0.037655341239470605
one_at_a_time,original,whole,human_vs_gemini,spread,mean_pairwise,,y2::11,,4,0.032982968463688,0.013779594611081126,0.019203373852606873
one_at_a_time,original,whole,human_vs_gemini,spread,mean_pairwise,,y2::2,,3,0.027281861052315486,0.013538238995624596,0.01374362205669089
one_at_a_time,original,whole,human_vs_gemini,spread,mean_pairwise,,y2::3,,4,0.03944494672132356,0.01738193476456863,0.02206301195675493
one_at_a_time,original,whole,human_vs_gemini,spread,mean_pairwise,,y2::4,,2,0.026592845843440016,0.012723258078394684,0.013869587765045332
one_at_a_time,original,whole,human_vs_gemini,spread,mean_pairwise,,y2::5,,4,0.02792223674646921,0.017912252316452604,0.010009984430016605
one_at_a_time,original,whole,human_vs_gemini,spread,mean_pairwise,,y2::6,,4,0.028560346882568238,0.019171056410277533,0.009389290472290705
one_at_a_time,original,whole,human_vs_gemini,spread,mean_pairwise,,y2::7,,4,0.03656351922339416,0.015929973938704933,0.020633545284689227
one_at_a_time,original,whole,human_vs_gemini,spread,mean_pairwise,,y2::8,,3,0.041693730147028894,0.013345581783016546,0.028348148364012348
one_at_a_time,original,whole,human_vs_gemini,spread,mean_pairwise,,y2::9,,4,0.03429521727672937,0.017438301099748154,0.016856916176981217
one_at_a_time,original,whole,human_vs_gemini,spread,centroid_loo,,y1::1,,4,0.2164466212833947,0.14776028723485238,0.06868633404854232
one_at_a_time,original,whole,human_vs_gemini,spread,centroid_loo,,y1::10,,4,0.1719330289967536,0.13922116714459012,0.03271186185216349
one_at_a_time,original,whole,human_vs_gemini,spread,centroid_loo,,y1::11,,4,0.18832594393987087,0.14967757922789762,0.03864836471197325
one_at_a_time,original,whole,human_vs_gemini,spread,centroid_loo,,y1::12,,4,0.2338553498568993,0.13585660569932148,0.09799874415757781
one_at_a_time,original,whole,human_vs_gemini,spread,centroid_loo,,y1::2,,3,0.22633102784920367,0.1542274032982531,0.07210362455095057
one_at_a_time,original,whole,human_vs_gemini,spread,centroid_loo,,y1::3,,4,0.23670183577964288,0.15298341522154674,0.08371842055809614
one_at_a_time,original,whole,human_vs_gemini,spread,centroid_loo,,y1::4,,4,0.18640833004537496,0.14922495364136315,0.037183376404011814
one_at_a_time,original,whole,human_vs_gemini,spread,centroid_loo,,y1::5,,4,0.19468386448385272,0.140451205765796,0.054232658718056714
one_at_a_time,original,whole,human_vs_gemini,spread,centroid_loo,,y1::6,,4,0.1735954909714102,0.15902634418282946,0.014569146788580734
one_at_a_time,original,whole,human_vs_gemini,spread,centroid_loo,,y1::7,,4,0.19882646233545867,0.12556421844494653,0.07326224389051214
one_at_a_time,original,whole,human_vs_gemini,spread,centroid_loo,,y1::8,,5,0.2318806916373927,0.14621692421232574,0.08566376742506696
one_at_a_time,original,whole,human_vs_gemini,spread,centroid_loo,,y1::9,,3,0.2631644429827355,0.14901679102719773,0.11414765195553778
one_at_a_time,original,whole,human_vs_gemini,spread,centroid_loo,,y2::1,,3,0.22392627688780134,0.14823944091935384,0.0756868359684475
one_at_a_time,original,whole,human_vs_gemini,spread,centroid_loo,,y2::10,,3,0.2845041652298293,0.1572294301289092,0.1272747351009201
one_at_a_time,original,whole,human_vs_gemini,spread,centroid_loo,,y2::11,,4,0.20810063321347053,0.13533797905111714,0.07276265416235339
one_at_a_time,original,whole,human_vs_gemini,spread,centroid_loo,,y2::2,,3,0.20148012140841454,0.1421751791786799,0.05930494222973465
one_at_a_time,original,whole,human_vs_gemini,spread,centroid_loo,,y2::3,,4,0.22645364925598968,0.15178072211432644,0.07467292714166324
one_at_a_time,original,whole,human_vs_gemini,spread,centroid_loo,,y2::4,,2,0.23062023260520817,0.15885816959059465,0.07176206301461352
one_at_a_time,original,whole,human_vs_gemini,spread,centroid_loo,,y2::5,,4,0.19285880897968077,0.15296968183777168,0.03988912714190909
one_at_a_time,original,whole,human_vs_gemini,spread,centroid_loo,,y2::6,,4,0.19474133623273238,0.15791588009454946,0.036825456138182916
one_at_a_time,original,whole,human_vs_gemini,spread,centroid_loo,,y2::7,,4,0.21845227342688076,0.1455077448909014,0.07294452853597935
one_at_a_time,original,whole,human_vs_gemini,spread,centroid_loo,,y2::8,,3,0.24893885101680105,0.14074360251199663,0.10819524850480441
one_at_a_time,original,whole,human_vs_gemini,spread,centroid_loo,,y2::9,,4,0.21134713758420928,0.15238037702305912,0.05896676056115016
one_at_a_time,original,whole,human_vs_gemini,spread,mst_dispersion,,y1::1,,4,0.02954953561845408,0.014684054653005782,0.0148654809654483
one_at_a_time,original,whole,human_vs_gemini,spread,mst_dispersion,,y1::10,,4,0.018794164638762784,0.013296679150228289,0.005497485488534496
one_at_a_time,original,whole,human_vs_gemini,spread,mst_dispersion,,y1::11,,4,0.02297342447627874,0.015142048946859346,0.007831375529419395
one_at_a_time,original,whole,human_vs_gemini,spread,mst_dispersion,,y1::12,,4,0.028490940114900165,0.011737511770101686,0.01675342834479848
one_at_a_time,original,whole,human_vs_gemini,spread,mst_dispersion,,y1::2,,3,0.03088106214938685,0.014475501927714796,0.016405560221672055
one_at_a_time,original,whole,human_vs_gemini,spread,mst_dispersion,,y1::3,,4,0.033756107377712986,0.015590796533722537,0.01816531084399045
one_at_a_time,original,whole,human_vs_gemini,spread,mst_dispersion,,y1::4,,4,0.021828530099665233,0.014758634892316361,0.007069895207348872
one_at_a_time,original,whole,human_vs_gemini,spread,mst_dispersion,,y1::5,,4,0.02298083489462288,0.012760350915205864,0.010220483979417017
one_at_a_time,original,whole,human_vs_gemini,spread,mst_dispersion,,y1::6,,4,0.02124792231528087,0.015014198471794488,0.0062337238434863815
one_at_a_time,original,whole,human_vs_gemini,spread,mst_dispersion,,y1::7,,4,0.0261893885536002,0.01094328509378161,0.015246103459818592
one_at_a_time,original,whole,human_vs_gemini,spread,mst_dispersion,,y1::8,,5,0.0343401016504897,0.01387824816355232,0.02046185348693738
one_at_a_time,original,whole,human_vs_gemini,spread,mst_dispersion,,y1::9,,3,0.04146535061208284,0.013918398747961252,0.027546951864121587
one_at_a_time,original,whole,human_vs_gemini,spread,mst_dispersion,,y2::1,,3,0.028653303254000728,0.013765016473593567,0.014888286780407161
one_at_a_time,original,whole,human_vs_gemini,spread,mst_dispersion,,y2::10,,3,0.049850081068881225,0.015403037680503912,0.03444704338837731
one_at_a_time,original,whole,human_vs_gemini,spread,mst_dispersion,,y2::11,,4,0.02833721611601292,0.012187437820557142,0.016149778295455778
one_at_a_time,original,whole,human_vs_gemini,spread,mst_dispersion,,y2::2,,3,0.02416494304706801,0.01273471144697536,0.01143023160009265
one_at_a_time,original,whole,human_vs_gemini,spread,mst_dispersion,,y2::3,,4,0.03142271120194114,0.015643810400414977,0.015778900801526167
one_at_a_time,original,whole,human_vs_gemini,spread,mst_dispersion,,y2::4,,2,0.026592845843440016,0.012723258078394684,0.013869587765045332
one_at_a_time,original,whole,human_vs_gemini,spread,mst_dispersion,,y2::5,,4,0.026517273338620456,0.014916319408838937,0.011600953929781518
one_at_a_time,original,whole,human_vs_gemini,spread,mst_dispersion,,y2::6,,4,0.02602106067654608,0.015771819410940073,0.010249241265606009
one_at_a_time,original,whole,human_vs_gemini,spread,mst_dispersion,,y2::7,,4,0.030061846396276737,0.014733614017072152,0.015328232379204585
one_at_a_time,original,whole,human_vs_gemini,spread,mst_dispersion,,y2::8,,3,0.03778619966169272,0.012316060918409432,0.02547013874328329
one_at_a_time,original,whole,human_vs_gemini,spread,mst_dispersion,,y2::9,,4,0.026846332831402437,0.016700095529597947,0.01014623730180449
one_at_a_time,original,whole,human_vs_gemini,spread,sparseness,,y1::1,,4,0.03192767390221962,0.014860504924193321,0.0170671689780263
one_at_a_time,original,whole,human_vs_gemini,spread,sparseness,,y1::10,,4,0.020988760698423852,0.013359166769519782,0.0076295939289040705
one_at_a_time,original,whole,human_vs_gemini,spread,sparseness,,y1::11,,4,0.02297342447627874,0.015219906553578508,0.007753517922700234
one_at_a_time,original,whole,human_vs_gemini,spread,sparseness,,y1::12,,4,0.03377885082348046,0.012131090466655201,0.021647760356825255
one_at_a_time,original,whole,human_vs_gemini,spread,sparseness,,y1::2,,3,0.03088106214938685,0.014475501927714796,0.016405560221672055
one_at_a_time,original,whole,human_vs_gemini,spread,sparseness,,y1::3,,4,0.037311366406448866,0.015590796533722537,0.02172056987272633
one_at_a_time,original,whole,human_vs_gemini,spread,sparseness,,y1::4,,4,0.021828530099665233,0.014951001331906758,0.006877528767758476
one_at_a_time,original,whole,human_vs_gemini,spread,sparseness,,y1::5,,4,0.026284525172135087,0.013369574133394088,0.012914951038741
one_at_a_time,original,whole,human_vs_gemini,spread,sparseness,,y1::6,,4,0.02124792231528087,0.016041323603295243,0.0052065987119856265
one_at_a_time,original,whole,human_vs_gemini,spread,sparseness,,y1::7,,4,0.026354859759293376,0.011055771312153162,0.015299088447140214
one_at_a_time,original,whole,human_vs_gemini,spread,sparseness,,y1::8,,5,0.035702686879554385,0.014109518062048132,0.021593168817506253
one_at_a_time,original,whole,human_vs_gemini,spread,sparseness,,y1::9,,3,0.04146535061208284,0.013918398747961252,0.027546951864121587
one_at_a_time,original,whole,human_vs_gemini,spread,sparseness,,y2::1,,3,0.028653303254000728,0.013765016473593567,0.014888286780407161
one_at_a_time,original,whole,human_vs_gemini,spread,sparseness,,y2::10,,3,0.049850081068881225,0.015403037680503912,0.03444704338837731
one_at_a_time,original,whole,human_vs_gemini,spread,sparseness,,y2::11,,4,0.02868456568483065,0.012906504144759334,0.015778061540071317
one_at_a_time,original,whole,human_vs_gemini,spread,sparseness,,y2::2,,3,0.02416494304706801,0.01273471144697536,0.01143023160009265
one_at_a_time,original,whole,human_vs_gemini,spread,sparseness,,y2::3,,4,0.03245280144382049,0.01584571555909161,0.01660708588472888
one_at_a_time,original,whole,human_vs_gemini,spread,sparseness,,y2::4,,2,0.026592845843440016,0.012723258078394684,0.013869587765045332
one_at_a_time,original,whole,human_vs_gemini,spread,sparseness,,y2::5,,4,0.027238190180299198,0.015201545874164396,0.012036644306134802
one_at_a_time,original,whole,human_vs_gemini,spread,sparseness,,y2::6,,4,0.026543289634210043,0.015771819410940073,0.01077147022326997
one_at_a_time,original,whole,human_vs_gemini,spread,sparseness,,y2::7,,4,0.030061846396276737,0.01482608853501537,0.015235757861261367
one_at_a_time,original,whole,human_vs_gemini,spread,sparseness,,y2::8,,3,0.03778619966169272,0.012316060918409432,0.02547013874328329
one_at_a_time,original,whole,human_vs_gemini,spread,sparseness,,y2::9,,4,0.026846332831402437,0.016856172407055357,0.00999016042434708
one_at_a_time,original,whole,human_vs_gemini,spread,nn_isolation,,y1::1,,4,0.028361182018139502,0.014401126447477808,0.013960055570661694
one_at_a_time,original,whole,human_vs_gemini,spread,nn_isolation,,y1::10,,4,0.017175446724067955,0.012819440717733565,0.00435600600633439
one_at_a_time,original,whole,human_vs_gemini,spread,nn_isolation,,y1::11,,4,0.022346654373526897,0.014669377185220678,0.007677277188306219
one_at_a_time,original,whole,human_vs_gemini,spread,nn_isolation,,y1::12,,4,0.027735138962978634,0.011204215425573299,0.016530923537405335
one_at_a_time,original,whole,human_vs_gemini,spread,nn_isolation,,y1::2,,3,0.027794849142984763,0.014145938167098651,0.013648910975886112
one_at_a_time,original,whole,human_vs_gemini,spread,nn_isolation,,y1::3,,4,0.031265909932075675,0.015138161336517703,0.016127748595557972
one_at_a_time,original,whole,human_vs_gemini,spread,nn_isolation,,y1::4,,4,0.020651323437910568,0.014215480203681314,0.006435843234229254
one_at_a_time,original,whole,human_vs_gemini,spread,nn_isolation,,y1::5,,4,0.020618498988880907,0.012136106107993826,0.00848239288088708
one_at_a_time,original,whole,human_vs_gemini,spread,nn_isolation,,y1::6,,4,0.02084153264145322,0.014011459701225226,0.006830072940227994
one_at_a_time,original,whole,human_vs_gemini,spread,nn_isolation,,y1::7,,4,0.02525881526426696,0.010803911144961393,0.014454904119305566
one_at_a_time,original,whole,human_vs_gemini,spread,nn_isolation,,y1::8,,5,0.032186778832407434,0.013401633999114714,0.01878514483329272
one_at_a_time,original,whole,human_vs_gemini,spread,nn_isolation,,y1::9,,3,0.03825092930859175,0.013345640593240504,0.024905288715351248
one_at_a_time,original,whole,human_vs_gemini,spread,nn_isolation,,y2::1,,3,0.02629131572922409,0.013395641315213086,0.012895674414011004
one_at_a_time,original,whole,human_vs_gemini,spread,nn_isolation,,y2::10,,3,0.047931402658408895,0.015107960399226562,0.03282344225918234
one_at_a_time,original,whole,human_vs_gemini,spread,nn_isolation,,y2::11,,4,0.026921380249831317,0.01167743160592713,0.015243948643904187
one_at_a_time,original,whole,human_vs_gemini,spread,nn_isolation,,y2::2,,3,0.023381881277397154,0.012462456847683562,0.010919424429713592
one_at_a_time,original,whole,human_vs_gemini,spread,nn_isolation,,y2::3,,4,0.028900872319010867,0.015203767929228234,0.013697104389782633
one_at_a_time,original,whole,human_vs_gemini,spread,nn_isolation,,y2::4,,2,0.026592845843440016,0.012723258078394684,0.013869587765045332
one_at_a_time,original,whole,human_vs_gemini,spread,nn_isolation,,y2::5,,4,0.026191644298958622,0.014495997585156201,0.01169564671380242
one_at_a_time,original,whole,human_vs_gemini,spread,nn_isolation,,y2::6,,4,0.024314565858092052,0.01517963362488125,0.009134932233210801
one_at_a_time,original,whole,human_vs_gemini,spread,nn_isolation,,y2::7,,4,0.028339792657698953,0.01444530411417332,0.013894488543525634
one_at_a_time,original,whole,human_vs_gemini,spread,nn_isolation,,y2::8,,3,0.03535440009029267,0.011839588220418116,0.023514811869874554
one_at_a_time,original,whole,human_vs_gemini,spread,nn_isolation,,y2::9,,4,0.0252270623699615,0.01649523522625087,0.008731827143710631
one_at_a_time,original,whole,human_vs_gemini,spread,spherical_variance,,y1::1,,4,0.01342154372248916,0.006210141247955913,0.0072114024745332465
one_at_a_time,original,whole,human_vs_gemini,spread,spherical_variance,,y1::10,,4,0.008375550929213937,0.005493515559976947,0.0028820353692369906
one_at_a_time,original,whole,human_vs_gemini,spread,spherical_variance,,y1::11,,4,0.010155552562576275,0.0063621309467904565,0.003793421615785819
one_at_a_time,original,whole,human_vs_gemini,spread,spherical_variance,,y1::12,,4,0.016139061389136677,0.005299118793432656,0.010839942595704023
one_at_a_time,original,whole,human_vs_gemini,spread,spherical_variance,,y1::2,,3,0.01164589572125696,0.005365628099099784,0.0062802676221571764
one_at_a_time,original,whole,human_vs_gemini,spread,spherical_variance,,y1::3,,4,0.01601096916964273,0.006698460322693145,0.009312508846949586
one_at_a_time,original,whole,human_vs_gemini,spread,spherical_variance,,y1::4,,4,0.010173315894774215,0.006401303732318264,0.0037720121624559514
one_at_a_time,original,whole,human_vs_gemini,spread,spherical_variance,,y1::5,,4,0.010777684077143745,0.005679831472403274,0.005097852604740471
one_at_a_time,original,whole,human_vs_gemini,spread,spherical_variance,,y1::6,,4,0.008540050031594637,0.0074959446067942356,0.0010441054248004015
one_at_a_time,original,whole,human_vs_gemini,spread,spherical_variance,,y1::7,,4,0.011260602577986112,0.004459419022424682,0.00680118355556143
one_at_a_time,original,whole,human_vs_gemini,spread,spherical_variance,,y1::8,,5,0.01837191875935662,0.007005223001790073,0.011366695757566547
one_at_a_time,original,whole,human_vs_gemini,spread,spherical_variance,,y1::9,,3,0.015715582018412055,0.004986089230159529,0.010729492788252526
one_at_a_time,original,whole,human_vs_gemini,spread,spherical_variance,,y2::1,,3,0.011434621578763626,0.004924722872258281,0.006509898706505346
one_at_a_time,original,whole,human_vs_gemini,spread,spherical_variance,,y2::10,,3,0.01824584155574771,0.005543094772080292,0.012702746783667418
one_at_a_time,original,whole,human_vs_gemini,spread,spherical_variance,,y2::11,,4,0.012446065446431454,0.0051807777280777675,0.007265287718353686
one_at_a_time,original,whole,human_vs_gemini,spread,spherical_variance,,y2::2,,3,0.009135684045595616,0.0045230423790661,0.004612641666529515
one_at_a_time,original,whole,human_vs_gemini,spread,spherical_variance,,y2::3,,4,0.01490290328363697,0.006539663026005127,0.008363240257631844
one_at_a_time,original,whole,human_vs_gemini,spread,spherical_variance,,y2::4,,2,0.006670458972310667,0.0031860644738368137,0.003484394498473853
one_at_a_time,original,whole,human_vs_gemini,spread,spherical_variance,,y2::5,,4,0.010526239640409552,0.006740024071127037,0.0037862155692825143
one_at_a_time,original,whole,human_vs_gemini,spread,spherical_variance,,y2::6,,4,0.010768106135839561,0.007215478912478224,0.0035526272233613373
one_at_a_time,original,whole,human_vs_gemini,spread,spherical_variance,,y2::7,,4,0.013806631241897627,0.005991716689274363,0.007814914552623264
one_at_a_time,original,whole,human_vs_gemini,spread,spherical_variance,,y2::8,,3,0.013995851985408425,0.004458651712531847,0.009537200272876578
one_at_a_time,original,whole,human_vs_gemini,spread,spherical_variance,,y2::9,,4,0.012944486342103989,0.006560898788476144,0.006383587553627845
one_at_a_time,original,whole,human_vs_gpt,richness,vendi,q=1,y1::1,,4,1.16257255298211,1.042651616385625,0.11992093659648506
one_at_a_time,original,whole,human_vs_gpt,richness,vendi,q=1,y1::10,,4,1.1075334572050226,1.0462551189125366,0.06127833829248597
one_at_a_time,original,whole,human_vs_gpt,richness,vendi,q=1,y1::11,,4,1.1276861967234342,1.0451254431460772,0.08256075357735693
one_at_a_time,original,whole,human_vs_gpt,richness,vendi,q=1,y1::12,,4,1.1846007889160133,1.0443101748062145,0.14029061410979882
one_at_a_time,original,whole,human_vs_gpt,richness,vendi,q=1,y1::2,,3,1.1324463810804055,1.0516688043229026,0.08077757675750297
one_at_a_time,original,whole,human_vs_gpt,richness,vendi,q=1,y1::3,,4,1.1887441426899779,1.045503908239445,0.1432402344505328
one_at_a_time,original,whole,human_vs_gpt,richness,vendi,q=1,y1::4,,4,1.125758564236163,1.04371168157205,0.08204688266411297
one_at_a_time,original,whole,human_vs_gpt,richness,vendi,q=1,y1::5,,4,1.1333910889610381,1.0462453242678866,0.0871457646931515
one_at_a_time,original,whole,human_vs_gpt,richness,vendi,q=1,y1::6,,4,1.110325801417434,1.0475320586653805,0.06279374275205352
one_at_a_time,original,whole,human_vs_gpt,richness,vendi,q=1,y1::7,,4,1.1399916092573004,1.0542734195178736,0.0857181897394268
one_at_a_time,original,whole,human_vs_gpt,richness,vendi,q=1,y1::8,,5,1.222000111551555,1.0505051706060204,0.17149494094553464
one_at_a_time,original,whole,human_vs_gpt,richness,vendi,q=1,y1::9,,3,1.17195829492951,1.0363070807580224,0.13565121417148762
one_at_a_time,original,whole,human_vs_gpt,richness,vendi,q=1,y2::1,,3,1.1301592185267035,1.044945334430593,0.08521388409611053
one_at_a_time,original,whole,human_vs_gpt,richness,vendi,q=1,y2::10,,3,1.1970061337920077,1.0417162899897172,0.1552898438022905
one_at_a_time,original,whole,human_vs_gpt,richness,vendi,q=1,y2::11,,4,1.1522162221731291,1.0506957712075775,0.10152045096555162
one_at_a_time,original,whole,human_vs_gpt,richness,vendi,q=1,y2::2,,3,1.1084071077852313,1.0380634518854965,0.07034365589973479
one_at_a_time,original,whole,human_vs_gpt,richness,vendi,q=1,y2::3,,4,1.1761037392994658,1.0464042990290516,0.12969944027041413
one_at_a_time,original,whole,human_vs_gpt,richness,vendi,q=1,y2::4,,2,1.0732072963873636,1.031526819028164,0.041680477359199664
one_at_a_time,original,whole,human_vs_gpt,richness,vendi,q=1,y2::5,,4,1.1326623577047987,1.0549381111037512,0.07772424660104749
one_at_a_time,original,whole,human_vs_gpt,richness,vendi,q=1,y2::6,,4,1.1346171054112728,1.0524762250767261,0.0821408803345467
one_at_a_time,original,whole,human_vs_gpt,richness,vendi,q=1,y2::7,,4,1.1661991702070842,1.055497166655388,0.11070200355169613
one_at_a_time,original,whole,human_vs_gpt,richness,vendi,q=1,y2::8,,3,1.1562252994565383,1.040658991592305,0.11556630786423328
one_at_a_time,original,whole,human_vs_gpt,richness,vendi,q=1,y2::9,,4,1.1565828579703665,1.0583807220316999,0.09820213593866667
one_at_a_time,original,whole,human_vs_gpt,dimensionality,participation_ratio,,y1::1,,4,2.674797695481458,2.976196517943106,-0.30139882246164795
one_at_a_time,original,whole,human_vs_gpt,dimensionality,participation_ratio,,y1::10,,4,2.6612862487559377,2.86051562413762,-0.1992293753816825
one_at_a_time,original,whole,human_vs_gpt,dimensionality,participation_ratio,,y1::11,,4,2.7600271099555975,2.807721583412362,-0.047694473456764364
one_at_a_time,original,whole,human_vs_gpt,dimensionality,participation_ratio,,y1::12,,4,2.0182465512622607,2.5506598936650757,-0.532413342402815
one_at_a_time,original,whole,human_vs_gpt,dimensionality,participation_ratio,,y1::2,,3,1.7483109296137338,1.8107059164173998,-0.06239498680366595
one_at_a_time,original,whole,human_vs_gpt,dimensionality,participation_ratio,,y1::3,,4,2.529583940031442,2.8508826801222193,-0.3212987400907772
one_at_a_time,original,whole,human_vs_gpt,dimensionality,participation_ratio,,y1::4,,4,2.3396103121279843,2.828763716635974,-0.4891534045079897
one_at_a_time,original,whole,human_vs_gpt,dimensionality,participation_ratio,,y1::5,,4,2.520039044692577,2.8474478055803694,-0.32740876088779247
one_at_a_time,original,whole,human_vs_gpt,dimensionality,participation_ratio,,y1::6,,4,2.937768676800379,2.9415373276457157,-0.0037686508453367296
one_at_a_time,original,whole,human_vs_gpt,dimensionality,participation_ratio,,y1::7,,4,2.802644837544766,2.699190432090687,0.10345440545407891
one_at_a_time,original,whole,human_vs_gpt,dimensionality,participation_ratio,,y1::8,,5,2.9443742977735217,3.612185942565495,-0.6678116447919735
one_at_a_time,original,whole,human_vs_gpt,dimensionality,participation_ratio,,y1::9,,3,1.804676269262951,1.9615380482775417,-0.15686177901459075
one_at_a_time,original,whole,human_vs_gpt,dimensionality,participation_ratio,,y2::1,,3,1.7243714683500961,1.9565247364608163,-0.23215326811072012
one_at_a_time,original,whole,human_vs_gpt,dimensionality,participation_ratio,,y2::10,,3,1.9208633227983178,1.8849188961941745,0.03594442660414332
one_at_a_time,original,whole,human_vs_gpt,dimensionality,participation_ratio,,y2::11,,4,2.695340007964107,2.8485888539058872,-0.15324884594178023
one_at_a_time,original,whole,human_vs_gpt,dimensionality,participation_ratio,,y2::2,,3,1.883066828033179,1.8689777339454714,0.014089094087707643
one_at_a_time,original,whole,human_vs_gpt,dimensionality,participation_ratio,,y2::3,,4,2.465539426805587,2.9092817093937446,-0.4437422825881576
one_at_a_time,original,whole,human_vs_gpt,dimensionality,participation_ratio,,y2::4,,2,1.0,1.0,0.0
one_at_a_time,original,whole,human_vs_gpt,dimensionality,participation_ratio,,y2::5,,4,2.9667462507362674,2.810468368548344,0.15627788218792338
one_at_a_time,original,whole,human_vs_gpt,dimensionality,participation_ratio,,y2::6,,4,2.813892123171167,2.7203606829149276,0.0935314402562395
one_at_a_time,original,whole,human_vs_gpt,dimensionality,participation_ratio,,y2::7,,4,2.6208842103917687,2.895916654179816,-0.27503244378804714
one_at_a_time,original,whole,human_vs_gpt,dimensionality,participation_ratio,,y2::8,,3,1.858812513773307,1.9422075139009383,-0.08339500012763135
one_at_a_time,original,whole,human_vs_gpt,dimensionality,participation_ratio,,y2::9,,4,2.5791235940180584,2.8788724217851245,-0.29974882776706613
one_at_a_time,original,whole,human_vs_gpt,dimensionality,effective_rank,,y1::1,,4,2.8296386071296467,2.988000354026091,-0.15836174689644444
one_at_a_time,original,whole,human_vs_gpt,dimensionality,effective_rank,,y1::10,,4,2.8237771157113793,2.9280567867536,-0.10427967104222047
one_at_a_time,original,whole,human_vs_gpt,dimensionality,effective_rank,,y1::11,,4,2.875957309569804,2.897271580171714,-0.021314270601910046
one_at_a_time,original,whole,human_vs_gpt,dimensionality,effective_rank,,y1::12,,4,2.392477922341134,2.75144916886354,-0.358971246522406
one_at_a_time,original,whole,human_vs_gpt,dimensionality,effective_rank,,y1::2,,3,1.8576859262288834,1.8941041212174305,-0.03641819498854715
one_at_a_time,original,whole,human_vs_gpt,dimensionality,effective_rank,,y1::3,,4,2.747929628045421,2.922284797396562,-0.17435516935114093
one_at_a_time,original,whole,human_vs_gpt,dimensionality,effective_rank,,y1::4,,4,2.6268057322357814,2.911289620532241,-0.28448388829645976
one_at_a_time,original,whole,human_vs_gpt,dimensionality,effective_rank,,y1::5,,4,2.7437786664984882,2.9221780586700783,-0.17839939217159007
one_at_a_time,original,whole,human_vs_gpt,dimensionality,effective_rank,,y1::6,,4,2.9689964757823977,2.970334040423849,-0.0013375646414512943
one_at_a_time,original,whole,human_vs_gpt,dimensionality,effective_rank,,y1::7,,4,2.89718595006124,2.836534237397874,0.060651712663365664
one_at_a_time,original,whole,human_vs_gpt,dimensionality,effective_rank,,y1::8,,5,3.3965534868101286,3.802374728629058,-0.4058212418189293
one_at_a_time,original,whole,human_vs_gpt,dimensionality,effective_rank,,y1::9,,3,1.8927108381571147,1.9802176339396744,-0.08750679578255971
one_at_a_time,original,whole,human_vs_gpt,dimensionality,effective_rank,,y2::1,,3,1.842176024659261,1.9776645311603702,-0.13548850650110933
one_at_a_time,original,whole,human_vs_gpt,dimensionality,effective_rank,,y2::10,,3,1.9589411674360298,1.9379144597200573,0.02102670771597248
one_at_a_time,original,whole,human_vs_gpt,dimensionality,effective_rank,,y2::11,,4,2.8366439774903913,2.922375810548126,-0.0857318330577348
one_at_a_time,original,whole,human_vs_gpt,dimensionality,effective_rank,,y2::2,,3,1.9382179832436541,1.9289998350762825,0.009218148167371654
one_at_a_time,original,whole,human_vs_gpt,dimensionality,effective_rank,,y2::3,,4,2.666810641623057,2.9524315984965597,-0.28562095687350286
one_at_a_time,original,whole,human_vs_gpt,dimensionality,effective_rank,,y2::4,,2,1.0,1.0,0.0
one_at_a_time,original,whole,human_vs_gpt,dimensionality,effective_rank,,y2::5,,4,2.983515235941151,2.8988468912820857,0.08466834465906548
one_at_a_time,original,whole,human_vs_gpt,dimensionality,effective_rank,,y2::6,,4,2.897524922730603,2.849721230438141,0.04780369229246162
one_at_a_time,original,whole,human_vs_gpt,dimensionality,effective_rank,,y2::7,,4,2.7925803881765994,2.9458010384134443,-0.15322065023684495
one_at_a_time,original,whole,human_vs_gpt,dimensionality,effective_rank,,y2::8,,3,1.9245136856488774,1.969791924323183,-0.04527823867430558
one_at_a_time,original,whole,human_vs_gpt,dimensionality,effective_rank,,y2::9,,4,2.7481542899119806,2.9380865652992187,-0.18993227538723811
one_at_a_time,original,whole,human_vs_gpt,coverage,coverage_geometric,k=panel_adaptive,y1::1,,4,1.0,0.7,0.30000000000000004
one_at_a_time,original,whole,human_vs_gpt,coverage,coverage_geometric,k=panel_adaptive,y1::10,,4,1.0,0.0,1.0
one_at_a_time,original,whole,human_vs_gpt,coverage,coverage_geometric,k=panel_adaptive,y1::11,,4,1.0,0.25,0.75
one_at_a_time,original,whole,human_vs_gpt,coverage,coverage_geometric,k=panel_adaptive,y1::12,,4,1.0,1.0,0.0
one_at_a_time,original,whole,human_vs_gpt,coverage,coverage_geometric,k=panel_adaptive,y1::2,,3,1.0,0.6666666666666667,0.33333333333333326
one_at_a_time,original,whole,human_vs_gpt,coverage,coverage_geometric,k=panel_adaptive,y1::3,,4,1.0,1.0,0.0
one_at_a_time,original,whole,human_vs_gpt,coverage,coverage_geometric,k=panel_adaptive,y1::4,,4,1.0,0.25,0.75
one_at_a_time,original,whole,human_vs_gpt,coverage,coverage_geometric,k=panel_adaptive,y1::5,,4,1.0,0.0,1.0
one_at_a_time,original,whole,human_vs_gpt,coverage,coverage_geometric,k=panel_adaptive,y1::6,,4,1.0,0.0,1.0
one_at_a_time,original,whole,human_vs_gpt,coverage,coverage_geometric,k=panel_adaptive,y1::7,,4,1.0,0.25,0.75
one_at_a_time,original,whole,human_vs_gpt,coverage,coverage_geometric,k=panel_adaptive,y1::8,,5,1.0,0.4,0.6
one_at_a_time,original,whole,human_vs_gpt,coverage,coverage_geometric,k=panel_adaptive,y1::9,,3,1.0,0.33333333333333337,0.6666666666666666
one_at_a_time,original,whole,human_vs_gpt,coverage,coverage_geometric,k=panel_adaptive,y2::1,,3,1.0,0.33333333333333337,0.6666666666666666
one_at_a_time,original,whole,human_vs_gpt,coverage,coverage_geometric,k=panel_adaptive,y2::10,,3,1.0,0.9666666666666666,0.03333333333333344
one_at_a_time,original,whole,human_vs_gpt,coverage,coverage_geometric,k=panel_adaptive,y2::11,,4,1.0,0.5,0.5
one_at_a_time,original,whole,human_vs_gpt,coverage,coverage_geometric,k=panel_adaptive,y2::2,,3,1.0,0.0,1.0
one_at_a_time,original,whole,human_vs_gpt,coverage,coverage_geometric,k=panel_adaptive,y2::3,,4,1.0,1.0,0.0
one_at_a_time,original,whole,human_vs_gpt,coverage,coverage_geometric,k=panel_adaptive,y2::4,,2,1.0,0.0,1.0
one_at_a_time,original,whole,human_vs_gpt,coverage,coverage_geometric,k=panel_adaptive,y2::5,,4,1.0,0.25,0.75
one_at_a_time,original,whole,human_vs_gpt,coverage,coverage_geometric,k=panel_adaptive,y2::6,,4,1.0,0.45,0.55
one_at_a_time,original,whole,human_vs_gpt,coverage,coverage_geometric,k=panel_adaptive,y2::7,,4,1.0,0.75,0.25
one_at_a_time,original,whole,human_vs_gpt,coverage,coverage_geometric,k=panel_adaptive,y2::8,,3,1.0,0.6333333333333334,0.3666666666666666
one_at_a_time,original,whole,human_vs_gpt,coverage,coverage_geometric,k=panel_adaptive,y2::9,,4,1.0,0.25,0.75
one_at_a_time,original,whole,human_vs_gpt,evenness,vendi_slope,q=0..2,y1::1,,4,-0.6662719028433579,-0.6873736248639614,0.021101722020603453
one_at_a_time,original,whole,human_vs_gpt,evenness,vendi_slope,q=0..2,y1::10,,4,-0.6763805175060529,-0.686792487021611,0.010411969515558117
one_at_a_time,original,whole,human_vs_gpt,evenness,vendi_slope,q=0..2,y1::11,,4,-0.6728146012478529,-0.6869592797963211,0.014144678548468237
one_at_a_time,original,whole,human_vs_gpt,evenness,vendi_slope,q=0..2,y1::12,,4,-0.6609179442747899,-0.6870264307369982,0.026108486462208313
one_at_a_time,original,whole,human_vs_gpt,evenness,vendi_slope,q=0..2,y1::2,,3,-0.5260484534072014,-0.5415080259113025,0.015459572504101127
one_at_a_time,original,whole,human_vs_gpt,evenness,vendi_slope,q=0..2,y1::3,,4,-0.6610870322367397,-0.6869077405710746,0.02582070833433492
one_at_a_time,original,whole,human_vs_gpt,evenness,vendi_slope,q=0..2,y1::4,,4,-0.6728032040261378,-0.6871845406136126,0.014381336587474758
one_at_a_time,original,whole,human_vs_gpt,evenness,vendi_slope,q=0..2,y1::5,,4,-0.6715728434527226,-0.6867913203227569,0.015218476870034303
one_at_a_time,original,whole,human_vs_gpt,evenness,vendi_slope,q=0..2,y1::6,,4,-0.6760456813579488,-0.6866083485859213,0.0105626672279725
one_at_a_time,original,whole,human_vs_gpt,evenness,vendi_slope,q=0..2,y1::7,,4,-0.6705954304913413,-0.6854799474366012,0.01488451694525994
one_at_a_time,original,whole,human_vs_gpt,evenness,vendi_slope,q=0..2,y1::8,,5,-0.7679588131758592,-0.7979857067972382,0.030026893621379003
one_at_a_time,original,whole,human_vs_gpt,evenness,vendi_slope,q=0..2,y1::9,,3,-0.5179263582333582,-0.5441687670245267,0.02624240879116846
one_at_a_time,original,whole,human_vs_gpt,evenness,vendi_slope,q=0..2,y2::1,,3,-0.5264729128381855,-0.5427368889218551,0.016263976083669585
one_at_a_time,original,whole,human_vs_gpt,evenness,vendi_slope,q=0..2,y2::10,,3,-0.512850897771299,-0.5432496286245481,0.030398730853249067
one_at_a_time,original,whole,human_vs_gpt,evenness,vendi_slope,q=0..2,y2::11,,4,-0.6682288073916289,-0.6860915091909084,0.017862701799279512
one_at_a_time,original,whole,human_vs_gpt,evenness,vendi_slope,q=0..2,y2::2,,3,-0.5310445784841326,-0.5438497768979432,0.01280519841381067
one_at_a_time,original,whole,human_vs_gpt,evenness,vendi_slope,q=0..2,y2::3,,4,-0.6633303429964063,-0.6867792095421597,0.0234488665457534
one_at_a_time,original,whole,human_vs_gpt,evenness,vendi_slope,q=0..2,y2::4,,2,-0.33327876610657736,-0.34164076773145846,0.008362001624881099
one_at_a_time,original,whole,human_vs_gpt,evenness,vendi_slope,q=0..2,y2::5,,4,-0.6720606613360716,-0.6854011304133236,0.01334046907725206
one_at_a_time,original,whole,human_vs_gpt,evenness,vendi_slope,q=0..2,y2::6,,4,-0.6715812645676689,-0.6857726219702218,0.014191357402552951
one_at_a_time,original,whole,human_vs_gpt,evenness,vendi_slope,q=0..2,y2::7,,4,-0.6655105050467924,-0.6853341093753605,0.019823604328568112
one_at_a_time,original,whole,human_vs_gpt,evenness,vendi_slope,q=0..2,y2::8,,3,-0.5213442948293805,-0.5434467293500689,0.022102434520688385
one_at_a_time,original,whole,human_vs_gpt,evenness,vendi_slope,q=0..2,y2::9,,4,-0.6672388447817473,-0.684863684061742,0.017624839279994697
one_at_a_time,original,whole,human_vs_gpt,evenness,ripley_excess,r=panel_q01_q50,y1::1,,4,0.0,0.06942228257669714,-0.06942228257669714
one_at_a_time,original,whole,human_vs_gpt,evenness,ripley_excess,r=panel_q01_q50,y1::10,,4,0.0,0.08214223210625782,-0.08214223210625782
one_at_a_time,original,whole,human_vs_gpt,evenness,ripley_excess,r=panel_q01_q50,y1::11,,4,0.0,0.07693167617022739,-0.07693167617022739
one_at_a_time,original,whole,human_vs_gpt,evenness,ripley_excess,r=panel_q01_q50,y1::12,,4,0.0,0.07077634368542096,-0.07077634368542096
one_at_a_time,original,whole,human_vs_gpt,evenness,ripley_excess,r=panel_q01_q50,y1::2,,3,0.0,0.047948349155786815,-0.047948349155786815
one_at_a_time,original,whole,human_vs_gpt,evenness,ripley_excess,r=panel_q01_q50,y1::3,,4,0.0,0.09284078527774008,-0.09284078527774008
one_at_a_time,original,whole,human_vs_gpt,evenness,ripley_excess,r=panel_q01_q50,y1::4,,4,0.0,0.06684947254574972,-0.06684947254574972
one_at_a_time,original,whole,human_vs_gpt,evenness,ripley_excess,r=panel_q01_q50,y1::5,,4,0.0,0.11920788638953991,-0.11920788638953991
one_at_a_time,original,whole,human_vs_gpt,evenness,ripley_excess,r=panel_q01_q50,y1::6,,4,0.0,0.07535382588806352,-0.07535382588806352
one_at_a_time,original,whole,human_vs_gpt,evenness,ripley_excess,r=panel_q01_q50,y1::7,,4,0.0,0.08088141494538084,-0.08088141494538084
one_at_a_time,original,whole,human_vs_gpt,evenness,ripley_excess,r=panel_q01_q50,y1::8,,5,0.0,0.1485689443157793,-0.1485689443157793
one_at_a_time,original,whole,human_vs_gpt,evenness,ripley_excess,r=panel_q01_q50,y1::9,,3,0.0,0.08435569431830162,-0.08435569431830162
one_at_a_time,original,whole,human_vs_gpt,evenness,ripley_excess,r=panel_q01_q50,y2::1,,3,0.0,0.05593754787790495,-0.05593754787790495
one_at_a_time,original,whole,human_vs_gpt,evenness,ripley_excess,r=panel_q01_q50,y2::10,,3,0.0,0.07353494178729011,-0.07353494178729011
one_at_a_time,original,whole,human_vs_gpt,evenness,ripley_excess,r=panel_q01_q50,y2::11,,4,0.0,0.07912318936351433,-0.07912318936351433
one_at_a_time,original,whole,human_vs_gpt,evenness,ripley_excess,r=panel_q01_q50,y2::2,,3,0.0,0.044653229325735004,-0.044653229325735004
one_at_a_time,original,whole,human_vs_gpt,evenness,ripley_excess,r=panel_q01_q50,y2::3,,4,0.0,0.057321872031062204,-0.057321872031062204
one_at_a_time,original,whole,human_vs_gpt,evenness,ripley_excess,r=panel_q01_q50,y2::4,,2,0.0,0.027236660711945783,-0.027236660711945783
one_at_a_time,original,whole,human_vs_gpt,evenness,ripley_excess,r=panel_q01_q50,y2::5,,4,0.0,0.060886237142969035,-0.060886237142969035
one_at_a_time,original,whole,human_vs_gpt,evenness,ripley_excess,r=panel_q01_q50,y2::6,,4,0.0,0.06468863651671256,-0.06468863651671256
one_at_a_time,original,whole,human_vs_gpt,evenness,ripley_excess,r=panel_q01_q50,y2::7,,4,0.0,0.08079680019723959,-0.08079680019723959
one_at_a_time,original,whole,human_vs_gpt,evenness,ripley_excess,r=panel_q01_q50,y2::8,,3,0.0,0.06691837655572404,-0.06691837655572404
one_at_a_time,original,whole,human_vs_gpt,evenness,ripley_excess,r=panel_q01_q50,y2::9,,4,0.0,0.06414346509509938,-0.06414346509509938
one_at_a_time,original,whole,human_vs_gpt,spread,mean_pairwise,,y1::1,,4,0.035550599478778255,0.007683393251301396,0.02786720622747686
one_at_a_time,original,whole,human_vs_gpt,spread,mean_pairwise,,y1::10,,4,0.022241269340080066,0.008455762230629016,0.01378550710945105
one_at_a_time,original,whole,human_vs_gpt,spread,mean_pairwise,,y1::11,,4,0.026943959836401705,0.008234427345543794,0.01870953249085791
one_at_a_time,original,whole,human_vs_gpt,spread,mean_pairwise,,y1::12,,4,0.04269020463433487,0.00814715955830846,0.034543045076026416
one_at_a_time,original,whole,human_vs_gpt,spread,mean_pairwise,,y1::2,,3,0.034734246833045455,0.011677667755196717,0.02305657907784874
one_at_a_time,original,whole,human_vs_gpt,spread,mean_pairwise,,y1::3,,4,0.04235411627404575,0.008302749127615573,0.03405136714643017
one_at_a_time,original,whole,human_vs_gpt,spread,mean_pairwise,,y1::4,,4,0.026990847244338312,0.007935097657709724,0.01905574958662859
one_at_a_time,original,whole,human_vs_gpt,spread,mean_pairwise,,y1::5,,4,0.028585612906961228,0.008457413052392882,0.020128199854568346
one_at_a_time,original,whole,human_vs_gpt,spread,mean_pairwise,,y1::6,,4,0.022676223478196072,0.008699827844086138,0.013976395634109934
one_at_a_time,original,whole,human_vs_gpt,spread,mean_pairwise,,y1::7,,4,0.029859205314070585,0.010199208236825463,0.019659997077245122
one_at_a_time,original,whole,human_vs_gpt,spread,mean_pairwise,,y1::8,,5,0.04550788764976611,0.00839645580743017,0.037111431842335944
one_at_a_time,original,whole,human_vs_gpt,spread,mean_pairwise,,y1::9,,3,0.04677627677796988,0.0076964620337113595,0.03907981474425852
one_at_a_time,original,whole,human_vs_gpt,spread,mean_pairwise,,y2::1,,3,0.03410773888031656,0.009838318548532598,0.02426942033178396
one_at_a_time,original,whole,human_vs_gpt,spread,mean_pairwise,,y2::10,,3,0.05423815856612709,0.009072361822077723,0.04516579674404937
one_at_a_time,original,whole,human_vs_gpt,spread,mean_pairwise,,y2::11,,4,0.032982968463688,0.00938627121575353,0.02359669724793447
one_at_a_time,original,whole,human_vs_gpt,spread,mean_pairwise,,y2::2,,3,0.027281861052315486,0.008174573777668582,0.019107287274646903
one_at_a_time,original,whole,human_vs_gpt,spread,mean_pairwise,,y2::3,,4,0.03944494672132356,0.00847303119895677,0.030971915522366788
one_at_a_time,original,whole,human_vs_gpt,spread,mean_pairwise,,y2::4,,2,0.026592845843440016,0.009865826825433077,0.01672701901800694
one_at_a_time,original,whole,human_vs_gpt,spread,mean_pairwise,,y2::5,,4,0.02792223674646921,0.010303028997241035,0.017619207749228174
one_at_a_time,original,whole,human_vs_gpt,spread,mean_pairwise,,y2::6,,4,0.028560346882568238,0.009810874880303654,0.018749472002264584
one_at_a_time,original,whole,human_vs_gpt,spread,mean_pairwise,,y2::7,,4,0.03656351922339416,0.0103911098929934,0.02617240933040076
one_at_a_time,original,whole,human_vs_gpt,spread,mean_pairwise,,y2::8,,3,0.041693730147028894,0.008776896195108842,0.03291683395192005
one_at_a_time,original,whole,human_vs_gpt,spread,mean_pairwise,,y2::9,,4,0.03429521727672937,0.01101544370132711,0.02327977357540226
one_at_a_time,original,whole,human_vs_gpt,spread,centroid_loo,,y1::1,,4,0.2164466212833947,0.10119156098409032,0.11525506029930438
one_at_a_time,original,whole,human_vs_gpt,spread,centroid_loo,,y1::10,,4,0.1719330289967536,0.10583804738298727,0.06609498161376634
one_at_a_time,original,whole,human_vs_gpt,spread,centroid_loo,,y1::11,,4,0.18832594393987087,0.10440970336023023,0.08391624057964064
one_at_a_time,original,whole,human_vs_gpt,spread,centroid_loo,,y1::12,,4,0.2338553498568993,0.1027749139078615,0.1310804359490378
one_at_a_time,original,whole,human_vs_gpt,spread,centroid_loo,,y1::2,,3,0.22633102784920367,0.1307010630704434,0.09562996477876026
one_at_a_time,original,whole,human_vs_gpt,spread,centroid_loo,,y1::3,,4,0.23670183577964288,0.10489611080028668,0.1318057249793562
one_at_a_time,original,whole,human_vs_gpt,spread,centroid_loo,,y1::4,,4,0.18640833004537496,0.10265565221481551,0.08375267783055945
one_at_a_time,original,whole,human_vs_gpt,spread,centroid_loo,,y1::5,,4,0.19468386448385272,0.10580289426356768,0.08888097022028504
one_at_a_time,original,whole,human_vs_gpt,spread,centroid_loo,,y1::6,,4,0.1735954909714102,0.10755379458046221,0.06604169639094798
one_at_a_time,original,whole,human_vs_gpt,spread,centroid_loo,,y1::7,,4,0.19882646233545867,0.1158328322840501,0.08299363005140857
one_at_a_time,original,whole,human_vs_gpt,spread,centroid_loo,,y1::8,,5,0.2318806916373927,0.10216527455037461,0.1297154170870181
one_at_a_time,original,whole,human_vs_gpt,spread,centroid_loo,,y1::9,,3,0.2631644429827355,0.10723408167340312,0.15593036130933238
one_at_a_time,original,whole,human_vs_gpt,spread,centroid_loo,,y2::1,,3,0.22392627688780134,0.12122634845872829,0.10269992842907305
one_at_a_time,original,whole,human_vs_gpt,spread,centroid_loo,,y2::10,,3,0.2845041652298293,0.11593070354537387,0.16857346168445542
one_at_a_time,original,whole,human_vs_gpt,spread,centroid_loo,,y2::11,,4,0.20810063321347053,0.11175565638278159,0.09634497683068893
one_at_a_time,original,whole,human_vs_gpt,spread,centroid_loo,,y2::2,,3,0.20148012140841454,0.1098976885647686,0.09158243284364594
one_at_a_time,original,whole,human_vs_gpt,spread,centroid_loo,,y2::3,,4,0.22645364925598968,0.10621688935536847,0.12023675990062122
one_at_a_time,original,whole,human_vs_gpt,spread,centroid_loo,,y2::4,,2,0.23062023260520817,0.13978893066854176,0.09083130193666641
one_at_a_time,original,whole,human_vs_gpt,spread,centroid_loo,,y2::5,,4,0.19285880897968077,0.11662151417546966,0.07623729480421111
one_at_a_time,original,whole,human_vs_gpt,spread,centroid_loo,,y2::6,,4,0.19474133623273238,0.11341909471222719,0.08132224152050518
one_at_a_time,original,whole,human_vs_gpt,spread,centroid_loo,,y2::7,,4,0.21845227342688076,0.11753714888951974,0.10091512453736101
one_at_a_time,original,whole,human_vs_gpt,spread,centroid_loo,,y2::8,,3,0.24893885101680105,0.11437878455412911,0.13456006646267193
one_at_a_time,original,whole,human_vs_gpt,spread,centroid_loo,,y2::9,,4,0.21134713758420928,0.1208065931735022,0.09054054441070708
one_at_a_time,original,whole,human_vs_gpt,spread,mst_dispersion,,y1::1,,4,0.02954953561845408,0.0073613549662531795,0.022188180652200903
one_at_a_time,original,whole,human_vs_gpt,spread,mst_dispersion,,y1::10,,4,0.018794164638762784,0.00756034829018318,0.011233816348579603
one_at_a_time,original,whole,human_vs_gpt,spread,mst_dispersion,,y1::11,,4,0.02297342447627874,0.007130692532282409,0.01584273194399633
one_at_a_time,original,whole,human_vs_gpt,spread,mst_dispersion,,y1::12,,4,0.028490940114900165,0.006645536247021466,0.0218454038678787
one_at_a_time,original,whole,human_vs_gpt,spread,mst_dispersion,,y1::2,,3,0.03088106214938685,0.010112225541575186,0.020768836607811664
one_at_a_time,original,whole,human_vs_gpt,spread,mst_dispersion,,y1::3,,4,0.033756107377712986,0.0075368711071313555,0.02621923627058163
one_at_a_time,original,whole,human_vs_gpt,spread,mst_dispersion,,y1::4,,4,0.021828530099665233,0.007080064783495159,0.014748465316170075
one_at_a_time,original,whole,human_vs_gpt,spread,mst_dispersion,,y1::5,,4,0.02298083489462288,0.007612737561731295,0.015368097332891587
one_at_a_time,original,whole,human_vs_gpt,spread,mst_dispersion,,y1::6,,4,0.02124792231528087,0.008090498798654517,0.013157423516626352
one_at_a_time,original,whole,human_vs_gpt,spread,mst_dispersion,,y1::7,,4,0.0261893885536002,0.008548804465760642,0.01764058408783956
one_at_a_time,original,whole,human_vs_gpt,spread,mst_dispersion,,y1::8,,5,0.0343401016504897,0.007298404834935351,0.02704169681555435
one_at_a_time,original,whole,human_vs_gpt,spread,mst_dispersion,,y1::9,,3,0.04146535061208284,0.007305672349141673,0.03415967826294117
one_at_a_time,original,whole,human_vs_gpt,spread,mst_dispersion,,y2::1,,3,0.028653303254000728,0.009236608696836363,0.019416694557164365
one_at_a_time,original,whole,human_vs_gpt,spread,mst_dispersion,,y2::10,,3,0.049850081068881225,0.008168681805489058,0.04168139926339216
one_at_a_time,original,whole,human_vs_gpt,spread,mst_dispersion,,y2::11,,4,0.02833721611601292,0.008486278704989244,0.019850937411023676
one_at_a_time,original,whole,human_vs_gpt,spread,mst_dispersion,,y2::2,,3,0.02416494304706801,0.007222822770977411,0.0169421202760906
one_at_a_time,original,whole,human_vs_gpt,spread,mst_dispersion,,y2::3,,4,0.03142271120194114,0.007877877818409828,0.023544833383531315
one_at_a_time,original,whole,human_vs_gpt,spread,mst_dispersion,,y2::4,,2,0.026592845843440016,0.009865826825433077,0.01672701901800694
one_at_a_time,original,whole,human_vs_gpt,spread,mst_dispersion,,y2::5,,4,0.026517273338620456,0.009111589743058677,0.01740568359556178
one_at_a_time,original,whole,human_vs_gpt,spread,mst_dispersion,,y2::6,,4,0.02602106067654608,0.008285412484424694,0.017735648192121388
one_at_a_time,original,whole,human_vs_gpt,spread,mst_dispersion,,y2::7,,4,0.030061846396276737,0.009449111044136942,0.020612735352139797
one_at_a_time,original,whole,human_vs_gpt,spread,mst_dispersion,,y2::8,,3,0.03778619966169272,0.00812917278634238,0.02965702687535034
one_at_a_time,original,whole,human_vs_gpt,spread,mst_dispersion,,y2::9,,4,0.026846332831402437,0.010049278781451735,0.016797054049950702
one_at_a_time,original,whole,human_vs_gpt,spread,sparseness,,y1::1,,4,0.03192767390221962,0.0074657208525058015,0.02446195304971382
one_at_a_time,original,whole,human_vs_gpt,spread,sparseness,,y1::10,,4,0.020988760698423852,0.007604128265310747,0.013384632433113105
one_at_a_time,original,whole,human_vs_gpt,spread,sparseness,,y1::11,,4,0.02297342447627874,0.0074059875089357964,0.015567436967342946
one_at_a_time,original,whole,human_vs_gpt,spread,sparseness,,y1::12,,4,0.03377885082348046,0.006773257723818352,0.027005593099662106
one_at_a_time,original,whole,human_vs_gpt,spread,sparseness,,y1::2,,3,0.03088106214938685,0.010112225541575186,0.020768836607811664
one_at_a_time,original,whole,human_vs_gpt,spread,sparseness,,y1::3,,4,0.037311366406448866,0.0075368711071313555,0.02977449529931751
one_at_a_time,original,whole,human_vs_gpt,spread,sparseness,,y1::4,,4,0.021828530099665233,0.007324520072517738,0.014504010027147496
one_at_a_time,original,whole,human_vs_gpt,spread,sparseness,,y1::5,,4,0.026284525172135087,0.007701791653008358,0.01858273351912673
one_at_a_time,original,whole,human_vs_gpt,spread,sparseness,,y1::6,,4,0.02124792231528087,0.008181889480316987,0.013066032834963883
one_at_a_time,original,whole,human_vs_gpt,spread,sparseness,,y1::7,,4,0.026354859759293376,0.008782176431351063,0.01757268332794231
one_at_a_time,original,whole,human_vs_gpt,spread,sparseness,,y1::8,,5,0.035702686879554385,0.007667036154664547,0.028035650724889838
one_at_a_time,original,whole,human_vs_gpt,spread,sparseness,,y1::9,,3,0.04146535061208284,0.007305672349141673,0.03415967826294117
one_at_a_time,original,whole,human_vs_gpt,spread,sparseness,,y2::1,,3,0.028653303254000728,0.009236608696836363,0.019416694557164365
one_at_a_time,original,whole,human_vs_gpt,spread,sparseness,,y2::10,,3,0.049850081068881225,0.008168681805489058,0.04168139926339216
one_at_a_time,original,whole,human_vs_gpt,spread,sparseness,,y2::11,,4,0.02868456568483065,0.00899581234682562,0.01968875333800503
one_at_a_time,original,whole,human_vs_gpt,spread,sparseness,,y2::2,,3,0.02416494304706801,0.007222822770977411,0.0169421202760906
one_at_a_time,original,whole,human_vs_gpt,spread,sparseness,,y2::3,,4,0.03245280144382049,0.00810089671737885,0.02435190472644164
one_at_a_time,original,whole,human_vs_gpt,spread,sparseness,,y2::4,,2,0.026592845843440016,0.009865826825433077,0.01672701901800694
one_at_a_time,original,whole,human_vs_gpt,spread,sparseness,,y2::5,,4,0.027238190180299198,0.00913056330565359,0.018107626874645608
one_at_a_time,original,whole,human_vs_gpt,spread,sparseness,,y2::6,,4,0.026543289634210043,0.008391266862182471,0.01815202277202757
one_at_a_time,original,whole,human_vs_gpt,spread,sparseness,,y2::7,,4,0.030061846396276737,0.009681592273110606,0.02038025412316613
one_at_a_time,original,whole,human_vs_gpt,spread,sparseness,,y2::8,,3,0.03778619966169272,0.00812917278634238,0.02965702687535034
one_at_a_time,original,whole,human_vs_gpt,spread,sparseness,,y2::9,,4,0.026846332831402437,0.010163901233932862,0.016682431597469575
one_at_a_time,original,whole,human_vs_gpt,spread,nn_isolation,,y1::1,,4,0.028361182018139502,0.00725488122817477,0.021106300789964734
one_at_a_time,original,whole,human_vs_gpt,spread,nn_isolation,,y1::10,,4,0.017175446724067955,0.007461777444402374,0.009713669279665582
one_at_a_time,original,whole,human_vs_gpt,spread,nn_isolation,,y1::11,,4,0.022346654373526897,0.006881069652202693,0.015465584721324204
one_at_a_time,original,whole,human_vs_gpt,spread,nn_isolation,,y1::12,,4,0.027735138962978634,0.006290593000068639,0.021444545962909994
one_at_a_time,original,whole,human_vs_gpt,spread,nn_isolation,,y1::2,,3,0.027794849142984763,0.009602880570149514,0.018191968572835247
one_at_a_time,original,whole,human_vs_gpt,spread,nn_isolation,,y1::3,,4,0.031265909932075675,0.007403184324456591,0.023862725607619085
one_at_a_time,original,whole,human_vs_gpt,spread,nn_isolation,,y1::4,,4,0.020651323437910568,0.006766461384260231,0.013884862053650337
one_at_a_time,original,whole,human_vs_gpt,spread,nn_isolation,,y1::5,,4,0.020618498988880907,0.007473406421937723,0.013145092566943184
one_at_a_time,original,whole,human_vs_gpt,spread,nn_isolation,,y1::6,,4,0.02084153264145322,0.007952098657124656,0.012889433984328564
one_at_a_time,original,whole,human_vs_gpt,spread,nn_isolation,,y1::7,,4,0.02525881526426696,0.00824009780147153,0.01701871746279543
one_at_a_time,original,whole,human_vs_gpt,spread,nn_isolation,,y1::8,,5,0.032186778832407434,0.007134291183156472,0.025052487649250964
one_at_a_time,original,whole,human_vs_gpt,spread,nn_isolation,,y1::9,,3,0.03825092930859175,0.007139477959073337,0.031111451349518416
one_at_a_time,original,whole,human_vs_gpt,spread,nn_isolation,,y2::1,,3,0.02629131572922409,0.009056429654423829,0.01723488607480026
one_at_a_time,original,whole,human_vs_gpt,spread,nn_isolation,,y2::10,,3,0.047931402658408895,0.007867881744301027,0.040063520914107864
one_at_a_time,original,whole,human_vs_gpt,spread,nn_isolation,,y2::11,,4,0.026921380249831317,0.00801996782247455,0.018901412427356767
one_at_a_time,original,whole,human_vs_gpt,spread,nn_isolation,,y2::2,,3,0.023381881277397154,0.0069677824731347714,0.01641409880426238
one_at_a_time,original,whole,human_vs_gpt,spread,nn_isolation,,y2::3,,4,0.028900872319010867,0.0076849929746649285,0.02121587934434594
one_at_a_time,original,whole,human_vs_gpt,spread,nn_isolation,,y2::4,,2,0.026592845843440016,0.009865826825433077,0.01672701901800694
one_at_a_time,original,whole,human_vs_gpt,spread,nn_isolation,,y2::5,,4,0.026191644298958622,0.008794111503245161,0.01739753279571346
one_at_a_time,original,whole,human_vs_gpt,spread,nn_isolation,,y2::6,,4,0.024314565858092052,0.007966503227590516,0.016348062630501536
one_at_a_time,original,whole,human_vs_gpt,spread,nn_isolation,,y2::7,,4,0.028339792657698953,0.009226212847194049,0.019113579810504905
one_at_a_time,original,whole,human_vs_gpt,spread,nn_isolation,,y2::8,,3,0.03535440009029267,0.007971112755888384,0.027383287334404288
one_at_a_time,original,whole,human_vs_gpt,spread,nn_isolation,,y2::9,,4,0.0252270623699615,0.009759776647908164,0.015467285722053336
one_at_a_time,original,whole,human_vs_gpt,spread,spherical_variance,,y1::1,,4,0.01342154372248916,0.0028854358642220078,0.010536107858267151
one_at_a_time,original,whole,human_vs_gpt,spread,spherical_variance,,y1::10,,4,0.008375550929213937,0.003175969321643435,0.005199581607570503
one_at_a_time,original,whole,human_vs_gpt,spread,spherical_variance,,y1::11,,4,0.010155552562576275,0.003092705938158824,0.007062846624417451
one_at_a_time,original,whole,human_vs_gpt,spread,spherical_variance,,y1::12,,4,0.016139061389136677,0.0030599383474201546,0.013079123041716522
one_at_a_time,original,whole,human_vs_gpt,spread,spherical_variance,,y1::2,,3,0.01164589572125696,0.0039004871942687203,0.00774540852698824
one_at_a_time,original,whole,human_vs_gpt,spread,spherical_variance,,y1::3,,4,0.01601096916964273,0.0031184062537857214,0.012892562915857008
one_at_a_time,original,whole,human_vs_gpt,spread,spherical_variance,,y1::4,,4,0.010173315894774215,0.002980107690062983,0.007193208204711232
one_at_a_time,original,whole,human_vs_gpt,spread,spherical_variance,,y1::5,,4,0.010777684077143745,0.0031765932060553227,0.007601090871088423
one_at_a_time,original,whole,human_vs_gpt,spread,spherical_variance,,y1::6,,4,0.008540050031594637,0.0032677817988819415,0.0052722682327126956
one_at_a_time,original,whole,human_vs_gpt,spread,spherical_variance,,y1::7,,4,0.011260602577986112,0.0038320887456113617,0.00742851383237475
one_at_a_time,original,whole,human_vs_gpt,spread,spherical_variance,,y1::8,,5,0.01837191875935662,0.003364241383013722,0.015007677376342898
one_at_a_time,original,whole,human_vs_gpt,spread,spherical_variance,,y1::9,,3,0.015715582018412055,0.0025688061950271067,0.013146775823384948
one_at_a_time,original,whole,human_vs_gpt,spread,spherical_variance,,y2::1,,3,0.011434621578763626,0.0032848628845141502,0.008149758694249476
one_at_a_time,original,whole,human_vs_gpt,spread,spherical_variance,,y2::10,,3,0.01824584155574771,0.0030287833504364257,0.015217058205311284
one_at_a_time,original,whole,human_vs_gpt,spread,spherical_variance,,y2::11,,4,0.012446065446431454,0.003526069532384368,0.008919995914047085
one_at_a_time,original,whole,human_vs_gpt,spread,spherical_variance,,y2::2,,3,0.009135684045595616,0.002728663110197993,0.0064070209353976225
one_at_a_time,original,whole,human_vs_gpt,spread,spherical_variance,,y2::3,,4,0.01490290328363697,0.003182451673025133,0.011720451610611837
one_at_a_time,original,whole,human_vs_gpt,spread,spherical_variance,,y2::4,,2,0.006670458972310667,0.0024696294298269805,0.004200829542483686
one_at_a_time,original,whole,human_vs_gpt,spread,spherical_variance,,y2::5,,4,0.010526239640409552,0.0038711666628130858,0.006655072977596465
one_at_a_time,original,whole,human_vs_gpt,spread,spherical_variance,,y2::6,,4,0.010768106135839561,0.0036859291710200416,0.00708217696481952
one_at_a_time,original,whole,human_vs_gpt,spread,spherical_variance,,y2::7,,4,0.013806631241897627,0.003904295970411886,0.00990233527148574
one_at_a_time,original,whole,human_vs_gpt,spread,spherical_variance,,y2::8,,3,0.013995851985408425,0.0029299633597183795,0.011065888625690046
one_at_a_time,original,whole,human_vs_gpt,spread,spherical_variance,,y2::9,,4,0.012944486342103989,0.004139387288327833,0.008805099053776156
