condition,text_branch,field,comparison,metric,param,target_proposal_uid,target_cohort,n_human_reviews,human_value,ai_value,paired_diff
baseline,rephrased,whole,human_vs_pooled_ai,vendi,q=1,y1::1,,4,1.1555645892362856,1.2435897795623787,-0.08802519032609313
baseline,rephrased,whole,human_vs_pooled_ai,vendi,q=1,y1::10,,4,1.1768583384978224,1.2751023806650288,-0.09824404216720639
baseline,rephrased,whole,human_vs_pooled_ai,vendi,q=1,y1::11,,4,1.1996512268139141,1.2602941433557362,-0.06064291654182208
baseline,rephrased,whole,human_vs_pooled_ai,vendi,q=1,y1::12,,4,1.2075245064343578,1.223855413328196,-0.016330906893838204
baseline,rephrased,whole,human_vs_pooled_ai,vendi,q=1,y1::2,,3,1.1653140265200586,1.2317000952219093,-0.06638606870185071
baseline,rephrased,whole,human_vs_pooled_ai,vendi,q=1,y1::3,,4,1.2103578354016968,1.2093174647268574,0.0010403706748394193
baseline,rephrased,whole,human_vs_pooled_ai,vendi,q=1,y1::4,,4,1.1398497848655054,1.2687436414691113,-0.12889385660360597
baseline,rephrased,whole,human_vs_pooled_ai,vendi,q=1,y1::5,,4,1.2144128706467583,1.2496993260481948,-0.03528645540143649
baseline,rephrased,whole,human_vs_pooled_ai,vendi,q=1,y1::6,,4,1.163541437340109,1.2705520696333903,-0.10701063229328134
baseline,rephrased,whole,human_vs_pooled_ai,vendi,q=1,y1::7,,4,1.1852096401723362,1.2575039889516362,-0.07229434877929997
baseline,rephrased,whole,human_vs_pooled_ai,vendi,q=1,y1::8,,5,1.256735650113759,1.2551836181292506,0.001552031984508373
baseline,rephrased,whole,human_vs_pooled_ai,vendi,q=1,y1::9,,3,1.197868511938864,1.2114098321697193,-0.013541320230855414
baseline,rephrased,whole,human_vs_pooled_ai,vendi,q=1,y2::1,,3,1.1584255519080622,1.1993243612181113,-0.04089880931004908
baseline,rephrased,whole,human_vs_pooled_ai,vendi,q=1,y2::10,,3,1.213534367413194,1.2023702987279374,0.011164068685256545
baseline,rephrased,whole,human_vs_pooled_ai,vendi,q=1,y2::11,,4,1.1852696414292405,1.2728473704437167,-0.08757772901447614
baseline,rephrased,whole,human_vs_pooled_ai,vendi,q=1,y2::2,,3,1.1845392406663662,1.2296496187978037,-0.04511037813143748
baseline,rephrased,whole,human_vs_pooled_ai,vendi,q=1,y2::3,,4,1.1824650038765467,1.2423293003401685,-0.05986429646362179
baseline,rephrased,whole,human_vs_pooled_ai,vendi,q=1,y2::4,,2,1.1136952587731195,1.1503600598704524,-0.036664801097332944
baseline,rephrased,whole,human_vs_pooled_ai,vendi,q=1,y2::5,,4,1.1746204228862689,1.253322195242626,-0.078701772356357
baseline,rephrased,whole,human_vs_pooled_ai,vendi,q=1,y2::6,,4,1.1704228440718982,1.2591970956566072,-0.08877425158470897
baseline,rephrased,whole,human_vs_pooled_ai,vendi,q=1,y2::7,,4,1.1951259428016479,1.2576732527076024,-0.06254730990595458
baseline,rephrased,whole,human_vs_pooled_ai,vendi,q=1,y2::8,,3,1.1756528351144286,1.2410125905297453,-0.06535975541531669
baseline,rephrased,whole,human_vs_pooled_ai,vendi,q=1,y2::9,,4,1.2030478369979642,1.2765924703525708,-0.07354463335460659
baseline,rephrased,whole,human_vs_pooled_ai,participation_ratio,,y1::1,,4,2.9699940492965724,2.561377742916263,0.40861630638030944
baseline,rephrased,whole,human_vs_pooled_ai,participation_ratio,,y1::10,,4,2.8357933275312353,2.6316703683662475,0.2041229591649878
baseline,rephrased,whole,human_vs_pooled_ai,participation_ratio,,y1::11,,4,2.9567889661512305,2.5807565689357883,0.37603239721544224
baseline,rephrased,whole,human_vs_pooled_ai,participation_ratio,,y1::12,,4,2.720645889980325,2.7108657286699533,0.009780161310371849
baseline,rephrased,whole,human_vs_pooled_ai,participation_ratio,,y1::2,,3,1.9340487676408102,1.816102705235914,0.11794606240489625
baseline,rephrased,whole,human_vs_pooled_ai,participation_ratio,,y1::3,,4,2.788157969612927,2.7509055870529213,0.037252382560005515
baseline,rephrased,whole,human_vs_pooled_ai,participation_ratio,,y1::4,,4,2.6486803424103207,2.3988700565304932,0.24981028587982745
baseline,rephrased,whole,human_vs_pooled_ai,participation_ratio,,y1::5,,4,2.7498383626836915,2.676811443776212,0.07302691890747948
baseline,rephrased,whole,human_vs_pooled_ai,participation_ratio,,y1::6,,4,2.9171708721251126,2.619052808389322,0.29811806373579053
baseline,rephrased,whole,human_vs_pooled_ai,participation_ratio,,y1::7,,4,2.7817115453567554,2.630039914722912,0.15167163063384326
baseline,rephrased,whole,human_vs_pooled_ai,participation_ratio,,y1::8,,5,3.540508173931088,3.394118059804906,0.14639011412618208
baseline,rephrased,whole,human_vs_pooled_ai,participation_ratio,,y1::9,,3,1.843461652268884,1.839674572351106,0.0037870799177779357
baseline,rephrased,whole,human_vs_pooled_ai,participation_ratio,,y2::1,,3,1.994813158212428,1.880108452409155,0.11470470580327308
baseline,rephrased,whole,human_vs_pooled_ai,participation_ratio,,y2::10,,3,1.8658613088833176,1.8814119724915443,-0.015550663608226767
baseline,rephrased,whole,human_vs_pooled_ai,participation_ratio,,y2::11,,4,2.6811209741992,2.653444788860577,0.027676185338622705
baseline,rephrased,whole,human_vs_pooled_ai,participation_ratio,,y2::2,,3,1.966140056489255,1.7843379753897382,0.1818020810995169
baseline,rephrased,whole,human_vs_pooled_ai,participation_ratio,,y2::3,,4,2.957357889658197,2.69788285745883,0.25947503219936685
baseline,rephrased,whole,human_vs_pooled_ai,participation_ratio,,y2::4,,2,1.0,1.0,0.0
baseline,rephrased,whole,human_vs_pooled_ai,participation_ratio,,y2::5,,4,2.9561801231305997,2.588254311935728,0.3679258111948718
baseline,rephrased,whole,human_vs_pooled_ai,participation_ratio,,y2::6,,4,2.7211358495817097,2.712664090264129,0.00847175931758093
baseline,rephrased,whole,human_vs_pooled_ai,participation_ratio,,y2::7,,4,2.5447333176402243,2.5366413953417,0.008091922298524068
baseline,rephrased,whole,human_vs_pooled_ai,participation_ratio,,y2::8,,3,1.7826106985860486,1.8839050483141184,-0.10129434972806983
baseline,rephrased,whole,human_vs_pooled_ai,participation_ratio,,y2::9,,4,2.7027655496998,2.6558560067275767,0.046909542972223495
baseline,rephrased,whole,human_vs_pooled_ai,effective_rank,,y1::1,,4,2.984885077528934,2.751547608158907,0.23333746937002697
baseline,rephrased,whole,human_vs_pooled_ai,effective_rank,,y1::10,,4,2.9133031576652733,2.7908773079958156,0.12242584966945769
baseline,rephrased,whole,human_vs_pooled_ai,effective_rank,,y1::11,,4,2.977612407810832,2.7640610786508173,0.21355132916001462
baseline,rephrased,whole,human_vs_pooled_ai,effective_rank,,y1::12,,4,2.8528974854974987,2.840811320900257,0.012086164597241655
baseline,rephrased,whole,human_vs_pooled_ai,effective_rank,,y1::2,,3,1.9659958071296253,1.8943855053966128,0.07161030173301253
baseline,rephrased,whole,human_vs_pooled_ai,effective_rank,,y1::3,,4,2.891785254465553,2.863155199946055,0.02863005451949796
baseline,rephrased,whole,human_vs_pooled_ai,effective_rank,,y1::4,,4,2.813580121085747,2.6415330865610707,0.1720470345246765
baseline,rephrased,whole,human_vs_pooled_ai,effective_rank,,y1::5,,4,2.86021946122833,2.8224362553716063,0.03778320585672379
baseline,rephrased,whole,human_vs_pooled_ai,effective_rank,,y1::6,,4,2.958516401428104,2.7879100873021,0.17060631412600413
baseline,rephrased,whole,human_vs_pooled_ai,effective_rank,,y1::7,,4,2.8766026860390257,2.791649449719755,0.08495323631927088
baseline,rephrased,whole,human_vs_pooled_ai,effective_rank,,y1::8,,5,3.737021394578725,3.6697102811326965,0.06731111344602869
baseline,rephrased,whole,human_vs_pooled_ai,effective_rank,,y1::9,,3,1.915669532609165,1.90896418500219,0.006705347606975165
baseline,rephrased,whole,human_vs_pooled_ai,effective_rank,,y2::1,,3,1.9974003987505193,1.93321243067035,0.06418796808016936
baseline,rephrased,whole,human_vs_pooled_ai,effective_rank,,y2::10,,3,1.9285300635747593,1.9340728056211622,-0.0055427420464029264
baseline,rephrased,whole,human_vs_pooled_ai,effective_rank,,y2::11,,4,2.8322835317399986,2.8030901715416787,0.029193360198319862
baseline,rephrased,whole,human_vs_pooled_ai,effective_rank,,y2::2,,3,1.982803054619822,1.8731723172686192,0.10963073735120288
baseline,rephrased,whole,human_vs_pooled_ai,effective_rank,,y2::3,,4,2.97836589841131,2.835842526348639,0.14252337206267107
baseline,rephrased,whole,human_vs_pooled_ai,effective_rank,,y2::4,,2,1.0,1.0,0.0
baseline,rephrased,whole,human_vs_pooled_ai,effective_rank,,y2::5,,4,2.9771574085608865,2.7663947725646674,0.21076263599621914
baseline,rephrased,whole,human_vs_pooled_ai,effective_rank,,y2::6,,4,2.8427499166948618,2.8432593834364424,-0.0005094667415805887
baseline,rephrased,whole,human_vs_pooled_ai,effective_rank,,y2::7,,4,2.7565785605875477,2.735952849340084,0.020625711247463485
baseline,rephrased,whole,human_vs_pooled_ai,effective_rank,,y2::8,,3,1.8792413435960444,1.9357177082131445,-0.05647636461710004
baseline,rephrased,whole,human_vs_pooled_ai,effective_rank,,y2::9,,4,2.8337900393864954,2.8074548425639225,0.026335196822572904
baseline,rephrased,whole,human_vs_pooled_ai,coverage_geometric,k=panel_adaptive,y1::1,,4,1.0,0.682967032967033,0.317032967032967
baseline,rephrased,whole,human_vs_pooled_ai,coverage_geometric,k=panel_adaptive,y1::10,,4,1.0,0.6545787545787546,0.3454212454212454
baseline,rephrased,whole,human_vs_pooled_ai,coverage_geometric,k=panel_adaptive,y1::11,,4,1.0,0.8974358974358975,0.10256410256410253
baseline,rephrased,whole,human_vs_pooled_ai,coverage_geometric,k=panel_adaptive,y1::12,,4,1.0,0.9998168498168498,0.0001831501831501825
baseline,rephrased,whole,human_vs_pooled_ai,coverage_geometric,k=panel_adaptive,y1::2,,3,1.0,0.5164835164835165,0.48351648351648346
baseline,rephrased,whole,human_vs_pooled_ai,coverage_geometric,k=panel_adaptive,y1::3,,4,1.0,0.9968864468864469,0.0031135531135531025
baseline,rephrased,whole,human_vs_pooled_ai,coverage_geometric,k=panel_adaptive,y1::4,,4,1.0,0.6573260073260073,0.3426739926739927
baseline,rephrased,whole,human_vs_pooled_ai,coverage_geometric,k=panel_adaptive,y1::5,,4,1.0,0.9880952380952381,0.011904761904761862
baseline,rephrased,whole,human_vs_pooled_ai,coverage_geometric,k=panel_adaptive,y1::6,,4,1.0,0.35934065934065934,0.6406593406593406
baseline,rephrased,whole,human_vs_pooled_ai,coverage_geometric,k=panel_adaptive,y1::7,,4,1.0,0.8716117216117216,0.12838827838827838
baseline,rephrased,whole,human_vs_pooled_ai,coverage_geometric,k=panel_adaptive,y1::8,,5,1.0,0.9999333999334,6.660006659997553e-05
baseline,rephrased,whole,human_vs_pooled_ai,coverage_geometric,k=panel_adaptive,y1::9,,3,1.0,0.978021978021978,0.02197802197802201
baseline,rephrased,whole,human_vs_pooled_ai,coverage_geometric,k=panel_adaptive,y2::1,,3,1.0,0.4197802197802198,0.5802197802197802
baseline,rephrased,whole,human_vs_pooled_ai,coverage_geometric,k=panel_adaptive,y2::10,,3,1.0,0.9926739926739926,0.007326007326007411
baseline,rephrased,whole,human_vs_pooled_ai,coverage_geometric,k=panel_adaptive,y2::11,,4,1.0,0.8516483516483516,0.14835164835164838
baseline,rephrased,whole,human_vs_pooled_ai,coverage_geometric,k=panel_adaptive,y2::2,,3,1.0,0.8102564102564103,0.18974358974358974
baseline,rephrased,whole,human_vs_pooled_ai,coverage_geometric,k=panel_adaptive,y2::3,,4,1.0,0.6794871794871795,0.3205128205128205
baseline,rephrased,whole,human_vs_pooled_ai,coverage_geometric,k=panel_adaptive,y2::4,,2,1.0,0.36666666666666664,0.6333333333333333
baseline,rephrased,whole,human_vs_pooled_ai,coverage_geometric,k=panel_adaptive,y2::5,,4,1.0,0.6126373626373627,0.3873626373626373
baseline,rephrased,whole,human_vs_pooled_ai,coverage_geometric,k=panel_adaptive,y2::6,,4,1.0,0.8567765567765567,0.14322344322344327
baseline,rephrased,whole,human_vs_pooled_ai,coverage_geometric,k=panel_adaptive,y2::7,,4,1.0,0.9382783882783883,0.061721611721611724
baseline,rephrased,whole,human_vs_pooled_ai,coverage_geometric,k=panel_adaptive,y2::8,,3,1.0,0.8974358974358975,0.10256410256410253
baseline,rephrased,whole,human_vs_pooled_ai,coverage_geometric,k=panel_adaptive,y2::9,,4,1.0,0.9293040293040293,0.07069597069597067
baseline,rephrased,whole,human_vs_pooled_ai,vendi_slope,q=0..2,y1::1,,4,-0.6678666881303238,-0.6501752328052801,-0.01769145532504368
baseline,rephrased,whole,human_vs_pooled_ai,vendi_slope,q=0..2,y1::10,,4,-0.6637440728390298,-0.6440978299723493,-0.019646242866680486
baseline,rephrased,whole,human_vs_pooled_ai,vendi_slope,q=0..2,y1::11,,4,-0.6595576774983957,-0.6469445617755016,-0.01261311572289403
baseline,rephrased,whole,human_vs_pooled_ai,vendi_slope,q=0..2,y1::12,,4,-0.6577218656449035,-0.6544537107764477,-0.003268154868455886
baseline,rephrased,whole,human_vs_pooled_ai,vendi_slope,q=0..2,y1::2,,3,-0.5195890201478753,-0.5047595667669925,-0.014829453380882818
baseline,rephrased,whole,human_vs_pooled_ai,vendi_slope,q=0..2,y1::3,,4,-0.6572792249706445,-0.6573606388367821,8.141386613758073e-05
baseline,rephrased,whole,human_vs_pooled_ai,vendi_slope,q=0..2,y1::4,,4,-0.6704896029404469,-0.644564877801068,-0.025924725139378935
baseline,rephrased,whole,human_vs_pooled_ai,vendi_slope,q=0..2,y1::5,,4,-0.6564031965080059,-0.6492774473170045,-0.007125749191001396
baseline,rephrased,whole,human_vs_pooled_ai,vendi_slope,q=0..2,y1::6,,4,-0.6663370138096391,-0.6449374956927254,-0.02139951811691365
baseline,rephrased,whole,human_vs_pooled_ai,vendi_slope,q=0..2,y1::7,,4,-0.6620750228851223,-0.6475704523431395,-0.014504570541982842
baseline,rephrased,whole,human_vs_pooled_ai,vendi_slope,q=0..2,y1::8,,5,-0.7623340170696689,-0.7624045443613751,7.052729170620164e-05
baseline,rephrased,whole,human_vs_pooled_ai,vendi_slope,q=0..2,y1::9,,3,-0.5124706009770809,-0.5093701423713549,-0.003100458605725942
baseline,rephrased,whole,human_vs_pooled_ai,vendi_slope,q=0..2,y2::1,,3,-0.5211216978789993,-0.5121791010178903,-0.008942596861108987
baseline,rephrased,whole,human_vs_pooled_ai,vendi_slope,q=0..2,y2::10,,3,-0.5091290772798275,-0.5114957306604098,0.0023666533805822842
baseline,rephrased,whole,human_vs_pooled_ai,vendi_slope,q=0..2,y2::11,,4,-0.6619611730967743,-0.6446014419102061,-0.017359731186568195
baseline,rephrased,whole,human_vs_pooled_ai,vendi_slope,q=0..2,y2::2,,3,-0.5156084899942462,-0.5050117068335582,-0.010596783160688017
baseline,rephrased,whole,human_vs_pooled_ai,vendi_slope,q=0..2,y2::3,,4,-0.662823318916663,-0.6507944604853833,-0.012028858431279765
baseline,rephrased,whole,human_vs_pooled_ai,vendi_slope,q=0..2,y2::4,,2,-0.324063380646721,-0.3147298914695672,-0.00933348917715382
baseline,rephrased,whole,human_vs_pooled_ai,vendi_slope,q=0..2,y2::5,,4,-0.6642984009538345,-0.6483048195367225,-0.015993581417112046
baseline,rephrased,whole,human_vs_pooled_ai,vendi_slope,q=0..2,y2::6,,4,-0.664812464301137,-0.6474829101422465,-0.017329554158890592
baseline,rephrased,whole,human_vs_pooled_ai,vendi_slope,q=0..2,y2::7,,4,-0.6598718019870099,-0.6473162797048944,-0.012555522282115539
baseline,rephrased,whole,human_vs_pooled_ai,vendi_slope,q=0..2,y2::8,,3,-0.5170860332623062,-0.5030203518798015,-0.014065681382504636
baseline,rephrased,whole,human_vs_pooled_ai,vendi_slope,q=0..2,y2::9,,4,-0.6585380630125129,-0.6438303358427399,-0.014707727169773088
baseline,rephrased,whole,human_vs_pooled_ai,ripley_excess,r=panel_q01_q50,y1::1,,4,0.0,0.0048451815795790614,-0.0048451815795790614
baseline,rephrased,whole,human_vs_pooled_ai,ripley_excess,r=panel_q01_q50,y1::10,,4,0.0,0.005134819136303941,-0.005134819136303941
baseline,rephrased,whole,human_vs_pooled_ai,ripley_excess,r=panel_q01_q50,y1::11,,4,0.0,0.006964310874970677,-0.006964310874970677
baseline,rephrased,whole,human_vs_pooled_ai,ripley_excess,r=panel_q01_q50,y1::12,,4,0.0,0.008402927646802128,-0.008402927646802128
baseline,rephrased,whole,human_vs_pooled_ai,ripley_excess,r=panel_q01_q50,y1::2,,3,0.0,0.006946683587891349,-0.006946683587891349
baseline,rephrased,whole,human_vs_pooled_ai,ripley_excess,r=panel_q01_q50,y1::3,,4,0.0,0.011923948558380717,-0.011923948558380717
baseline,rephrased,whole,human_vs_pooled_ai,ripley_excess,r=panel_q01_q50,y1::4,,4,0.0,0.006364943050648238,-0.006364943050648238
baseline,rephrased,whole,human_vs_pooled_ai,ripley_excess,r=panel_q01_q50,y1::5,,4,0.0,0.008194710682017842,-0.008194710682017842
baseline,rephrased,whole,human_vs_pooled_ai,ripley_excess,r=panel_q01_q50,y1::6,,4,0.0,0.005374365085178228,-0.005374365085178228
baseline,rephrased,whole,human_vs_pooled_ai,ripley_excess,r=panel_q01_q50,y1::7,,4,0.0,0.006276313229270458,-0.006276313229270458
baseline,rephrased,whole,human_vs_pooled_ai,ripley_excess,r=panel_q01_q50,y1::8,,5,0.0,0.016050357961182954,-0.016050357961182954
baseline,rephrased,whole,human_vs_pooled_ai,ripley_excess,r=panel_q01_q50,y1::9,,3,0.0,0.009887073128287415,-0.009887073128287415
baseline,rephrased,whole,human_vs_pooled_ai,ripley_excess,r=panel_q01_q50,y2::1,,3,0.0,0.0038792408569484223,-0.0038792408569484223
baseline,rephrased,whole,human_vs_pooled_ai,ripley_excess,r=panel_q01_q50,y2::10,,3,0.0,0.01019936284755093,-0.01019936284755093
baseline,rephrased,whole,human_vs_pooled_ai,ripley_excess,r=panel_q01_q50,y2::11,,4,0.0,0.006703917496651756,-0.006703917496651756
baseline,rephrased,whole,human_vs_pooled_ai,ripley_excess,r=panel_q01_q50,y2::2,,3,0.0,0.00685583090714582,-0.00685583090714582
baseline,rephrased,whole,human_vs_pooled_ai,ripley_excess,r=panel_q01_q50,y2::3,,4,0.0,0.0047118483490082895,-0.0047118483490082895
baseline,rephrased,whole,human_vs_pooled_ai,ripley_excess,r=panel_q01_q50,y2::4,,2,0.0,0.0036071729174655155,-0.0036071729174655155
baseline,rephrased,whole,human_vs_pooled_ai,ripley_excess,r=panel_q01_q50,y2::5,,4,0.0,0.005243661055834429,-0.005243661055834429
baseline,rephrased,whole,human_vs_pooled_ai,ripley_excess,r=panel_q01_q50,y2::6,,4,0.0,0.003112223247011582,-0.003112223247011582
baseline,rephrased,whole,human_vs_pooled_ai,ripley_excess,r=panel_q01_q50,y2::7,,4,0.0,0.009907959767115093,-0.009907959767115093
baseline,rephrased,whole,human_vs_pooled_ai,ripley_excess,r=panel_q01_q50,y2::8,,3,0.0,0.002848191121554187,-0.002848191121554187
baseline,rephrased,whole,human_vs_pooled_ai,ripley_excess,r=panel_q01_q50,y2::9,,4,0.0,0.008668894533918477,-0.008668894533918477
baseline,rephrased,whole,human_vs_claude,vendi,q=1,y1::1,,4,1.1555645892362856,1.238446377942685,-0.0828817887063995
baseline,rephrased,whole,human_vs_claude,vendi,q=1,y1::10,,4,1.1768583384978224,1.3428540398059479,-0.16599570130812547
baseline,rephrased,whole,human_vs_claude,vendi,q=1,y1::11,,4,1.1996512268139141,1.276114431476124,-0.0764632046622098
baseline,rephrased,whole,human_vs_claude,vendi,q=1,y1::12,,4,1.2075245064343578,1.244507174826019,-0.0369826683916612
baseline,rephrased,whole,human_vs_claude,vendi,q=1,y1::2,,3,1.1653140265200586,1.2573539747788829,-0.09203994825882433
baseline,rephrased,whole,human_vs_claude,vendi,q=1,y1::3,,4,1.2103578354016968,1.2355904533929842,-0.025232617991287398
baseline,rephrased,whole,human_vs_claude,vendi,q=1,y1::4,,4,1.1398497848655054,1.356822427918513,-0.21697264305300767
baseline,rephrased,whole,human_vs_claude,vendi,q=1,y1::5,,4,1.2144128706467583,1.2867803585917958,-0.07236748794503756
baseline,rephrased,whole,human_vs_claude,vendi,q=1,y1::6,,4,1.163541437340109,1.2893334755260661,-0.1257920381859572
baseline,rephrased,whole,human_vs_claude,vendi,q=1,y1::7,,4,1.1852096401723362,1.2783010742100935,-0.09309143403775733
baseline,rephrased,whole,human_vs_claude,vendi,q=1,y1::8,,5,1.256735650113759,1.2994509682381827,-0.04271531812442375
baseline,rephrased,whole,human_vs_claude,vendi,q=1,y1::9,,3,1.197868511938864,1.2430260075163024,-0.04515749557743853
baseline,rephrased,whole,human_vs_claude,vendi,q=1,y2::1,,3,1.1584255519080622,1.2256018806745403,-0.06717632876647817
baseline,rephrased,whole,human_vs_claude,vendi,q=1,y2::10,,3,1.213534367413194,1.235932166395352,-0.02239779898215799
baseline,rephrased,whole,human_vs_claude,vendi,q=1,y2::11,,4,1.1852696414292405,1.3301797255968626,-0.14491008416762208
baseline,rephrased,whole,human_vs_claude,vendi,q=1,y2::2,,3,1.1845392406663662,1.2651871682614366,-0.08064792759507045
baseline,rephrased,whole,human_vs_claude,vendi,q=1,y2::3,,4,1.1824650038765467,1.2676805881810966,-0.0852155843045499
baseline,rephrased,whole,human_vs_claude,vendi,q=1,y2::4,,2,1.1136952587731195,1.1675855430405782,-0.05389028426745868
baseline,rephrased,whole,human_vs_claude,vendi,q=1,y2::5,,4,1.1746204228862689,1.250335884813527,-0.0757154619272582
baseline,rephrased,whole,human_vs_claude,vendi,q=1,y2::6,,4,1.1704228440718982,1.2912667513115783,-0.12084390723968008
baseline,rephrased,whole,human_vs_claude,vendi,q=1,y2::7,,4,1.1951259428016479,1.284989693951401,-0.08986375114975309
baseline,rephrased,whole,human_vs_claude,vendi,q=1,y2::8,,3,1.1756528351144286,1.2555697620982411,-0.07991692698381248
baseline,rephrased,whole,human_vs_claude,vendi,q=1,y2::9,,4,1.2030478369979642,1.2917646596730503,-0.08871682267508607
baseline,rephrased,whole,human_vs_claude,participation_ratio,,y1::1,,4,2.9699940492965724,2.608126406062557,0.36186764323401555
baseline,rephrased,whole,human_vs_claude,participation_ratio,,y1::10,,4,2.8357933275312353,2.836841094701449,-0.0010477671702138203
baseline,rephrased,whole,human_vs_claude,participation_ratio,,y1::11,,4,2.9567889661512305,2.6477639725352757,0.3090249936159548
baseline,rephrased,whole,human_vs_claude,participation_ratio,,y1::12,,4,2.720645889980325,2.6467262057970715,0.07391968418325368
baseline,rephrased,whole,human_vs_claude,participation_ratio,,y1::2,,3,1.9340487676408102,1.8490293842724743,0.08501938336833592
baseline,rephrased,whole,human_vs_claude,participation_ratio,,y1::3,,4,2.788157969612927,2.7959760567947116,-0.007818087181784783
baseline,rephrased,whole,human_vs_claude,participation_ratio,,y1::4,,4,2.6486803424103207,2.4825196061460915,0.16616073626422923
baseline,rephrased,whole,human_vs_claude,participation_ratio,,y1::5,,4,2.7498383626836915,2.6775971699450296,0.07224119273866192
baseline,rephrased,whole,human_vs_claude,participation_ratio,,y1::6,,4,2.9171708721251126,2.7134188869214357,0.20375198520367688
baseline,rephrased,whole,human_vs_claude,participation_ratio,,y1::7,,4,2.7817115453567554,2.645211236601322,0.1365003087554335
baseline,rephrased,whole,human_vs_claude,participation_ratio,,y1::8,,5,3.540508173931088,3.259713586406157,0.28079458752493114
baseline,rephrased,whole,human_vs_claude,participation_ratio,,y1::9,,3,1.843461652268884,1.8578136177464035,-0.01435196547751949
baseline,rephrased,whole,human_vs_claude,participation_ratio,,y2::1,,3,1.994813158212428,1.89535856560309,0.09945459260933798
baseline,rephrased,whole,human_vs_claude,participation_ratio,,y2::10,,3,1.8658613088833176,1.9245732689739778,-0.058711960090660265
baseline,rephrased,whole,human_vs_claude,participation_ratio,,y2::11,,4,2.6811209741992,2.760775150623266,-0.07965417642406614
baseline,rephrased,whole,human_vs_claude,participation_ratio,,y2::2,,3,1.966140056489255,1.758062762881498,0.20807729360775706
baseline,rephrased,whole,human_vs_claude,participation_ratio,,y2::3,,4,2.957357889658197,2.755279414816512,0.20207847484168484
baseline,rephrased,whole,human_vs_claude,participation_ratio,,y2::4,,2,1.0,1.0,0.0
baseline,rephrased,whole,human_vs_claude,participation_ratio,,y2::5,,4,2.9561801231305997,2.70874140807879,0.2474387150518096
baseline,rephrased,whole,human_vs_claude,participation_ratio,,y2::6,,4,2.7211358495817097,2.8815767327318382,-0.1604408831501285
baseline,rephrased,whole,human_vs_claude,participation_ratio,,y2::7,,4,2.5447333176402243,2.70258502456842,-0.15785170692819595
baseline,rephrased,whole,human_vs_claude,participation_ratio,,y2::8,,3,1.7826106985860486,1.850841279864707,-0.06823058127865833
baseline,rephrased,whole,human_vs_claude,participation_ratio,,y2::9,,4,2.7027655496998,2.6243548137996062,0.07841073590019398
baseline,rephrased,whole,human_vs_claude,effective_rank,,y1::1,,4,2.984885077528934,2.790510942916588,0.19437413461234598
baseline,rephrased,whole,human_vs_claude,effective_rank,,y1::10,,4,2.9133031576652733,2.9151795509035727,-0.0018763932382994675
baseline,rephrased,whole,human_vs_claude,effective_rank,,y1::11,,4,2.977612407810832,2.8049481896277824,0.17266421818304956
baseline,rephrased,whole,human_vs_claude,effective_rank,,y1::12,,4,2.8528974854974987,2.805655117797421,0.047242367700077725
baseline,rephrased,whole,human_vs_claude,effective_rank,,y1::2,,3,1.9659958071296253,1.915287557763665,0.0507082493659603
baseline,rephrased,whole,human_vs_claude,effective_rank,,y1::3,,4,2.891785254465553,2.8941988306699273,-0.0024135762043742126
baseline,rephrased,whole,human_vs_claude,effective_rank,,y1::4,,4,2.813580121085747,2.6818936745555844,0.13168644653016282
baseline,rephrased,whole,human_vs_claude,effective_rank,,y1::5,,4,2.86021946122833,2.8263325581123295,0.03388690311600051
baseline,rephrased,whole,human_vs_claude,effective_rank,,y1::6,,4,2.958516401428104,2.8488222650335335,0.10969413639457049
baseline,rephrased,whole,human_vs_claude,effective_rank,,y1::7,,4,2.8766026860390257,2.8055638030754877,0.071038882963538
baseline,rephrased,whole,human_vs_claude,effective_rank,,y1::8,,5,3.737021394578725,3.617030638216928,0.11999075636179724
baseline,rephrased,whole,human_vs_claude,effective_rank,,y1::9,,3,1.915669532609165,1.9212140982669212,-0.005544565657756184
baseline,rephrased,whole,human_vs_claude,effective_rank,,y2::1,,3,1.9974003987505193,1.9432166156174968,0.05418378313302252
baseline,rephrased,whole,human_vs_claude,effective_rank,,y2::10,,3,1.9285300635747593,1.9606093141066878,-0.032079250531928505
baseline,rephrased,whole,human_vs_claude,effective_rank,,y2::11,,4,2.8322835317399986,2.8763260354944657,-0.044042503754467166
baseline,rephrased,whole,human_vs_claude,effective_rank,,y2::2,,3,1.982803054619822,1.857675976315361,0.12512707830446113
baseline,rephrased,whole,human_vs_claude,effective_rank,,y2::3,,4,2.97836589841131,2.860064669316082,0.11830122909522789
baseline,rephrased,whole,human_vs_claude,effective_rank,,y2::4,,2,1.0,1.0,0.0
baseline,rephrased,whole,human_vs_claude,effective_rank,,y2::5,,4,2.9771574085608865,2.8447804916273975,0.13237691693348896
baseline,rephrased,whole,human_vs_claude,effective_rank,,y2::6,,4,2.8427499166948618,2.9402535031723995,-0.09750358647753776
baseline,rephrased,whole,human_vs_claude,effective_rank,,y2::7,,4,2.7565785605875477,2.836982630494749,-0.0804040699072015
baseline,rephrased,whole,human_vs_claude,effective_rank,,y2::8,,3,1.8792413435960444,1.917483776338086,-0.03824243274204164
baseline,rephrased,whole,human_vs_claude,effective_rank,,y2::9,,4,2.8337900393864954,2.797344255560873,0.03644578382562225
baseline,rephrased,whole,human_vs_claude,coverage_geometric,k=panel_adaptive,y1::1,,4,1.0,0.9,0.09999999999999998
baseline,rephrased,whole,human_vs_claude,coverage_geometric,k=panel_adaptive,y1::10,,4,1.0,0.0,1.0
baseline,rephrased,whole,human_vs_claude,coverage_geometric,k=panel_adaptive,y1::11,,4,1.0,0.9,0.09999999999999998
baseline,rephrased,whole,human_vs_claude,coverage_geometric,k=panel_adaptive,y1::12,,4,1.0,1.0,0.0
baseline,rephrased,whole,human_vs_claude,coverage_geometric,k=panel_adaptive,y1::2,,3,1.0,0.19999999999999998,0.8
baseline,rephrased,whole,human_vs_claude,coverage_geometric,k=panel_adaptive,y1::3,,4,1.0,1.0,0.0
baseline,rephrased,whole,human_vs_claude,coverage_geometric,k=panel_adaptive,y1::4,,4,1.0,0.6,0.4
baseline,rephrased,whole,human_vs_claude,coverage_geometric,k=panel_adaptive,y1::5,,4,1.0,1.0,0.0
baseline,rephrased,whole,human_vs_claude,coverage_geometric,k=panel_adaptive,y1::6,,4,1.0,0.0,1.0
baseline,rephrased,whole,human_vs_claude,coverage_geometric,k=panel_adaptive,y1::7,,4,1.0,0.65,0.35
baseline,rephrased,whole,human_vs_claude,coverage_geometric,k=panel_adaptive,y1::8,,5,1.0,1.0,0.0
baseline,rephrased,whole,human_vs_claude,coverage_geometric,k=panel_adaptive,y1::9,,3,1.0,1.0,0.0
baseline,rephrased,whole,human_vs_claude,coverage_geometric,k=panel_adaptive,y2::1,,3,1.0,0.39999999999999997,0.6000000000000001
baseline,rephrased,whole,human_vs_claude,coverage_geometric,k=panel_adaptive,y2::10,,3,1.0,1.0,0.0
baseline,rephrased,whole,human_vs_claude,coverage_geometric,k=panel_adaptive,y2::11,,4,1.0,0.9,0.09999999999999998
baseline,rephrased,whole,human_vs_claude,coverage_geometric,k=panel_adaptive,y2::2,,3,1.0,0.8333333333333333,0.16666666666666674
baseline,rephrased,whole,human_vs_claude,coverage_geometric,k=panel_adaptive,y2::3,,4,1.0,0.6,0.4
baseline,rephrased,whole,human_vs_claude,coverage_geometric,k=panel_adaptive,y2::4,,2,1.0,0.0,1.0
baseline,rephrased,whole,human_vs_claude,coverage_geometric,k=panel_adaptive,y2::5,,4,1.0,0.75,0.25
baseline,rephrased,whole,human_vs_claude,coverage_geometric,k=panel_adaptive,y2::6,,4,1.0,0.65,0.35
baseline,rephrased,whole,human_vs_claude,coverage_geometric,k=panel_adaptive,y2::7,,4,1.0,1.0,0.0
baseline,rephrased,whole,human_vs_claude,coverage_geometric,k=panel_adaptive,y2::8,,3,1.0,0.9666666666666666,0.03333333333333344
baseline,rephrased,whole,human_vs_claude,coverage_geometric,k=panel_adaptive,y2::9,,4,1.0,1.0,0.0
baseline,rephrased,whole,human_vs_claude,vendi_slope,q=0..2,y1::1,,4,-0.6678666881303238,-0.6514034599924041,-0.016463228137919672
baseline,rephrased,whole,human_vs_claude,vendi_slope,q=0..2,y1::10,,4,-0.6637440728390298,-0.6309919471175791,-0.0327521257214507
baseline,rephrased,whole,human_vs_claude,vendi_slope,q=0..2,y1::11,,4,-0.6595576774983957,-0.6439758999924942,-0.015581777505901506
baseline,rephrased,whole,human_vs_claude,vendi_slope,q=0..2,y1::12,,4,-0.6577218656449035,-0.6502881668597176,-0.00743369878518596
baseline,rephrased,whole,human_vs_claude,vendi_slope,q=0..2,y1::2,,3,-0.5195890201478753,-0.4993234224309422,-0.020265597716933148
baseline,rephrased,whole,human_vs_claude,vendi_slope,q=0..2,y1::3,,4,-0.6572792249706445,-0.6523485676178351,-0.004930657352809398
baseline,rephrased,whole,human_vs_claude,vendi_slope,q=0..2,y1::4,,4,-0.6704896029404469,-0.6267993366016978,-0.04369026633874906
baseline,rephrased,whole,human_vs_claude,vendi_slope,q=0..2,y1::5,,4,-0.6564031965080059,-0.6419224586558787,-0.014480737852127223
baseline,rephrased,whole,human_vs_claude,vendi_slope,q=0..2,y1::6,,4,-0.6663370138096391,-0.6414714827478847,-0.024865531061754376
baseline,rephrased,whole,human_vs_claude,vendi_slope,q=0..2,y1::7,,4,-0.6620750228851223,-0.6435040939865223,-0.018570928898600014
baseline,rephrased,whole,human_vs_claude,vendi_slope,q=0..2,y1::8,,5,-0.7623340170696689,-0.7540557649915519,-0.008278252078116943
baseline,rephrased,whole,human_vs_claude,vendi_slope,q=0..2,y1::9,,3,-0.5124706009770809,-0.5025210370759993,-0.009949563901081593
baseline,rephrased,whole,human_vs_claude,vendi_slope,q=0..2,y2::1,,3,-0.5211216978789993,-0.506537991215042,-0.014583706663957363
baseline,rephrased,whole,human_vs_claude,vendi_slope,q=0..2,y2::10,,3,-0.5091290772798275,-0.5043341372979835,-0.004794939981843993
baseline,rephrased,whole,human_vs_claude,vendi_slope,q=0..2,y2::11,,4,-0.6619611730967743,-0.6333625401698474,-0.02859863292692688
baseline,rephrased,whole,human_vs_claude,vendi_slope,q=0..2,y2::2,,3,-0.5156084899942462,-0.496985741270755,-0.018622748723491234
baseline,rephrased,whole,human_vs_claude,vendi_slope,q=0..2,y2::3,,4,-0.662823318916663,-0.6458941543095726,-0.016929164607090375
baseline,rephrased,whole,human_vs_claude,vendi_slope,q=0..2,y2::4,,2,-0.324063380646721,-0.31044865682350953,-0.013614723823211494
baseline,rephrased,whole,human_vs_claude,vendi_slope,q=0..2,y2::5,,4,-0.6642984009538345,-0.6492541448606276,-0.01504425609320692
baseline,rephrased,whole,human_vs_claude,vendi_slope,q=0..2,y2::6,,4,-0.664812464301137,-0.641509557852244,-0.0233029064488931
baseline,rephrased,whole,human_vs_claude,vendi_slope,q=0..2,y2::7,,4,-0.6598718019870099,-0.642327503614541,-0.017544298372468847
baseline,rephrased,whole,human_vs_claude,vendi_slope,q=0..2,y2::8,,3,-0.5170860332623062,-0.4995815321024045,-0.017504501159901653
baseline,rephrased,whole,human_vs_claude,vendi_slope,q=0..2,y2::9,,4,-0.6585380630125129,-0.6407595450647947,-0.01777851794771823
baseline,rephrased,whole,human_vs_claude,ripley_excess,r=panel_q01_q50,y1::1,,4,0.0,0.0010319043657885866,-0.0010319043657885866
baseline,rephrased,whole,human_vs_claude,ripley_excess,r=panel_q01_q50,y1::10,,4,0.0,0.0,0.0
baseline,rephrased,whole,human_vs_claude,ripley_excess,r=panel_q01_q50,y1::11,,4,0.0,0.003404819958337066,-0.003404819958337066
baseline,rephrased,whole,human_vs_claude,ripley_excess,r=panel_q01_q50,y1::12,,4,0.0,0.007647870883220209,-0.007647870883220209
baseline,rephrased,whole,human_vs_claude,ripley_excess,r=panel_q01_q50,y1::2,,3,0.0,0.004933846237847213,-0.004933846237847213
baseline,rephrased,whole,human_vs_claude,ripley_excess,r=panel_q01_q50,y1::3,,4,0.0,0.010302331644642873,-0.010302331644642873
baseline,rephrased,whole,human_vs_claude,ripley_excess,r=panel_q01_q50,y1::4,,4,0.0,0.005220822847235851,-0.005220822847235851
baseline,rephrased,whole,human_vs_claude,ripley_excess,r=panel_q01_q50,y1::5,,4,0.0,0.0029867102071868823,-0.0029867102071868823
baseline,rephrased,whole,human_vs_claude,ripley_excess,r=panel_q01_q50,y1::6,,4,0.0,0.0003929502481605021,-0.0003929502481605021
baseline,rephrased,whole,human_vs_claude,ripley_excess,r=panel_q01_q50,y1::7,,4,0.0,0.004044492483339239,-0.004044492483339239
baseline,rephrased,whole,human_vs_claude,ripley_excess,r=panel_q01_q50,y1::8,,5,0.0,0.006536385786055436,-0.006536385786055436
baseline,rephrased,whole,human_vs_claude,ripley_excess,r=panel_q01_q50,y1::9,,3,0.0,0.00473043504664384,-0.00473043504664384
baseline,rephrased,whole,human_vs_claude,ripley_excess,r=panel_q01_q50,y2::1,,3,0.0,0.0009801111298133,-0.0009801111298133
baseline,rephrased,whole,human_vs_claude,ripley_excess,r=panel_q01_q50,y2::10,,3,0.0,0.0034729439372513118,-0.0034729439372513118
baseline,rephrased,whole,human_vs_claude,ripley_excess,r=panel_q01_q50,y2::11,,4,0.0,0.0,0.0
baseline,rephrased,whole,human_vs_claude,ripley_excess,r=panel_q01_q50,y2::2,,3,0.0,0.004200190327926614,-0.004200190327926614
baseline,rephrased,whole,human_vs_claude,ripley_excess,r=panel_q01_q50,y2::3,,4,0.0,0.004551795092968305,-0.004551795092968305
baseline,rephrased,whole,human_vs_claude,ripley_excess,r=panel_q01_q50,y2::4,,2,0.0,0.003903992200576753,-0.003903992200576753
baseline,rephrased,whole,human_vs_claude,ripley_excess,r=panel_q01_q50,y2::5,,4,0.0,0.0005501128979312018,-0.0005501128979312018
baseline,rephrased,whole,human_vs_claude,ripley_excess,r=panel_q01_q50,y2::6,,4,0.0,0.0,0.0
baseline,rephrased,whole,human_vs_claude,ripley_excess,r=panel_q01_q50,y2::7,,4,0.0,0.003320721467922319,-0.003320721467922319
baseline,rephrased,whole,human_vs_claude,ripley_excess,r=panel_q01_q50,y2::8,,3,0.0,0.00010968677009146146,-0.00010968677009146146
baseline,rephrased,whole,human_vs_claude,ripley_excess,r=panel_q01_q50,y2::9,,4,0.0,0.005561400618609512,-0.005561400618609512
baseline,rephrased,whole,human_vs_gemini,vendi,q=1,y1::1,,4,1.1555645892362856,1.28398602914644,-0.12842143991015442
baseline,rephrased,whole,human_vs_gemini,vendi,q=1,y1::10,,4,1.1768583384978224,1.2560833606721897,-0.07922502217436733
baseline,rephrased,whole,human_vs_gemini,vendi,q=1,y1::11,,4,1.1996512268139141,1.2903740113344837,-0.09072278452056959
baseline,rephrased,whole,human_vs_gemini,vendi,q=1,y1::12,,4,1.2075245064343578,1.2092224963287612,-0.0016979898944033955
baseline,rephrased,whole,human_vs_gemini,vendi,q=1,y1::2,,3,1.1653140265200586,1.2378373003874965,-0.07252327386743795
baseline,rephrased,whole,human_vs_gemini,vendi,q=1,y1::3,,4,1.2103578354016968,1.2000232066752095,0.010334628726487383
baseline,rephrased,whole,human_vs_gemini,vendi,q=1,y1::4,,4,1.1398497848655054,1.2600946021574195,-0.12024481729191416
baseline,rephrased,whole,human_vs_gemini,vendi,q=1,y1::5,,4,1.2144128706467583,1.2665576178894802,-0.05214474724272189
baseline,rephrased,whole,human_vs_gemini,vendi,q=1,y1::6,,4,1.163541437340109,1.2896790258176136,-0.12613758847750467
baseline,rephrased,whole,human_vs_gemini,vendi,q=1,y1::7,,4,1.1852096401723362,1.2753198208972072,-0.09011018072487098
baseline,rephrased,whole,human_vs_gemini,vendi,q=1,y1::8,,5,1.256735650113759,1.2605689293371252,-0.0038332792233661817
baseline,rephrased,whole,human_vs_gemini,vendi,q=1,y1::9,,3,1.197868511938864,1.2019851458833304,-0.004116633944466486
baseline,rephrased,whole,human_vs_gemini,vendi,q=1,y2::1,,3,1.1584255519080622,1.221483584651778,-0.0630580327437158
baseline,rephrased,whole,human_vs_gemini,vendi,q=1,y2::10,,3,1.213534367413194,1.2157447146919895,-0.0022103472787955436
baseline,rephrased,whole,human_vs_gemini,vendi,q=1,y2::11,,4,1.1852696414292405,1.288105115414874,-0.10283547398563342
baseline,rephrased,whole,human_vs_gemini,vendi,q=1,y2::2,,3,1.1845392406663662,1.2494010823126045,-0.06486184164623832
baseline,rephrased,whole,human_vs_gemini,vendi,q=1,y2::3,,4,1.1824650038765467,1.2129229312990162,-0.030457927422469444
baseline,rephrased,whole,human_vs_gemini,vendi,q=1,y2::4,,2,1.1136952587731195,1.1504438036536992,-0.03674854488057977
baseline,rephrased,whole,human_vs_gemini,vendi,q=1,y2::5,,4,1.1746204228862689,1.2743137585018984,-0.09969333561562954
baseline,rephrased,whole,human_vs_gemini,vendi,q=1,y2::6,,4,1.1704228440718982,1.2799179278070478,-0.1094950837351496
baseline,rephrased,whole,human_vs_gemini,vendi,q=1,y2::7,,4,1.1951259428016479,1.2423613637385764,-0.04723542093692856
baseline,rephrased,whole,human_vs_gemini,vendi,q=1,y2::8,,3,1.1756528351144286,1.2503022200880183,-0.07464938497358964
baseline,rephrased,whole,human_vs_gemini,vendi,q=1,y2::9,,4,1.2030478369979642,1.2663553426937082,-0.06330750569574395
baseline,rephrased,whole,human_vs_gemini,participation_ratio,,y1::1,,4,2.9699940492965724,2.645822099570067,0.3241719497265052
baseline,rephrased,whole,human_vs_gemini,participation_ratio,,y1::10,,4,2.8357933275312353,2.6088090344694757,0.2269842930617596
baseline,rephrased,whole,human_vs_gemini,participation_ratio,,y1::11,,4,2.9567889661512305,2.6246936522092676,0.3320953139419629
baseline,rephrased,whole,human_vs_gemini,participation_ratio,,y1::12,,4,2.720645889980325,2.8319051855779884,-0.11125929559766323
baseline,rephrased,whole,human_vs_gemini,participation_ratio,,y1::2,,3,1.9340487676408102,1.8275243623229254,0.10652440531788487
baseline,rephrased,whole,human_vs_gemini,participation_ratio,,y1::3,,4,2.788157969612927,2.8201798956262127,-0.032021926013285906
baseline,rephrased,whole,human_vs_gemini,participation_ratio,,y1::4,,4,2.6486803424103207,2.5876563158072785,0.06102402660304218
baseline,rephrased,whole,human_vs_gemini,participation_ratio,,y1::5,,4,2.7498383626836915,2.7546403042780248,-0.0048019415943332255
baseline,rephrased,whole,human_vs_gemini,participation_ratio,,y1::6,,4,2.9171708721251126,2.6971065870993955,0.22006428502571707
baseline,rephrased,whole,human_vs_gemini,participation_ratio,,y1::7,,4,2.7817115453567554,2.8028210379203515,-0.021109492563596177
baseline,rephrased,whole,human_vs_gemini,participation_ratio,,y1::8,,5,3.540508173931088,3.459565412916892,0.0809427610141964
baseline,rephrased,whole,human_vs_gemini,participation_ratio,,y1::9,,3,1.843461652268884,1.8575965510465011,-0.014134898777617089
baseline,rephrased,whole,human_vs_gemini,participation_ratio,,y2::1,,3,1.994813158212428,1.9347404649738895,0.06007269323853848
baseline,rephrased,whole,human_vs_gemini,participation_ratio,,y2::10,,3,1.8658613088833176,1.9738805095900613,-0.10801920070674376
baseline,rephrased,whole,human_vs_gemini,participation_ratio,,y2::11,,4,2.6811209741992,2.7097366196677357,-0.02861564546853579
baseline,rephrased,whole,human_vs_gemini,participation_ratio,,y2::2,,3,1.966140056489255,1.833170648891223,0.1329694075980321
baseline,rephrased,whole,human_vs_gemini,participation_ratio,,y2::3,,4,2.957357889658197,2.823098698102398,0.1342591915557989
baseline,rephrased,whole,human_vs_gemini,participation_ratio,,y2::4,,2,1.0,1.0,0.0
baseline,rephrased,whole,human_vs_gemini,participation_ratio,,y2::5,,4,2.9561801231305997,2.440242737458181,0.5159373856724185
baseline,rephrased,whole,human_vs_gemini,participation_ratio,,y2::6,,4,2.7211358495817097,2.695215127170508,0.02592072241120169
baseline,rephrased,whole,human_vs_gemini,participation_ratio,,y2::7,,4,2.5447333176402243,2.3346950145694634,0.21003830307076088
baseline,rephrased,whole,human_vs_gemini,participation_ratio,,y2::8,,3,1.7826106985860486,1.954758796291724,-0.17214809770567552
baseline,rephrased,whole,human_vs_gemini,participation_ratio,,y2::9,,4,2.7027655496998,2.814679900369928,-0.11191435067012767
baseline,rephrased,whole,human_vs_gemini,effective_rank,,y1::1,,4,2.984885077528934,2.7992123852392625,0.18567269228967165
baseline,rephrased,whole,human_vs_gemini,effective_rank,,y1::10,,4,2.9133031576652733,2.7894385064214715,0.12386465124380175
baseline,rephrased,whole,human_vs_gemini,effective_rank,,y1::11,,4,2.977612407810832,2.787083624257092,0.1905287835537397
baseline,rephrased,whole,human_vs_gemini,effective_rank,,y1::12,,4,2.8528974854974987,2.9056833090719403,-0.052785823574441615
baseline,rephrased,whole,human_vs_gemini,effective_rank,,y1::2,,3,1.9659958071296253,1.9019231771862775,0.06407262994334784
baseline,rephrased,whole,human_vs_gemini,effective_rank,,y1::3,,4,2.891785254465553,2.9074517678220575,-0.015666513356504375
baseline,rephrased,whole,human_vs_gemini,effective_rank,,y1::4,,4,2.813580121085747,2.772881298407376,0.040698822678371105
baseline,rephrased,whole,human_vs_gemini,effective_rank,,y1::5,,4,2.86021946122833,2.8727413198650256,-0.012521858636695526
baseline,rephrased,whole,human_vs_gemini,effective_rank,,y1::6,,4,2.958516401428104,2.839041937160631,0.11947446426747321
baseline,rephrased,whole,human_vs_gemini,effective_rank,,y1::7,,4,2.8766026860390257,2.892216091971664,-0.015613405932638269
baseline,rephrased,whole,human_vs_gemini,effective_rank,,y1::8,,5,3.737021394578725,3.7065035698903226,0.030517824688402584
baseline,rephrased,whole,human_vs_gemini,effective_rank,,y1::9,,3,1.915669532609165,1.9213657494713416,-0.005696216862176584
baseline,rephrased,whole,human_vs_gemini,effective_rank,,y2::1,,3,1.9974003987505193,1.9661433099665786,0.031257088783940734
baseline,rephrased,whole,human_vs_gemini,effective_rank,,y2::10,,3,1.9285300635747593,1.9866460122200287,-0.058115948645269366
baseline,rephrased,whole,human_vs_gemini,effective_rank,,y2::11,,4,2.8322835317399986,2.8378369561298467,-0.005553424389848072
baseline,rephrased,whole,human_vs_gemini,effective_rank,,y2::2,,3,1.982803054619822,1.9024533641713959,0.08034969044842621
baseline,rephrased,whole,human_vs_gemini,effective_rank,,y2::3,,4,2.97836589841131,2.9085487086012916,0.06981718981001839
baseline,rephrased,whole,human_vs_gemini,effective_rank,,y2::4,,2,1.0,1.0,0.0
baseline,rephrased,whole,human_vs_gemini,effective_rank,,y2::5,,4,2.9771574085608865,2.671668811578445,0.3054885969824417
baseline,rephrased,whole,human_vs_gemini,effective_rank,,y2::6,,4,2.8427499166948618,2.83404145614215,0.008708460552711905
baseline,rephrased,whole,human_vs_gemini,effective_rank,,y2::7,,4,2.7565785605875477,2.6024462247678897,0.15413233581965802
baseline,rephrased,whole,human_vs_gemini,effective_rank,,y2::8,,3,1.8792413435960444,1.9764964494069326,-0.09725510581088814
baseline,rephrased,whole,human_vs_gemini,effective_rank,,y2::9,,4,2.8337900393864954,2.9029566141991356,-0.06916657481264021
baseline,rephrased,whole,human_vs_gemini,coverage_geometric,k=panel_adaptive,y1::1,,4,1.0,0.65,0.35
baseline,rephrased,whole,human_vs_gemini,coverage_geometric,k=panel_adaptive,y1::10,,4,1.0,0.9,0.09999999999999998
baseline,rephrased,whole,human_vs_gemini,coverage_geometric,k=panel_adaptive,y1::11,,4,1.0,0.85,0.15000000000000002
baseline,rephrased,whole,human_vs_gemini,coverage_geometric,k=panel_adaptive,y1::12,,4,1.0,1.0,0.0
baseline,rephrased,whole,human_vs_gemini,coverage_geometric,k=panel_adaptive,y1::2,,3,1.0,0.39999999999999997,0.6000000000000001
baseline,rephrased,whole,human_vs_gemini,coverage_geometric,k=panel_adaptive,y1::3,,4,1.0,1.0,0.0
baseline,rephrased,whole,human_vs_gemini,coverage_geometric,k=panel_adaptive,y1::4,,4,1.0,0.65,0.35
baseline,rephrased,whole,human_vs_gemini,coverage_geometric,k=panel_adaptive,y1::5,,4,1.0,0.95,0.050000000000000044
baseline,rephrased,whole,human_vs_gemini,coverage_geometric,k=panel_adaptive,y1::6,,4,1.0,0.65,0.35
baseline,rephrased,whole,human_vs_gemini,coverage_geometric,k=panel_adaptive,y1::7,,4,1.0,0.95,0.050000000000000044
baseline,rephrased,whole,human_vs_gemini,coverage_geometric,k=panel_adaptive,y1::8,,5,1.0,1.0,0.0
baseline,rephrased,whole,human_vs_gemini,coverage_geometric,k=panel_adaptive,y1::9,,3,1.0,0.9666666666666666,0.03333333333333344
baseline,rephrased,whole,human_vs_gemini,coverage_geometric,k=panel_adaptive,y2::1,,3,1.0,0.4,0.6
baseline,rephrased,whole,human_vs_gemini,coverage_geometric,k=panel_adaptive,y2::10,,3,1.0,1.0,0.0
baseline,rephrased,whole,human_vs_gemini,coverage_geometric,k=panel_adaptive,y2::11,,4,1.0,0.65,0.35
baseline,rephrased,whole,human_vs_gemini,coverage_geometric,k=panel_adaptive,y2::2,,3,1.0,0.6333333333333334,0.3666666666666666
baseline,rephrased,whole,human_vs_gemini,coverage_geometric,k=panel_adaptive,y2::3,,4,1.0,0.9,0.09999999999999998
baseline,rephrased,whole,human_vs_gemini,coverage_geometric,k=panel_adaptive,y2::4,,2,1.0,0.55,0.44999999999999996
baseline,rephrased,whole,human_vs_gemini,coverage_geometric,k=panel_adaptive,y2::5,,4,1.0,0.65,0.35
baseline,rephrased,whole,human_vs_gemini,coverage_geometric,k=panel_adaptive,y2::6,,4,1.0,0.9,0.09999999999999998
baseline,rephrased,whole,human_vs_gemini,coverage_geometric,k=panel_adaptive,y2::7,,4,1.0,0.95,0.050000000000000044
baseline,rephrased,whole,human_vs_gemini,coverage_geometric,k=panel_adaptive,y2::8,,3,1.0,0.8333333333333333,0.16666666666666674
baseline,rephrased,whole,human_vs_gemini,coverage_geometric,k=panel_adaptive,y2::9,,4,1.0,0.95,0.050000000000000044
baseline,rephrased,whole,human_vs_gemini,vendi_slope,q=0..2,y1::1,,4,-0.6678666881303238,-0.6423519839315242,-0.025514704198799643
baseline,rephrased,whole,human_vs_gemini,vendi_slope,q=0..2,y1::10,,4,-0.6637440728390298,-0.6479339272727258,-0.015810145566304
baseline,rephrased,whole,human_vs_gemini,vendi_slope,q=0..2,y1::11,,4,-0.6595576774983957,-0.6410298327646053,-0.018527844733790322
baseline,rephrased,whole,human_vs_gemini,vendi_slope,q=0..2,y1::12,,4,-0.6577218656449035,-0.6575333310087739,-0.00018853463612966692
baseline,rephrased,whole,human_vs_gemini,vendi_slope,q=0..2,y1::2,,3,-0.5195890201478753,-0.5034335081146175,-0.016155512033257824
baseline,rephrased,whole,human_vs_gemini,vendi_slope,q=0..2,y1::3,,4,-0.6572792249706445,-0.6592988394075949,0.002019614436950423
baseline,rephrased,whole,human_vs_gemini,vendi_slope,q=0..2,y1::4,,4,-0.6704896029404469,-0.6470146037030278,-0.023474999237419136
baseline,rephrased,whole,human_vs_gemini,vendi_slope,q=0..2,y1::5,,4,-0.6564031965080059,-0.6461514477259469,-0.010251748782059034
baseline,rephrased,whole,human_vs_gemini,vendi_slope,q=0..2,y1::6,,4,-0.6663370138096391,-0.6413589336352379,-0.024978080174401174
baseline,rephrased,whole,human_vs_gemini,vendi_slope,q=0..2,y1::7,,4,-0.6620750228851223,-0.644495740977137,-0.0175792819079853
baseline,rephrased,whole,human_vs_gemini,vendi_slope,q=0..2,y1::8,,5,-0.7623340170696689,-0.761556337793321,-0.0007776792763478646
baseline,rephrased,whole,human_vs_gemini,vendi_slope,q=0..2,y1::9,,3,-0.5124706009770809,-0.5115554087489526,-0.0009151922281283031
baseline,rephrased,whole,human_vs_gemini,vendi_slope,q=0..2,y2::1,,3,-0.5211216978789993,-0.5075503207033331,-0.013571377175666255
baseline,rephrased,whole,human_vs_gemini,vendi_slope,q=0..2,y2::10,,3,-0.5091290772798275,-0.5089224655459984,-0.00020661173382907627
baseline,rephrased,whole,human_vs_gemini,vendi_slope,q=0..2,y2::11,,4,-0.6619611730967743,-0.6417142897690121,-0.020246883327762144
baseline,rephrased,whole,human_vs_gemini,vendi_slope,q=0..2,y2::2,,3,-0.5156084899942462,-0.5009139005228409,-0.01469458947140534
baseline,rephrased,whole,human_vs_gemini,vendi_slope,q=0..2,y2::3,,4,-0.662823318916663,-0.6568251374690771,-0.005998181447585904
baseline,rephrased,whole,human_vs_gemini,vendi_slope,q=0..2,y2::4,,2,-0.324063380646721,-0.31467192666165317,-0.009391453985067855
baseline,rephrased,whole,human_vs_gemini,vendi_slope,q=0..2,y2::5,,4,-0.6642984009538345,-0.6437052833907965,-0.020593117563038055
baseline,rephrased,whole,human_vs_gemini,vendi_slope,q=0..2,y2::6,,4,-0.664812464301137,-0.643328688101175,-0.021483776199962
baseline,rephrased,whole,human_vs_gemini,vendi_slope,q=0..2,y2::7,,4,-0.6598718019870099,-0.6499138802326454,-0.009957921754364496
baseline,rephrased,whole,human_vs_gemini,vendi_slope,q=0..2,y2::8,,3,-0.5170860332623062,-0.501285046576949,-0.015800986685357232
baseline,rephrased,whole,human_vs_gemini,vendi_slope,q=0..2,y2::9,,4,-0.6585380630125129,-0.6463152486411039,-0.012222814371409041
baseline,rephrased,whole,human_vs_gemini,ripley_excess,r=panel_q01_q50,y1::1,,4,0.0,0.0012367808066579104,-0.0012367808066579104
baseline,rephrased,whole,human_vs_gemini,ripley_excess,r=panel_q01_q50,y1::10,,4,0.0,0.0022303895580568214,-0.0022303895580568214
baseline,rephrased,whole,human_vs_gemini,ripley_excess,r=panel_q01_q50,y1::11,,4,0.0,0.004718721483653128,-0.004718721483653128
baseline,rephrased,whole,human_vs_gemini,ripley_excess,r=panel_q01_q50,y1::12,,4,0.0,0.01055473058808566,-0.01055473058808566
baseline,rephrased,whole,human_vs_gemini,ripley_excess,r=panel_q01_q50,y1::2,,3,0.0,0.005863145849100785,-0.005863145849100785
baseline,rephrased,whole,human_vs_gemini,ripley_excess,r=panel_q01_q50,y1::3,,4,0.0,0.00979473047224894,-0.00979473047224894
baseline,rephrased,whole,human_vs_gemini,ripley_excess,r=panel_q01_q50,y1::4,,4,0.0,0.001787391043407732,-0.001787391043407732
baseline,rephrased,whole,human_vs_gemini,ripley_excess,r=panel_q01_q50,y1::5,,4,0.0,0.0035722162964536516,-0.0035722162964536516
baseline,rephrased,whole,human_vs_gemini,ripley_excess,r=panel_q01_q50,y1::6,,4,0.0,0.000741955038137666,-0.000741955038137666
baseline,rephrased,whole,human_vs_gemini,ripley_excess,r=panel_q01_q50,y1::7,,4,0.0,0.0019301641243190996,-0.0019301641243190996
baseline,rephrased,whole,human_vs_gemini,ripley_excess,r=panel_q01_q50,y1::8,,5,0.0,0.010139538677914912,-0.010139538677914912
baseline,rephrased,whole,human_vs_gemini,ripley_excess,r=panel_q01_q50,y1::9,,3,0.0,0.010201969674359306,-0.010201969674359306
baseline,rephrased,whole,human_vs_gemini,ripley_excess,r=panel_q01_q50,y2::1,,3,0.0,0.0011056544916839123,-0.0011056544916839123
baseline,rephrased,whole,human_vs_gemini,ripley_excess,r=panel_q01_q50,y2::10,,3,0.0,0.0025971165713970833,-0.0025971165713970833
baseline,rephrased,whole,human_vs_gemini,ripley_excess,r=panel_q01_q50,y2::11,,4,0.0,0.00653573062899748,-0.00653573062899748
baseline,rephrased,whole,human_vs_gemini,ripley_excess,r=panel_q01_q50,y2::2,,3,0.0,0.002406883261947668,-0.002406883261947668
baseline,rephrased,whole,human_vs_gemini,ripley_excess,r=panel_q01_q50,y2::3,,4,0.0,0.005767054046054374,-0.005767054046054374
baseline,rephrased,whole,human_vs_gemini,ripley_excess,r=panel_q01_q50,y2::4,,2,0.0,0.003364832102246633,-0.003364832102246633
baseline,rephrased,whole,human_vs_gemini,ripley_excess,r=panel_q01_q50,y2::5,,4,0.0,0.006471778103262732,-0.006471778103262732
baseline,rephrased,whole,human_vs_gemini,ripley_excess,r=panel_q01_q50,y2::6,,4,0.0,0.003086586256932685,-0.003086586256932685
baseline,rephrased,whole,human_vs_gemini,ripley_excess,r=panel_q01_q50,y2::7,,4,0.0,0.013670321089235018,-0.013670321089235018
baseline,rephrased,whole,human_vs_gemini,ripley_excess,r=panel_q01_q50,y2::8,,3,0.0,0.0010871804750759776,-0.0010871804750759776
baseline,rephrased,whole,human_vs_gemini,ripley_excess,r=panel_q01_q50,y2::9,,4,0.0,0.006451352321278842,-0.006451352321278842
baseline,rephrased,whole,human_vs_gpt,vendi,q=1,y1::1,,4,1.1555645892362856,1.2477676675153546,-0.09220307827906904
baseline,rephrased,whole,human_vs_gpt,vendi,q=1,y1::10,,4,1.1768583384978224,1.251675490846541,-0.07481715234871866
baseline,rephrased,whole,human_vs_gpt,vendi,q=1,y1::11,,4,1.1996512268139141,1.2410853953424585,-0.041434168528544424
baseline,rephrased,whole,human_vs_gpt,vendi,q=1,y1::12,,4,1.2075245064343578,1.1934010987041095,0.014123407730248339
baseline,rephrased,whole,human_vs_gpt,vendi,q=1,y1::2,,3,1.1653140265200586,1.217125281033026,-0.05181125451296742
baseline,rephrased,whole,human_vs_gpt,vendi,q=1,y1::3,,4,1.2103578354016968,1.1757653445341096,0.0345924908675872
baseline,rephrased,whole,human_vs_gpt,vendi,q=1,y1::4,,4,1.1398497848655054,1.220558829881473,-0.08070904501596754
baseline,rephrased,whole,human_vs_gpt,vendi,q=1,y1::5,,4,1.2144128706467583,1.2087409427241953,0.0056719279225629915
baseline,rephrased,whole,human_vs_gpt,vendi,q=1,y1::6,,4,1.163541437340109,1.2756516133574012,-0.11211017601729223
baseline,rephrased,whole,human_vs_gpt,vendi,q=1,y1::7,,4,1.1852096401723362,1.2330079538094458,-0.047798313637109624
baseline,rephrased,whole,human_vs_gpt,vendi,q=1,y1::8,,5,1.256735650113759,1.2202973789073133,0.036438271206445716
baseline,rephrased,whole,human_vs_gpt,vendi,q=1,y1::9,,3,1.197868511938864,1.2041427187345217,-0.006274206795657822
baseline,rephrased,whole,human_vs_gpt,vendi,q=1,y2::1,,3,1.1584255519080622,1.178136693931327,-0.01971114202326474
baseline,rephrased,whole,human_vs_gpt,vendi,q=1,y2::10,,3,1.213534367413194,1.1821870658061522,0.0313473016070418
baseline,rephrased,whole,human_vs_gpt,vendi,q=1,y2::11,,4,1.1852696414292405,1.2342836279708937,-0.04901398654165323
baseline,rephrased,whole,human_vs_gpt,vendi,q=1,y2::2,,3,1.1845392406663662,1.2051041671935239,-0.02056492652715769
baseline,rephrased,whole,human_vs_gpt,vendi,q=1,y2::3,,4,1.1824650038765467,1.2298212586136839,-0.047356254737137116
baseline,rephrased,whole,human_vs_gpt,vendi,q=1,y2::4,,2,1.1136952587731195,1.1285286748168648,-0.014833416043745329
baseline,rephrased,whole,human_vs_gpt,vendi,q=1,y2::5,,4,1.1746204228862689,1.2639771928378336,-0.08935676995156472
baseline,rephrased,whole,human_vs_gpt,vendi,q=1,y2::6,,4,1.1704228440718982,1.2217650749353797,-0.05134223086348144
baseline,rephrased,whole,human_vs_gpt,vendi,q=1,y2::7,,4,1.1951259428016479,1.2896882638318465,-0.09456232103019868
baseline,rephrased,whole,human_vs_gpt,vendi,q=1,y2::8,,3,1.1756528351144286,1.2302679043784912,-0.054615069264062566
baseline,rephrased,whole,human_vs_gpt,vendi,q=1,y2::9,,4,1.2030478369979642,1.272510767679747,-0.06946293068178266
baseline,rephrased,whole,human_vs_gpt,participation_ratio,,y1::1,,4,2.9699940492965724,2.5958841647936617,0.3741098845029107
baseline,rephrased,whole,human_vs_gpt,participation_ratio,,y1::10,,4,2.8357933275312353,2.4289948310629788,0.4067984964682565
baseline,rephrased,whole,human_vs_gpt,participation_ratio,,y1::11,,4,2.9567889661512305,2.4816555565540903,0.47513340959714023
baseline,rephrased,whole,human_vs_gpt,participation_ratio,,y1::12,,4,2.720645889980325,2.7035565372091437,0.01708935277118151
baseline,rephrased,whole,human_vs_gpt,participation_ratio,,y1::2,,3,1.9340487676408102,1.8129214755918028,0.1211272920490074
baseline,rephrased,whole,human_vs_gpt,participation_ratio,,y1::3,,4,2.788157969612927,2.6799961522171225,0.10816181739580433
baseline,rephrased,whole,human_vs_gpt,participation_ratio,,y1::4,,4,2.6486803424103207,2.2453503144785087,0.40333002793181194
baseline,rephrased,whole,human_vs_gpt,participation_ratio,,y1::5,,4,2.7498383626836915,2.714221157064545,0.035617205619146386
baseline,rephrased,whole,human_vs_gpt,participation_ratio,,y1::6,,4,2.9171708721251126,2.6325259478480487,0.2846449242770639
baseline,rephrased,whole,human_vs_gpt,participation_ratio,,y1::7,,4,2.7817115453567554,2.5841249655375256,0.19758657981922978
baseline,rephrased,whole,human_vs_gpt,participation_ratio,,y1::8,,5,3.540508173931088,3.217907483787118,0.32260069014396997
baseline,rephrased,whole,human_vs_gpt,participation_ratio,,y1::9,,3,1.843461652268884,1.8592997618482183,-0.015838109579334292
baseline,rephrased,whole,human_vs_gpt,participation_ratio,,y2::1,,3,1.994813158212428,1.8310302701784213,0.16378288803400665
baseline,rephrased,whole,human_vs_gpt,participation_ratio,,y2::10,,3,1.8658613088833176,1.8545338388981676,0.011327469985149996
baseline,rephrased,whole,human_vs_gpt,participation_ratio,,y2::11,,4,2.6811209741992,2.7619789702483546,-0.08085799604915467
baseline,rephrased,whole,human_vs_gpt,participation_ratio,,y2::2,,3,1.966140056489255,1.8262958331522139,0.13984422333704116
baseline,rephrased,whole,human_vs_gpt,participation_ratio,,y2::3,,4,2.957357889658197,2.7591534813089664,0.19820440834923048
baseline,rephrased,whole,human_vs_gpt,participation_ratio,,y2::4,,2,1.0,1.0,0.0
baseline,rephrased,whole,human_vs_gpt,participation_ratio,,y2::5,,4,2.9561801231305997,2.6534906484664065,0.30268947466419327
baseline,rephrased,whole,human_vs_gpt,participation_ratio,,y2::6,,4,2.7211358495817097,2.6075152331407345,0.11362061644097521
baseline,rephrased,whole,human_vs_gpt,participation_ratio,,y2::7,,4,2.5447333176402243,2.6855989038614725,-0.14086558622124823
baseline,rephrased,whole,human_vs_gpt,participation_ratio,,y2::8,,3,1.7826106985860486,1.9172635816132053,-0.13465288302715672
baseline,rephrased,whole,human_vs_gpt,participation_ratio,,y2::9,,4,2.7027655496998,2.715670219037773,-0.012904669337972852
baseline,rephrased,whole,human_vs_gpt,effective_rank,,y1::1,,4,2.984885077528934,2.7762866884287183,0.2085983891002159
baseline,rephrased,whole,human_vs_gpt,effective_rank,,y1::10,,4,2.9133031576652733,2.673361770085452,0.23994138757982109
baseline,rephrased,whole,human_vs_gpt,effective_rank,,y1::11,,4,2.977612407810832,2.711490834778828,0.2661215730320041
baseline,rephrased,whole,human_vs_gpt,effective_rank,,y1::12,,4,2.8528974854974987,2.831967680030857,0.020929805466641582
baseline,rephrased,whole,human_vs_gpt,effective_rank,,y1::2,,3,1.9659958071296253,1.8948047440938236,0.0711910630358017
baseline,rephrased,whole,human_vs_gpt,effective_rank,,y1::3,,4,2.891785254465553,2.8157420171592813,0.07604323730627183
baseline,rephrased,whole,human_vs_gpt,effective_rank,,y1::4,,4,2.813580121085747,2.536680533201198,0.27689958788454927
baseline,rephrased,whole,human_vs_gpt,effective_rank,,y1::5,,4,2.86021946122833,2.8431960045637084,0.017023456664621683
baseline,rephrased,whole,human_vs_gpt,effective_rank,,y1::6,,4,2.958516401428104,2.795890615079827,0.16262578634827696
baseline,rephrased,whole,human_vs_gpt,effective_rank,,y1::7,,4,2.8766026860390257,2.763772549500794,0.1128301365382316
baseline,rephrased,whole,human_vs_gpt,effective_rank,,y1::8,,5,3.737021394578725,3.572370071973274,0.16465132260545134
baseline,rephrased,whole,human_vs_gpt,effective_rank,,y1::9,,3,1.915669532609165,1.9210862138034812,-0.005416681194316153
baseline,rephrased,whole,human_vs_gpt,effective_rank,,y2::1,,3,1.9974003987505193,1.9040429334530002,0.0933574652975191
baseline,rephrased,whole,human_vs_gpt,effective_rank,,y2::10,,3,1.9285300635747593,1.9175580838350001,0.010971979739759163
baseline,rephrased,whole,human_vs_gpt,effective_rank,,y2::11,,4,2.8322835317399986,2.8744116670200204,-0.042128135280021795
baseline,rephrased,whole,human_vs_gpt,effective_rank,,y2::2,,3,1.982803054619822,1.9020015502609044,0.08080150435891764
baseline,rephrased,whole,human_vs_gpt,effective_rank,,y2::3,,4,2.97836589841131,2.874367891159251,0.10399800725205877
baseline,rephrased,whole,human_vs_gpt,effective_rank,,y2::4,,2,1.0,1.0,0.0
baseline,rephrased,whole,human_vs_gpt,effective_rank,,y2::5,,4,2.9771574085608865,2.800398021312155,0.17675938724873141
baseline,rephrased,whole,human_vs_gpt,effective_rank,,y2::6,,4,2.8427499166948618,2.78083308995326,0.06191682674160193
baseline,rephrased,whole,human_vs_gpt,effective_rank,,y2::7,,4,2.7565785605875477,2.822755848713612,-0.06617728812606449
baseline,rephrased,whole,human_vs_gpt,effective_rank,,y2::8,,3,1.8792413435960444,1.955661067726379,-0.0764197241303346
baseline,rephrased,whole,human_vs_gpt,effective_rank,,y2::9,,4,2.8337900393864954,2.844580870644744,-0.010790831258248534
baseline,rephrased,whole,human_vs_gpt,coverage_geometric,k=panel_adaptive,y1::1,,4,1.0,0.65,0.35
baseline,rephrased,whole,human_vs_gpt,coverage_geometric,k=panel_adaptive,y1::10,,4,1.0,0.9,0.09999999999999998
baseline,rephrased,whole,human_vs_gpt,coverage_geometric,k=panel_adaptive,y1::11,,4,1.0,1.0,0.0
baseline,rephrased,whole,human_vs_gpt,coverage_geometric,k=panel_adaptive,y1::12,,4,1.0,1.0,0.0
baseline,rephrased,whole,human_vs_gpt,coverage_geometric,k=panel_adaptive,y1::2,,3,1.0,0.9,0.09999999999999998
baseline,rephrased,whole,human_vs_gpt,coverage_geometric,k=panel_adaptive,y1::3,,4,1.0,1.0,0.0
baseline,rephrased,whole,human_vs_gpt,coverage_geometric,k=panel_adaptive,y1::4,,4,1.0,0.95,0.050000000000000044
baseline,rephrased,whole,human_vs_gpt,coverage_geometric,k=panel_adaptive,y1::5,,4,1.0,1.0,0.0
baseline,rephrased,whole,human_vs_gpt,coverage_geometric,k=panel_adaptive,y1::6,,4,1.0,0.4,0.6
baseline,rephrased,whole,human_vs_gpt,coverage_geometric,k=panel_adaptive,y1::7,,4,1.0,1.0,0.0
baseline,rephrased,whole,human_vs_gpt,coverage_geometric,k=panel_adaptive,y1::8,,5,1.0,1.0,0.0
baseline,rephrased,whole,human_vs_gpt,coverage_geometric,k=panel_adaptive,y1::9,,3,1.0,0.9666666666666666,0.03333333333333344
baseline,rephrased,whole,human_vs_gpt,coverage_geometric,k=panel_adaptive,y2::1,,3,1.0,0.5,0.5
baseline,rephrased,whole,human_vs_gpt,coverage_geometric,k=panel_adaptive,y2::10,,3,1.0,1.0,0.0
baseline,rephrased,whole,human_vs_gpt,coverage_geometric,k=panel_adaptive,y2::11,,4,1.0,1.0,0.0
baseline,rephrased,whole,human_vs_gpt,coverage_geometric,k=panel_adaptive,y2::2,,3,1.0,0.9666666666666666,0.03333333333333344
baseline,rephrased,whole,human_vs_gpt,coverage_geometric,k=panel_adaptive,y2::3,,4,1.0,0.65,0.35
baseline,rephrased,whole,human_vs_gpt,coverage_geometric,k=panel_adaptive,y2::4,,2,1.0,0.55,0.44999999999999996
baseline,rephrased,whole,human_vs_gpt,coverage_geometric,k=panel_adaptive,y2::5,,4,1.0,0.6,0.4
baseline,rephrased,whole,human_vs_gpt,coverage_geometric,k=panel_adaptive,y2::6,,4,1.0,1.0,0.0
baseline,rephrased,whole,human_vs_gpt,coverage_geometric,k=panel_adaptive,y2::7,,4,1.0,0.95,0.050000000000000044
baseline,rephrased,whole,human_vs_gpt,coverage_geometric,k=panel_adaptive,y2::8,,3,1.0,0.9666666666666666,0.03333333333333344
baseline,rephrased,whole,human_vs_gpt,coverage_geometric,k=panel_adaptive,y2::9,,4,1.0,0.95,0.050000000000000044
baseline,rephrased,whole,human_vs_gpt,vendi_slope,q=0..2,y1::1,,4,-0.6678666881303238,-0.6495149968930003,-0.018351691237323497
baseline,rephrased,whole,human_vs_gpt,vendi_slope,q=0..2,y1::10,,4,-0.6637440728390298,-0.6483872421721417,-0.015356830666888088
baseline,rephrased,whole,human_vs_gpt,vendi_slope,q=0..2,y1::11,,4,-0.6595576774983957,-0.6506418353366094,-0.008915842161786314
baseline,rephrased,whole,human_vs_gpt,vendi_slope,q=0..2,y1::12,,4,-0.6577218656449035,-0.6603905098849323,0.0026686442400287724
baseline,rephrased,whole,human_vs_gpt,vendi_slope,q=0..2,y1::2,,3,-0.5195890201478753,-0.5080779566691609,-0.011511063478714445
baseline,rephrased,whole,human_vs_gpt,vendi_slope,q=0..2,y1::3,,4,-0.6572792249706445,-0.6637295086893239,0.006450283718679395
baseline,rephrased,whole,human_vs_gpt,vendi_slope,q=0..2,y1::4,,4,-0.6704896029404469,-0.654083476634798,-0.01640612630564886
baseline,rephrased,whole,human_vs_gpt,vendi_slope,q=0..2,y1::5,,4,-0.6564031965080059,-0.6574535204336783,0.0010503239256723917
baseline,rephrased,whole,human_vs_gpt,vendi_slope,q=0..2,y1::6,,4,-0.6663370138096391,-0.6440092017443074,-0.02232781206533163
baseline,rephrased,whole,human_vs_gpt,vendi_slope,q=0..2,y1::7,,4,-0.6620750228851223,-0.6524178699529847,-0.009657152932137647
baseline,rephrased,whole,human_vs_gpt,vendi_slope,q=0..2,y1::8,,5,-0.7623340170696689,-0.7686673787640887,0.006333361694419892
baseline,rephrased,whole,human_vs_gpt,vendi_slope,q=0..2,y1::9,,3,-0.5124706009770809,-0.5110904184120203,-0.0013801825650605615
baseline,rephrased,whole,human_vs_gpt,vendi_slope,q=0..2,y2::1,,3,-0.5211216978789993,-0.5165997982978038,-0.004521899581195532
baseline,rephrased,whole,human_vs_gpt,vendi_slope,q=0..2,y2::10,,3,-0.5091290772798275,-0.5157863545201679,0.006657277240340376
baseline,rephrased,whole,human_vs_gpt,vendi_slope,q=0..2,y2::11,,4,-0.6619611730967743,-0.6525467937681656,-0.009414379328608669
baseline,rephrased,whole,human_vs_gpt,vendi_slope,q=0..2,y2::2,,3,-0.5156084899942462,-0.5107898530517405,-0.004818636942505727
baseline,rephrased,whole,human_vs_gpt,vendi_slope,q=0..2,y2::3,,4,-0.662823318916663,-0.6534313536049284,-0.009391965311734585
baseline,rephrased,whole,human_vs_gpt,vendi_slope,q=0..2,y2::4,,2,-0.324063380646721,-0.32033932396132186,-0.0037240566853991575
baseline,rephrased,whole,human_vs_gpt,vendi_slope,q=0..2,y2::5,,4,-0.6642984009538345,-0.6463943133131826,-0.017904087640651878
baseline,rephrased,whole,human_vs_gpt,vendi_slope,q=0..2,y2::6,,4,-0.664812464301137,-0.6546714686752646,-0.010140995625872451
baseline,rephrased,whole,human_vs_gpt,vendi_slope,q=0..2,y2::7,,4,-0.6598718019870099,-0.641322356616293,-0.0185494453707169
baseline,rephrased,whole,human_vs_gpt,vendi_slope,q=0..2,y2::8,,3,-0.5170860332623062,-0.5055849897701473,-0.011501043492158858
baseline,rephrased,whole,human_vs_gpt,vendi_slope,q=0..2,y2::9,,4,-0.6585380630125129,-0.6448455453209564,-0.01369251769155655
baseline,rephrased,whole,human_vs_gpt,ripley_excess,r=panel_q01_q50,y1::1,,4,0.0,0.0033185981396208234,-0.0033185981396208234
baseline,rephrased,whole,human_vs_gpt,ripley_excess,r=panel_q01_q50,y1::10,,4,0.0,0.008009781079817875,-0.008009781079817875
baseline,rephrased,whole,human_vs_gpt,ripley_excess,r=panel_q01_q50,y1::11,,4,0.0,0.005175576822118752,-0.005175576822118752
baseline,rephrased,whole,human_vs_gpt,ripley_excess,r=panel_q01_q50,y1::12,,4,0.0,0.014046599558167616,-0.014046599558167616
baseline,rephrased,whole,human_vs_gpt,ripley_excess,r=panel_q01_q50,y1::2,,3,0.0,0.004059405416298254,-0.004059405416298254
baseline,rephrased,whole,human_vs_gpt,ripley_excess,r=panel_q01_q50,y1::3,,4,0.0,0.017688175707880546,-0.017688175707880546
baseline,rephrased,whole,human_vs_gpt,ripley_excess,r=panel_q01_q50,y1::4,,4,0.0,0.007327352673891903,-0.007327352673891903
baseline,rephrased,whole,human_vs_gpt,ripley_excess,r=panel_q01_q50,y1::5,,4,0.0,0.012119758986728141,-0.012119758986728141
baseline,rephrased,whole,human_vs_gpt,ripley_excess,r=panel_q01_q50,y1::6,,4,0.0,0.004626088721660999,-0.004626088721660999
baseline,rephrased,whole,human_vs_gpt,ripley_excess,r=panel_q01_q50,y1::7,,4,0.0,0.007802672549452027,-0.007802672549452027
baseline,rephrased,whole,human_vs_gpt,ripley_excess,r=panel_q01_q50,y1::8,,5,0.0,0.026377799218794046,-0.026377799218794046
baseline,rephrased,whole,human_vs_gpt,ripley_excess,r=panel_q01_q50,y1::9,,3,0.0,0.00950409711316068,-0.00950409711316068
baseline,rephrased,whole,human_vs_gpt,ripley_excess,r=panel_q01_q50,y2::1,,3,0.0,0.008509541938899457,-0.008509541938899457
baseline,rephrased,whole,human_vs_gpt,ripley_excess,r=panel_q01_q50,y2::10,,3,0.0,0.012004018486710675,-0.012004018486710675
baseline,rephrased,whole,human_vs_gpt,ripley_excess,r=panel_q01_q50,y2::11,,4,0.0,0.0026112271710061205,-0.0026112271710061205
baseline,rephrased,whole,human_vs_gpt,ripley_excess,r=panel_q01_q50,y2::2,,3,0.0,0.006219853622802494,-0.006219853622802494
baseline,rephrased,whole,human_vs_gpt,ripley_excess,r=panel_q01_q50,y2::3,,4,0.0,0.00438122824398115,-0.00438122824398115
baseline,rephrased,whole,human_vs_gpt,ripley_excess,r=panel_q01_q50,y2::4,,2,0.0,0.001818592951612684,-0.001818592951612684
baseline,rephrased,whole,human_vs_gpt,ripley_excess,r=panel_q01_q50,y2::5,,4,0.0,0.005560202159730231,-0.005560202159730231
baseline,rephrased,whole,human_vs_gpt,ripley_excess,r=panel_q01_q50,y2::6,,4,0.0,0.005344793144529158,-0.005344793144529158
baseline,rephrased,whole,human_vs_gpt,ripley_excess,r=panel_q01_q50,y2::7,,4,0.0,0.00545806054092308,-0.00545806054092308
baseline,rephrased,whole,human_vs_gpt,ripley_excess,r=panel_q01_q50,y2::8,,3,0.0,0.001733141153192254,-0.001733141153192254
baseline,rephrased,whole,human_vs_gpt,ripley_excess,r=panel_q01_q50,y2::9,,4,0.0,0.007333039124913049,-0.007333039124913049
baseline,rephrased,strengths,human_vs_pooled_ai,vendi,q=1,y1::1,,4,1.2292479981343283,1.4058693952443069,-0.1766213971099786
baseline,rephrased,strengths,human_vs_pooled_ai,vendi,q=1,y1::10,,4,1.3454099707742164,1.3738865570688772,-0.028476586294660766
baseline,rephrased,strengths,human_vs_pooled_ai,vendi,q=1,y1::11,,4,1.3120275084624446,1.3237591275010896,-0.011731619038644947
baseline,rephrased,strengths,human_vs_pooled_ai,vendi,q=1,y1::12,,4,1.2942784127278855,1.3141761247061798,-0.019897711978294375
baseline,rephrased,strengths,human_vs_pooled_ai,vendi,q=1,y1::2,,3,1.2731510091246347,1.297796359796884,-0.024645350672249267
baseline,rephrased,strengths,human_vs_pooled_ai,vendi,q=1,y1::3,,4,1.3241286261743992,1.2907963833698497,0.033332242804549495
baseline,rephrased,strengths,human_vs_pooled_ai,vendi,q=1,y1::4,,4,1.2630769324549072,1.3557920794129807,-0.09271514695807359
baseline,rephrased,strengths,human_vs_pooled_ai,vendi,q=1,y1::5,,4,1.3227425453883581,1.3288187747328828,-0.006076229344524675
baseline,rephrased,strengths,human_vs_pooled_ai,vendi,q=1,y1::6,,4,1.3017535438379568,1.4039079268667078,-0.10215438302875102
baseline,rephrased,strengths,human_vs_pooled_ai,vendi,q=1,y1::7,,4,1.280808667357503,1.3060988952714538,-0.025290227913950858
baseline,rephrased,strengths,human_vs_pooled_ai,vendi,q=1,y1::8,,5,1.3933062296308194,1.3396770459409766,0.05362918368984282
baseline,rephrased,strengths,human_vs_pooled_ai,vendi,q=1,y1::9,,3,1.2687794924041595,1.2928084685837213,-0.02402897617956179
baseline,rephrased,strengths,human_vs_pooled_ai,vendi,q=1,y2::1,,3,1.2758781121866782,1.2913702711854007,-0.015492158998722472
baseline,rephrased,strengths,human_vs_pooled_ai,vendi,q=1,y2::10,,3,1.2688515770599202,1.319020552364994,-0.050168975305073804
baseline,rephrased,strengths,human_vs_pooled_ai,vendi,q=1,y2::11,,4,1.3102648929081717,1.3573921573734493,-0.047127264465277596
baseline,rephrased,strengths,human_vs_pooled_ai,vendi,q=1,y2::2,,3,1.1871422089281294,1.2622381244043201,-0.07509591547619077
baseline,rephrased,strengths,human_vs_pooled_ai,vendi,q=1,y2::3,,4,1.2690366346528932,1.3543266834639804,-0.08529004881108726
baseline,rephrased,strengths,human_vs_pooled_ai,vendi,q=1,y2::4,,2,1.1313420431992447,1.2027678360985483,-0.07142579289930362
baseline,rephrased,strengths,human_vs_pooled_ai,vendi,q=1,y2::5,,4,1.2037225626127028,1.3296147709744752,-0.1258922083617724
baseline,rephrased,strengths,human_vs_pooled_ai,vendi,q=1,y2::6,,4,1.280279492117088,1.3777419008161014,-0.09746240869901346
baseline,rephrased,strengths,human_vs_pooled_ai,vendi,q=1,y2::7,,4,1.35807763044442,1.367847711547103,-0.00977008110268307
baseline,rephrased,strengths,human_vs_pooled_ai,vendi,q=1,y2::8,,3,1.1851767219475835,1.292848590482823,-0.10767186853523958
baseline,rephrased,strengths,human_vs_pooled_ai,vendi,q=1,y2::9,,4,1.2656107335349664,1.3928989529648406,-0.12728821942987412
baseline,rephrased,strengths,human_vs_pooled_ai,participation_ratio,,y1::1,,4,2.8322251732180197,2.5506020024988696,0.2816231707191501
baseline,rephrased,strengths,human_vs_pooled_ai,participation_ratio,,y1::10,,4,2.418269847531298,2.598387572565748,-0.1801177250344499
baseline,rephrased,strengths,human_vs_pooled_ai,participation_ratio,,y1::11,,4,2.910234278720753,2.626546025387286,0.28368825333346726
baseline,rephrased,strengths,human_vs_pooled_ai,participation_ratio,,y1::12,,4,2.5520411907834237,2.6571242273396845,-0.10508303655626072
baseline,rephrased,strengths,human_vs_pooled_ai,participation_ratio,,y1::2,,3,1.7420922782089097,1.8281380352593735,-0.0860457570504638
baseline,rephrased,strengths,human_vs_pooled_ai,participation_ratio,,y1::3,,4,2.724816024075717,2.753126469615076,-0.02831044553935902
baseline,rephrased,strengths,human_vs_pooled_ai,participation_ratio,,y1::4,,4,2.7606797383467048,2.6488917867572326,0.11178795158947219
baseline,rephrased,strengths,human_vs_pooled_ai,participation_ratio,,y1::5,,4,2.703404657269732,2.7187288454839456,-0.015324188214213663
baseline,rephrased,strengths,human_vs_pooled_ai,participation_ratio,,y1::6,,4,2.9169417804354887,2.737818102344094,0.17912367809139473
baseline,rephrased,strengths,human_vs_pooled_ai,participation_ratio,,y1::7,,4,2.812316271074324,2.6832141089885275,0.1291021620857964
baseline,rephrased,strengths,human_vs_pooled_ai,participation_ratio,,y1::8,,5,3.1584801460267027,3.4028082951111096,-0.24432814908440692
baseline,rephrased,strengths,human_vs_pooled_ai,participation_ratio,,y1::9,,3,1.9446127022347965,1.866456703651482,0.07815599858331446
baseline,rephrased,strengths,human_vs_pooled_ai,participation_ratio,,y2::1,,3,1.9047770494309746,1.8577716637907757,0.04700538564019885
baseline,rephrased,strengths,human_vs_pooled_ai,participation_ratio,,y2::10,,3,1.7191913996975456,1.88390564580616,-0.1647142461086144
baseline,rephrased,strengths,human_vs_pooled_ai,participation_ratio,,y2::11,,4,2.7227701930920385,2.7324140910287475,-0.009643897936709056
baseline,rephrased,strengths,human_vs_pooled_ai,participation_ratio,,y2::2,,3,1.8855985584526747,1.861445622641864,0.024152935810810572
baseline,rephrased,strengths,human_vs_pooled_ai,participation_ratio,,y2::3,,4,2.634999606882849,2.6420920964201207,-0.007092489537271707
baseline,rephrased,strengths,human_vs_pooled_ai,participation_ratio,,y2::4,,2,1.0,1.0,0.0
baseline,rephrased,strengths,human_vs_pooled_ai,participation_ratio,,y2::5,,4,2.940507813704693,2.6583082097375854,0.28219960396710775
baseline,rephrased,strengths,human_vs_pooled_ai,participation_ratio,,y2::6,,4,2.785331912485659,2.752401552542345,0.032930359943313725
baseline,rephrased,strengths,human_vs_pooled_ai,participation_ratio,,y2::7,,4,2.5998829829683476,2.70895792527641,-0.10907494230806236
baseline,rephrased,strengths,human_vs_pooled_ai,participation_ratio,,y2::8,,3,1.9498228488549634,1.8340017527754264,0.11582109607953694
baseline,rephrased,strengths,human_vs_pooled_ai,participation_ratio,,y2::9,,4,2.903208367813149,2.6754053961743214,0.22780297163882768
baseline,rephrased,strengths,human_vs_pooled_ai,effective_rank,,y1::1,,4,2.9144666959145336,2.742367784523769,0.17209891139076472
baseline,rephrased,strengths,human_vs_pooled_ai,effective_rank,,y1::10,,4,2.6751384929974256,2.771861015549411,-0.09672252255198543
baseline,rephrased,strengths,human_vs_pooled_ai,effective_rank,,y1::11,,4,2.955599014632836,2.7923478442942224,0.1632511703386137
baseline,rephrased,strengths,human_vs_pooled_ai,effective_rank,,y1::12,,4,2.7378660131429147,2.8100840103975417,-0.07221799725462708
baseline,rephrased,strengths,human_vs_pooled_ai,effective_rank,,y1::2,,3,1.8536945854883398,1.902358083672713,-0.04866349818437321
baseline,rephrased,strengths,human_vs_pooled_ai,effective_rank,,y1::3,,4,2.8478185602634474,2.864067333562154,-0.016248773298706443
baseline,rephrased,strengths,human_vs_pooled_ai,effective_rank,,y1::4,,4,2.8745697166660578,2.804486594461482,0.07008312220457569
baseline,rephrased,strengths,human_vs_pooled_ai,effective_rank,,y1::5,,4,2.8315487196041755,2.8438846396287065,-0.012335920024530989
baseline,rephrased,strengths,human_vs_pooled_ai,effective_rank,,y1::6,,4,2.955708488438423,2.856735703986026,0.0989727844523971
baseline,rephrased,strengths,human_vs_pooled_ai,effective_rank,,y1::7,,4,2.8973679775345658,2.8239939364348934,0.07337404109967238
baseline,rephrased,strengths,human_vs_pooled_ai,effective_rank,,y1::8,,5,3.5377367802209423,3.661681407958856,-0.12394462773791393
baseline,rephrased,strengths,human_vs_pooled_ai,effective_rank,,y1::9,,3,1.9715845876541949,1.9258640010256285,0.04572058662856637
baseline,rephrased,strengths,human_vs_pooled_ai,effective_rank,,y2::1,,3,1.9502134171956451,1.9199362659307313,0.030277151264913815
baseline,rephrased,strengths,human_vs_pooled_ai,effective_rank,,y2::10,,3,1.8387678357217028,1.935495414682738,-0.09672757896103512
baseline,rephrased,strengths,human_vs_pooled_ai,effective_rank,,y2::11,,4,2.8551359037262243,2.8551629793246405,-2.7075598416193003e-05
baseline,rephrased,strengths,human_vs_pooled_ai,effective_rank,,y2::2,,3,1.9396298548241082,1.9214515160594776,0.018178338764630597
baseline,rephrased,strengths,human_vs_pooled_ai,effective_rank,,y2::3,,4,2.796385541866599,2.7971167584418395,-0.0007312165752404454
baseline,rephrased,strengths,human_vs_pooled_ai,effective_rank,,y2::4,,2,1.0,1.0,0.0
baseline,rephrased,strengths,human_vs_pooled_ai,effective_rank,,y2::5,,4,2.970272266173818,2.8101411812002843,0.1601310849735338
baseline,rephrased,strengths,human_vs_pooled_ai,effective_rank,,y2::6,,4,2.8902865280155057,2.8662569823050457,0.02402954571046001
baseline,rephrased,strengths,human_vs_pooled_ai,effective_rank,,y2::7,,4,2.7765177643114884,2.8412251313850327,-0.0647073670735443
baseline,rephrased,strengths,human_vs_pooled_ai,effective_rank,,y2::8,,3,1.9743205462123938,1.9054448748643469,0.06887567134804695
baseline,rephrased,strengths,human_vs_pooled_ai,effective_rank,,y2::9,,4,2.949491906032373,2.8203084550004704,0.12918345103190276
baseline,rephrased,strengths,human_vs_pooled_ai,coverage_geometric,k=panel_adaptive,y1::1,,4,1.0,0.5163003663003664,0.48369963369963365
baseline,rephrased,strengths,human_vs_pooled_ai,coverage_geometric,k=panel_adaptive,y1::10,,4,1.0,0.9934065934065934,0.00659340659340657
baseline,rephrased,strengths,human_vs_pooled_ai,coverage_geometric,k=panel_adaptive,y1::11,,4,1.0,0.9732600732600732,0.026739926739926756
baseline,rephrased,strengths,human_vs_pooled_ai,coverage_geometric,k=panel_adaptive,y1::12,,4,1.0,0.9934065934065934,0.00659340659340657
baseline,rephrased,strengths,human_vs_pooled_ai,coverage_geometric,k=panel_adaptive,y1::2,,3,1.0,0.9919413919413919,0.008058608058608141
baseline,rephrased,strengths,human_vs_pooled_ai,coverage_geometric,k=panel_adaptive,y1::3,,4,1.0,1.0,0.0
baseline,rephrased,strengths,human_vs_pooled_ai,coverage_geometric,k=panel_adaptive,y1::4,,4,1.0,0.9139194139194139,0.08608058608058611
baseline,rephrased,strengths,human_vs_pooled_ai,coverage_geometric,k=panel_adaptive,y1::5,,4,1.0,0.9908424908424909,0.009157509157509125
baseline,rephrased,strengths,human_vs_pooled_ai,coverage_geometric,k=panel_adaptive,y1::6,,4,1.0,0.728021978021978,0.271978021978022
baseline,rephrased,strengths,human_vs_pooled_ai,coverage_geometric,k=panel_adaptive,y1::7,,4,1.0,0.9587912087912088,0.04120879120879117
baseline,rephrased,strengths,human_vs_pooled_ai,coverage_geometric,k=panel_adaptive,y1::8,,5,1.0,0.9440559440559441,0.05594405594405594
baseline,rephrased,strengths,human_vs_pooled_ai,coverage_geometric,k=panel_adaptive,y1::9,,3,1.0,0.6424908424908423,0.3575091575091577
baseline,rephrased,strengths,human_vs_pooled_ai,coverage_geometric,k=panel_adaptive,y2::1,,3,1.0,0.797069597069597,0.202930402930403
baseline,rephrased,strengths,human_vs_pooled_ai,coverage_geometric,k=panel_adaptive,y2::10,,3,1.0,0.9743589743589743,0.02564102564102566
baseline,rephrased,strengths,human_vs_pooled_ai,coverage_geometric,k=panel_adaptive,y2::11,,4,1.0,0.9358974358974359,0.0641025641025641
baseline,rephrased,strengths,human_vs_pooled_ai,coverage_geometric,k=panel_adaptive,y2::2,,3,1.0,0.5311355311355311,0.46886446886446886
baseline,rephrased,strengths,human_vs_pooled_ai,coverage_geometric,k=panel_adaptive,y2::3,,4,1.0,0.9338827838827839,0.0661172161172161
baseline,rephrased,strengths,human_vs_pooled_ai,coverage_geometric,k=panel_adaptive,y2::4,,2,1.0,0.0,1.0
baseline,rephrased,strengths,human_vs_pooled_ai,coverage_geometric,k=panel_adaptive,y2::5,,4,1.0,0.11904761904761904,0.8809523809523809
baseline,rephrased,strengths,human_vs_pooled_ai,coverage_geometric,k=panel_adaptive,y2::6,,4,1.0,0.9146520146520146,0.08534798534798538
baseline,rephrased,strengths,human_vs_pooled_ai,coverage_geometric,k=panel_adaptive,y2::7,,4,1.0,0.9970695970695971,0.00293040293040292
baseline,rephrased,strengths,human_vs_pooled_ai,coverage_geometric,k=panel_adaptive,y2::8,,3,1.0,0.3054945054945055,0.6945054945054945
baseline,rephrased,strengths,human_vs_pooled_ai,coverage_geometric,k=panel_adaptive,y2::9,,4,1.0,0.5042124542124542,0.4957875457875458
baseline,rephrased,strengths,human_vs_pooled_ai,vendi_slope,q=0..2,y1::1,,4,-0.6536731429703724,-0.6167428741244754,-0.03693026884589701
baseline,rephrased,strengths,human_vs_pooled_ai,vendi_slope,q=0..2,y1::10,,4,-0.6291231708234949,-0.6237232767292628,-0.005399894094232138
baseline,rephrased,strengths,human_vs_pooled_ai,vendi_slope,q=0..2,y1::11,,4,-0.6374248373977519,-0.6341488002042782,-0.003276037193473691
baseline,rephrased,strengths,human_vs_pooled_ai,vendi_slope,q=0..2,y1::12,,4,-0.640014990445977,-0.6361362691920152,-0.0038787212539618254
baseline,rephrased,strengths,human_vs_pooled_ai,vendi_slope,q=0..2,y1::2,,3,-0.4953054904900729,-0.48978416366746275,-0.00552132682261014
baseline,rephrased,strengths,human_vs_pooled_ai,vendi_slope,q=0..2,y1::3,,4,-0.6344639233444683,-0.6412639311907303,0.006800007846262002
baseline,rephrased,strengths,human_vs_pooled_ai,vendi_slope,q=0..2,y1::4,,4,-0.6468750773068119,-0.627627971884911,-0.01924710542190089
baseline,rephrased,strengths,human_vs_pooled_ai,vendi_slope,q=0..2,y1::5,,4,-0.6346617963142693,-0.6334390507365923,-0.0012227455776769869
baseline,rephrased,strengths,human_vs_pooled_ai,vendi_slope,q=0..2,y1::6,,4,-0.6394834853676985,-0.6180588542229668,-0.0214246311447317
baseline,rephrased,strengths,human_vs_pooled_ai,vendi_slope,q=0..2,y1::7,,4,-0.643427764605174,-0.6379327265796989,-0.00549503802547513
baseline,rephrased,strengths,human_vs_pooled_ai,vendi_slope,q=0..2,y1::8,,5,-0.7358622134510051,-0.7465601589842381,0.010697945533233
baseline,rephrased,strengths,human_vs_pooled_ai,vendi_slope,q=0..2,y1::9,,3,-0.4971367466059428,-0.49121630089371154,-0.00592044571223127
baseline,rephrased,strengths,human_vs_pooled_ai,vendi_slope,q=0..2,y2::1,,3,-0.4953900756778729,-0.4914807877314116,-0.003909287946461337
baseline,rephrased,strengths,human_vs_pooled_ai,vendi_slope,q=0..2,y2::10,,3,-0.4961779250115433,-0.48527622076813637,-0.010901704243406918
baseline,rephrased,strengths,human_vs_pooled_ai,vendi_slope,q=0..2,y2::11,,4,-0.6373156864850829,-0.627636115944389,-0.009679570540693905
baseline,rephrased,strengths,human_vs_pooled_ai,vendi_slope,q=0..2,y2::2,,3,-0.5148805372757665,-0.49808068138218176,-0.016799855893584792
baseline,rephrased,strengths,human_vs_pooled_ai,vendi_slope,q=0..2,y2::3,,4,-0.6453817789517208,-0.6279109343607032,-0.017470844591017554
baseline,rephrased,strengths,human_vs_pooled_ai,vendi_slope,q=0..2,y2::4,,2,-0.3197957668384673,-0.30067964131778124,-0.019116125520686034
baseline,rephrased,strengths,human_vs_pooled_ai,vendi_slope,q=0..2,y2::5,,4,-0.6587612380084915,-0.6330796941928863,-0.025681543815605168
baseline,rephrased,strengths,human_vs_pooled_ai,vendi_slope,q=0..2,y2::6,,4,-0.6435055653918194,-0.6235276275818498,-0.019977937809969593
baseline,rephrased,strengths,human_vs_pooled_ai,vendi_slope,q=0..2,y2::7,,4,-0.6270919879343991,-0.6253857311564145,-0.0017062567779846383
baseline,rephrased,strengths,human_vs_pooled_ai,vendi_slope,q=0..2,y2::8,,3,-0.5154397956276056,-0.4909596720921516,-0.02448012353545398
baseline,rephrased,strengths,human_vs_pooled_ai,vendi_slope,q=0..2,y2::9,,4,-0.6466471880105552,-0.6200704150203229,-0.02657677299023231
baseline,rephrased,strengths,human_vs_pooled_ai,ripley_excess,r=panel_q01_q50,y1::1,,4,0.0,0.0081692175208862,-0.0081692175208862
baseline,rephrased,strengths,human_vs_pooled_ai,ripley_excess,r=panel_q01_q50,y1::10,,4,0.0,0.024551086193127198,-0.024551086193127198
baseline,rephrased,strengths,human_vs_pooled_ai,ripley_excess,r=panel_q01_q50,y1::11,,4,0.0,0.019445216873549432,-0.019445216873549432
baseline,rephrased,strengths,human_vs_pooled_ai,ripley_excess,r=panel_q01_q50,y1::12,,4,0.0,0.01683669261904298,-0.01683669261904298
baseline,rephrased,strengths,human_vs_pooled_ai,ripley_excess,r=panel_q01_q50,y1::2,,3,0.0,0.014338925164204777,-0.014338925164204777
baseline,rephrased,strengths,human_vs_pooled_ai,ripley_excess,r=panel_q01_q50,y1::3,,4,0.0,0.02461148492390336,-0.02461148492390336
baseline,rephrased,strengths,human_vs_pooled_ai,ripley_excess,r=panel_q01_q50,y1::4,,4,0.0,0.010394862751059084,-0.010394862751059084
baseline,rephrased,strengths,human_vs_pooled_ai,ripley_excess,r=panel_q01_q50,y1::5,,4,0.0,0.021713876870107836,-0.021713876870107836
baseline,rephrased,strengths,human_vs_pooled_ai,ripley_excess,r=panel_q01_q50,y1::6,,4,0.0,0.014099645383505078,-0.014099645383505078
baseline,rephrased,strengths,human_vs_pooled_ai,ripley_excess,r=panel_q01_q50,y1::7,,4,0.0,0.014260641777395871,-0.014260641777395871
baseline,rephrased,strengths,human_vs_pooled_ai,ripley_excess,r=panel_q01_q50,y1::8,,5,0.0,0.035392391232433734,-0.035392391232433734
baseline,rephrased,strengths,human_vs_pooled_ai,ripley_excess,r=panel_q01_q50,y1::9,,3,0.0,0.015671047052240327,-0.015671047052240327
baseline,rephrased,strengths,human_vs_pooled_ai,ripley_excess,r=panel_q01_q50,y2::1,,3,0.0,0.018689236596599625,-0.018689236596599625
baseline,rephrased,strengths,human_vs_pooled_ai,ripley_excess,r=panel_q01_q50,y2::10,,3,0.0,0.007731965070203379,-0.007731965070203379
baseline,rephrased,strengths,human_vs_pooled_ai,ripley_excess,r=panel_q01_q50,y2::11,,4,0.0,0.011712639870226553,-0.011712639870226553
baseline,rephrased,strengths,human_vs_pooled_ai,ripley_excess,r=panel_q01_q50,y2::2,,3,0.0,0.005297340820097896,-0.005297340820097896
baseline,rephrased,strengths,human_vs_pooled_ai,ripley_excess,r=panel_q01_q50,y2::3,,4,0.0,0.008560604802999179,-0.008560604802999179
baseline,rephrased,strengths,human_vs_pooled_ai,ripley_excess,r=panel_q01_q50,y2::4,,2,0.0,0.006583498225841773,-0.006583498225841773
baseline,rephrased,strengths,human_vs_pooled_ai,ripley_excess,r=panel_q01_q50,y2::5,,4,0.0,0.006218092427683662,-0.006218092427683662
baseline,rephrased,strengths,human_vs_pooled_ai,ripley_excess,r=panel_q01_q50,y2::6,,4,0.0,0.006004405586317519,-0.006004405586317519
baseline,rephrased,strengths,human_vs_pooled_ai,ripley_excess,r=panel_q01_q50,y2::7,,4,0.0,0.01864849317155825,-0.01864849317155825
baseline,rephrased,strengths,human_vs_pooled_ai,ripley_excess,r=panel_q01_q50,y2::8,,3,0.0,0.007567872423822273,-0.007567872423822273
baseline,rephrased,strengths,human_vs_pooled_ai,ripley_excess,r=panel_q01_q50,y2::9,,4,0.0,0.008920989958991528,-0.008920989958991528
baseline,rephrased,strengths,human_vs_claude,vendi,q=1,y1::1,,4,1.2292479981343283,1.3961434939824005,-0.16689549584807217
baseline,rephrased,strengths,human_vs_claude,vendi,q=1,y1::10,,4,1.3454099707742164,1.4350201106696931,-0.08961013989547673
baseline,rephrased,strengths,human_vs_claude,vendi,q=1,y1::11,,4,1.3120275084624446,1.3048517174007679,0.007175791061676762
baseline,rephrased,strengths,human_vs_claude,vendi,q=1,y1::12,,4,1.2942784127278855,1.3449024346227862,-0.050624021894900784
baseline,rephrased,strengths,human_vs_claude,vendi,q=1,y1::2,,3,1.2731510091246347,1.3054689827452726,-0.03231797362063782
baseline,rephrased,strengths,human_vs_claude,vendi,q=1,y1::3,,4,1.3241286261743992,1.3086938388964124,0.01543478727798675
baseline,rephrased,strengths,human_vs_claude,vendi,q=1,y1::4,,4,1.2630769324549072,1.3971640486644161,-0.13408711620950897
baseline,rephrased,strengths,human_vs_claude,vendi,q=1,y1::5,,4,1.3227425453883581,1.3264961251618743,-0.0037535797735162024
baseline,rephrased,strengths,human_vs_claude,vendi,q=1,y1::6,,4,1.3017535438379568,1.4155974676380612,-0.11384392380010433
baseline,rephrased,strengths,human_vs_claude,vendi,q=1,y1::7,,4,1.280808667357503,1.3872275485517644,-0.10641888119426146
baseline,rephrased,strengths,human_vs_claude,vendi,q=1,y1::8,,5,1.3933062296308194,1.289932466412899,0.10337376321792036
baseline,rephrased,strengths,human_vs_claude,vendi,q=1,y1::9,,3,1.2687794924041595,1.2691275058211664,-0.00034801341700685384
baseline,rephrased,strengths,human_vs_claude,vendi,q=1,y2::1,,3,1.2758781121866782,1.331555059839427,-0.055676947652748776
baseline,rephrased,strengths,human_vs_claude,vendi,q=1,y2::10,,3,1.2688515770599202,1.3311112346288327,-0.062259657568912496
baseline,rephrased,strengths,human_vs_claude,vendi,q=1,y2::11,,4,1.3102648929081717,1.3829982006434236,-0.07273330773525188
baseline,rephrased,strengths,human_vs_claude,vendi,q=1,y2::2,,3,1.1871422089281294,1.297118059523276,-0.1099758505951467
baseline,rephrased,strengths,human_vs_claude,vendi,q=1,y2::3,,4,1.2690366346528932,1.3650055826562042,-0.09596894800331102
baseline,rephrased,strengths,human_vs_claude,vendi,q=1,y2::4,,2,1.1313420431992447,1.2158498239409317,-0.08450778074168697
baseline,rephrased,strengths,human_vs_claude,vendi,q=1,y2::5,,4,1.2037225626127028,1.3500868229685075,-0.14636426035580463
baseline,rephrased,strengths,human_vs_claude,vendi,q=1,y2::6,,4,1.280279492117088,1.4313103137270478,-0.15103082160995984
baseline,rephrased,strengths,human_vs_claude,vendi,q=1,y2::7,,4,1.35807763044442,1.4091305775215168,-0.051052947077096844
baseline,rephrased,strengths,human_vs_claude,vendi,q=1,y2::8,,3,1.1851767219475835,1.2736800754881759,-0.08850335354059236
baseline,rephrased,strengths,human_vs_claude,vendi,q=1,y2::9,,4,1.2656107335349664,1.3940359050083,-0.12842517147333354
baseline,rephrased,strengths,human_vs_claude,participation_ratio,,y1::1,,4,2.8322251732180197,2.7981991123996965,0.034026060818323156
baseline,rephrased,strengths,human_vs_claude,participation_ratio,,y1::10,,4,2.418269847531298,2.74262601624798,-0.3243561687166818
baseline,rephrased,strengths,human_vs_claude,participation_ratio,,y1::11,,4,2.910234278720753,2.713920595028486,0.1963136836922672
baseline,rephrased,strengths,human_vs_claude,participation_ratio,,y1::12,,4,2.5520411907834237,2.845963139315029,-0.29392194853160536
baseline,rephrased,strengths,human_vs_claude,participation_ratio,,y1::2,,3,1.7420922782089097,1.8328029197399787,-0.090710641531069
baseline,rephrased,strengths,human_vs_claude,participation_ratio,,y1::3,,4,2.724816024075717,2.7555780905071834,-0.030762066431466284
baseline,rephrased,strengths,human_vs_claude,participation_ratio,,y1::4,,4,2.7606797383467048,2.5551807410942198,0.205498997252485
baseline,rephrased,strengths,human_vs_claude,participation_ratio,,y1::5,,4,2.703404657269732,2.8660564010388354,-0.16265174376910352
baseline,rephrased,strengths,human_vs_claude,participation_ratio,,y1::6,,4,2.9169417804354887,2.9160262708920963,0.0009155095433923677
baseline,rephrased,strengths,human_vs_claude,participation_ratio,,y1::7,,4,2.812316271074324,2.653232507615976,0.15908376345834796
baseline,rephrased,strengths,human_vs_claude,participation_ratio,,y1::8,,5,3.1584801460267027,3.3464033270843268,-0.18792318105762407
baseline,rephrased,strengths,human_vs_claude,participation_ratio,,y1::9,,3,1.9446127022347965,1.9447086937987295,-9.599156393291786e-05
baseline,rephrased,strengths,human_vs_claude,participation_ratio,,y2::1,,3,1.9047770494309746,1.8696476854244442,0.03512936400653044
baseline,rephrased,strengths,human_vs_claude,participation_ratio,,y2::10,,3,1.7191913996975456,1.945650895181609,-0.2264594954840633
baseline,rephrased,strengths,human_vs_claude,participation_ratio,,y2::11,,4,2.7227701930920385,2.7038541698229723,0.018916023269066162
baseline,rephrased,strengths,human_vs_claude,participation_ratio,,y2::2,,3,1.8855985584526747,1.8825833474799936,0.0030152109726810927
baseline,rephrased,strengths,human_vs_claude,participation_ratio,,y2::3,,4,2.634999606882849,2.7697281211457287,-0.1347285142628798
baseline,rephrased,strengths,human_vs_claude,participation_ratio,,y2::4,,2,1.0,1.0,0.0
baseline,rephrased,strengths,human_vs_claude,participation_ratio,,y2::5,,4,2.940507813704693,2.5828101714479663,0.35769764225672684
baseline,rephrased,strengths,human_vs_claude,participation_ratio,,y2::6,,4,2.785331912485659,2.7273953029794837,0.057936609506175074
baseline,rephrased,strengths,human_vs_claude,participation_ratio,,y2::7,,4,2.5998829829683476,2.6297279869543924,-0.029845003986044727
baseline,rephrased,strengths,human_vs_claude,participation_ratio,,y2::8,,3,1.9498228488549634,1.8683471380418932,0.08147571081307015
baseline,rephrased,strengths,human_vs_claude,participation_ratio,,y2::9,,4,2.903208367813149,2.7274067249944673,0.1758016428186817
baseline,rephrased,strengths,human_vs_claude,effective_rank,,y1::1,,4,2.9144666959145336,2.892548246677092,0.02191844923744135
baseline,rephrased,strengths,human_vs_claude,effective_rank,,y1::10,,4,2.6751384929974256,2.8623388023670264,-0.18720030936960086
baseline,rephrased,strengths,human_vs_claude,effective_rank,,y1::11,,4,2.955599014632836,2.8407632510161696,0.11483576361666659
baseline,rephrased,strengths,human_vs_claude,effective_rank,,y1::12,,4,2.7378660131429147,2.9199560120615056,-0.1820899989185909
baseline,rephrased,strengths,human_vs_claude,effective_rank,,y1::2,,3,1.8536945854883398,1.905687093310534,-0.051992507822194334
baseline,rephrased,strengths,human_vs_claude,effective_rank,,y1::3,,4,2.8478185602634474,2.8688146945705246,-0.020996134307077252
baseline,rephrased,strengths,human_vs_claude,effective_rank,,y1::4,,4,2.8745697166660578,2.729493093093983,0.14507662357207485
baseline,rephrased,strengths,human_vs_claude,effective_rank,,y1::5,,4,2.8315487196041755,2.9284930499965145,-0.09694433039233896
baseline,rephrased,strengths,human_vs_claude,effective_rank,,y1::6,,4,2.955708488438423,2.957025138617328,-0.0013166501789050322
baseline,rephrased,strengths,human_vs_claude,effective_rank,,y1::7,,4,2.8973679775345658,2.801774548264354,0.09559342927021186
baseline,rephrased,strengths,human_vs_claude,effective_rank,,y1::8,,5,3.5377367802209423,3.6418024207034656,-0.10406564048252331
baseline,rephrased,strengths,human_vs_claude,effective_rank,,y1::9,,3,1.9715845876541949,1.9711985810050632,0.00038600664913168714
baseline,rephrased,strengths,human_vs_claude,effective_rank,,y2::1,,3,1.9502134171956451,1.928263008234784,0.02195040896086109
baseline,rephrased,strengths,human_vs_claude,effective_rank,,y2::10,,3,1.8387678357217028,1.9716318891348557,-0.13286405341315288
baseline,rephrased,strengths,human_vs_claude,effective_rank,,y2::11,,4,2.8551359037262243,2.8387685783145207,0.016367325411703604
baseline,rephrased,strengths,human_vs_claude,effective_rank,,y2::2,,3,1.9396298548241082,1.9363709327498424,0.003258922074265813
baseline,rephrased,strengths,human_vs_claude,effective_rank,,y2::3,,4,2.796385541866599,2.87817226285716,-0.08178672099056117
baseline,rephrased,strengths,human_vs_claude,effective_rank,,y2::4,,2,1.0,1.0,0.0
baseline,rephrased,strengths,human_vs_claude,effective_rank,,y2::5,,4,2.970272266173818,2.7665653944740187,0.2037068716997994
baseline,rephrased,strengths,human_vs_claude,effective_rank,,y2::6,,4,2.8902865280155057,2.851739087797026,0.03854744021847978
baseline,rephrased,strengths,human_vs_claude,effective_rank,,y2::7,,4,2.7765177643114884,2.799748809634849,-0.023231045323360622
baseline,rephrased,strengths,human_vs_claude,effective_rank,,y2::8,,3,1.9743205462123938,1.9276565472575442,0.04666399895484963
baseline,rephrased,strengths,human_vs_claude,effective_rank,,y2::9,,4,2.949491906032373,2.851125510415314,0.09836639561705907
baseline,rephrased,strengths,human_vs_claude,coverage_geometric,k=panel_adaptive,y1::1,,4,1.0,0.45,0.55
baseline,rephrased,strengths,human_vs_claude,coverage_geometric,k=panel_adaptive,y1::10,,4,1.0,1.0,0.0
baseline,rephrased,strengths,human_vs_claude,coverage_geometric,k=panel_adaptive,y1::11,,4,1.0,1.0,0.0
baseline,rephrased,strengths,human_vs_claude,coverage_geometric,k=panel_adaptive,y1::12,,4,1.0,0.95,0.050000000000000044
baseline,rephrased,strengths,human_vs_claude,coverage_geometric,k=panel_adaptive,y1::2,,3,1.0,1.0,0.0
baseline,rephrased,strengths,human_vs_claude,coverage_geometric,k=panel_adaptive,y1::3,,4,1.0,1.0,0.0
baseline,rephrased,strengths,human_vs_claude,coverage_geometric,k=panel_adaptive,y1::4,,4,1.0,0.95,0.050000000000000044
baseline,rephrased,strengths,human_vs_claude,coverage_geometric,k=panel_adaptive,y1::5,,4,1.0,1.0,0.0
baseline,rephrased,strengths,human_vs_claude,coverage_geometric,k=panel_adaptive,y1::6,,4,1.0,0.6,0.4
baseline,rephrased,strengths,human_vs_claude,coverage_geometric,k=panel_adaptive,y1::7,,4,1.0,0.95,0.050000000000000044
baseline,rephrased,strengths,human_vs_claude,coverage_geometric,k=panel_adaptive,y1::8,,5,1.0,0.8,0.19999999999999996
baseline,rephrased,strengths,human_vs_claude,coverage_geometric,k=panel_adaptive,y1::9,,3,1.0,0.8666666666666666,0.13333333333333341
baseline,rephrased,strengths,human_vs_claude,coverage_geometric,k=panel_adaptive,y2::1,,3,1.0,0.5333333333333334,0.46666666666666656
baseline,rephrased,strengths,human_vs_claude,coverage_geometric,k=panel_adaptive,y2::10,,3,1.0,0.9666666666666666,0.03333333333333344
baseline,rephrased,strengths,human_vs_claude,coverage_geometric,k=panel_adaptive,y2::11,,4,1.0,0.75,0.25
baseline,rephrased,strengths,human_vs_claude,coverage_geometric,k=panel_adaptive,y2::2,,3,1.0,0.19999999999999998,0.8
baseline,rephrased,strengths,human_vs_claude,coverage_geometric,k=panel_adaptive,y2::3,,4,1.0,0.75,0.25
baseline,rephrased,strengths,human_vs_claude,coverage_geometric,k=panel_adaptive,y2::4,,2,1.0,0.0,1.0
baseline,rephrased,strengths,human_vs_claude,coverage_geometric,k=panel_adaptive,y2::5,,4,1.0,0.25,0.75
baseline,rephrased,strengths,human_vs_claude,coverage_geometric,k=panel_adaptive,y2::6,,4,1.0,0.95,0.050000000000000044
baseline,rephrased,strengths,human_vs_claude,coverage_geometric,k=panel_adaptive,y2::7,,4,1.0,1.0,0.0
baseline,rephrased,strengths,human_vs_claude,coverage_geometric,k=panel_adaptive,y2::8,,3,1.0,0.19999999999999998,0.8
baseline,rephrased,strengths,human_vs_claude,coverage_geometric,k=panel_adaptive,y2::9,,4,1.0,0.2,0.8
baseline,rephrased,strengths,human_vs_claude,vendi_slope,q=0..2,y1::1,,4,-0.6536731429703724,-0.6199197114229456,-0.033753431547426826
baseline,rephrased,strengths,human_vs_claude,vendi_slope,q=0..2,y1::10,,4,-0.6291231708234949,-0.6116451853088588,-0.017477985514636085
baseline,rephrased,strengths,human_vs_claude,vendi_slope,q=0..2,y1::11,,4,-0.6374248373977519,-0.6383210639983515,0.0008962266005996256
baseline,rephrased,strengths,human_vs_claude,vendi_slope,q=0..2,y1::12,,4,-0.640014990445977,-0.630592441741044,-0.009422548704932976
baseline,rephrased,strengths,human_vs_claude,vendi_slope,q=0..2,y1::2,,3,-0.4953054904900729,-0.4879874081428263,-0.007318082347246568
baseline,rephrased,strengths,human_vs_claude,vendi_slope,q=0..2,y1::3,,4,-0.6344639233444683,-0.6376983902045931,0.0032344668601247406
baseline,rephrased,strengths,human_vs_claude,vendi_slope,q=0..2,y1::4,,4,-0.6468750773068119,-0.6186157918101962,-0.028259285496615716
baseline,rephrased,strengths,human_vs_claude,vendi_slope,q=0..2,y1::5,,4,-0.6346617963142693,-0.6343764857033595,-0.0002853106109098613
baseline,rephrased,strengths,human_vs_claude,vendi_slope,q=0..2,y1::6,,4,-0.6394834853676985,-0.6163510405514586,-0.023132444816239883
baseline,rephrased,strengths,human_vs_claude,vendi_slope,q=0..2,y1::7,,4,-0.643427764605174,-0.6211918992939219,-0.0222358653112521
baseline,rephrased,strengths,human_vs_claude,vendi_slope,q=0..2,y1::8,,5,-0.7358622134510051,-0.7559142078018611,0.02005199435085603
baseline,rephrased,strengths,human_vs_claude,vendi_slope,q=0..2,y1::9,,3,-0.4971367466059428,-0.49703569003427833,-0.00010105657166448179
baseline,rephrased,strengths,human_vs_claude,vendi_slope,q=0..2,y2::1,,3,-0.4953900756778729,-0.48218195147430987,-0.013208124203563043
baseline,rephrased,strengths,human_vs_claude,vendi_slope,q=0..2,y2::10,,3,-0.4961779250115433,-0.4828848490529519,-0.01329307595859136
baseline,rephrased,strengths,human_vs_claude,vendi_slope,q=0..2,y2::11,,4,-0.6373156864850829,-0.6223017013573355,-0.01501398512774732
baseline,rephrased,strengths,human_vs_claude,vendi_slope,q=0..2,y2::2,,3,-0.5148805372757665,-0.4903809513100521,-0.024499585965714443
baseline,rephrased,strengths,human_vs_claude,vendi_slope,q=0..2,y2::3,,4,-0.6453817789517208,-0.6262579193321256,-0.019123859619595174
baseline,rephrased,strengths,human_vs_claude,vendi_slope,q=0..2,y2::4,,2,-0.3197957668384673,-0.2972587712666098,-0.022536995571857454
baseline,rephrased,strengths,human_vs_claude,vendi_slope,q=0..2,y2::5,,4,-0.6587612380084915,-0.6286231116878197,-0.03013812632067181
baseline,rephrased,strengths,human_vs_claude,vendi_slope,q=0..2,y2::6,,4,-0.6435055653918194,-0.6123287709788502,-0.031176794412969167
baseline,rephrased,strengths,human_vs_claude,vendi_slope,q=0..2,y2::7,,4,-0.6270919879343991,-0.6165503730877078,-0.01054161484669136
baseline,rephrased,strengths,human_vs_claude,vendi_slope,q=0..2,y2::8,,3,-0.5154397956276056,-0.4956650468770188,-0.019774748750586768
baseline,rephrased,strengths,human_vs_claude,vendi_slope,q=0..2,y2::9,,4,-0.6466471880105552,-0.6201114228304252,-0.02653576518013001
baseline,rephrased,strengths,human_vs_claude,ripley_excess,r=panel_q01_q50,y1::1,,4,0.0,0.006300134080219467,-0.006300134080219467
baseline,rephrased,strengths,human_vs_claude,ripley_excess,r=panel_q01_q50,y1::10,,4,0.0,0.011204266420926506,-0.011204266420926506
baseline,rephrased,strengths,human_vs_claude,ripley_excess,r=panel_q01_q50,y1::11,,4,0.0,0.021021355377185486,-0.021021355377185486
baseline,rephrased,strengths,human_vs_claude,ripley_excess,r=panel_q01_q50,y1::12,,4,0.0,0.00922608363678016,-0.00922608363678016
baseline,rephrased,strengths,human_vs_claude,ripley_excess,r=panel_q01_q50,y1::2,,3,0.0,0.015924732260693453,-0.015924732260693453
baseline,rephrased,strengths,human_vs_claude,ripley_excess,r=panel_q01_q50,y1::3,,4,0.0,0.01710908878225445,-0.01710908878225445
baseline,rephrased,strengths,human_vs_claude,ripley_excess,r=panel_q01_q50,y1::4,,4,0.0,0.012917594253040654,-0.012917594253040654
baseline,rephrased,strengths,human_vs_claude,ripley_excess,r=panel_q01_q50,y1::5,,4,0.0,0.01955380374545675,-0.01955380374545675
baseline,rephrased,strengths,human_vs_claude,ripley_excess,r=panel_q01_q50,y1::6,,4,0.0,0.006867316685960037,-0.006867316685960037
baseline,rephrased,strengths,human_vs_claude,ripley_excess,r=panel_q01_q50,y1::7,,4,0.0,0.007285999261083824,-0.007285999261083824
baseline,rephrased,strengths,human_vs_claude,ripley_excess,r=panel_q01_q50,y1::8,,5,0.0,0.057590469433798114,-0.057590469433798114
baseline,rephrased,strengths,human_vs_claude,ripley_excess,r=panel_q01_q50,y1::9,,3,0.0,0.013155910272432413,-0.013155910272432413
baseline,rephrased,strengths,human_vs_claude,ripley_excess,r=panel_q01_q50,y2::1,,3,0.0,0.016204750925729282,-0.016204750925729282
baseline,rephrased,strengths,human_vs_claude,ripley_excess,r=panel_q01_q50,y2::10,,3,0.0,0.0020884345268881283,-0.0020884345268881283
baseline,rephrased,strengths,human_vs_claude,ripley_excess,r=panel_q01_q50,y2::11,,4,0.0,0.008351465406376537,-0.008351465406376537
baseline,rephrased,strengths,human_vs_claude,ripley_excess,r=panel_q01_q50,y2::2,,3,0.0,0.004704935968430654,-0.004704935968430654
baseline,rephrased,strengths,human_vs_claude,ripley_excess,r=panel_q01_q50,y2::3,,4,0.0,0.0034378918153854443,-0.0034378918153854443
baseline,rephrased,strengths,human_vs_claude,ripley_excess,r=panel_q01_q50,y2::4,,2,0.0,0.0021154458662820843,-0.0021154458662820843
baseline,rephrased,strengths,human_vs_claude,ripley_excess,r=panel_q01_q50,y2::5,,4,0.0,0.0005224380997020959,-0.0005224380997020959
baseline,rephrased,strengths,human_vs_claude,ripley_excess,r=panel_q01_q50,y2::6,,4,0.0,0.003265248996849187,-0.003265248996849187
baseline,rephrased,strengths,human_vs_claude,ripley_excess,r=panel_q01_q50,y2::7,,4,0.0,0.011952039370424961,-0.011952039370424961
baseline,rephrased,strengths,human_vs_claude,ripley_excess,r=panel_q01_q50,y2::8,,3,0.0,0.005087139152545218,-0.005087139152545218
baseline,rephrased,strengths,human_vs_claude,ripley_excess,r=panel_q01_q50,y2::9,,4,0.0,0.008145468185378466,-0.008145468185378466
baseline,rephrased,strengths,human_vs_gemini,vendi,q=1,y1::1,,4,1.2292479981343283,1.4504293782588698,-0.22118138012454147
baseline,rephrased,strengths,human_vs_gemini,vendi,q=1,y1::10,,4,1.3454099707742164,1.4332686581400085,-0.08785868736579205
baseline,rephrased,strengths,human_vs_gemini,vendi,q=1,y1::11,,4,1.3120275084624446,1.3422961945125733,-0.030268686050128668
baseline,rephrased,strengths,human_vs_gemini,vendi,q=1,y1::12,,4,1.2942784127278855,1.3511124351289947,-0.05683402240110924
baseline,rephrased,strengths,human_vs_gemini,vendi,q=1,y1::2,,3,1.2731510091246347,1.3435816076598617,-0.07043059853522693
baseline,rephrased,strengths,human_vs_gemini,vendi,q=1,y1::3,,4,1.3241286261743992,1.3150991625674495,0.009029463606949673
baseline,rephrased,strengths,human_vs_gemini,vendi,q=1,y1::4,,4,1.2630769324549072,1.405943772826417,-0.14286684037150987
baseline,rephrased,strengths,human_vs_gemini,vendi,q=1,y1::5,,4,1.3227425453883581,1.384304180204175,-0.06156163481581678
baseline,rephrased,strengths,human_vs_gemini,vendi,q=1,y1::6,,4,1.3017535438379568,1.4574264966411667,-0.15567295280320992
baseline,rephrased,strengths,human_vs_gemini,vendi,q=1,y1::7,,4,1.280808667357503,1.2890329445968696,-0.008224277239366584
baseline,rephrased,strengths,human_vs_gemini,vendi,q=1,y1::8,,5,1.3933062296308194,1.351493536894121,0.04181269273669841
baseline,rephrased,strengths,human_vs_gemini,vendi,q=1,y1::9,,3,1.2687794924041595,1.3507247560709668,-0.08194526366680721
baseline,rephrased,strengths,human_vs_gemini,vendi,q=1,y2::1,,3,1.2758781121866782,1.3331564340123823,-0.057278321825704026
baseline,rephrased,strengths,human_vs_gemini,vendi,q=1,y2::10,,3,1.2688515770599202,1.3518828910854945,-0.08303131402557429
baseline,rephrased,strengths,human_vs_gemini,vendi,q=1,y2::11,,4,1.3102648929081717,1.4159491115520186,-0.10568421864384692
baseline,rephrased,strengths,human_vs_gemini,vendi,q=1,y2::2,,3,1.1871422089281294,1.241807571606183,-0.05466536267805355
baseline,rephrased,strengths,human_vs_gemini,vendi,q=1,y2::3,,4,1.2690366346528932,1.3340879920326891,-0.06505135737979595
baseline,rephrased,strengths,human_vs_gemini,vendi,q=1,y2::4,,2,1.1313420431992447,1.213235330377328,-0.08189328717808331
baseline,rephrased,strengths,human_vs_gemini,vendi,q=1,y2::5,,4,1.2037225626127028,1.3651647186400981,-0.1614421560273953
baseline,rephrased,strengths,human_vs_gemini,vendi,q=1,y2::6,,4,1.280279492117088,1.3761243827100231,-0.09584489059293522
baseline,rephrased,strengths,human_vs_gemini,vendi,q=1,y2::7,,4,1.35807763044442,1.4180153119260646,-0.05993768148164458
baseline,rephrased,strengths,human_vs_gemini,vendi,q=1,y2::8,,3,1.1851767219475835,1.338772697594515,-0.1535959756469314
baseline,rephrased,strengths,human_vs_gemini,vendi,q=1,y2::9,,4,1.2656107335349664,1.476016471019194,-0.21040573748422764
baseline,rephrased,strengths,human_vs_gemini,participation_ratio,,y1::1,,4,2.8322251732180197,2.5164311183568793,0.3157940548611404
baseline,rephrased,strengths,human_vs_gemini,participation_ratio,,y1::10,,4,2.418269847531298,2.7306934160978082,-0.3124235685665102
baseline,rephrased,strengths,human_vs_gemini,participation_ratio,,y1::11,,4,2.910234278720753,2.439626543130761,0.47060773558999225
baseline,rephrased,strengths,human_vs_gemini,participation_ratio,,y1::12,,4,2.5520411907834237,2.3006369774012994,0.2514042133821244
baseline,rephrased,strengths,human_vs_gemini,participation_ratio,,y1::2,,3,1.7420922782089097,1.8003953195832971,-0.058303041374387465
baseline,rephrased,strengths,human_vs_gemini,participation_ratio,,y1::3,,4,2.724816024075717,2.774288616161843,-0.04947259208612609
baseline,rephrased,strengths,human_vs_gemini,participation_ratio,,y1::4,,4,2.7606797383467048,2.7018616112869465,0.05881812705975831
baseline,rephrased,strengths,human_vs_gemini,participation_ratio,,y1::5,,4,2.703404657269732,2.8427042120871926,-0.1392995548174607
baseline,rephrased,strengths,human_vs_gemini,participation_ratio,,y1::6,,4,2.9169417804354887,2.7554165570026035,0.16152522343288522
baseline,rephrased,strengths,human_vs_gemini,participation_ratio,,y1::7,,4,2.812316271074324,2.82003574435989,-0.007719473285566103
baseline,rephrased,strengths,human_vs_gemini,participation_ratio,,y1::8,,5,3.1584801460267027,3.657946769870292,-0.4994666238435892
baseline,rephrased,strengths,human_vs_gemini,participation_ratio,,y1::9,,3,1.9446127022347965,1.9035634380117716,0.041049264223024906
baseline,rephrased,strengths,human_vs_gemini,participation_ratio,,y2::1,,3,1.9047770494309746,1.9537029303184823,-0.04892588088750771
baseline,rephrased,strengths,human_vs_gemini,participation_ratio,,y2::10,,3,1.7191913996975456,1.8366627476209767,-0.11747134792343106
baseline,rephrased,strengths,human_vs_gemini,participation_ratio,,y2::11,,4,2.7227701930920385,2.8193306394222746,-0.09656044633023608
baseline,rephrased,strengths,human_vs_gemini,participation_ratio,,y2::2,,3,1.8855985584526747,1.9205545341685113,-0.03495597571583664
baseline,rephrased,strengths,human_vs_gemini,participation_ratio,,y2::3,,4,2.634999606882849,2.255416239517893,0.379583367364956
baseline,rephrased,strengths,human_vs_gemini,participation_ratio,,y2::4,,2,1.0,1.0,0.0
baseline,rephrased,strengths,human_vs_gemini,participation_ratio,,y2::5,,4,2.940507813704693,2.6762804567012966,0.2642273570033966
baseline,rephrased,strengths,human_vs_gemini,participation_ratio,,y2::6,,4,2.785331912485659,2.9070427632264924,-0.12171085074083354
baseline,rephrased,strengths,human_vs_gemini,participation_ratio,,y2::7,,4,2.5998829829683476,2.868778161990217,-0.26889517902186943
baseline,rephrased,strengths,human_vs_gemini,participation_ratio,,y2::8,,3,1.9498228488549634,1.8657494447407987,0.08407340411416464
baseline,rephrased,strengths,human_vs_gemini,participation_ratio,,y2::9,,4,2.903208367813149,2.758008643281288,0.14519972453186103
baseline,rephrased,strengths,human_vs_gemini,effective_rank,,y1::1,,4,2.9144666959145336,2.710794030662206,0.20367266525232752
baseline,rephrased,strengths,human_vs_gemini,effective_rank,,y1::10,,4,2.6751384929974256,2.853604163944926,-0.17846567094750032
baseline,rephrased,strengths,human_vs_gemini,effective_rank,,y1::11,,4,2.955599014632836,2.6837091634752026,0.27188985115763353
baseline,rephrased,strengths,human_vs_gemini,effective_rank,,y1::12,,4,2.7378660131429147,2.5960961525762105,0.14176986056670415
baseline,rephrased,strengths,human_vs_gemini,effective_rank,,y1::2,,3,1.8536945854883398,1.8882013998245106,-0.034506814336170866
baseline,rephrased,strengths,human_vs_gemini,effective_rank,,y1::3,,4,2.8478185602634474,2.8748375908227497,-0.027019030559302326
baseline,rephrased,strengths,human_vs_gemini,effective_rank,,y1::4,,4,2.8745697166660578,2.834338067379002,0.04023164928705558
baseline,rephrased,strengths,human_vs_gemini,effective_rank,,y1::5,,4,2.8315487196041755,2.916435989858419,-0.08488727025424359
baseline,rephrased,strengths,human_vs_gemini,effective_rank,,y1::6,,4,2.955708488438423,2.8672913601240286,0.08841712831439441
baseline,rephrased,strengths,human_vs_gemini,effective_rank,,y1::7,,4,2.8973679775345658,2.898426978194363,-0.001059000659797249
baseline,rephrased,strengths,human_vs_gemini,effective_rank,,y1::8,,5,3.5377367802209423,3.8124064710206853,-0.274669690799743
baseline,rephrased,strengths,human_vs_gemini,effective_rank,,y1::9,,3,1.9715845876541949,1.9487107633038339,0.022873824350361005
baseline,rephrased,strengths,human_vs_gemini,effective_rank,,y2::1,,3,1.9502134171956451,1.9760802895661744,-0.025866872370529315
baseline,rephrased,strengths,human_vs_gemini,effective_rank,,y2::10,,3,1.8387678357217028,1.9080860327672169,-0.06931819704551412
baseline,rephrased,strengths,human_vs_gemini,effective_rank,,y2::11,,4,2.8551359037262243,2.9064806116293265,-0.051344707903102194
baseline,rephrased,strengths,human_vs_gemini,effective_rank,,y2::2,,3,1.9396298548241082,1.9578901615869924,-0.01826030676288415
baseline,rephrased,strengths,human_vs_gemini,effective_rank,,y2::3,,4,2.796385541866599,2.5620728145770095,0.23431272728958952
baseline,rephrased,strengths,human_vs_gemini,effective_rank,,y2::4,,2,1.0,1.0,0.0
baseline,rephrased,strengths,human_vs_gemini,effective_rank,,y2::5,,4,2.970272266173818,2.8212764983758882,0.1489957677979299
baseline,rephrased,strengths,human_vs_gemini,effective_rank,,y2::6,,4,2.8902865280155057,2.952997261801732,-0.06271073378622649
baseline,rephrased,strengths,human_vs_gemini,effective_rank,,y2::7,,4,2.7765177643114884,2.929532853887203,-0.15301508957571475
baseline,rephrased,strengths,human_vs_gemini,effective_rank,,y2::8,,3,1.9743205462123938,1.9253472110306806,0.04897333518171321
baseline,rephrased,strengths,human_vs_gemini,effective_rank,,y2::9,,4,2.949491906032373,2.8745902631278115,0.0749016429045617
baseline,rephrased,strengths,human_vs_gemini,coverage_geometric,k=panel_adaptive,y1::1,,4,1.0,0.0,1.0
baseline,rephrased,strengths,human_vs_gemini,coverage_geometric,k=panel_adaptive,y1::10,,4,1.0,0.95,0.050000000000000044
baseline,rephrased,strengths,human_vs_gemini,coverage_geometric,k=panel_adaptive,y1::11,,4,1.0,0.95,0.050000000000000044
baseline,rephrased,strengths,human_vs_gemini,coverage_geometric,k=panel_adaptive,y1::12,,4,1.0,1.0,0.0
baseline,rephrased,strengths,human_vs_gemini,coverage_geometric,k=panel_adaptive,y1::2,,3,1.0,0.9666666666666666,0.03333333333333344
baseline,rephrased,strengths,human_vs_gemini,coverage_geometric,k=panel_adaptive,y1::3,,4,1.0,1.0,0.0
baseline,rephrased,strengths,human_vs_gemini,coverage_geometric,k=panel_adaptive,y1::4,,4,1.0,0.65,0.35
baseline,rephrased,strengths,human_vs_gemini,coverage_geometric,k=panel_adaptive,y1::5,,4,1.0,1.0,0.0
baseline,rephrased,strengths,human_vs_gemini,coverage_geometric,k=panel_adaptive,y1::6,,4,1.0,0.4,0.6
baseline,rephrased,strengths,human_vs_gemini,coverage_geometric,k=panel_adaptive,y1::7,,4,1.0,0.95,0.050000000000000044
baseline,rephrased,strengths,human_vs_gemini,coverage_geometric,k=panel_adaptive,y1::8,,5,1.0,1.0,0.0
baseline,rephrased,strengths,human_vs_gemini,coverage_geometric,k=panel_adaptive,y1::9,,3,1.0,0.5333333333333332,0.4666666666666668
baseline,rephrased,strengths,human_vs_gemini,coverage_geometric,k=panel_adaptive,y2::1,,3,1.0,0.9333333333333332,0.06666666666666676
baseline,rephrased,strengths,human_vs_gemini,coverage_geometric,k=panel_adaptive,y2::10,,3,1.0,1.0,0.0
baseline,rephrased,strengths,human_vs_gemini,coverage_geometric,k=panel_adaptive,y2::11,,4,1.0,0.95,0.050000000000000044
baseline,rephrased,strengths,human_vs_gemini,coverage_geometric,k=panel_adaptive,y2::2,,3,1.0,0.8333333333333334,0.16666666666666663
baseline,rephrased,strengths,human_vs_gemini,coverage_geometric,k=panel_adaptive,y2::3,,4,1.0,1.0,0.0
baseline,rephrased,strengths,human_vs_gemini,coverage_geometric,k=panel_adaptive,y2::4,,2,1.0,0.0,1.0
baseline,rephrased,strengths,human_vs_gemini,coverage_geometric,k=panel_adaptive,y2::5,,4,1.0,0.0,1.0
baseline,rephrased,strengths,human_vs_gemini,coverage_geometric,k=panel_adaptive,y2::6,,4,1.0,0.9,0.09999999999999998
baseline,rephrased,strengths,human_vs_gemini,coverage_geometric,k=panel_adaptive,y2::7,,4,1.0,1.0,0.0
baseline,rephrased,strengths,human_vs_gemini,coverage_geometric,k=panel_adaptive,y2::8,,3,1.0,0.0,1.0
baseline,rephrased,strengths,human_vs_gemini,coverage_geometric,k=panel_adaptive,y2::9,,4,1.0,0.4,0.6
baseline,rephrased,strengths,human_vs_gemini,vendi_slope,q=0..2,y1::1,,4,-0.6536731429703724,-0.6072276536980813,-0.046445489272291085
baseline,rephrased,strengths,human_vs_gemini,vendi_slope,q=0..2,y1::10,,4,-0.6291231708234949,-0.6119488270940128,-0.017174343729482122
baseline,rephrased,strengths,human_vs_gemini,vendi_slope,q=0..2,y1::11,,4,-0.6374248373977519,-0.629652639655551,-0.007772197742200948
baseline,rephrased,strengths,human_vs_gemini,vendi_slope,q=0..2,y1::12,,4,-0.640014990445977,-0.6272961040967763,-0.012718886349200709
baseline,rephrased,strengths,human_vs_gemini,vendi_slope,q=0..2,y1::2,,3,-0.4953054904900729,-0.4790625665262378,-0.016242923963835088
baseline,rephrased,strengths,human_vs_gemini,vendi_slope,q=0..2,y1::3,,4,-0.6344639233444683,-0.6364263669775002,0.001962443633031885
baseline,rephrased,strengths,human_vs_gemini,vendi_slope,q=0..2,y1::4,,4,-0.6468750773068119,-0.6175196857162526,-0.029355391590559332
baseline,rephrased,strengths,human_vs_gemini,vendi_slope,q=0..2,y1::5,,4,-0.6346617963142693,-0.6225273499360299,-0.01213444637823946
baseline,rephrased,strengths,human_vs_gemini,vendi_slope,q=0..2,y1::6,,4,-0.6394834853676985,-0.6070085355775714,-0.032474949790127106
baseline,rephrased,strengths,human_vs_gemini,vendi_slope,q=0..2,y1::7,,4,-0.643427764605174,-0.6417881804343183,-0.0016395841708557457
baseline,rephrased,strengths,human_vs_gemini,vendi_slope,q=0..2,y1::8,,5,-0.7358622134510051,-0.7449358736639322,0.009073660212927104
baseline,rephrased,strengths,human_vs_gemini,vendi_slope,q=0..2,y1::9,,3,-0.4971367466059428,-0.4780460709746702,-0.01909067563127259
baseline,rephrased,strengths,human_vs_gemini,vendi_slope,q=0..2,y2::1,,3,-0.4953900756778729,-0.48245283957732427,-0.012937236100548644
baseline,rephrased,strengths,human_vs_gemini,vendi_slope,q=0..2,y2::10,,3,-0.4961779250115433,-0.4772265585055552,-0.01895136650598811
baseline,rephrased,strengths,human_vs_gemini,vendi_slope,q=0..2,y2::11,,4,-0.6373156864850829,-0.6159245169410223,-0.021391169544060507
baseline,rephrased,strengths,human_vs_gemini,vendi_slope,q=0..2,y2::2,,3,-0.5148805372757665,-0.5030302653701183,-0.011850271905648246
baseline,rephrased,strengths,human_vs_gemini,vendi_slope,q=0..2,y2::3,,4,-0.6453817789517208,-0.6307518657638977,-0.01462991318782303
baseline,rephrased,strengths,human_vs_gemini,vendi_slope,q=0..2,y2::4,,2,-0.3197957668384673,-0.2975564319555282,-0.022239334882939055
baseline,rephrased,strengths,human_vs_gemini,vendi_slope,q=0..2,y2::5,,4,-0.6587612380084915,-0.6258798552370133,-0.03288138277147823
baseline,rephrased,strengths,human_vs_gemini,vendi_slope,q=0..2,y2::6,,4,-0.6435055653918194,-0.6244180916984303,-0.019087473693389034
baseline,rephrased,strengths,human_vs_gemini,vendi_slope,q=0..2,y2::7,,4,-0.6270919879343991,-0.6156676841129147,-0.011424303821484405
baseline,rephrased,strengths,human_vs_gemini,vendi_slope,q=0..2,y2::8,,3,-0.5154397956276056,-0.48058209834142646,-0.0348576972861791
baseline,rephrased,strengths,human_vs_gemini,vendi_slope,q=0..2,y2::9,,4,-0.6466471880105552,-0.6031038064558701,-0.04354338155468507
baseline,rephrased,strengths,human_vs_gemini,ripley_excess,r=panel_q01_q50,y1::1,,4,0.0,0.010013857316643306,-0.010013857316643306
baseline,rephrased,strengths,human_vs_gemini,ripley_excess,r=panel_q01_q50,y1::10,,4,0.0,0.02148071255622775,-0.02148071255622775
baseline,rephrased,strengths,human_vs_gemini,ripley_excess,r=panel_q01_q50,y1::11,,4,0.0,0.019728888476473833,-0.019728888476473833
baseline,rephrased,strengths,human_vs_gemini,ripley_excess,r=panel_q01_q50,y1::12,,4,0.0,0.017283905818871667,-0.017283905818871667
baseline,rephrased,strengths,human_vs_gemini,ripley_excess,r=panel_q01_q50,y1::2,,3,0.0,0.01318087850018183,-0.01318087850018183
baseline,rephrased,strengths,human_vs_gemini,ripley_excess,r=panel_q01_q50,y1::3,,4,0.0,0.020573469199142456,-0.020573469199142456
baseline,rephrased,strengths,human_vs_gemini,ripley_excess,r=panel_q01_q50,y1::4,,4,0.0,0.0064151204230715134,-0.0064151204230715134
baseline,rephrased,strengths,human_vs_gemini,ripley_excess,r=panel_q01_q50,y1::5,,4,0.0,0.007093395038429021,-0.007093395038429021
baseline,rephrased,strengths,human_vs_gemini,ripley_excess,r=panel_q01_q50,y1::6,,4,0.0,0.014169889709893597,-0.014169889709893597
baseline,rephrased,strengths,human_vs_gemini,ripley_excess,r=panel_q01_q50,y1::7,,4,0.0,0.013311507170863374,-0.013311507170863374
baseline,rephrased,strengths,human_vs_gemini,ripley_excess,r=panel_q01_q50,y1::8,,5,0.0,0.023779148992040103,-0.023779148992040103
baseline,rephrased,strengths,human_vs_gemini,ripley_excess,r=panel_q01_q50,y1::9,,3,0.0,0.006094276630094783,-0.006094276630094783
baseline,rephrased,strengths,human_vs_gemini,ripley_excess,r=panel_q01_q50,y2::1,,3,0.0,0.0027812164735530193,-0.0027812164735530193
baseline,rephrased,strengths,human_vs_gemini,ripley_excess,r=panel_q01_q50,y2::10,,3,0.0,0.008299581328711395,-0.008299581328711395
baseline,rephrased,strengths,human_vs_gemini,ripley_excess,r=panel_q01_q50,y2::11,,4,0.0,0.0014275920514184033,-0.0014275920514184033
baseline,rephrased,strengths,human_vs_gemini,ripley_excess,r=panel_q01_q50,y2::2,,3,0.0,0.0021039349318966315,-0.0021039349318966315
baseline,rephrased,strengths,human_vs_gemini,ripley_excess,r=panel_q01_q50,y2::3,,4,0.0,0.01667612458544206,-0.01667612458544206
baseline,rephrased,strengths,human_vs_gemini,ripley_excess,r=panel_q01_q50,y2::4,,2,0.0,0.009518075845292368,-0.009518075845292368
baseline,rephrased,strengths,human_vs_gemini,ripley_excess,r=panel_q01_q50,y2::5,,4,0.0,0.004074892860894743,-0.004074892860894743
baseline,rephrased,strengths,human_vs_gemini,ripley_excess,r=panel_q01_q50,y2::6,,4,0.0,0.0010392437908015458,-0.0010392437908015458
baseline,rephrased,strengths,human_vs_gemini,ripley_excess,r=panel_q01_q50,y2::7,,4,0.0,0.005288131772026314,-0.005288131772026314
baseline,rephrased,strengths,human_vs_gemini,ripley_excess,r=panel_q01_q50,y2::8,,3,0.0,0.0055751291740268275,-0.0055751291740268275
baseline,rephrased,strengths,human_vs_gemini,ripley_excess,r=panel_q01_q50,y2::9,,4,0.0,0.002181536098741571,-0.002181536098741571
baseline,rephrased,strengths,human_vs_gpt,vendi,q=1,y1::1,,4,1.2292479981343283,1.3577250757433523,-0.12847707760902405
baseline,rephrased,strengths,human_vs_gpt,vendi,q=1,y1::10,,4,1.3454099707742164,1.2803526871470843,0.06505728362713215
baseline,rephrased,strengths,human_vs_gpt,vendi,q=1,y1::11,,4,1.3120275084624446,1.3353625713506203,-0.02333506288817566
baseline,rephrased,strengths,human_vs_gpt,vendi,q=1,y1::12,,4,1.2942784127278855,1.2565903607194782,0.0376880520084073
baseline,rephrased,strengths,human_vs_gpt,vendi,q=1,y1::2,,3,1.2731510091246347,1.2335641894678422,0.03958681965679256
baseline,rephrased,strengths,human_vs_gpt,vendi,q=1,y1::3,,4,1.3241286261743992,1.2176652715034695,0.10646335467092971
baseline,rephrased,strengths,human_vs_gpt,vendi,q=1,y1::4,,4,1.2630769324549072,1.2774814392461933,-0.014404506791286131
baseline,rephrased,strengths,human_vs_gpt,vendi,q=1,y1::5,,4,1.3227425453883581,1.2507439697906184,0.0719985755977397
baseline,rephrased,strengths,human_vs_gpt,vendi,q=1,y1::6,,4,1.3017535438379568,1.3569575039091923,-0.055203960071235514
baseline,rephrased,strengths,human_vs_gpt,vendi,q=1,y1::7,,4,1.280808667357503,1.260646647262261,0.020162020095241928
baseline,rephrased,strengths,human_vs_gpt,vendi,q=1,y1::8,,5,1.3933062296308194,1.3482298108056532,0.04507641882516622
baseline,rephrased,strengths,human_vs_gpt,vendi,q=1,y1::9,,3,1.2687794924041595,1.2559381221512294,0.012841370252930195
baseline,rephrased,strengths,human_vs_gpt,vendi,q=1,y2::1,,3,1.2758781121866782,1.240322531263304,0.0355555809233743
baseline,rephrased,strengths,human_vs_gpt,vendi,q=1,y2::10,,3,1.2688515770599202,1.289929926027414,-0.02107834896749372
baseline,rephrased,strengths,human_vs_gpt,vendi,q=1,y2::11,,4,1.3102648929081717,1.3279393146980185,-0.017674421789846795
baseline,rephrased,strengths,human_vs_gpt,vendi,q=1,y2::2,,3,1.1871422089281294,1.2231145499992873,-0.035972341071157876
baseline,rephrased,strengths,human_vs_gpt,vendi,q=1,y2::3,,4,1.2690366346528932,1.280414111808987,-0.011377477156093718
baseline,rephrased,strengths,human_vs_gpt,vendi,q=1,y2::4,,2,1.1313420431992447,1.1634657120061274,-0.032123668806882666
baseline,rephrased,strengths,human_vs_gpt,vendi,q=1,y2::5,,4,1.2037225626127028,1.300926606864252,-0.09720404425154916
baseline,rephrased,strengths,human_vs_gpt,vendi,q=1,y2::6,,4,1.280279492117088,1.3307110500413533,-0.05043155792426535
baseline,rephrased,strengths,human_vs_gpt,vendi,q=1,y2::7,,4,1.35807763044442,1.3226398568658435,0.03543777357857647
baseline,rephrased,strengths,human_vs_gpt,vendi,q=1,y2::8,,3,1.1851767219475835,1.2964827623355684,-0.11130604038798486
baseline,rephrased,strengths,human_vs_gpt,vendi,q=1,y2::9,,4,1.2656107335349664,1.3211520983929341,-0.05554136485796768
baseline,rephrased,strengths,human_vs_gpt,participation_ratio,,y1::1,,4,2.8322251732180197,2.4476209490123018,0.38460422420571794
baseline,rephrased,strengths,human_vs_gpt,participation_ratio,,y1::10,,4,2.418269847531298,2.5770639380876808,-0.15879409055638272
baseline,rephrased,strengths,human_vs_gpt,participation_ratio,,y1::11,,4,2.910234278720753,2.2853109464289707,0.6249233322917824
baseline,rephrased,strengths,human_vs_gpt,participation_ratio,,y1::12,,4,2.5520411907834237,2.8579025239133466,-0.3058613331299229
baseline,rephrased,strengths,human_vs_gpt,participation_ratio,,y1::2,,3,1.7420922782089097,1.8297525188992967,-0.08766024069038703
baseline,rephrased,strengths,human_vs_gpt,participation_ratio,,y1::3,,4,2.724816024075717,2.7071017202047685,0.017714303870948633
baseline,rephrased,strengths,human_vs_gpt,participation_ratio,,y1::4,,4,2.7606797383467048,2.726596200135206,0.03408353821149879
baseline,rephrased,strengths,human_vs_gpt,participation_ratio,,y1::5,,4,2.703404657269732,2.609045570147644,0.09435908712208807
baseline,rephrased,strengths,human_vs_gpt,participation_ratio,,y1::6,,4,2.9169417804354887,2.7704862157433023,0.14645556469218635
baseline,rephrased,strengths,human_vs_gpt,participation_ratio,,y1::7,,4,2.812316271074324,2.7190353646093177,0.0932809064650062
baseline,rephrased,strengths,human_vs_gpt,participation_ratio,,y1::8,,5,3.1584801460267027,2.8190558695369954,0.3394242764897073
baseline,rephrased,strengths,human_vs_gpt,participation_ratio,,y1::9,,3,1.9446127022347965,1.8401954650045282,0.1044172372302683
baseline,rephrased,strengths,human_vs_gpt,participation_ratio,,y2::1,,3,1.9047770494309746,1.87569602478584,0.029081024645134512
baseline,rephrased,strengths,human_vs_gpt,participation_ratio,,y2::10,,3,1.7191913996975456,1.8853601668099338,-0.16616876711238815
baseline,rephrased,strengths,human_vs_gpt,participation_ratio,,y2::11,,4,2.7227701930920385,2.733396631582151,-0.010626438490112466
baseline,rephrased,strengths,human_vs_gpt,participation_ratio,,y2::2,,3,1.8855985584526747,1.8761448947932446,0.009453663659430012
baseline,rephrased,strengths,human_vs_gpt,participation_ratio,,y2::3,,4,2.634999606882849,2.722289007855383,-0.08728940097253401
baseline,rephrased,strengths,human_vs_gpt,participation_ratio,,y2::4,,2,1.0,1.0,0.0
baseline,rephrased,strengths,human_vs_gpt,participation_ratio,,y2::5,,4,2.940507813704693,2.5649382524263737,0.3755695612783194
baseline,rephrased,strengths,human_vs_gpt,participation_ratio,,y2::6,,4,2.785331912485659,2.6305666759311928,0.15476523655446606
baseline,rephrased,strengths,human_vs_gpt,participation_ratio,,y2::7,,4,2.5998829829683476,2.678257084773266,-0.07837410180491844
baseline,rephrased,strengths,human_vs_gpt,participation_ratio,,y2::8,,3,1.9498228488549634,1.7052869129375074,0.24453593591745593
baseline,rephrased,strengths,human_vs_gpt,participation_ratio,,y2::9,,4,2.903208367813149,2.4350854818795855,0.46812288593356355
baseline,rephrased,strengths,human_vs_gpt,effective_rank,,y1::1,,4,2.9144666959145336,2.6783170234140563,0.23614967250047725
baseline,rephrased,strengths,human_vs_gpt,effective_rank,,y1::10,,4,2.6751384929974256,2.7739925810722648,-0.0988540880748392
baseline,rephrased,strengths,human_vs_gpt,effective_rank,,y1::11,,4,2.955599014632836,2.5691805314772984,0.38641848315553773
baseline,rephrased,strengths,human_vs_gpt,effective_rank,,y1::12,,4,2.7378660131429147,2.9221417029511922,-0.18427568980827758
baseline,rephrased,strengths,human_vs_gpt,effective_rank,,y1::2,,3,1.8536945854883398,1.9043296904212876,-0.05063510493294787
baseline,rephrased,strengths,human_vs_gpt,effective_rank,,y1::3,,4,2.8478185602634474,2.837825142531831,0.00999341773161655
baseline,rephrased,strengths,human_vs_gpt,effective_rank,,y1::4,,4,2.8745697166660578,2.859801125482148,0.01476859118390994
baseline,rephrased,strengths,human_vs_gpt,effective_rank,,y1::5,,4,2.8315487196041755,2.7887430715419965,0.042805648062179014
baseline,rephrased,strengths,human_vs_gpt,effective_rank,,y1::6,,4,2.955708488438423,2.877892977276043,0.07781551116238017
baseline,rephrased,strengths,human_vs_gpt,effective_rank,,y1::7,,4,2.8973679775345658,2.833557307992315,0.06381066954225068
baseline,rephrased,strengths,human_vs_gpt,effective_rank,,y1::8,,5,3.5377367802209423,3.3189917452091686,0.21874503501177367
baseline,rephrased,strengths,human_vs_gpt,effective_rank,,y1::9,,3,1.9715845876541949,1.906928441067294,0.06465614658690089
baseline,rephrased,strengths,human_vs_gpt,effective_rank,,y2::1,,3,1.9502134171956451,1.9321095091790983,0.01810390801654682
baseline,rephrased,strengths,human_vs_gpt,effective_rank,,y2::10,,3,1.8387678357217028,1.9367993662803964,-0.09803153055869362
baseline,rephrased,strengths,human_vs_gpt,effective_rank,,y2::11,,4,2.8551359037262243,2.8590729992385198,-0.003937095512295485
baseline,rephrased,strengths,human_vs_gpt,effective_rank,,y2::2,,3,1.9396298548241082,1.9322806851318783,0.007349169692229873
baseline,rephrased,strengths,human_vs_gpt,effective_rank,,y2::3,,4,2.796385541866599,2.848754594464777,-0.05236905259817792
baseline,rephrased,strengths,human_vs_gpt,effective_rank,,y2::4,,2,1.0,1.0,0.0
baseline,rephrased,strengths,human_vs_gpt,effective_rank,,y2::5,,4,2.970272266173818,2.7443355093849666,0.2259367567888515
baseline,rephrased,strengths,human_vs_gpt,effective_rank,,y2::6,,4,2.8902865280155057,2.7992611077337757,0.09102542028173
baseline,rephrased,strengths,human_vs_gpt,effective_rank,,y2::7,,4,2.7765177643114884,2.820726336321955,-0.04420857201046635
baseline,rephrased,strengths,human_vs_gpt,effective_rank,,y2::8,,3,1.9743205462123938,1.8223051539179145,0.15201539229447936
baseline,rephrased,strengths,human_vs_gpt,effective_rank,,y2::9,,4,2.949491906032373,2.6763962671033052,0.27309563892906796
baseline,rephrased,strengths,human_vs_gpt,coverage_geometric,k=panel_adaptive,y1::1,,4,1.0,0.9,0.09999999999999998
baseline,rephrased,strengths,human_vs_gpt,coverage_geometric,k=panel_adaptive,y1::10,,4,1.0,1.0,0.0
baseline,rephrased,strengths,human_vs_gpt,coverage_geometric,k=panel_adaptive,y1::11,,4,1.0,1.0,0.0
baseline,rephrased,strengths,human_vs_gpt,coverage_geometric,k=panel_adaptive,y1::12,,4,1.0,1.0,0.0
baseline,rephrased,strengths,human_vs_gpt,coverage_geometric,k=panel_adaptive,y1::2,,3,1.0,1.0,0.0
baseline,rephrased,strengths,human_vs_gpt,coverage_geometric,k=panel_adaptive,y1::3,,4,1.0,1.0,0.0
baseline,rephrased,strengths,human_vs_gpt,coverage_geometric,k=panel_adaptive,y1::4,,4,1.0,1.0,0.0
baseline,rephrased,strengths,human_vs_gpt,coverage_geometric,k=panel_adaptive,y1::5,,4,1.0,1.0,0.0
baseline,rephrased,strengths,human_vs_gpt,coverage_geometric,k=panel_adaptive,y1::6,,4,1.0,1.0,0.0
baseline,rephrased,strengths,human_vs_gpt,coverage_geometric,k=panel_adaptive,y1::7,,4,1.0,1.0,0.0
baseline,rephrased,strengths,human_vs_gpt,coverage_geometric,k=panel_adaptive,y1::8,,5,1.0,1.0,0.0
baseline,rephrased,strengths,human_vs_gpt,coverage_geometric,k=panel_adaptive,y1::9,,3,1.0,0.33333333333333337,0.6666666666666666
baseline,rephrased,strengths,human_vs_gpt,coverage_geometric,k=panel_adaptive,y2::1,,3,1.0,0.8666666666666666,0.13333333333333341
baseline,rephrased,strengths,human_vs_gpt,coverage_geometric,k=panel_adaptive,y2::10,,3,1.0,1.0,0.0
baseline,rephrased,strengths,human_vs_gpt,coverage_geometric,k=panel_adaptive,y2::11,,4,1.0,1.0,0.0
baseline,rephrased,strengths,human_vs_gpt,coverage_geometric,k=panel_adaptive,y2::2,,3,1.0,0.5333333333333333,0.4666666666666667
baseline,rephrased,strengths,human_vs_gpt,coverage_geometric,k=panel_adaptive,y2::3,,4,1.0,1.0,0.0
baseline,rephrased,strengths,human_vs_gpt,coverage_geometric,k=panel_adaptive,y2::4,,2,1.0,0.0,1.0
baseline,rephrased,strengths,human_vs_gpt,coverage_geometric,k=panel_adaptive,y2::5,,4,1.0,0.0,1.0
baseline,rephrased,strengths,human_vs_gpt,coverage_geometric,k=panel_adaptive,y2::6,,4,1.0,1.0,0.0
baseline,rephrased,strengths,human_vs_gpt,coverage_geometric,k=panel_adaptive,y2::7,,4,1.0,1.0,0.0
baseline,rephrased,strengths,human_vs_gpt,coverage_geometric,k=panel_adaptive,y2::8,,3,1.0,0.7,0.30000000000000004
baseline,rephrased,strengths,human_vs_gpt,coverage_geometric,k=panel_adaptive,y2::9,,4,1.0,0.7,0.30000000000000004
baseline,rephrased,strengths,human_vs_gpt,vendi_slope,q=0..2,y1::1,,4,-0.6536731429703724,-0.6264995993738356,-0.027173543596536787
baseline,rephrased,strengths,human_vs_gpt,vendi_slope,q=0..2,y1::10,,4,-0.6291231708234949,-0.6429615029042978,0.013838332080802873
baseline,rephrased,strengths,human_vs_gpt,vendi_slope,q=0..2,y1::11,,4,-0.6374248373977519,-0.6305288509114577,-0.006895986486294192
baseline,rephrased,strengths,human_vs_gpt,vendi_slope,q=0..2,y1::12,,4,-0.640014990445977,-0.6483286594978855,0.008313669051908557
baseline,rephrased,strengths,human_vs_gpt,vendi_slope,q=0..2,y1::2,,3,-0.4953054904900729,-0.5045052596834945,0.00919976919342158
baseline,rephrased,strengths,human_vs_gpt,vendi_slope,q=0..2,y1::3,,4,-0.6344639233444683,-0.655689029265544,0.021225105921075627
baseline,rephrased,strengths,human_vs_gpt,vendi_slope,q=0..2,y1::4,,4,-0.6468750773068119,-0.6439333913508501,-0.0029416859559617814
baseline,rephrased,strengths,human_vs_gpt,vendi_slope,q=0..2,y1::5,,4,-0.6346617963142693,-0.6489348368642511,0.014273040549981797
baseline,rephrased,strengths,human_vs_gpt,vendi_slope,q=0..2,y1::6,,4,-0.6394834853676985,-0.6279006579115951,-0.011582827456103395
baseline,rephrased,strengths,human_vs_gpt,vendi_slope,q=0..2,y1::7,,4,-0.643427764605174,-0.6472112350079329,0.0037834704027588373
baseline,rephrased,strengths,human_vs_gpt,vendi_slope,q=0..2,y1::8,,5,-0.7358622134510051,-0.7436003776584781,0.007738164207472975
baseline,rephrased,strengths,human_vs_gpt,vendi_slope,q=0..2,y1::9,,3,-0.4971367466059428,-0.49958728727580376,0.0024505406698609455
baseline,rephrased,strengths,human_vs_gpt,vendi_slope,q=0..2,y2::1,,3,-0.4953900756778729,-0.5031073495955056,0.0077172739176327165
baseline,rephrased,strengths,human_vs_gpt,vendi_slope,q=0..2,y2::10,,3,-0.4961779250115433,-0.4920871804962445,-0.004090744515298783
baseline,rephrased,strengths,human_vs_gpt,vendi_slope,q=0..2,y2::11,,4,-0.6373156864850829,-0.6337245615257229,-0.0035911249593599814
baseline,rephrased,strengths,human_vs_gpt,vendi_slope,q=0..2,y2::2,,3,-0.5148805372757665,-0.5069808965012147,-0.007899640774551853
baseline,rephrased,strengths,human_vs_gpt,vendi_slope,q=0..2,y2::3,,4,-0.6453817789517208,-0.6433048238469912,-0.0020769551047296053
baseline,rephrased,strengths,human_vs_gpt,vendi_slope,q=0..2,y2::4,,2,-0.3197957668384673,-0.31138575202815144,-0.008410014810315836
baseline,rephrased,strengths,human_vs_gpt,vendi_slope,q=0..2,y2::5,,4,-0.6587612380084915,-0.6386883750483776,-0.020072862960113902
baseline,rephrased,strengths,human_vs_gpt,vendi_slope,q=0..2,y2::6,,4,-0.6435055653918194,-0.6328565239038515,-0.010649041487967859
baseline,rephrased,strengths,human_vs_gpt,vendi_slope,q=0..2,y2::7,,4,-0.6270919879343991,-0.6345934003899314,0.007501412455532264
baseline,rephrased,strengths,human_vs_gpt,vendi_slope,q=0..2,y2::8,,3,-0.5154397956276056,-0.4892954557139054,-0.026144339913700132
baseline,rephrased,strengths,human_vs_gpt,vendi_slope,q=0..2,y2::9,,4,-0.6466471880105552,-0.6341379572569987,-0.012509230753556477
baseline,rephrased,strengths,human_vs_gpt,ripley_excess,r=panel_q01_q50,y1::1,,4,0.0,0.00909037743733177,-0.00909037743733177
baseline,rephrased,strengths,human_vs_gpt,ripley_excess,r=panel_q01_q50,y1::10,,4,0.0,0.035969007052755124,-0.035969007052755124
baseline,rephrased,strengths,human_vs_gpt,ripley_excess,r=panel_q01_q50,y1::11,,4,0.0,0.024612648759363157,-0.024612648759363157
baseline,rephrased,strengths,human_vs_gpt,ripley_excess,r=panel_q01_q50,y1::12,,4,0.0,0.021902071700325015,-0.021902071700325015
baseline,rephrased,strengths,human_vs_gpt,ripley_excess,r=panel_q01_q50,y1::2,,3,0.0,0.02410792133823351,-0.02410792133823351
baseline,rephrased,strengths,human_vs_gpt,ripley_excess,r=panel_q01_q50,y1::3,,4,0.0,0.05302767125054808,-0.05302767125054808
baseline,rephrased,strengths,human_vs_gpt,ripley_excess,r=panel_q01_q50,y1::4,,4,0.0,0.009626633745942073,-0.009626633745942073
baseline,rephrased,strengths,human_vs_gpt,ripley_excess,r=panel_q01_q50,y1::5,,4,0.0,0.032020778565026456,-0.032020778565026456
baseline,rephrased,strengths,human_vs_gpt,ripley_excess,r=panel_q01_q50,y1::6,,4,0.0,0.004617522477874772,-0.004617522477874772
baseline,rephrased,strengths,human_vs_gpt,ripley_excess,r=panel_q01_q50,y1::7,,4,0.0,0.01715728613052776,-0.01715728613052776
baseline,rephrased,strengths,human_vs_gpt,ripley_excess,r=panel_q01_q50,y1::8,,5,0.0,0.03503412539164045,-0.03503412539164045
baseline,rephrased,strengths,human_vs_gpt,ripley_excess,r=panel_q01_q50,y1::9,,3,0.0,0.02666980409678673,-0.02666980409678673
baseline,rephrased,strengths,human_vs_gpt,ripley_excess,r=panel_q01_q50,y2::1,,3,0.0,0.027042220891555346,-0.027042220891555346
baseline,rephrased,strengths,human_vs_gpt,ripley_excess,r=panel_q01_q50,y2::10,,3,0.0,0.009449271783903939,-0.009449271783903939
baseline,rephrased,strengths,human_vs_gpt,ripley_excess,r=panel_q01_q50,y2::11,,4,0.0,0.013092271932848936,-0.013092271932848936
baseline,rephrased,strengths,human_vs_gpt,ripley_excess,r=panel_q01_q50,y2::2,,3,0.0,0.008755519856948618,-0.008755519856948618
baseline,rephrased,strengths,human_vs_gpt,ripley_excess,r=panel_q01_q50,y2::3,,4,0.0,0.01655901850625751,-0.01655901850625751
baseline,rephrased,strengths,human_vs_gpt,ripley_excess,r=panel_q01_q50,y2::4,,2,0.0,0.011983049757662696,-0.011983049757662696
baseline,rephrased,strengths,human_vs_gpt,ripley_excess,r=panel_q01_q50,y2::5,,4,0.0,0.012905615460387185,-0.012905615460387185
baseline,rephrased,strengths,human_vs_gpt,ripley_excess,r=panel_q01_q50,y2::6,,4,0.0,0.010161877885061722,-0.010161877885061722
baseline,rephrased,strengths,human_vs_gpt,ripley_excess,r=panel_q01_q50,y2::7,,4,0.0,0.0260623795016152,-0.0260623795016152
baseline,rephrased,strengths,human_vs_gpt,ripley_excess,r=panel_q01_q50,y2::8,,3,0.0,0.00607737869295049,-0.00607737869295049
baseline,rephrased,strengths,human_vs_gpt,ripley_excess,r=panel_q01_q50,y2::9,,4,0.0,0.013478958213041866,-0.013478958213041866
baseline,rephrased,weakness,human_vs_pooled_ai,vendi,q=1,y1::1,,4,1.3763685255160747,1.3689626379057347,0.007405887610340001
baseline,rephrased,weakness,human_vs_pooled_ai,vendi,q=1,y1::10,,4,1.3819678999989102,1.4643295192855201,-0.0823616192866099
baseline,rephrased,weakness,human_vs_pooled_ai,vendi,q=1,y1::11,,4,1.2953391836481676,1.4047955266705647,-0.10945634302239715
baseline,rephrased,weakness,human_vs_pooled_ai,vendi,q=1,y1::12,,4,1.3322787594576704,1.376848125383009,-0.044569365925338555
baseline,rephrased,weakness,human_vs_pooled_ai,vendi,q=1,y1::2,,3,1.322618728051779,1.3421112745747115,-0.01949254652293253
baseline,rephrased,weakness,human_vs_pooled_ai,vendi,q=1,y1::3,,4,1.4056857830751273,1.3505148531358744,0.05517092993925288
baseline,rephrased,weakness,human_vs_pooled_ai,vendi,q=1,y1::4,,4,1.3521865281720558,1.404077269925959,-0.05189074175390318
baseline,rephrased,weakness,human_vs_pooled_ai,vendi,q=1,y1::5,,4,1.3705536672763297,1.421729682610633,-0.05117601533430327
baseline,rephrased,weakness,human_vs_pooled_ai,vendi,q=1,y1::6,,4,1.3884768360832973,1.4070613977717614,-0.01858456168846412
baseline,rephrased,weakness,human_vs_pooled_ai,vendi,q=1,y1::7,,4,1.350397557704791,1.3760955198450076,-0.025697962140216468
baseline,rephrased,weakness,human_vs_pooled_ai,vendi,q=1,y1::8,,5,1.4072320506947062,1.4188700143245903,-0.011637963629884007
baseline,rephrased,weakness,human_vs_pooled_ai,vendi,q=1,y1::9,,3,1.235110361495658,1.3105485263638896,-0.07543816486823163
baseline,rephrased,weakness,human_vs_pooled_ai,vendi,q=1,y2::1,,3,1.30851550264116,1.2671102058876522,0.04140529675350768
baseline,rephrased,weakness,human_vs_pooled_ai,vendi,q=1,y2::10,,3,1.2916046383892648,1.2914621047008195,0.000142533688445301
baseline,rephrased,weakness,human_vs_pooled_ai,vendi,q=1,y2::11,,4,1.284222938414374,1.450250078212387,-0.1660271397980131
baseline,rephrased,weakness,human_vs_pooled_ai,vendi,q=1,y2::2,,3,1.2794909737541975,1.3775604681679692,-0.09806949441377166
baseline,rephrased,weakness,human_vs_pooled_ai,vendi,q=1,y2::3,,4,1.2949053973674463,1.34320556624373,-0.048300168876283855
baseline,rephrased,weakness,human_vs_pooled_ai,vendi,q=1,y2::4,,2,1.1785772190176866,1.2319054230590436,-0.053328204041356964
baseline,rephrased,weakness,human_vs_pooled_ai,vendi,q=1,y2::5,,4,1.3154980964962932,1.3973425748614434,-0.08184447836515019
baseline,rephrased,weakness,human_vs_pooled_ai,vendi,q=1,y2::6,,4,1.315959312967976,1.4272415975910024,-0.11128228462302636
baseline,rephrased,weakness,human_vs_pooled_ai,vendi,q=1,y2::7,,4,1.3520529197352216,1.421632280648101,-0.06957936091287942
baseline,rephrased,weakness,human_vs_pooled_ai,vendi,q=1,y2::8,,3,1.3591933324774255,1.338572926636313,0.020620405841112355
baseline,rephrased,weakness,human_vs_pooled_ai,vendi,q=1,y2::9,,4,1.368565219545832,1.4410556264941836,-0.07249040694835163
baseline,rephrased,weakness,human_vs_pooled_ai,participation_ratio,,y1::1,,4,2.7105802135996067,2.727581317521981,-0.017001103922374305
baseline,rephrased,weakness,human_vs_pooled_ai,participation_ratio,,y1::10,,4,2.594381700481683,2.6823919280396997,-0.08801022755801657
baseline,rephrased,weakness,human_vs_pooled_ai,participation_ratio,,y1::11,,4,2.927084871097388,2.6501299885179868,0.27695488257940104
baseline,rephrased,weakness,human_vs_pooled_ai,participation_ratio,,y1::12,,4,2.659229205127509,2.746852567046194,-0.08762336191868503
baseline,rephrased,weakness,human_vs_pooled_ai,participation_ratio,,y1::2,,3,1.7591164365852876,1.8675515397928277,-0.10843510320754013
baseline,rephrased,weakness,human_vs_pooled_ai,participation_ratio,,y1::3,,4,2.5309531972345947,2.78956915444586,-0.2586159572112652
baseline,rephrased,weakness,human_vs_pooled_ai,participation_ratio,,y1::4,,4,2.871922034825431,2.620669347948764,0.25125268687666713
baseline,rephrased,weakness,human_vs_pooled_ai,participation_ratio,,y1::5,,4,2.7847168728450873,2.614143871433999,0.17057300141108822
baseline,rephrased,weakness,human_vs_pooled_ai,participation_ratio,,y1::6,,4,2.8785024912028185,2.661214648239529,0.21728784296328962
baseline,rephrased,weakness,human_vs_pooled_ai,participation_ratio,,y1::7,,4,2.5953908933879584,2.7507628313607224,-0.15537193797276405
baseline,rephrased,weakness,human_vs_pooled_ai,participation_ratio,,y1::8,,5,3.7093616303693295,3.423303504802332,0.2860581255669974
baseline,rephrased,weakness,human_vs_pooled_ai,participation_ratio,,y1::9,,3,1.9549314787611163,1.896975925905156,0.057955552855960324
baseline,rephrased,weakness,human_vs_pooled_ai,participation_ratio,,y2::1,,3,1.9389179970941404,1.8910207867571749,0.04789721033696548
baseline,rephrased,weakness,human_vs_pooled_ai,participation_ratio,,y2::10,,3,1.7631169200883914,1.875866202063586,-0.11274928197519452
baseline,rephrased,weakness,human_vs_pooled_ai,participation_ratio,,y2::11,,4,2.947231921477975,2.6533203134707555,0.2939116080072197
baseline,rephrased,weakness,human_vs_pooled_ai,participation_ratio,,y2::2,,3,1.9935636286706409,1.843029767380037,0.15053386129060375
baseline,rephrased,weakness,human_vs_pooled_ai,participation_ratio,,y2::3,,4,2.8433489757236803,2.7537510268340295,0.08959794888965078
baseline,rephrased,weakness,human_vs_pooled_ai,participation_ratio,,y2::4,,2,1.0,1.0,0.0
baseline,rephrased,weakness,human_vs_pooled_ai,participation_ratio,,y2::5,,4,2.724157602214943,2.6989394739345345,0.025218128280408703
baseline,rephrased,weakness,human_vs_pooled_ai,participation_ratio,,y2::6,,4,2.645468533106961,2.722342485466241,-0.07687395235927985
baseline,rephrased,weakness,human_vs_pooled_ai,participation_ratio,,y2::7,,4,2.779245133744203,2.7079996211034265,0.07124551264077628
baseline,rephrased,weakness,human_vs_pooled_ai,participation_ratio,,y2::8,,3,1.814530329039543,1.9018020180815907,-0.08727168904204774
baseline,rephrased,weakness,human_vs_pooled_ai,participation_ratio,,y2::9,,4,2.9754168054291332,2.7407266773783534,0.23469012805077982
baseline,rephrased,weakness,human_vs_pooled_ai,effective_rank,,y1::1,,4,2.8464104051505426,2.8527908816894434,-0.006380476538900837
baseline,rephrased,weakness,human_vs_pooled_ai,effective_rank,,y1::10,,4,2.773692382429483,2.8238276077003754,-0.05013522527089265
baseline,rephrased,weakness,human_vs_pooled_ai,effective_rank,,y1::11,,4,2.9633987338904304,2.8041853098364857,0.15921342405394467
baseline,rephrased,weakness,human_vs_pooled_ai,effective_rank,,y1::12,,4,2.798759264527415,2.8624881431195446,-0.0637288785921295
baseline,rephrased,weakness,human_vs_pooled_ai,effective_rank,,y1::2,,3,1.8645596901005155,1.9263922026101292,-0.061832512509613746
baseline,rephrased,weakness,human_vs_pooled_ai,effective_rank,,y1::3,,4,2.742696787501881,2.886845060921372,-0.144148273419491
baseline,rephrased,weakness,human_vs_pooled_ai,effective_rank,,y1::4,,4,2.9363734631416336,2.784705792523073,0.15166767061856046
baseline,rephrased,weakness,human_vs_pooled_ai,effective_rank,,y1::5,,4,2.883458612808162,2.7797070472222516,0.10375156558591048
baseline,rephrased,weakness,human_vs_pooled_ai,effective_rank,,y1::6,,4,2.9363171059754403,2.8121666992963474,0.12415040667909283
baseline,rephrased,weakness,human_vs_pooled_ai,effective_rank,,y1::7,,4,2.7880258214457503,2.865583967435644,-0.07755814598989375
baseline,rephrased,weakness,human_vs_pooled_ai,effective_rank,,y1::8,,5,3.835585721581423,3.6799203574439967,0.15566536413742638
baseline,rephrased,weakness,human_vs_pooled_ai,effective_rank,,y1::9,,3,1.9769902201094014,1.9440398700056318,0.032950350103769566
baseline,rephrased,weakness,human_vs_pooled_ai,effective_rank,,y2::1,,3,1.968578772348267,1.9405653313169438,0.028013441031323305
baseline,rephrased,weakness,human_vs_pooled_ai,effective_rank,,y2::10,,3,1.8670849384415793,1.9312479682803492,-0.06416302983876987
baseline,rephrased,weakness,human_vs_pooled_ai,effective_rank,,y2::11,,4,2.97372981150251,2.8072439336655934,0.1664858778369167
baseline,rephrased,weakness,human_vs_pooled_ai,effective_rank,,y2::2,,3,1.9967722919781676,1.9102952331486875,0.08647705882948009
baseline,rephrased,weakness,human_vs_pooled_ai,effective_rank,,y2::3,,4,2.9173744445574514,2.8661986876619205,0.05117575689553089
baseline,rephrased,weakness,human_vs_pooled_ai,effective_rank,,y2::4,,2,1.0,1.0,0.0
baseline,rephrased,weakness,human_vs_pooled_ai,effective_rank,,y2::5,,4,2.85887032734813,2.8337423616230146,0.02512796572511533
baseline,rephrased,weakness,human_vs_pooled_ai,effective_rank,,y2::6,,4,2.8084566228601076,2.8472415644267834,-0.03878494156667589
baseline,rephrased,weakness,human_vs_pooled_ai,effective_rank,,y2::7,,4,2.8823527760534198,2.8397032038265224,0.04264957222689736
baseline,rephrased,weakness,human_vs_pooled_ai,effective_rank,,y2::8,,3,1.8986290414634668,1.9451212432447962,-0.0464922017813294
baseline,rephrased,weakness,human_vs_pooled_ai,effective_rank,,y2::9,,4,2.9873980204167605,2.8595867525384535,0.127811267878307
baseline,rephrased,weakness,human_vs_pooled_ai,coverage_geometric,k=panel_adaptive,y1::1,,4,1.0,0.9615384615384616,0.038461538461538436
baseline,rephrased,weakness,human_vs_pooled_ai,coverage_geometric,k=panel_adaptive,y1::10,,4,1.0,0.9862637362637363,0.013736263736263687
baseline,rephrased,weakness,human_vs_pooled_ai,coverage_geometric,k=panel_adaptive,y1::11,,4,1.0,0.8413919413919414,0.1586080586080586
baseline,rephrased,weakness,human_vs_pooled_ai,coverage_geometric,k=panel_adaptive,y1::12,,4,1.0,0.9963369963369964,0.00366300366300365
baseline,rephrased,weakness,human_vs_pooled_ai,coverage_geometric,k=panel_adaptive,y1::2,,3,1.0,0.9113553113553112,0.08864468864468877
baseline,rephrased,weakness,human_vs_pooled_ai,coverage_geometric,k=panel_adaptive,y1::3,,4,1.0,1.0,0.0
baseline,rephrased,weakness,human_vs_pooled_ai,coverage_geometric,k=panel_adaptive,y1::4,,4,1.0,0.9540293040293041,0.04597069597069592
baseline,rephrased,weakness,human_vs_pooled_ai,coverage_geometric,k=panel_adaptive,y1::5,,4,1.0,0.9904761904761905,0.00952380952380949
baseline,rephrased,weakness,human_vs_pooled_ai,coverage_geometric,k=panel_adaptive,y1::6,,4,1.0,0.9677655677655678,0.03223443223443223
baseline,rephrased,weakness,human_vs_pooled_ai,coverage_geometric,k=panel_adaptive,y1::7,,4,1.0,0.9935897435897436,0.0064102564102563875
baseline,rephrased,weakness,human_vs_pooled_ai,coverage_geometric,k=panel_adaptive,y1::8,,5,1.0,0.9914085914085914,0.008591408591408611
baseline,rephrased,weakness,human_vs_pooled_ai,coverage_geometric,k=panel_adaptive,y1::9,,3,1.0,0.7296703296703296,0.27032967032967037
baseline,rephrased,weakness,human_vs_pooled_ai,coverage_geometric,k=panel_adaptive,y2::1,,3,1.0,0.9589743589743589,0.0410256410256411
baseline,rephrased,weakness,human_vs_pooled_ai,coverage_geometric,k=panel_adaptive,y2::10,,3,1.0,0.997069597069597,0.002930402930403031
baseline,rephrased,weakness,human_vs_pooled_ai,coverage_geometric,k=panel_adaptive,y2::11,,4,1.0,0.34505494505494505,0.654945054945055
baseline,rephrased,weakness,human_vs_pooled_ai,coverage_geometric,k=panel_adaptive,y2::2,,3,1.0,0.6967032967032967,0.30329670329670333
baseline,rephrased,weakness,human_vs_pooled_ai,coverage_geometric,k=panel_adaptive,y2::3,,4,1.0,0.9796703296703296,0.02032967032967037
baseline,rephrased,weakness,human_vs_pooled_ai,coverage_geometric,k=panel_adaptive,y2::4,,2,1.0,0.18571428571428572,0.8142857142857143
baseline,rephrased,weakness,human_vs_pooled_ai,coverage_geometric,k=panel_adaptive,y2::5,,4,1.0,0.9675824175824176,0.03241758241758241
baseline,rephrased,weakness,human_vs_pooled_ai,coverage_geometric,k=panel_adaptive,y2::6,,4,1.0,0.9716117216117216,0.0283882783882784
baseline,rephrased,weakness,human_vs_pooled_ai,coverage_geometric,k=panel_adaptive,y2::7,,4,1.0,0.9358974358974359,0.0641025641025641
baseline,rephrased,weakness,human_vs_pooled_ai,coverage_geometric,k=panel_adaptive,y2::8,,3,1.0,1.0,0.0
baseline,rephrased,weakness,human_vs_pooled_ai,coverage_geometric,k=panel_adaptive,y2::9,,4,1.0,0.5155677655677655,0.4844322344322345
baseline,rephrased,weakness,human_vs_pooled_ai,vendi_slope,q=0..2,y1::1,,4,-0.6237422373967951,-0.6252498922508163,0.0015076548540211565
baseline,rephrased,weakness,human_vs_pooled_ai,vendi_slope,q=0..2,y1::10,,4,-0.6220997553683092,-0.6050465412439319,-0.017053214124377325
baseline,rephrased,weakness,human_vs_pooled_ai,vendi_slope,q=0..2,y1::11,,4,-0.6407981433521928,-0.6174248811378904,-0.02337326221430236
baseline,rephrased,weakness,human_vs_pooled_ai,vendi_slope,q=0..2,y1::12,,4,-0.632538608030969,-0.6236824769272636,-0.008856131103705311
baseline,rephrased,weakness,human_vs_pooled_ai,vendi_slope,q=0..2,y1::2,,3,-0.4839026224145583,-0.4797361851797271,-0.004166437234831177
baseline,rephrased,weakness,human_vs_pooled_ai,vendi_slope,q=0..2,y1::3,,4,-0.6169305996810298,-0.6292460834741439,0.01231548379311409
baseline,rephrased,weakness,human_vs_pooled_ai,vendi_slope,q=0..2,y1::4,,4,-0.6292153729563286,-0.6174792173164398,-0.011736155639888723
baseline,rephrased,weakness,human_vs_pooled_ai,vendi_slope,q=0..2,y1::5,,4,-0.6251597288230791,-0.6137321726937047,-0.011427556129374405
baseline,rephrased,weakness,human_vs_pooled_ai,vendi_slope,q=0..2,y1::6,,4,-0.6217963605350485,-0.6169749644912739,-0.004821396043774628
baseline,rephrased,weakness,human_vs_pooled_ai,vendi_slope,q=0..2,y1::7,,4,-0.6287599031104519,-0.6238353323812592,-0.004924570729192723
baseline,rephrased,weakness,human_vs_pooled_ai,vendi_slope,q=0..2,y1::8,,5,-0.7345421414787234,-0.7315723494665789,-0.0029697920121445343
baseline,rephrased,weakness,human_vs_pooled_ai,vendi_slope,q=0..2,y1::9,,3,-0.5046554304039085,-0.48733486471499476,-0.017320565688913714
baseline,rephrased,weakness,human_vs_pooled_ai,vendi_slope,q=0..2,y2::1,,3,-0.48809475917401535,-0.49719547475034703,0.009100715576331686
baseline,rephrased,weakness,human_vs_pooled_ai,vendi_slope,q=0..2,y2::10,,3,-0.49115664010411386,-0.4915917777973725,0.00043513769325864704
baseline,rephrased,weakness,human_vs_pooled_ai,vendi_slope,q=0..2,y2::11,,4,-0.6430522789041755,-0.6079372822886265,-0.035114996615548955
baseline,rephrased,weakness,human_vs_pooled_ai,vendi_slope,q=0..2,y2::2,,3,-0.4949007379817937,-0.47121268955561163,-0.02368804842618205
baseline,rephrased,weakness,human_vs_pooled_ai,vendi_slope,q=0..2,y2::3,,4,-0.6406902426270806,-0.6306266233077608,-0.010063619319319872
baseline,rephrased,weakness,human_vs_pooled_ai,vendi_slope,q=0..2,y2::4,,2,-0.3077538587645513,-0.29281162865163757,-0.014942230112913735
baseline,rephrased,weakness,human_vs_pooled_ai,vendi_slope,q=0..2,y2::5,,4,-0.6362768010097651,-0.6192398430604076,-0.017036957949357556
baseline,rephrased,weakness,human_vs_pooled_ai,vendi_slope,q=0..2,y2::6,,4,-0.6359389996798701,-0.6131002158688162,-0.022838783811053864
baseline,rephrased,weakness,human_vs_pooled_ai,vendi_slope,q=0..2,y2::7,,4,-0.6289472477470521,-0.6142044138193581,-0.014742833927694043
baseline,rephrased,weakness,human_vs_pooled_ai,vendi_slope,q=0..2,y2::8,,3,-0.47561594510252886,-0.4808655162297152,0.0052495711271863255
baseline,rephrased,weakness,human_vs_pooled_ai,vendi_slope,q=0..2,y2::9,,4,-0.6261618262496961,-0.6102720059397474,-0.015889820309948677
baseline,rephrased,weakness,human_vs_pooled_ai,ripley_excess,r=panel_q01_q50,y1::1,,4,0.0,0.018975553726008728,-0.018975553726008728
baseline,rephrased,weakness,human_vs_pooled_ai,ripley_excess,r=panel_q01_q50,y1::10,,4,0.0,0.012750040508142275,-0.012750040508142275
baseline,rephrased,weakness,human_vs_pooled_ai,ripley_excess,r=panel_q01_q50,y1::11,,4,0.0,0.00857181114363131,-0.00857181114363131
baseline,rephrased,weakness,human_vs_pooled_ai,ripley_excess,r=panel_q01_q50,y1::12,,4,0.0,0.01720609539625564,-0.01720609539625564
baseline,rephrased,weakness,human_vs_pooled_ai,ripley_excess,r=panel_q01_q50,y1::2,,3,0.0,0.01828801322687203,-0.01828801322687203
baseline,rephrased,weakness,human_vs_pooled_ai,ripley_excess,r=panel_q01_q50,y1::3,,4,0.0,0.028009094838514124,-0.028009094838514124
baseline,rephrased,weakness,human_vs_pooled_ai,ripley_excess,r=panel_q01_q50,y1::4,,4,0.0,0.022938555090407757,-0.022938555090407757
baseline,rephrased,weakness,human_vs_pooled_ai,ripley_excess,r=panel_q01_q50,y1::5,,4,0.0,0.02093321487853057,-0.02093321487853057
baseline,rephrased,weakness,human_vs_pooled_ai,ripley_excess,r=panel_q01_q50,y1::6,,4,0.0,0.027468544635198117,-0.027468544635198117
baseline,rephrased,weakness,human_vs_pooled_ai,ripley_excess,r=panel_q01_q50,y1::7,,4,0.0,0.015145122761665726,-0.015145122761665726
baseline,rephrased,weakness,human_vs_pooled_ai,ripley_excess,r=panel_q01_q50,y1::8,,5,0.0,0.030308951581508908,-0.030308951581508908
baseline,rephrased,weakness,human_vs_pooled_ai,ripley_excess,r=panel_q01_q50,y1::9,,3,0.0,0.004208526722584292,-0.004208526722584292
baseline,rephrased,weakness,human_vs_pooled_ai,ripley_excess,r=panel_q01_q50,y2::1,,3,0.0,0.02119961690743658,-0.02119961690743658
baseline,rephrased,weakness,human_vs_pooled_ai,ripley_excess,r=panel_q01_q50,y2::10,,3,0.0,0.016390530296914195,-0.016390530296914195
baseline,rephrased,weakness,human_vs_pooled_ai,ripley_excess,r=panel_q01_q50,y2::11,,4,0.0,0.009462449428251755,-0.009462449428251755
baseline,rephrased,weakness,human_vs_pooled_ai,ripley_excess,r=panel_q01_q50,y2::2,,3,0.0,0.0072488038325772735,-0.0072488038325772735
baseline,rephrased,weakness,human_vs_pooled_ai,ripley_excess,r=panel_q01_q50,y2::3,,4,0.0,0.011543432954736877,-0.011543432954736877
baseline,rephrased,weakness,human_vs_pooled_ai,ripley_excess,r=panel_q01_q50,y2::4,,2,0.0,0.009420214915841196,-0.009420214915841196
baseline,rephrased,weakness,human_vs_pooled_ai,ripley_excess,r=panel_q01_q50,y2::5,,4,0.0,0.012854040507126468,-0.012854040507126468
baseline,rephrased,weakness,human_vs_pooled_ai,ripley_excess,r=panel_q01_q50,y2::6,,4,0.0,0.010135926433500735,-0.010135926433500735
baseline,rephrased,weakness,human_vs_pooled_ai,ripley_excess,r=panel_q01_q50,y2::7,,4,0.0,0.014017584500323648,-0.014017584500323648
baseline,rephrased,weakness,human_vs_pooled_ai,ripley_excess,r=panel_q01_q50,y2::8,,3,0.0,0.020775994125371868,-0.020775994125371868
baseline,rephrased,weakness,human_vs_pooled_ai,ripley_excess,r=panel_q01_q50,y2::9,,4,0.0,0.016578433477980586,-0.016578433477980586
baseline,rephrased,weakness,human_vs_claude,vendi,q=1,y1::1,,4,1.3763685255160747,1.4002564139109182,-0.02388788839484346
baseline,rephrased,weakness,human_vs_claude,vendi,q=1,y1::10,,4,1.3819678999989102,1.4532279594535484,-0.0712600594546382
baseline,rephrased,weakness,human_vs_claude,vendi,q=1,y1::11,,4,1.2953391836481676,1.4071019494201724,-0.11176276577200484
baseline,rephrased,weakness,human_vs_claude,vendi,q=1,y1::12,,4,1.3322787594576704,1.3790232964641909,-0.04674453700652048
baseline,rephrased,weakness,human_vs_claude,vendi,q=1,y1::2,,3,1.322618728051779,1.3189097167378006,0.003709011313978383
baseline,rephrased,weakness,human_vs_claude,vendi,q=1,y1::3,,4,1.4056857830751273,1.358661515201177,0.04702426787395031
baseline,rephrased,weakness,human_vs_claude,vendi,q=1,y1::4,,4,1.3521865281720558,1.4568728391360568,-0.10468631096400105
baseline,rephrased,weakness,human_vs_claude,vendi,q=1,y1::5,,4,1.3705536672763297,1.493333756941867,-0.12278008966553733
baseline,rephrased,weakness,human_vs_claude,vendi,q=1,y1::6,,4,1.3884768360832973,1.421947177235243,-0.03347034115194569
baseline,rephrased,weakness,human_vs_claude,vendi,q=1,y1::7,,4,1.350397557704791,1.395881772319954,-0.04548421461516283
baseline,rephrased,weakness,human_vs_claude,vendi,q=1,y1::8,,5,1.4072320506947062,1.4895718509200493,-0.08233980022534304
baseline,rephrased,weakness,human_vs_claude,vendi,q=1,y1::9,,3,1.235110361495658,1.3323654607828614,-0.09725509928720344
baseline,rephrased,weakness,human_vs_claude,vendi,q=1,y2::1,,3,1.30851550264116,1.3224531055567146,-0.013937602915554681
baseline,rephrased,weakness,human_vs_claude,vendi,q=1,y2::10,,3,1.2916046383892648,1.329570367479132,-0.03796572908986717
baseline,rephrased,weakness,human_vs_claude,vendi,q=1,y2::11,,4,1.284222938414374,1.434526040705053,-0.1503031022906791
baseline,rephrased,weakness,human_vs_claude,vendi,q=1,y2::2,,3,1.2794909737541975,1.4072884337923226,-0.1277974600381251
baseline,rephrased,weakness,human_vs_claude,vendi,q=1,y2::3,,4,1.2949053973674463,1.3648520703349902,-0.06994667296754398
baseline,rephrased,weakness,human_vs_claude,vendi,q=1,y2::4,,2,1.1785772190176866,1.239045669458203,-0.06046845044051641
baseline,rephrased,weakness,human_vs_claude,vendi,q=1,y2::5,,4,1.3154980964962932,1.4168648333711087,-0.10136673687481546
baseline,rephrased,weakness,human_vs_claude,vendi,q=1,y2::6,,4,1.315959312967976,1.4307569450953317,-0.11479763212735561
baseline,rephrased,weakness,human_vs_claude,vendi,q=1,y2::7,,4,1.3520529197352216,1.4013435214145542,-0.049290601679332635
baseline,rephrased,weakness,human_vs_claude,vendi,q=1,y2::8,,3,1.3591933324774255,1.3358972052847917,0.023296127192633742
baseline,rephrased,weakness,human_vs_claude,vendi,q=1,y2::9,,4,1.368565219545832,1.4505328970620543,-0.08196767751622236
baseline,rephrased,weakness,human_vs_claude,participation_ratio,,y1::1,,4,2.7105802135996067,2.7820193253044456,-0.07143911170483896
baseline,rephrased,weakness,human_vs_claude,participation_ratio,,y1::10,,4,2.594381700481683,2.8071696468968192,-0.2127879464151361
baseline,rephrased,weakness,human_vs_claude,participation_ratio,,y1::11,,4,2.927084871097388,2.501515218694652,0.4255696524027357
baseline,rephrased,weakness,human_vs_claude,participation_ratio,,y1::12,,4,2.659229205127509,2.856689229159032,-0.19746002403152296
baseline,rephrased,weakness,human_vs_claude,participation_ratio,,y1::2,,3,1.7591164365852876,1.9156725409619235,-0.15655610437663592
baseline,rephrased,weakness,human_vs_claude,participation_ratio,,y1::3,,4,2.5309531972345947,2.7509101530785762,-0.21995695584398156
baseline,rephrased,weakness,human_vs_claude,participation_ratio,,y1::4,,4,2.871922034825431,2.746626821743688,0.12529521308174285
baseline,rephrased,weakness,human_vs_claude,participation_ratio,,y1::5,,4,2.7847168728450873,2.783725494545469,0.0009913782996182618
baseline,rephrased,weakness,human_vs_claude,participation_ratio,,y1::6,,4,2.8785024912028185,2.630705174412845,0.24779731678997363
baseline,rephrased,weakness,human_vs_claude,participation_ratio,,y1::7,,4,2.5953908933879584,2.664513842019962,-0.06912294863200374
baseline,rephrased,weakness,human_vs_claude,participation_ratio,,y1::8,,5,3.7093616303693295,3.4287211235958037,0.2806405067735258
baseline,rephrased,weakness,human_vs_claude,participation_ratio,,y1::9,,3,1.9549314787611163,1.9771013027874336,-0.022169824026317286
baseline,rephrased,weakness,human_vs_claude,participation_ratio,,y2::1,,3,1.9389179970941404,1.923500521472182,0.015417475621958276
baseline,rephrased,weakness,human_vs_claude,participation_ratio,,y2::10,,3,1.7631169200883914,1.9106127028066862,-0.14749578271829478
baseline,rephrased,weakness,human_vs_claude,participation_ratio,,y2::11,,4,2.947231921477975,2.582128383421444,0.3651035380565313
baseline,rephrased,weakness,human_vs_claude,participation_ratio,,y2::2,,3,1.9935636286706409,1.879899137280367,0.11366449139027379
baseline,rephrased,weakness,human_vs_claude,participation_ratio,,y2::3,,4,2.8433489757236803,2.803488496906566,0.03986047881711441
baseline,rephrased,weakness,human_vs_claude,participation_ratio,,y2::4,,2,1.0,1.0,0.0
baseline,rephrased,weakness,human_vs_claude,participation_ratio,,y2::5,,4,2.724157602214943,2.93505167131407,-0.210894069099127
baseline,rephrased,weakness,human_vs_claude,participation_ratio,,y2::6,,4,2.645468533106961,2.81341266138151,-0.16794412827454908
baseline,rephrased,weakness,human_vs_claude,participation_ratio,,y2::7,,4,2.779245133744203,2.8866078722483524,-0.10736273850414957
baseline,rephrased,weakness,human_vs_claude,participation_ratio,,y2::8,,3,1.814530329039543,1.9367940874488674,-0.12226375840932446
baseline,rephrased,weakness,human_vs_claude,participation_ratio,,y2::9,,4,2.9754168054291332,2.856711542525729,0.11870526290340422
baseline,rephrased,weakness,human_vs_claude,effective_rank,,y1::1,,4,2.8464104051505426,2.886508868445155,-0.04009846329461242
baseline,rephrased,weakness,human_vs_claude,effective_rank,,y1::10,,4,2.773692382429483,2.895035793208615,-0.12134341077913202
baseline,rephrased,weakness,human_vs_claude,effective_rank,,y1::11,,4,2.9633987338904304,2.7099918930814493,0.2534068408089811
baseline,rephrased,weakness,human_vs_claude,effective_rank,,y1::12,,4,2.798759264527415,2.9271240695954743,-0.12836480506805925
baseline,rephrased,weakness,human_vs_claude,effective_rank,,y1::2,,3,1.8645596901005155,1.9548838698832989,-0.0903241797827834
baseline,rephrased,weakness,human_vs_claude,effective_rank,,y1::3,,4,2.742696787501881,2.870724754475904,-0.12802796697402297
baseline,rephrased,weakness,human_vs_claude,effective_rank,,y1::4,,4,2.9363734631416336,2.857622185215301,0.07875127792633263
baseline,rephrased,weakness,human_vs_claude,effective_rank,,y1::5,,4,2.883458612808162,2.8867977780583742,-0.0033391652502121616
baseline,rephrased,weakness,human_vs_claude,effective_rank,,y1::6,,4,2.9363171059754403,2.797873744249064,0.13844336172637606
baseline,rephrased,weakness,human_vs_claude,effective_rank,,y1::7,,4,2.7880258214457503,2.8108329023776015,-0.022807080931851242
baseline,rephrased,weakness,human_vs_claude,effective_rank,,y1::8,,5,3.835585721581423,3.6873192981391663,0.14826642344225682
baseline,rephrased,weakness,human_vs_claude,effective_rank,,y1::9,,3,1.9769902201094014,1.9883599674371317,-0.011369747327730328
baseline,rephrased,weakness,human_vs_claude,effective_rank,,y2::1,,3,1.968578772348267,1.9596235651130556,0.008955207235211482
baseline,rephrased,weakness,human_vs_claude,effective_rank,,y2::10,,3,1.8670849384415793,1.9512489994637865,-0.08416406102220719
baseline,rephrased,weakness,human_vs_claude,effective_rank,,y2::11,,4,2.97372981150251,2.7578865419205956,0.21584326958191458
baseline,rephrased,weakness,human_vs_claude,effective_rank,,y2::2,,3,1.9967722919781676,1.9348785265144823,0.0618937654636853
baseline,rephrased,weakness,human_vs_claude,effective_rank,,y2::3,,4,2.9173744445574514,2.8945398155081214,0.02283462904932998
baseline,rephrased,weakness,human_vs_claude,effective_rank,,y2::4,,2,1.0,1.0,0.0
baseline,rephrased,weakness,human_vs_claude,effective_rank,,y2::5,,4,2.85887032734813,2.966991111457104,-0.10812078410897419
baseline,rephrased,weakness,human_vs_claude,effective_rank,,y2::6,,4,2.8084566228601076,2.8997153490871677,-0.0912587262270601
baseline,rephrased,weakness,human_vs_claude,effective_rank,,y2::7,,4,2.8823527760534198,2.9410169346008734,-0.05866415854745366
baseline,rephrased,weakness,human_vs_claude,effective_rank,,y2::8,,3,1.8986290414634668,1.9663518779401692,-0.06772283647670241
baseline,rephrased,weakness,human_vs_claude,effective_rank,,y2::9,,4,2.9873980204167605,2.926569568369228,0.06082845204753262
baseline,rephrased,weakness,human_vs_claude,coverage_geometric,k=panel_adaptive,y1::1,,4,1.0,0.95,0.050000000000000044
baseline,rephrased,weakness,human_vs_claude,coverage_geometric,k=panel_adaptive,y1::10,,4,1.0,1.0,0.0
baseline,rephrased,weakness,human_vs_claude,coverage_geometric,k=panel_adaptive,y1::11,,4,1.0,0.95,0.050000000000000044
baseline,rephrased,weakness,human_vs_claude,coverage_geometric,k=panel_adaptive,y1::12,,4,1.0,1.0,0.0
baseline,rephrased,weakness,human_vs_claude,coverage_geometric,k=panel_adaptive,y1::2,,3,1.0,1.0,0.0
baseline,rephrased,weakness,human_vs_claude,coverage_geometric,k=panel_adaptive,y1::3,,4,1.0,1.0,0.0
baseline,rephrased,weakness,human_vs_claude,coverage_geometric,k=panel_adaptive,y1::4,,4,1.0,0.95,0.050000000000000044
baseline,rephrased,weakness,human_vs_claude,coverage_geometric,k=panel_adaptive,y1::5,,4,1.0,1.0,0.0
baseline,rephrased,weakness,human_vs_claude,coverage_geometric,k=panel_adaptive,y1::6,,4,1.0,1.0,0.0
baseline,rephrased,weakness,human_vs_claude,coverage_geometric,k=panel_adaptive,y1::7,,4,1.0,1.0,0.0
baseline,rephrased,weakness,human_vs_claude,coverage_geometric,k=panel_adaptive,y1::8,,5,1.0,1.0,0.0
baseline,rephrased,weakness,human_vs_claude,coverage_geometric,k=panel_adaptive,y1::9,,3,1.0,0.6,0.4
baseline,rephrased,weakness,human_vs_claude,coverage_geometric,k=panel_adaptive,y2::1,,3,1.0,1.0,0.0
baseline,rephrased,weakness,human_vs_claude,coverage_geometric,k=panel_adaptive,y2::10,,3,1.0,1.0,0.0
baseline,rephrased,weakness,human_vs_claude,coverage_geometric,k=panel_adaptive,y2::11,,4,1.0,0.2,0.8
baseline,rephrased,weakness,human_vs_claude,coverage_geometric,k=panel_adaptive,y2::2,,3,1.0,0.7,0.30000000000000004
baseline,rephrased,weakness,human_vs_claude,coverage_geometric,k=panel_adaptive,y2::3,,4,1.0,1.0,0.0
baseline,rephrased,weakness,human_vs_claude,coverage_geometric,k=panel_adaptive,y2::4,,2,1.0,0.2,0.8
baseline,rephrased,weakness,human_vs_claude,coverage_geometric,k=panel_adaptive,y2::5,,4,1.0,0.95,0.050000000000000044
baseline,rephrased,weakness,human_vs_claude,coverage_geometric,k=panel_adaptive,y2::6,,4,1.0,0.95,0.050000000000000044
baseline,rephrased,weakness,human_vs_claude,coverage_geometric,k=panel_adaptive,y2::7,,4,1.0,1.0,0.0
baseline,rephrased,weakness,human_vs_claude,coverage_geometric,k=panel_adaptive,y2::8,,3,1.0,1.0,0.0
baseline,rephrased,weakness,human_vs_claude,coverage_geometric,k=panel_adaptive,y2::9,,4,1.0,0.65,0.35
baseline,rephrased,weakness,human_vs_claude,vendi_slope,q=0..2,y1::1,,4,-0.6237422373967951,-0.6190150163581156,-0.004727221038679508
baseline,rephrased,weakness,human_vs_claude,vendi_slope,q=0..2,y1::10,,4,-0.6220997553683092,-0.6080985389212353,-0.014001216447073861
baseline,rephrased,weakness,human_vs_claude,vendi_slope,q=0..2,y1::11,,4,-0.6407981433521928,-0.6162860748465839,-0.02451206850560883
baseline,rephrased,weakness,human_vs_claude,vendi_slope,q=0..2,y1::12,,4,-0.632538608030969,-0.6236755084639692,-0.00886309956699971
baseline,rephrased,weakness,human_vs_claude,vendi_slope,q=0..2,y1::2,,3,-0.4839026224145583,-0.48555169419760996,0.001649071783051681
baseline,rephrased,weakness,human_vs_claude,vendi_slope,q=0..2,y1::3,,4,-0.6169305996810298,-0.627510239317419,0.010579639636389193
baseline,rephrased,weakness,human_vs_claude,vendi_slope,q=0..2,y1::4,,4,-0.6292153729563286,-0.6070376411866076,-0.022177731769720932
baseline,rephrased,weakness,human_vs_claude,vendi_slope,q=0..2,y1::5,,4,-0.6251597288230791,-0.5995974286595116,-0.02556230016356753
baseline,rephrased,weakness,human_vs_claude,vendi_slope,q=0..2,y1::6,,4,-0.6217963605350485,-0.6138374513946923,-0.00795890914035624
baseline,rephrased,weakness,human_vs_claude,vendi_slope,q=0..2,y1::7,,4,-0.6287599031104519,-0.619429943900942,-0.009329959209509964
baseline,rephrased,weakness,human_vs_claude,vendi_slope,q=0..2,y1::8,,5,-0.7345421414787234,-0.7180721266938515,-0.016470014784871978
baseline,rephrased,weakness,human_vs_claude,vendi_slope,q=0..2,y1::9,,3,-0.5046554304039085,-0.48276123908331076,-0.021894191320597722
baseline,rephrased,weakness,human_vs_claude,vendi_slope,q=0..2,y2::1,,3,-0.48809475917401535,-0.4847820083323734,-0.0033127508416419538
baseline,rephrased,weakness,human_vs_claude,vendi_slope,q=0..2,y2::10,,3,-0.49115664010411386,-0.4830399309131087,-0.008116709191005156
baseline,rephrased,weakness,human_vs_claude,vendi_slope,q=0..2,y2::11,,4,-0.6430522789041755,-0.6109478776097118,-0.03210440129446368
baseline,rephrased,weakness,human_vs_claude,vendi_slope,q=0..2,y2::2,,3,-0.4949007379817937,-0.46441163412460185,-0.030489103857191835
baseline,rephrased,weakness,human_vs_claude,vendi_slope,q=0..2,y2::3,,4,-0.6406902426270806,-0.6263804398438931,-0.014309802783187497
baseline,rephrased,weakness,human_vs_claude,vendi_slope,q=0..2,y2::4,,2,-0.3077538587645513,-0.29076361612456864,-0.016990242639982667
baseline,rephrased,weakness,human_vs_claude,vendi_slope,q=0..2,y2::5,,4,-0.6362768010097651,-0.6161574729514537,-0.020119328058311403
baseline,rephrased,weakness,human_vs_claude,vendi_slope,q=0..2,y2::6,,4,-0.6359389996798701,-0.6128017740517788,-0.023137225628091285
baseline,rephrased,weakness,human_vs_claude,vendi_slope,q=0..2,y2::7,,4,-0.6289472477470521,-0.6191744147946926,-0.009772832952359534
baseline,rephrased,weakness,human_vs_claude,vendi_slope,q=0..2,y2::8,,3,-0.47561594510252886,-0.48169200936418566,0.0060760642616567995
baseline,rephrased,weakness,human_vs_claude,vendi_slope,q=0..2,y2::9,,4,-0.6261618262496961,-0.6088871314812028,-0.017274694768493304
baseline,rephrased,weakness,human_vs_claude,ripley_excess,r=panel_q01_q50,y1::1,,4,0.0,0.015079772922185453,-0.015079772922185453
baseline,rephrased,weakness,human_vs_claude,ripley_excess,r=panel_q01_q50,y1::10,,4,0.0,0.008196308454159855,-0.008196308454159855
baseline,rephrased,weakness,human_vs_claude,ripley_excess,r=panel_q01_q50,y1::11,,4,0.0,0.012041459770986404,-0.012041459770986404
baseline,rephrased,weakness,human_vs_claude,ripley_excess,r=panel_q01_q50,y1::12,,4,0.0,0.007608418942076714,-0.007608418942076714
baseline,rephrased,weakness,human_vs_claude,ripley_excess,r=panel_q01_q50,y1::2,,3,0.0,0.011325260596432336,-0.011325260596432336
baseline,rephrased,weakness,human_vs_claude,ripley_excess,r=panel_q01_q50,y1::3,,4,0.0,0.03983697547842866,-0.03983697547842866
baseline,rephrased,weakness,human_vs_claude,ripley_excess,r=panel_q01_q50,y1::4,,4,0.0,0.01376225948653324,-0.01376225948653324
baseline,rephrased,weakness,human_vs_claude,ripley_excess,r=panel_q01_q50,y1::5,,4,0.0,0.005520100507946831,-0.005520100507946831
baseline,rephrased,weakness,human_vs_claude,ripley_excess,r=panel_q01_q50,y1::6,,4,0.0,0.021376519447044214,-0.021376519447044214
baseline,rephrased,weakness,human_vs_claude,ripley_excess,r=panel_q01_q50,y1::7,,4,0.0,0.018507595164627168,-0.018507595164627168
baseline,rephrased,weakness,human_vs_claude,ripley_excess,r=panel_q01_q50,y1::8,,5,0.0,0.015122961466708839,-0.015122961466708839
baseline,rephrased,weakness,human_vs_claude,ripley_excess,r=panel_q01_q50,y1::9,,3,0.0,0.0004476395810538038,-0.0004476395810538038
baseline,rephrased,weakness,human_vs_claude,ripley_excess,r=panel_q01_q50,y2::1,,3,0.0,0.012834793917570076,-0.012834793917570076
baseline,rephrased,weakness,human_vs_claude,ripley_excess,r=panel_q01_q50,y2::10,,3,0.0,0.008310555201085168,-0.008310555201085168
baseline,rephrased,weakness,human_vs_claude,ripley_excess,r=panel_q01_q50,y2::11,,4,0.0,0.011122394005451394,-0.011122394005451394
baseline,rephrased,weakness,human_vs_claude,ripley_excess,r=panel_q01_q50,y2::2,,3,0.0,0.001408019987516679,-0.001408019987516679
baseline,rephrased,weakness,human_vs_claude,ripley_excess,r=panel_q01_q50,y2::3,,4,0.0,0.006004594053381798,-0.006004594053381798
baseline,rephrased,weakness,human_vs_claude,ripley_excess,r=panel_q01_q50,y2::4,,2,0.0,0.007327344622330523,-0.007327344622330523
baseline,rephrased,weakness,human_vs_claude,ripley_excess,r=panel_q01_q50,y2::5,,4,0.0,0.0019122519487993123,-0.0019122519487993123
baseline,rephrased,weakness,human_vs_claude,ripley_excess,r=panel_q01_q50,y2::6,,4,0.0,0.00943140433094659,-0.00943140433094659
baseline,rephrased,weakness,human_vs_claude,ripley_excess,r=panel_q01_q50,y2::7,,4,0.0,0.008196759319119559,-0.008196759319119559
baseline,rephrased,weakness,human_vs_claude,ripley_excess,r=panel_q01_q50,y2::8,,3,0.0,0.011596055112106166,-0.011596055112106166
baseline,rephrased,weakness,human_vs_claude,ripley_excess,r=panel_q01_q50,y2::9,,4,0.0,0.007203346181970596,-0.007203346181970596
baseline,rephrased,weakness,human_vs_gemini,vendi,q=1,y1::1,,4,1.3763685255160747,1.3420614282883725,0.0343070972277022
baseline,rephrased,weakness,human_vs_gemini,vendi,q=1,y1::10,,4,1.3819678999989102,1.5557855708250607,-0.17381767082615052
baseline,rephrased,weakness,human_vs_gemini,vendi,q=1,y1::11,,4,1.2953391836481676,1.4080440574473072,-0.11270487379913963
baseline,rephrased,weakness,human_vs_gemini,vendi,q=1,y1::12,,4,1.3322787594576704,1.442592448500293,-0.11031368904262262
baseline,rephrased,weakness,human_vs_gemini,vendi,q=1,y1::2,,3,1.322618728051779,1.4356462998773474,-0.11302757182556844
baseline,rephrased,weakness,human_vs_gemini,vendi,q=1,y1::3,,4,1.4056857830751273,1.3385734947459451,0.06711228832918215
baseline,rephrased,weakness,human_vs_gemini,vendi,q=1,y1::4,,4,1.3521865281720558,1.4398889311890415,-0.08770240301698573
baseline,rephrased,weakness,human_vs_gemini,vendi,q=1,y1::5,,4,1.3705536672763297,1.4792395356582442,-0.10868586838191452
baseline,rephrased,weakness,human_vs_gemini,vendi,q=1,y1::6,,4,1.3884768360832973,1.4634757063386936,-0.07499887025539631
baseline,rephrased,weakness,human_vs_gemini,vendi,q=1,y1::7,,4,1.350397557704791,1.426064613009095,-0.07566705530430395
baseline,rephrased,weakness,human_vs_gemini,vendi,q=1,y1::8,,5,1.4072320506947062,1.460457409114595,-0.053225358419888735
baseline,rephrased,weakness,human_vs_gemini,vendi,q=1,y1::9,,3,1.235110361495658,1.3595327841397464,-0.12442242264408843
baseline,rephrased,weakness,human_vs_gemini,vendi,q=1,y2::1,,3,1.30851550264116,1.2537295987312342,0.05478590390992566
baseline,rephrased,weakness,human_vs_gemini,vendi,q=1,y2::10,,3,1.2916046383892648,1.3241217392399505,-0.03251710085068571
baseline,rephrased,weakness,human_vs_gemini,vendi,q=1,y2::11,,4,1.284222938414374,1.5577369700059138,-0.27351403159153986
baseline,rephrased,weakness,human_vs_gemini,vendi,q=1,y2::2,,3,1.2794909737541975,1.4059300232102108,-0.12643904945601325
baseline,rephrased,weakness,human_vs_gemini,vendi,q=1,y2::3,,4,1.2949053973674463,1.228896509340771,0.06600888802667515
baseline,rephrased,weakness,human_vs_gemini,vendi,q=1,y2::4,,2,1.1785772190176866,1.2460727895500743,-0.06749557053238764
baseline,rephrased,weakness,human_vs_gemini,vendi,q=1,y2::5,,4,1.3154980964962932,1.4492909531713578,-0.13379285667506458
baseline,rephrased,weakness,human_vs_gemini,vendi,q=1,y2::6,,4,1.315959312967976,1.5105312885733375,-0.19457197560536144
baseline,rephrased,weakness,human_vs_gemini,vendi,q=1,y2::7,,4,1.3520529197352216,1.5125869860275705,-0.1605340662923489
baseline,rephrased,weakness,human_vs_gemini,vendi,q=1,y2::8,,3,1.3591933324774255,1.2950292536315207,0.0641640788459048
baseline,rephrased,weakness,human_vs_gemini,vendi,q=1,y2::9,,4,1.368565219545832,1.457755348474746,-0.08919012892891409
baseline,rephrased,weakness,human_vs_gemini,participation_ratio,,y1::1,,4,2.7105802135996067,2.8180493436012575,-0.10746913000165081
baseline,rephrased,weakness,human_vs_gemini,participation_ratio,,y1::10,,4,2.594381700481683,2.5803904576053336,0.013991242876349563
baseline,rephrased,weakness,human_vs_gemini,participation_ratio,,y1::11,,4,2.927084871097388,2.6922419291688207,0.23484294192856714
baseline,rephrased,weakness,human_vs_gemini,participation_ratio,,y1::12,,4,2.659229205127509,2.5865910531480636,0.07263815197944545
baseline,rephrased,weakness,human_vs_gemini,participation_ratio,,y1::2,,3,1.7591164365852876,1.911046444244958,-0.15193000765967035
baseline,rephrased,weakness,human_vs_gemini,participation_ratio,,y1::3,,4,2.5309531972345947,2.8311996504526475,-0.3002464532180529
baseline,rephrased,weakness,human_vs_gemini,participation_ratio,,y1::4,,4,2.871922034825431,2.6387695007805947,0.23315253404483638
baseline,rephrased,weakness,human_vs_gemini,participation_ratio,,y1::5,,4,2.7847168728450873,2.6151816758139796,0.16953519703110764
baseline,rephrased,weakness,human_vs_gemini,participation_ratio,,y1::6,,4,2.8785024912028185,2.8744255305813824,0.004076960621436143
baseline,rephrased,weakness,human_vs_gemini,participation_ratio,,y1::7,,4,2.5953908933879584,2.7219929193837764,-0.12660202599581805
baseline,rephrased,weakness,human_vs_gemini,participation_ratio,,y1::8,,5,3.7093616303693295,3.5959299118597063,0.11343171850962319
baseline,rephrased,weakness,human_vs_gemini,participation_ratio,,y1::9,,3,1.9549314787611163,1.9180412013634787,0.036890277397637616
baseline,rephrased,weakness,human_vs_gemini,participation_ratio,,y2::1,,3,1.9389179970941404,1.9389412757103197,-2.3278616179345235e-05
baseline,rephrased,weakness,human_vs_gemini,participation_ratio,,y2::10,,3,1.7631169200883914,1.8779469368939448,-0.11483001680555338
baseline,rephrased,weakness,human_vs_gemini,participation_ratio,,y2::11,,4,2.947231921477975,2.702981951745503,0.24424996973247204
baseline,rephrased,weakness,human_vs_gemini,participation_ratio,,y2::2,,3,1.9935636286706409,1.7041567723095497,0.2894068563610912
baseline,rephrased,weakness,human_vs_gemini,participation_ratio,,y2::3,,4,2.8433489757236803,2.789546359654424,0.05380261606925618
baseline,rephrased,weakness,human_vs_gemini,participation_ratio,,y2::4,,2,1.0,1.0,0.0
baseline,rephrased,weakness,human_vs_gemini,participation_ratio,,y2::5,,4,2.724157602214943,2.718976926290067,0.005180675924876255
baseline,rephrased,weakness,human_vs_gemini,participation_ratio,,y2::6,,4,2.645468533106961,2.873320675990966,-0.22785214288400502
baseline,rephrased,weakness,human_vs_gemini,participation_ratio,,y2::7,,4,2.779245133744203,2.7583408573071706,0.020904276437032188
baseline,rephrased,weakness,human_vs_gemini,participation_ratio,,y2::8,,3,1.814530329039543,1.895328142009621,-0.08079781297007815
baseline,rephrased,weakness,human_vs_gemini,participation_ratio,,y2::9,,4,2.9754168054291332,2.7109853738109457,0.2644314316181875
baseline,rephrased,weakness,human_vs_gemini,effective_rank,,y1::1,,4,2.8464104051505426,2.9036271219621894,-0.05721671681164686
baseline,rephrased,weakness,human_vs_gemini,effective_rank,,y1::10,,4,2.773692382429483,2.7609731393388524,0.012719243090630439
baseline,rephrased,weakness,human_vs_gemini,effective_rank,,y1::11,,4,2.9633987338904304,2.8354720456703566,0.1279266882200738
baseline,rephrased,weakness,human_vs_gemini,effective_rank,,y1::12,,4,2.798759264527415,2.7632760669676624,0.03548319755975271
baseline,rephrased,weakness,human_vs_gemini,effective_rank,,y1::2,,3,1.8645596901005155,1.9531246560061308,-0.08856496590561536
baseline,rephrased,weakness,human_vs_gemini,effective_rank,,y1::3,,4,2.742696787501881,2.908945602542046,-0.1662488150401651
baseline,rephrased,weakness,human_vs_gemini,effective_rank,,y1::4,,4,2.9363734631416336,2.8027672934087766,0.133606169732857
baseline,rephrased,weakness,human_vs_gemini,effective_rank,,y1::5,,4,2.883458612808162,2.772817390601435,0.11064122220672701
baseline,rephrased,weakness,human_vs_gemini,effective_rank,,y1::6,,4,2.9363171059754403,2.9331854522925047,0.0031316536829355535
baseline,rephrased,weakness,human_vs_gemini,effective_rank,,y1::7,,4,2.7880258214457503,2.8508031606016413,-0.06277733915589101
baseline,rephrased,weakness,human_vs_gemini,effective_rank,,y1::8,,5,3.835585721581423,3.77545225111803,0.060133470463393124
baseline,rephrased,weakness,human_vs_gemini,effective_rank,,y1::9,,3,1.9769902201094014,1.9568279882255262,0.020162231883875226
baseline,rephrased,weakness,human_vs_gemini,effective_rank,,y2::1,,3,1.968578772348267,1.9684045548826643,0.00017421746560275508
baseline,rephrased,weakness,human_vs_gemini,effective_rank,,y2::10,,3,1.8670849384415793,1.9336094042314447,-0.06652446578986537
baseline,rephrased,weakness,human_vs_gemini,effective_rank,,y2::11,,4,2.97372981150251,2.8342926485853397,0.13943716291717045
baseline,rephrased,weakness,human_vs_gemini,effective_rank,,y2::2,,3,1.9967722919781676,1.8243308990871756,0.17244139289099203
baseline,rephrased,weakness,human_vs_gemini,effective_rank,,y2::3,,4,2.9173744445574514,2.8860585189750303,0.031315925582421134
baseline,rephrased,weakness,human_vs_gemini,effective_rank,,y2::4,,2,1.0,1.0,0.0
baseline,rephrased,weakness,human_vs_gemini,effective_rank,,y2::5,,4,2.85887032734813,2.8443597173587865,0.014510609989343504
baseline,rephrased,weakness,human_vs_gemini,effective_rank,,y2::6,,4,2.8084566228601076,2.9352974389354203,-0.12684081607531272
baseline,rephrased,weakness,human_vs_gemini,effective_rank,,y2::7,,4,2.8823527760534198,2.875723411012877,0.0066293650405429005
baseline,rephrased,weakness,human_vs_gemini,effective_rank,,y2::8,,3,1.8986290414634668,1.943965471421367,-0.045336429957900215
baseline,rephrased,weakness,human_vs_gemini,effective_rank,,y2::9,,4,2.9873980204167605,2.841819790524235,0.14557822989252545
baseline,rephrased,weakness,human_vs_gemini,coverage_geometric,k=panel_adaptive,y1::1,,4,1.0,1.0,0.0
baseline,rephrased,weakness,human_vs_gemini,coverage_geometric,k=panel_adaptive,y1::10,,4,1.0,0.95,0.050000000000000044
baseline,rephrased,weakness,human_vs_gemini,coverage_geometric,k=panel_adaptive,y1::11,,4,1.0,0.75,0.25
baseline,rephrased,weakness,human_vs_gemini,coverage_geometric,k=panel_adaptive,y1::12,,4,1.0,0.95,0.050000000000000044
baseline,rephrased,weakness,human_vs_gemini,coverage_geometric,k=panel_adaptive,y1::2,,3,1.0,0.9333333333333332,0.06666666666666676
baseline,rephrased,weakness,human_vs_gemini,coverage_geometric,k=panel_adaptive,y1::3,,4,1.0,1.0,0.0
baseline,rephrased,weakness,human_vs_gemini,coverage_geometric,k=panel_adaptive,y1::4,,4,1.0,0.95,0.050000000000000044
baseline,rephrased,weakness,human_vs_gemini,coverage_geometric,k=panel_adaptive,y1::5,,4,1.0,1.0,0.0
baseline,rephrased,weakness,human_vs_gemini,coverage_geometric,k=panel_adaptive,y1::6,,4,1.0,1.0,0.0
baseline,rephrased,weakness,human_vs_gemini,coverage_geometric,k=panel_adaptive,y1::7,,4,1.0,1.0,0.0
baseline,rephrased,weakness,human_vs_gemini,coverage_geometric,k=panel_adaptive,y1::8,,5,1.0,1.0,0.0
baseline,rephrased,weakness,human_vs_gemini,coverage_geometric,k=panel_adaptive,y1::9,,3,1.0,0.19999999999999998,0.8
baseline,rephrased,weakness,human_vs_gemini,coverage_geometric,k=panel_adaptive,y2::1,,3,1.0,0.9666666666666666,0.03333333333333344
baseline,rephrased,weakness,human_vs_gemini,coverage_geometric,k=panel_adaptive,y2::10,,3,1.0,1.0,0.0
baseline,rephrased,weakness,human_vs_gemini,coverage_geometric,k=panel_adaptive,y2::11,,4,1.0,0.0,1.0
baseline,rephrased,weakness,human_vs_gemini,coverage_geometric,k=panel_adaptive,y2::2,,3,1.0,0.8,0.19999999999999996
baseline,rephrased,weakness,human_vs_gemini,coverage_geometric,k=panel_adaptive,y2::3,,4,1.0,1.0,0.0
baseline,rephrased,weakness,human_vs_gemini,coverage_geometric,k=panel_adaptive,y2::4,,2,1.0,0.2,0.8
baseline,rephrased,weakness,human_vs_gemini,coverage_geometric,k=panel_adaptive,y2::5,,4,1.0,0.9,0.09999999999999998
baseline,rephrased,weakness,human_vs_gemini,coverage_geometric,k=panel_adaptive,y2::6,,4,1.0,1.0,0.0
baseline,rephrased,weakness,human_vs_gemini,coverage_geometric,k=panel_adaptive,y2::7,,4,1.0,0.7,0.30000000000000004
baseline,rephrased,weakness,human_vs_gemini,coverage_geometric,k=panel_adaptive,y2::8,,3,1.0,1.0,0.0
baseline,rephrased,weakness,human_vs_gemini,coverage_geometric,k=panel_adaptive,y2::9,,4,1.0,0.25,0.75
baseline,rephrased,weakness,human_vs_gemini,vendi_slope,q=0..2,y1::1,,4,-0.6237422373967951,-0.6310932675772613,0.007351030180466123
baseline,rephrased,weakness,human_vs_gemini,vendi_slope,q=0..2,y1::10,,4,-0.6220997553683092,-0.585060964264345,-0.03703879110396424
baseline,rephrased,weakness,human_vs_gemini,vendi_slope,q=0..2,y1::11,,4,-0.6407981433521928,-0.6170480805584576,-0.02375006279373515
baseline,rephrased,weakness,human_vs_gemini,vendi_slope,q=0..2,y1::12,,4,-0.632538608030969,-0.6093107660212842,-0.02322784200968475
baseline,rephrased,weakness,human_vs_gemini,vendi_slope,q=0..2,y1::2,,3,-0.4839026224145583,-0.45791065988370283,-0.02599196253085545
baseline,rephrased,weakness,human_vs_gemini,vendi_slope,q=0..2,y1::3,,4,-0.6169305996810298,-0.6318265328363074,0.014895933155277596
baseline,rephrased,weakness,human_vs_gemini,vendi_slope,q=0..2,y1::4,,4,-0.6292153729563286,-0.6101144905045798,-0.01910088245174879
baseline,rephrased,weakness,human_vs_gemini,vendi_slope,q=0..2,y1::5,,4,-0.6251597288230791,-0.601585809723963,-0.023573919099116103
baseline,rephrased,weakness,human_vs_gemini,vendi_slope,q=0..2,y1::6,,4,-0.6217963605350485,-0.6062596846372124,-0.015536675897836139
baseline,rephrased,weakness,human_vs_gemini,vendi_slope,q=0..2,y1::7,,4,-0.6287599031104519,-0.6134287876581913,-0.015331115452260624
baseline,rephrased,weakness,human_vs_gemini,vendi_slope,q=0..2,y1::8,,5,-0.7345421414787234,-0.7241486233124035,-0.010393518166319948
baseline,rephrased,weakness,human_vs_gemini,vendi_slope,q=0..2,y1::9,,3,-0.5046554304039085,-0.47608887708045555,-0.028566553323452926
baseline,rephrased,weakness,human_vs_gemini,vendi_slope,q=0..2,y2::1,,3,-0.48809475917401535,-0.500464899611104,0.012370140437088617
baseline,rephrased,weakness,human_vs_gemini,vendi_slope,q=0..2,y2::10,,3,-0.49115664010411386,-0.48414695669848307,-0.0070096834056307955
baseline,rephrased,weakness,human_vs_gemini,vendi_slope,q=0..2,y2::11,,4,-0.6430522789041755,-0.5854410799178666,-0.05761119898630884
baseline,rephrased,weakness,human_vs_gemini,vendi_slope,q=0..2,y2::2,,3,-0.4949007379817937,-0.46313168807975824,-0.03176904990203544
baseline,rephrased,weakness,human_vs_gemini,vendi_slope,q=0..2,y2::3,,4,-0.6406902426270806,-0.6536504123704212,0.012960169743340577
baseline,rephrased,weakness,human_vs_gemini,vendi_slope,q=0..2,y2::4,,2,-0.3077538587645513,-0.28885572143106597,-0.018898137333485332
baseline,rephrased,weakness,human_vs_gemini,vendi_slope,q=0..2,y2::5,,4,-0.6362768010097651,-0.6085314603911358,-0.02774534061862932
baseline,rephrased,weakness,human_vs_gemini,vendi_slope,q=0..2,y2::6,,4,-0.6359389996798701,-0.5964261657525955,-0.03951283392727456
baseline,rephrased,weakness,human_vs_gemini,vendi_slope,q=0..2,y2::7,,4,-0.6289472477470521,-0.5954208898911075,-0.0335263578559446
baseline,rephrased,weakness,human_vs_gemini,vendi_slope,q=0..2,y2::8,,3,-0.47561594510252886,-0.4909395701503052,0.015323625047776346
baseline,rephrased,weakness,human_vs_gemini,vendi_slope,q=0..2,y2::9,,4,-0.6261618262496961,-0.6067201529206316,-0.019441673329064435
baseline,rephrased,weakness,human_vs_gemini,ripley_excess,r=panel_q01_q50,y1::1,,4,0.0,0.020298694511278546,-0.020298694511278546
baseline,rephrased,weakness,human_vs_gemini,ripley_excess,r=panel_q01_q50,y1::10,,4,0.0,0.015569594782125714,-0.015569594782125714
baseline,rephrased,weakness,human_vs_gemini,ripley_excess,r=panel_q01_q50,y1::11,,4,0.0,0.006603252685129351,-0.006603252685129351
baseline,rephrased,weakness,human_vs_gemini,ripley_excess,r=panel_q01_q50,y1::12,,4,0.0,0.02549532537089224,-0.02549532537089224
baseline,rephrased,weakness,human_vs_gemini,ripley_excess,r=panel_q01_q50,y1::2,,3,0.0,0.010529308637875745,-0.010529308637875745
baseline,rephrased,weakness,human_vs_gemini,ripley_excess,r=panel_q01_q50,y1::3,,4,0.0,0.022051871122872675,-0.022051871122872675
baseline,rephrased,weakness,human_vs_gemini,ripley_excess,r=panel_q01_q50,y1::4,,4,0.0,0.012232535387004213,-0.012232535387004213
baseline,rephrased,weakness,human_vs_gemini,ripley_excess,r=panel_q01_q50,y1::5,,4,0.0,0.013505879408388941,-0.013505879408388941
baseline,rephrased,weakness,human_vs_gemini,ripley_excess,r=panel_q01_q50,y1::6,,4,0.0,0.010128802033836327,-0.010128802033836327
baseline,rephrased,weakness,human_vs_gemini,ripley_excess,r=panel_q01_q50,y1::7,,4,0.0,0.01072982049233536,-0.01072982049233536
baseline,rephrased,weakness,human_vs_gemini,ripley_excess,r=panel_q01_q50,y1::8,,5,0.0,0.01625517190493906,-0.01625517190493906
baseline,rephrased,weakness,human_vs_gemini,ripley_excess,r=panel_q01_q50,y1::9,,3,0.0,0.0027772808113925834,-0.0027772808113925834
baseline,rephrased,weakness,human_vs_gemini,ripley_excess,r=panel_q01_q50,y2::1,,3,0.0,0.0251872036988669,-0.0251872036988669
baseline,rephrased,weakness,human_vs_gemini,ripley_excess,r=panel_q01_q50,y2::10,,3,0.0,0.013163349517092356,-0.013163349517092356
baseline,rephrased,weakness,human_vs_gemini,ripley_excess,r=panel_q01_q50,y2::11,,4,0.0,0.011803689887371497,-0.011803689887371497
baseline,rephrased,weakness,human_vs_gemini,ripley_excess,r=panel_q01_q50,y2::2,,3,0.0,0.011878244996593354,-0.011878244996593354
baseline,rephrased,weakness,human_vs_gemini,ripley_excess,r=panel_q01_q50,y2::3,,4,0.0,0.05097099292080885,-0.05097099292080885
baseline,rephrased,weakness,human_vs_gemini,ripley_excess,r=panel_q01_q50,y2::4,,2,0.0,0.0052639027613492805,-0.0052639027613492805
baseline,rephrased,weakness,human_vs_gemini,ripley_excess,r=panel_q01_q50,y2::5,,4,0.0,0.010467426822845452,-0.010467426822845452
baseline,rephrased,weakness,human_vs_gemini,ripley_excess,r=panel_q01_q50,y2::6,,4,0.0,0.0,0.0
baseline,rephrased,weakness,human_vs_gemini,ripley_excess,r=panel_q01_q50,y2::7,,4,0.0,0.004224687540731372,-0.004224687540731372
baseline,rephrased,weakness,human_vs_gemini,ripley_excess,r=panel_q01_q50,y2::8,,3,0.0,0.04188645059713821,-0.04188645059713821
baseline,rephrased,weakness,human_vs_gemini,ripley_excess,r=panel_q01_q50,y2::9,,4,0.0,0.015006907750886936,-0.015006907750886936
baseline,rephrased,weakness,human_vs_gpt,vendi,q=1,y1::1,,4,1.3763685255160747,1.3623877262482247,0.013980799267850008
baseline,rephrased,weakness,human_vs_gpt,vendi,q=1,y1::10,,4,1.3819678999989102,1.4025413105113633,-0.020573410512453094
baseline,rephrased,weakness,human_vs_gpt,vendi,q=1,y1::11,,4,1.2953391836481676,1.4393098705234004,-0.14397068687523285
baseline,rephrased,weakness,human_vs_gpt,vendi,q=1,y1::12,,4,1.3322787594576704,1.3336306099040267,-0.0013518504463563286
baseline,rephrased,weakness,human_vs_gpt,vendi,q=1,y1::2,,3,1.322618728051779,1.2876922323110986,0.0349264957406803
baseline,rephrased,weakness,human_vs_gpt,vendi,q=1,y1::3,,4,1.4056857830751273,1.3485428288210275,0.057142954254099765
baseline,rephrased,weakness,human_vs_gpt,vendi,q=1,y1::4,,4,1.3521865281720558,1.3322389563425485,0.019947571829507238
baseline,rephrased,weakness,human_vs_gpt,vendi,q=1,y1::5,,4,1.3705536672763297,1.3480296247894241,0.022524042486905538
baseline,rephrased,weakness,human_vs_gpt,vendi,q=1,y1::6,,4,1.3884768360832973,1.4006982318006012,-0.012221395717303851
baseline,rephrased,weakness,human_vs_gpt,vendi,q=1,y1::7,,4,1.350397557704791,1.3254945243677543,0.024903033337036806
baseline,rephrased,weakness,human_vs_gpt,vendi,q=1,y1::8,,5,1.4072320506947062,1.332231857532361,0.07500019316234519
baseline,rephrased,weakness,human_vs_gpt,vendi,q=1,y1::9,,3,1.235110361495658,1.2501408181977716,-0.01503045670211356
baseline,rephrased,weakness,human_vs_gpt,vendi,q=1,y2::1,,3,1.30851550264116,1.2248650631735822,0.08365043946757766
baseline,rephrased,weakness,human_vs_gpt,vendi,q=1,y2::10,,3,1.2916046383892648,1.2551032970204647,0.03650134136880001
baseline,rephrased,weakness,human_vs_gpt,vendi,q=1,y2::11,,4,1.284222938414374,1.404389484425019,-0.12016654601064514
baseline,rephrased,weakness,human_vs_gpt,vendi,q=1,y2::2,,3,1.2794909737541975,1.3717895899964359,-0.09229861624223834
baseline,rephrased,weakness,human_vs_gpt,vendi,q=1,y2::3,,4,1.2949053973674463,1.3820887581224575,-0.08718336075501121
baseline,rephrased,weakness,human_vs_gpt,vendi,q=1,y2::4,,2,1.1785772190176866,1.2394045554836493,-0.06082733646596261
baseline,rephrased,weakness,human_vs_gpt,vendi,q=1,y2::5,,4,1.3154980964962932,1.3212759060876622,-0.005777809591368976
baseline,rephrased,weakness,human_vs_gpt,vendi,q=1,y2::6,,4,1.315959312967976,1.3678612348589174,-0.05190192189094134
baseline,rephrased,weakness,human_vs_gpt,vendi,q=1,y2::7,,4,1.3520529197352216,1.3937602884936857,-0.04170736875846415
baseline,rephrased,weakness,human_vs_gpt,vendi,q=1,y2::8,,3,1.3591933324774255,1.359701371478404,-0.0005080390009786218
baseline,rephrased,weakness,human_vs_gpt,vendi,q=1,y2::9,,4,1.368565219545832,1.3769680105100786,-0.008402790964246565
baseline,rephrased,weakness,human_vs_gpt,participation_ratio,,y1::1,,4,2.7105802135996067,2.69791355998595,0.01266665361365682
baseline,rephrased,weakness,human_vs_gpt,participation_ratio,,y1::10,,4,2.594381700481683,2.715486315178796,-0.12110461469711264
baseline,rephrased,weakness,human_vs_gpt,participation_ratio,,y1::11,,4,2.927084871097388,2.748179110769091,0.17890576032829664
baseline,rephrased,weakness,human_vs_gpt,participation_ratio,,y1::12,,4,2.659229205127509,2.732547304861765,-0.07331809973425596
baseline,rephrased,weakness,human_vs_gpt,participation_ratio,,y1::2,,3,1.7591164365852876,1.8627905049972686,-0.10367406841198101
baseline,rephrased,weakness,human_vs_gpt,participation_ratio,,y1::3,,4,2.5309531972345947,2.7187489663710296,-0.18779576913643492
baseline,rephrased,weakness,human_vs_gpt,participation_ratio,,y1::4,,4,2.871922034825431,2.7327196742471407,0.13920236057829039
baseline,rephrased,weakness,human_vs_gpt,participation_ratio,,y1::5,,4,2.7847168728450873,2.629710987659805,0.15500588518528247
baseline,rephrased,weakness,human_vs_gpt,participation_ratio,,y1::6,,4,2.8785024912028185,2.5150418629085265,0.36346062829429204
baseline,rephrased,weakness,human_vs_gpt,participation_ratio,,y1::7,,4,2.5953908933879584,2.8880395097142886,-0.2926486163263302
baseline,rephrased,weakness,human_vs_gpt,participation_ratio,,y1::8,,5,3.7093616303693295,3.5288441085036104,0.18051752186571912
baseline,rephrased,weakness,human_vs_gpt,participation_ratio,,y1::9,,3,1.9549314787611163,1.8624203711357132,0.09251110762540304
baseline,rephrased,weakness,human_vs_gpt,participation_ratio,,y2::1,,3,1.9389179970941404,1.9517439685218154,-0.012825971427675054
baseline,rephrased,weakness,human_vs_gpt,participation_ratio,,y2::10,,3,1.7631169200883914,1.8922189135595389,-0.12910199347114748
baseline,rephrased,weakness,human_vs_gpt,participation_ratio,,y2::11,,4,2.947231921477975,2.709544249042759,0.23768767243521616
baseline,rephrased,weakness,human_vs_gpt,participation_ratio,,y2::2,,3,1.9935636286706409,1.9605746730252336,0.03298895564540727
baseline,rephrased,weakness,human_vs_gpt,participation_ratio,,y2::3,,4,2.8433489757236803,2.6884951224054014,0.15485385331827883
baseline,rephrased,weakness,human_vs_gpt,participation_ratio,,y2::4,,2,1.0,1.0,0.0
baseline,rephrased,weakness,human_vs_gpt,participation_ratio,,y2::5,,4,2.724157602214943,2.671523757586438,0.052633844628505067
baseline,rephrased,weakness,human_vs_gpt,participation_ratio,,y2::6,,4,2.645468533106961,2.6589721264120763,-0.013503593305115302
baseline,rephrased,weakness,human_vs_gpt,participation_ratio,,y2::7,,4,2.779245133744203,2.6768647087451694,0.10238042499903344
baseline,rephrased,weakness,human_vs_gpt,participation_ratio,,y2::8,,3,1.814530329039543,1.9302335204238168,-0.11570319138427387
baseline,rephrased,weakness,human_vs_gpt,participation_ratio,,y2::9,,4,2.9754168054291332,2.780410330955339,0.19500647447379427
baseline,rephrased,weakness,human_vs_gpt,effective_rank,,y1::1,,4,2.8464104051505426,2.8380853720806294,0.008325033069913168
baseline,rephrased,weakness,human_vs_gpt,effective_rank,,y1::10,,4,2.773692382429483,2.850624777687414,-0.07693239525793105
baseline,rephrased,weakness,human_vs_gpt,effective_rank,,y1::11,,4,2.9633987338904304,2.8637350859960065,0.09966364789442395
baseline,rephrased,weakness,human_vs_gpt,effective_rank,,y1::12,,4,2.798759264527415,2.8582415790982614,-0.059482314570846295
baseline,rephrased,weakness,human_vs_gpt,effective_rank,,y1::2,,3,1.8645596901005155,1.9242046225996785,-0.05964493249916303
baseline,rephrased,weakness,human_vs_gpt,effective_rank,,y1::3,,4,2.742696787501881,2.8441528572602737,-0.10145606975839261
baseline,rephrased,weakness,human_vs_gpt,effective_rank,,y1::4,,4,2.9363734631416336,2.857166562687904,0.07920690045372947
baseline,rephrased,weakness,human_vs_gpt,effective_rank,,y1::5,,4,2.883458612808162,2.7974241943244573,0.08603441848370474
baseline,rephrased,weakness,human_vs_gpt,effective_rank,,y1::6,,4,2.9363171059754403,2.731322931621964,0.20499417435347622
baseline,rephrased,weakness,human_vs_gpt,effective_rank,,y1::7,,4,2.7880258214457503,2.9409597485700636,-0.1529339271243133
baseline,rephrased,weakness,human_vs_gpt,effective_rank,,y1::8,,5,3.835585721581423,3.7416429949593923,0.09394272662203074
baseline,rephrased,weakness,human_vs_gpt,effective_rank,,y1::9,,3,1.9769902201094014,1.9248870337588122,0.05210318635058919
baseline,rephrased,weakness,human_vs_gpt,effective_rank,,y2::1,,3,1.968578772348267,1.9750880167302423,-0.006509244381975199
baseline,rephrased,weakness,human_vs_gpt,effective_rank,,y2::10,,3,1.8670849384415793,1.9417843058910578,-0.07469936744947847
baseline,rephrased,weakness,human_vs_gpt,effective_rank,,y2::11,,4,2.97372981150251,2.846545085918481,0.12718472558402905
baseline,rephrased,weakness,human_vs_gpt,effective_rank,,y2::2,,3,1.9967722919781676,1.979747995098918,0.017024296879249556
baseline,rephrased,weakness,human_vs_gpt,effective_rank,,y2::3,,4,2.9173744445574514,2.833224646724285,0.08414979783316623
baseline,rephrased,weakness,human_vs_gpt,effective_rank,,y2::4,,2,1.0,1.0,0.0
baseline,rephrased,weakness,human_vs_gpt,effective_rank,,y2::5,,4,2.85887032734813,2.8203931778761677,0.038477149471962235
baseline,rephrased,weakness,human_vs_gpt,effective_rank,,y2::6,,4,2.8084566228601076,2.8148274196953302,-0.006370796835222681
baseline,rephrased,weakness,human_vs_gpt,effective_rank,,y2::7,,4,2.8823527760534198,2.818776964958075,0.06357581109534483
baseline,rephrased,weakness,human_vs_gpt,effective_rank,,y2::8,,3,1.8986290414634668,1.9633345694163826,-0.06470552795291584
baseline,rephrased,weakness,human_vs_gpt,effective_rank,,y2::9,,4,2.9873980204167605,2.883701153529848,0.10369686688691271
baseline,rephrased,weakness,human_vs_gpt,coverage_geometric,k=panel_adaptive,y1::1,,4,1.0,0.95,0.050000000000000044
baseline,rephrased,weakness,human_vs_gpt,coverage_geometric,k=panel_adaptive,y1::10,,4,1.0,1.0,0.0
baseline,rephrased,weakness,human_vs_gpt,coverage_geometric,k=panel_adaptive,y1::11,,4,1.0,0.9,0.09999999999999998
baseline,rephrased,weakness,human_vs_gpt,coverage_geometric,k=panel_adaptive,y1::12,,4,1.0,1.0,0.0
baseline,rephrased,weakness,human_vs_gpt,coverage_geometric,k=panel_adaptive,y1::2,,3,1.0,0.6666666666666667,0.33333333333333326
baseline,rephrased,weakness,human_vs_gpt,coverage_geometric,k=panel_adaptive,y1::3,,4,1.0,1.0,0.0
baseline,rephrased,weakness,human_vs_gpt,coverage_geometric,k=panel_adaptive,y1::4,,4,1.0,1.0,0.0
baseline,rephrased,weakness,human_vs_gpt,coverage_geometric,k=panel_adaptive,y1::5,,4,1.0,1.0,0.0
baseline,rephrased,weakness,human_vs_gpt,coverage_geometric,k=panel_adaptive,y1::6,,4,1.0,1.0,0.0
baseline,rephrased,weakness,human_vs_gpt,coverage_geometric,k=panel_adaptive,y1::7,,4,1.0,1.0,0.0
baseline,rephrased,weakness,human_vs_gpt,coverage_geometric,k=panel_adaptive,y1::8,,5,1.0,1.0,0.0
baseline,rephrased,weakness,human_vs_gpt,coverage_geometric,k=panel_adaptive,y1::9,,3,1.0,1.0,0.0
baseline,rephrased,weakness,human_vs_gpt,coverage_geometric,k=panel_adaptive,y2::1,,3,1.0,0.9666666666666666,0.03333333333333344
baseline,rephrased,weakness,human_vs_gpt,coverage_geometric,k=panel_adaptive,y2::10,,3,1.0,1.0,0.0
baseline,rephrased,weakness,human_vs_gpt,coverage_geometric,k=panel_adaptive,y2::11,,4,1.0,0.7,0.30000000000000004
baseline,rephrased,weakness,human_vs_gpt,coverage_geometric,k=panel_adaptive,y2::2,,3,1.0,0.8,0.19999999999999996
baseline,rephrased,weakness,human_vs_gpt,coverage_geometric,k=panel_adaptive,y2::3,,4,1.0,0.95,0.050000000000000044
baseline,rephrased,weakness,human_vs_gpt,coverage_geometric,k=panel_adaptive,y2::4,,2,1.0,0.2,0.8
baseline,rephrased,weakness,human_vs_gpt,coverage_geometric,k=panel_adaptive,y2::5,,4,1.0,1.0,0.0
baseline,rephrased,weakness,human_vs_gpt,coverage_geometric,k=panel_adaptive,y2::6,,4,1.0,1.0,0.0
baseline,rephrased,weakness,human_vs_gpt,coverage_geometric,k=panel_adaptive,y2::7,,4,1.0,1.0,0.0
baseline,rephrased,weakness,human_vs_gpt,coverage_geometric,k=panel_adaptive,y2::8,,3,1.0,1.0,0.0
baseline,rephrased,weakness,human_vs_gpt,coverage_geometric,k=panel_adaptive,y2::9,,4,1.0,0.7,0.30000000000000004
baseline,rephrased,weakness,human_vs_gpt,vendi_slope,q=0..2,y1::1,,4,-0.6237422373967951,-0.6265286901301226,0.002786452733327449
baseline,rephrased,weakness,human_vs_gpt,vendi_slope,q=0..2,y1::10,,4,-0.6220997553683092,-0.6183297666571475,-0.0037699887111617425
baseline,rephrased,weakness,human_vs_gpt,vendi_slope,q=0..2,y1::11,,4,-0.6407981433521928,-0.610758826732299,-0.030039316619893786
baseline,rephrased,weakness,human_vs_gpt,vendi_slope,q=0..2,y1::12,,4,-0.632538608030969,-0.6325541417067425,1.553367577356024e-05
baseline,rephrased,weakness,human_vs_gpt,vendi_slope,q=0..2,y1::2,,3,-0.4839026224145583,-0.4924049662534794,0.008502343838921123
baseline,rephrased,weakness,human_vs_gpt,vendi_slope,q=0..2,y1::3,,4,-0.6169305996810298,-0.6294399312347005,0.012509331553670733
baseline,rephrased,weakness,human_vs_gpt,vendi_slope,q=0..2,y1::4,,4,-0.6292153729563286,-0.6328283441751591,0.0036129712188305296
baseline,rephrased,weakness,human_vs_gpt,vendi_slope,q=0..2,y1::5,,4,-0.6251597288230791,-0.6292578027446503,0.004098073921571133
baseline,rephrased,weakness,human_vs_gpt,vendi_slope,q=0..2,y1::6,,4,-0.6217963605350485,-0.617713975754359,-0.004082384780689452
baseline,rephrased,weakness,human_vs_gpt,vendi_slope,q=0..2,y1::7,,4,-0.6287599031104519,-0.6346399493887567,0.00588004627830474
baseline,rephrased,weakness,human_vs_gpt,vendi_slope,q=0..2,y1::8,,5,-0.7345421414787234,-0.7483035177206618,0.013761376241938406
baseline,rephrased,weakness,human_vs_gpt,vendi_slope,q=0..2,y1::9,,3,-0.5046554304039085,-0.5009560489224653,-0.00369938148144322
baseline,rephrased,weakness,human_vs_gpt,vendi_slope,q=0..2,y2::1,,3,-0.48809475917401535,-0.5068699938323069,0.018775234658291562
baseline,rephrased,weakness,human_vs_gpt,vendi_slope,q=0..2,y2::10,,3,-0.49115664010411386,-0.4999576314308388,0.00880099132672496
baseline,rephrased,weakness,human_vs_gpt,vendi_slope,q=0..2,y2::11,,4,-0.6430522789041755,-0.6178837158285977,-0.0251685630755778
baseline,rephrased,weakness,human_vs_gpt,vendi_slope,q=0..2,y2::2,,3,-0.4949007379817937,-0.47347862354403975,-0.021422114437753936
baseline,rephrased,weakness,human_vs_gpt,vendi_slope,q=0..2,y2::3,,4,-0.6406902426270806,-0.6224450351792059,-0.018245207447874723
baseline,rephrased,weakness,human_vs_gpt,vendi_slope,q=0..2,y2::4,,2,-0.3077538587645513,-0.2908301863491406,-0.016923672415410707
baseline,rephrased,weakness,human_vs_gpt,vendi_slope,q=0..2,y2::5,,4,-0.6362768010097651,-0.6348778341609324,-0.0013989668488327833
baseline,rephrased,weakness,human_vs_gpt,vendi_slope,q=0..2,y2::6,,4,-0.6359389996798701,-0.6252483068447253,-0.010690692835144788
baseline,rephrased,weakness,human_vs_gpt,vendi_slope,q=0..2,y2::7,,4,-0.6289472477470521,-0.6199429106014953,-0.009004337145556818
baseline,rephrased,weakness,human_vs_gpt,vendi_slope,q=0..2,y2::8,,3,-0.47561594510252886,-0.47612574773827704,0.00050980263574818
baseline,rephrased,weakness,human_vs_gpt,vendi_slope,q=0..2,y2::9,,4,-0.6261618262496961,-0.6238171510481387,-0.0023446752015573447
baseline,rephrased,weakness,human_vs_gpt,ripley_excess,r=panel_q01_q50,y1::1,,4,0.0,0.022321851039527937,-0.022321851039527937
baseline,rephrased,weakness,human_vs_gpt,ripley_excess,r=panel_q01_q50,y1::10,,4,0.0,0.010126577804939555,-0.010126577804939555
baseline,rephrased,weakness,human_vs_gpt,ripley_excess,r=panel_q01_q50,y1::11,,4,0.0,9.431573856726466e-05,-9.431573856726466e-05
baseline,rephrased,weakness,human_vs_gpt,ripley_excess,r=panel_q01_q50,y1::12,,4,0.0,0.021257981381460084,-0.021257981381460084
baseline,rephrased,weakness,human_vs_gpt,ripley_excess,r=panel_q01_q50,y1::2,,3,0.0,0.024856779801115073,-0.024856779801115073
baseline,rephrased,weakness,human_vs_gpt,ripley_excess,r=panel_q01_q50,y1::3,,4,0.0,0.028443605764777564,-0.028443605764777564
baseline,rephrased,weakness,human_vs_gpt,ripley_excess,r=panel_q01_q50,y1::4,,4,0.0,0.029037324274450625,-0.029037324274450625
baseline,rephrased,weakness,human_vs_gpt,ripley_excess,r=panel_q01_q50,y1::5,,4,0.0,0.024584031129917545,-0.024584031129917545
baseline,rephrased,weakness,human_vs_gpt,ripley_excess,r=panel_q01_q50,y1::6,,4,0.0,0.03148731717579358,-0.03148731717579358
baseline,rephrased,weakness,human_vs_gpt,ripley_excess,r=panel_q01_q50,y1::7,,4,0.0,0.0166427000015427,-0.0166427000015427
baseline,rephrased,weakness,human_vs_gpt,ripley_excess,r=panel_q01_q50,y1::8,,5,0.0,0.05330319596842398,-0.05330319596842398
baseline,rephrased,weakness,human_vs_gpt,ripley_excess,r=panel_q01_q50,y1::9,,3,0.0,0.0072785109961693755,-0.0072785109961693755
baseline,rephrased,weakness,human_vs_gpt,ripley_excess,r=panel_q01_q50,y2::1,,3,0.0,0.0234984320517955,-0.0234984320517955
baseline,rephrased,weakness,human_vs_gpt,ripley_excess,r=panel_q01_q50,y2::10,,3,0.0,0.018947801675189994,-0.018947801675189994
baseline,rephrased,weakness,human_vs_gpt,ripley_excess,r=panel_q01_q50,y2::11,,4,0.0,0.004227305846833911,-0.004227305846833911
baseline,rephrased,weakness,human_vs_gpt,ripley_excess,r=panel_q01_q50,y2::2,,3,0.0,0.0,0.0
baseline,rephrased,weakness,human_vs_gpt,ripley_excess,r=panel_q01_q50,y2::3,,4,0.0,0.005695808873713964,-0.005695808873713964
baseline,rephrased,weakness,human_vs_gpt,ripley_excess,r=panel_q01_q50,y2::4,,2,0.0,0.007624920756733005,-0.007624920756733005
baseline,rephrased,weakness,human_vs_gpt,ripley_excess,r=panel_q01_q50,y2::5,,4,0.0,0.019737020850164936,-0.019737020850164936
baseline,rephrased,weakness,human_vs_gpt,ripley_excess,r=panel_q01_q50,y2::6,,4,0.0,0.011765975142102467,-0.011765975142102467
baseline,rephrased,weakness,human_vs_gpt,ripley_excess,r=panel_q01_q50,y2::7,,4,0.0,0.01317715914093616,-0.01317715914093616
baseline,rephrased,weakness,human_vs_gpt,ripley_excess,r=panel_q01_q50,y2::8,,3,0.0,0.014167446360712072,-0.014167446360712072
baseline,rephrased,weakness,human_vs_gpt,ripley_excess,r=panel_q01_q50,y2::9,,4,0.0,0.03313597390645636,-0.03313597390645636
