condition,text_version,field,comparison,facet,metric,param,target_proposal_uid,target_cohort,n_human_reviews,human_value,ai_value,paired_diff
persona,rephrased,whole,human_vs_pooled_ai,richness,vendi,q=1,y1::1,y1,4,1.1555645766139968,1.159888962106399,-0.004324385492402216
persona,rephrased,whole,human_vs_pooled_ai,richness,vendi,q=1,y1::10,y1,4,1.176858349217139,1.1604790814924062,0.01637926772473275
persona,rephrased,whole,human_vs_pooled_ai,richness,vendi,q=1,y1::11,y1,4,1.1996512070053875,1.168201181576947,0.03145002542844044
persona,rephrased,whole,human_vs_pooled_ai,richness,vendi,q=1,y1::12,y1,4,1.2075245064343563,1.127773711450415,0.07975079498394133
persona,rephrased,whole,human_vs_pooled_ai,richness,vendi,q=1,y1::2,y1,3,1.1653139783441002,1.1292951097647164,0.036018868579383856
persona,rephrased,whole,human_vs_pooled_ai,richness,vendi,q=1,y1::3,y1,4,1.210357847726515,1.1540300582061307,0.0563277895203842
persona,rephrased,whole,human_vs_pooled_ai,richness,vendi,q=1,y1::4,y1,4,1.1398498009834501,1.15819824922466,-0.018348448241209958
persona,rephrased,whole,human_vs_pooled_ai,richness,vendi,q=1,y1::5,y1,4,1.2144128832381018,1.1564892147899501,0.057923668448151666
persona,rephrased,whole,human_vs_pooled_ai,richness,vendi,q=1,y1::6,y1,4,1.1635414433299986,1.1642735640661621,-0.0007321207361634663
persona,rephrased,whole,human_vs_pooled_ai,richness,vendi,q=1,y1::7,y1,4,1.1852096970482238,1.1488788983678564,0.03633079868036737
persona,rephrased,whole,human_vs_pooled_ai,richness,vendi,q=1,y1::8,y1,5,1.2567356228171045,1.1726223920495777,0.08411323076752675
persona,rephrased,whole,human_vs_pooled_ai,richness,vendi,q=1,y1::9,y1,3,1.1978684393414798,1.1276187466868381,0.07024969265464165
persona,rephrased,whole,human_vs_pooled_ai,richness,vendi,q=1,y2::1,y2,3,1.1584255474636158,1.1317158681981618,0.02670967926545398
persona,rephrased,whole,human_vs_pooled_ai,richness,vendi,q=1,y2::10,y2,3,1.2135343132037324,1.1213529611025395,0.09218135210119294
persona,rephrased,whole,human_vs_pooled_ai,richness,vendi,q=1,y2::11,y2,4,1.1852696510574283,1.1608672359870782,0.024402415070350125
persona,rephrased,whole,human_vs_pooled_ai,richness,vendi,q=1,y2::2,y2,3,1.184539244684438,1.1236741178015235,0.060865126882914566
persona,rephrased,whole,human_vs_pooled_ai,richness,vendi,q=1,y2::3,y2,4,1.1824650038765467,1.1696093149997944,0.01285568887675237
persona,rephrased,whole,human_vs_pooled_ai,richness,vendi,q=1,y2::4,y2,2,1.1136952661076993,1.0823258116210817,0.031369454486617654
persona,rephrased,whole,human_vs_pooled_ai,richness,vendi,q=1,y2::5,y2,4,1.1746204263773936,1.1586045906584648,0.01601583571892884
persona,rephrased,whole,human_vs_pooled_ai,richness,vendi,q=1,y2::6,y2,4,1.170422844071897,1.1635935209436952,0.006829323128201725
persona,rephrased,whole,human_vs_pooled_ai,richness,vendi,q=1,y2::7,y2,4,1.1951259738995463,1.133910754710428,0.06121521918911843
persona,rephrased,whole,human_vs_pooled_ai,richness,vendi,q=1,y2::8,y2,3,1.1756528035484555,1.1418332074583823,0.03381959609007312
persona,rephrased,whole,human_vs_pooled_ai,richness,vendi,q=1,y2::9,y2,4,1.2030478210496816,1.1592922552216882,0.04375556582799334
persona,rephrased,whole,human_vs_pooled_ai,dimensionality,participation_ratio,,y1::1,y1,4,2.969994111092062,2.685841538191133,0.2841525729009291
persona,rephrased,whole,human_vs_pooled_ai,dimensionality,participation_ratio,,y1::10,y1,4,2.835793368897469,2.7444942437608586,0.0912991251366102
persona,rephrased,whole,human_vs_pooled_ai,dimensionality,participation_ratio,,y1::11,y1,4,2.9567889558322458,2.7747697651152916,0.18201919071695416
persona,rephrased,whole,human_vs_pooled_ai,dimensionality,participation_ratio,,y1::12,y1,4,2.7206458899803247,2.7761117666784685,-0.055465876698143735
persona,rephrased,whole,human_vs_pooled_ai,dimensionality,participation_ratio,,y1::2,y1,3,1.9340486176123768,1.932047718233497,0.002000899378879817
persona,rephrased,whole,human_vs_pooled_ai,dimensionality,participation_ratio,,y1::3,y1,4,2.7881575779561216,2.7393357865410635,0.04882179141505816
persona,rephrased,whole,human_vs_pooled_ai,dimensionality,participation_ratio,,y1::4,y1,4,2.6486801622986187,2.762890115881798,-0.11420995358317931
persona,rephrased,whole,human_vs_pooled_ai,dimensionality,participation_ratio,,y1::5,y1,4,2.749838405516411,2.7904821908854287,-0.04064378536901758
persona,rephrased,whole,human_vs_pooled_ai,dimensionality,participation_ratio,,y1::6,y1,4,2.9171707936855023,2.782564879523331,0.13460591416217138
persona,rephrased,whole,human_vs_pooled_ai,dimensionality,participation_ratio,,y1::7,y1,4,2.7817113336917716,2.75189912194302,0.029812211748751594
persona,rephrased,whole,human_vs_pooled_ai,dimensionality,participation_ratio,,y1::8,y1,5,3.540508319984465,3.703658810024343,-0.16315049003987792
persona,rephrased,whole,human_vs_pooled_ai,dimensionality,participation_ratio,,y1::9,y1,3,1.8434620872264083,1.9126421403111975,-0.06918005308478925
persona,rephrased,whole,human_vs_pooled_ai,dimensionality,participation_ratio,,y2::1,y2,3,1.9948131561333202,1.8831237671317997,0.11168938900152048
persona,rephrased,whole,human_vs_pooled_ai,dimensionality,participation_ratio,,y2::10,y2,3,1.8658612358541693,1.8660564478862023,-0.00019521203203298754
persona,rephrased,whole,human_vs_pooled_ai,dimensionality,participation_ratio,,y2::11,y2,4,2.681121210282099,2.7955220556977514,-0.11440084541565243
persona,rephrased,whole,human_vs_pooled_ai,dimensionality,participation_ratio,,y2::2,y2,3,1.966140186006795,1.9201325085900824,0.04600767741671263
persona,rephrased,whole,human_vs_pooled_ai,dimensionality,participation_ratio,,y2::3,y2,4,2.9573578896581973,2.816791992950949,0.1405658967072485
persona,rephrased,whole,human_vs_pooled_ai,dimensionality,participation_ratio,,y2::4,y2,2,1.0,1.0,0.0
persona,rephrased,whole,human_vs_pooled_ai,dimensionality,participation_ratio,,y2::5,y2,4,2.9561799932836457,2.7396592466372183,0.2165207466464274
persona,rephrased,whole,human_vs_pooled_ai,dimensionality,participation_ratio,,y2::6,y2,4,2.72113584958171,2.79170134129884,-0.07056549171712989
persona,rephrased,whole,human_vs_pooled_ai,dimensionality,participation_ratio,,y2::7,y2,4,2.544733746673654,2.8080752038582872,-0.2633414571846333
persona,rephrased,whole,human_vs_pooled_ai,dimensionality,participation_ratio,,y2::8,y2,3,1.7826108257680418,1.8860958910604357,-0.10348506529239399
persona,rephrased,whole,human_vs_pooled_ai,dimensionality,participation_ratio,,y2::9,y2,4,2.702765887392295,2.770541225953375,-0.06777533856107976
persona,rephrased,whole,human_vs_pooled_ai,dimensionality,effective_rank,,y1::1,y1,4,2.984885109773798,2.828300907215058,0.15658420255874006
persona,rephrased,whole,human_vs_pooled_ai,dimensionality,effective_rank,,y1::10,y1,4,2.9133032041614007,2.8623383114007876,0.050964892760613
persona,rephrased,whole,human_vs_pooled_ai,dimensionality,effective_rank,,y1::11,y1,4,2.977612401074319,2.8797815579127275,0.0978308431615913
persona,rephrased,whole,human_vs_pooled_ai,dimensionality,effective_rank,,y1::12,y1,4,2.8528974854974987,2.880887946636371,-0.02799046113887238
persona,rephrased,whole,human_vs_pooled_ai,dimensionality,effective_rank,,y1::2,y1,3,1.9659957273609547,1.9638185412758613,0.00217718608509343
persona,rephrased,whole,human_vs_pooled_ai,dimensionality,effective_rank,,y1::3,y1,4,2.891785044563804,2.8591477667900382,0.03263727777376557
persona,rephrased,whole,human_vs_pooled_ai,dimensionality,effective_rank,,y1::4,y1,4,2.813580002440628,2.871605691159607,-0.05802568871897895
persona,rephrased,whole,human_vs_pooled_ai,dimensionality,effective_rank,,y1::5,y1,4,2.860219482580701,2.88806239677079,-0.027842914190089108
persona,rephrased,whole,human_vs_pooled_ai,dimensionality,effective_rank,,y1::6,y1,4,2.9585163571347137,2.8837159068727094,0.07480045026200433
persona,rephrased,whole,human_vs_pooled_ai,dimensionality,effective_rank,,y1::7,y1,4,2.8766025728000426,2.8651744340374523,0.0114281387625903
persona,rephrased,whole,human_vs_pooled_ai,dimensionality,effective_rank,,y1::8,y1,5,3.737021519745313,3.842359282302596,-0.10533776255728311
persona,rephrased,whole,human_vs_pooled_ai,dimensionality,effective_rank,,y1::9,y1,3,1.9156697851137616,1.9529211445689438,-0.03725135945518221
persona,rephrased,whole,human_vs_pooled_ai,dimensionality,effective_rank,,y2::1,y2,3,1.9974003977060049,1.9352562657304833,0.0621441319755216
persona,rephrased,whole,human_vs_pooled_ai,dimensionality,effective_rank,,y2::10,y2,3,1.9285300221070054,1.9258441563018371,0.002685865805168275
persona,rephrased,whole,human_vs_pooled_ai,dimensionality,effective_rank,,y2::11,y2,4,2.8322836499194897,2.8911959325332437,-0.05891228261375403
persona,rephrased,whole,human_vs_pooled_ai,dimensionality,effective_rank,,y2::2,y2,3,1.9828031214374593,1.9571587648396491,0.02564435659781017
persona,rephrased,whole,human_vs_pooled_ai,dimensionality,effective_rank,,y2::3,y2,4,2.978365898411311,2.902412701798538,0.07595319661277289
persona,rephrased,whole,human_vs_pooled_ai,dimensionality,effective_rank,,y2::4,y2,2,1.0,1.0,0.0
persona,rephrased,whole,human_vs_pooled_ai,dimensionality,effective_rank,,y2::5,y2,4,2.9771573398416113,2.858887071534522,0.11827026830708931
persona,rephrased,whole,human_vs_pooled_ai,dimensionality,effective_rank,,y2::6,y2,4,2.8427499166948618,2.8887069938336922,-0.04595707713883046
persona,rephrased,whole,human_vs_pooled_ai,dimensionality,effective_rank,,y2::7,y2,4,2.75657880038648,2.897464255584388,-0.14088545519790818
persona,rephrased,whole,human_vs_pooled_ai,dimensionality,effective_rank,,y2::8,y2,3,1.8792414221121054,1.9370690875237222,-0.05782766541161677
persona,rephrased,whole,human_vs_pooled_ai,dimensionality,effective_rank,,y2::9,y2,4,2.8337902219965994,2.875731839774704,-0.04194161777810468
persona,rephrased,whole,human_vs_pooled_ai,coverage,coverage_geometric,k=panel_adaptive,y1::1,y1,4,0.75,0.8386446886446887,-0.08864468864468866
persona,rephrased,whole,human_vs_pooled_ai,coverage,coverage_geometric,k=panel_adaptive,y1::10,y1,4,1.0,0.9805860805860805,0.019413919413919456
persona,rephrased,whole,human_vs_pooled_ai,coverage,coverage_geometric,k=panel_adaptive,y1::11,y1,4,0.75,0.9990842490842491,-0.2490842490842491
persona,rephrased,whole,human_vs_pooled_ai,coverage,coverage_geometric,k=panel_adaptive,y1::12,y1,4,1.0,1.0,0.0
persona,rephrased,whole,human_vs_pooled_ai,coverage,coverage_geometric,k=panel_adaptive,y1::2,y1,3,0.6666666666666666,0.8783882783882783,-0.21172161172161164
persona,rephrased,whole,human_vs_pooled_ai,coverage,coverage_geometric,k=panel_adaptive,y1::3,y1,4,0.75,1.0,-0.25
persona,rephrased,whole,human_vs_pooled_ai,coverage,coverage_geometric,k=panel_adaptive,y1::4,y1,4,0.75,0.8663003663003663,-0.11630036630036633
persona,rephrased,whole,human_vs_pooled_ai,coverage,coverage_geometric,k=panel_adaptive,y1::5,y1,4,1.0,0.9996336996336996,0.000366300366300365
persona,rephrased,whole,human_vs_pooled_ai,coverage,coverage_geometric,k=panel_adaptive,y1::6,y1,4,0.75,0.7727106227106227,-0.02271062271062274
persona,rephrased,whole,human_vs_pooled_ai,coverage,coverage_geometric,k=panel_adaptive,y1::7,y1,4,1.0,0.9990842490842491,0.0009157509157509125
persona,rephrased,whole,human_vs_pooled_ai,coverage,coverage_geometric,k=panel_adaptive,y1::8,y1,5,1.0,1.0,0.0
persona,rephrased,whole,human_vs_pooled_ai,coverage,coverage_geometric,k=panel_adaptive,y1::9,y1,3,0.6666666666666666,1.0,-0.33333333333333337
persona,rephrased,whole,human_vs_pooled_ai,coverage,coverage_geometric,k=panel_adaptive,y2::1,y2,3,0.6666666666666666,0.9846153846153847,-0.31794871794871804
persona,rephrased,whole,human_vs_pooled_ai,coverage,coverage_geometric,k=panel_adaptive,y2::10,y2,3,0.6666666666666666,1.0,-0.33333333333333337
persona,rephrased,whole,human_vs_pooled_ai,coverage,coverage_geometric,k=panel_adaptive,y2::11,y2,4,0.75,0.9164835164835164,-0.16648351648351645
persona,rephrased,whole,human_vs_pooled_ai,coverage,coverage_geometric,k=panel_adaptive,y2::2,y2,3,0.6666666666666666,1.0,-0.33333333333333337
persona,rephrased,whole,human_vs_pooled_ai,coverage,coverage_geometric,k=panel_adaptive,y2::3,y2,4,1.0,0.9981684981684982,0.001831501831501825
persona,rephrased,whole,human_vs_pooled_ai,coverage,coverage_geometric,k=panel_adaptive,y2::4,y2,2,,0.780952380952381,
persona,rephrased,whole,human_vs_pooled_ai,coverage,coverage_geometric,k=panel_adaptive,y2::5,y2,4,1.0,0.9763736263736263,0.023626373626373653
persona,rephrased,whole,human_vs_pooled_ai,coverage,coverage_geometric,k=panel_adaptive,y2::6,y2,4,1.0,0.9990842490842491,0.0009157509157509125
persona,rephrased,whole,human_vs_pooled_ai,coverage,coverage_geometric,k=panel_adaptive,y2::7,y2,4,1.0,1.0,0.0
persona,rephrased,whole,human_vs_pooled_ai,coverage,coverage_geometric,k=panel_adaptive,y2::8,y2,3,0.6666666666666666,1.0,-0.33333333333333337
persona,rephrased,whole,human_vs_pooled_ai,coverage,coverage_geometric,k=panel_adaptive,y2::9,y2,4,0.75,0.9998168498168498,-0.24981684981684982
persona,rephrased,whole,human_vs_pooled_ai,evenness,vendi_slope,q=0..2,y1::1,y1,4,0.7370347490089888,0.7364224178561426,0.0006123311528462017
persona,rephrased,whole,human_vs_pooled_ai,evenness,vendi_slope,q=0..2,y1::10,y1,4,0.7348575742796865,0.7364133258029063,-0.0015557515232198504
persona,rephrased,whole,human_vs_pooled_ai,evenness,vendi_slope,q=0..2,y1::11,y1,4,0.7326282755770043,0.7356642352852255,-0.0030359597082212364
persona,rephrased,whole,human_vs_pooled_ai,evenness,vendi_slope,q=0..2,y1::12,y1,4,0.7316447807914478,0.7396051030256082,-0.007960322234160433
persona,rephrased,whole,human_vs_pooled_ai,evenness,vendi_slope,q=0..2,y1::2,y1,3,0.6462546800212238,0.6514010290853967,-0.005146349064172884
persona,rephrased,whole,human_vs_pooled_ai,evenness,vendi_slope,q=0..2,y1::3,y1,4,0.7314071041442983,0.7370342000907479,-0.005627095946449612
persona,rephrased,whole,human_vs_pooled_ai,evenness,vendi_slope,q=0..2,y1::4,y1,4,0.7384106050828001,0.7366468311266383,0.001763773956161785
persona,rephrased,whole,human_vs_pooled_ai,evenness,vendi_slope,q=0..2,y1::5,y1,4,0.7309361019135832,0.7368362329042943,-0.005900130990711183
persona,rephrased,whole,human_vs_pooled_ai,evenness,vendi_slope,q=0..2,y1::6,y1,4,0.7362290128476738,0.7360600127385368,0.00016900010913700747
persona,rephrased,whole,human_vs_pooled_ai,evenness,vendi_slope,q=0..2,y1::7,y1,4,0.7339710186083563,0.7375576425817784,-0.0035866239734220207
persona,rephrased,whole,human_vs_pooled_ai,evenness,vendi_slope,q=0..2,y1::8,y1,5,0.7823066907090361,0.788890954773261,-0.006584264064224854
persona,rephrased,whole,human_vs_pooled_ai,evenness,vendi_slope,q=0..2,y1::9,y1,3,0.6411824495391277,0.6516177414804692,-0.010435291941341518
persona,rephrased,whole,human_vs_pooled_ai,evenness,vendi_slope,q=0..2,y2::1,y2,3,0.6473373686470697,0.650970241276177,-0.0036328726291072755
persona,rephrased,whole,human_vs_pooled_ai,evenness,vendi_slope,q=0..2,y2::10,y2,3,0.6387764202318275,0.6524128115055516,-0.01363639127372418
persona,rephrased,whole,human_vs_pooled_ai,evenness,vendi_slope,q=0..2,y2::11,y2,4,0.7339104421062232,0.7364064281750872,-0.00249598606886392
persona,rephrased,whole,human_vs_pooled_ai,evenness,vendi_slope,q=0..2,y2::2,y2,3,0.6434272450747182,0.6521679611312401,-0.008740716056521936
persona,rephrased,whole,human_vs_pooled_ai,evenness,vendi_slope,q=0..2,y2::3,y2,4,0.734368863601117,0.7355565142602631,-0.0011876506591461666
persona,rephrased,whole,human_vs_pooled_ai,evenness,vendi_slope,q=0..2,y2::4,y2,2,0.47697538855070265,0.484355380416575,-0.0073799918658723485
persona,rephrased,whole,human_vs_pooled_ai,evenness,vendi_slope,q=0..2,y2::5,y2,4,0.7351513637953084,0.7365969921670847,-0.0014456283717763085
persona,rephrased,whole,human_vs_pooled_ai,evenness,vendi_slope,q=0..2,y2::6,y2,4,0.7354235222386485,0.7361383480000853,-0.000714825761436777
persona,rephrased,whole,human_vs_pooled_ai,evenness,vendi_slope,q=0..2,y2::7,y2,4,0.7327961939309707,0.73903770165174,-0.006241507720769257
persona,rephrased,whole,human_vs_pooled_ai,evenness,vendi_slope,q=0..2,y2::8,y2,3,0.6444793984951456,0.6495381141542329,-0.005058715659087332
persona,rephrased,whole,human_vs_pooled_ai,evenness,vendi_slope,q=0..2,y2::9,y2,4,0.7320824870026135,0.7365549712447582,-0.0044724842421447475
persona,rephrased,whole,human_vs_pooled_ai,evenness,ripley_excess,r=pooled_q01_q50,y1::1,y1,4,0.0499302717541928,0.041675369376896615,0.008254902377296182
persona,rephrased,whole,human_vs_pooled_ai,evenness,ripley_excess,r=pooled_q01_q50,y1::10,y1,4,0.03240505162449495,0.040719257155668556,-0.008314205531173603
persona,rephrased,whole,human_vs_pooled_ai,evenness,ripley_excess,r=pooled_q01_q50,y1::11,y1,4,0.014744845294305881,0.037341298012269555,-0.022596452717963674
persona,rephrased,whole,human_vs_pooled_ai,evenness,ripley_excess,r=pooled_q01_q50,y1::12,y1,4,0.014280278639062388,0.05642678383290838,-0.042146505193845996
persona,rephrased,whole,human_vs_pooled_ai,evenness,ripley_excess,r=pooled_q01_q50,y1::2,y1,3,0.009534075809955076,0.030381925252156154,-0.020847849442201076
persona,rephrased,whole,human_vs_pooled_ai,evenness,ripley_excess,r=pooled_q01_q50,y1::3,y1,4,0.011350009484812112,0.04410389372335003,-0.03275388423853792
persona,rephrased,whole,human_vs_pooled_ai,evenness,ripley_excess,r=pooled_q01_q50,y1::4,y1,4,0.04803453663824811,0.04126999658391287,0.006764540054335237
persona,rephrased,whole,human_vs_pooled_ai,evenness,ripley_excess,r=pooled_q01_q50,y1::5,y1,4,0.008730556730355674,0.04413199922639455,-0.035401442496038875
persona,rephrased,whole,human_vs_pooled_ai,evenness,ripley_excess,r=pooled_q01_q50,y1::6,y1,4,0.040253023207406036,0.03993586676625081,0.00031715644115522246
persona,rephrased,whole,human_vs_pooled_ai,evenness,ripley_excess,r=pooled_q01_q50,y1::7,y1,4,0.02402447973961958,0.04672126315091615,-0.022696783411296568
persona,rephrased,whole,human_vs_pooled_ai,evenness,ripley_excess,r=pooled_q01_q50,y1::8,y1,5,0.004966665549235665,0.0599937611541101,-0.05502709560487443
persona,rephrased,whole,human_vs_pooled_ai,evenness,ripley_excess,r=pooled_q01_q50,y1::9,y1,3,-0.0003559519045150404,0.030265128352258343,-0.030621080256773382
persona,rephrased,whole,human_vs_pooled_ai,evenness,ripley_excess,r=pooled_q01_q50,y2::1,y2,3,0.013928555265607758,0.027785401631399236,-0.013856846365791478
persona,rephrased,whole,human_vs_pooled_ai,evenness,ripley_excess,r=pooled_q01_q50,y2::10,y2,3,-0.002526147817320279,0.03136543483626586,-0.03389158265358614
persona,rephrased,whole,human_vs_pooled_ai,evenness,ripley_excess,r=pooled_q01_q50,y2::11,y2,4,0.027110305008953863,0.041713823476680956,-0.014603518467727093
persona,rephrased,whole,human_vs_pooled_ai,evenness,ripley_excess,r=pooled_q01_q50,y2::2,y2,3,0.00014161404970779753,0.032643828635475984,-0.032502214585768185
persona,rephrased,whole,human_vs_pooled_ai,evenness,ripley_excess,r=pooled_q01_q50,y2::3,y2,4,0.02786902812524727,0.03636834837619163,-0.008499320250944357
persona,rephrased,whole,human_vs_pooled_ai,evenness,ripley_excess,r=pooled_q01_q50,y2::4,y2,2,0.0036555399870158932,0.01585415223720435,-0.012198612250188456
persona,rephrased,whole,human_vs_pooled_ai,evenness,ripley_excess,r=pooled_q01_q50,y2::5,y2,4,0.03393124607121821,0.04137088894046493,-0.0074396428692467195
persona,rephrased,whole,human_vs_pooled_ai,evenness,ripley_excess,r=pooled_q01_q50,y2::6,y2,4,0.03440537612798956,0.03916842686017614,-0.00476305073218658
persona,rephrased,whole,human_vs_pooled_ai,evenness,ripley_excess,r=pooled_q01_q50,y2::7,y2,4,0.02234927715631683,0.055589139157924496,-0.03323986200160767
persona,rephrased,whole,human_vs_pooled_ai,evenness,ripley_excess,r=pooled_q01_q50,y2::8,y2,3,0.008641713665920075,0.024023928631999304,-0.015382214966079229
persona,rephrased,whole,human_vs_pooled_ai,evenness,ripley_excess,r=pooled_q01_q50,y2::9,y2,4,0.012530686909566761,0.04165413419017393,-0.029123447280607166
persona,rephrased,whole,human_vs_pooled_ai,spread,mean_pairwise,,y1::1,y1,4,0.033430312964150964,0.034963230820740626,-0.001532917856589662
persona,rephrased,whole,human_vs_pooled_ai,spread,mean_pairwise,,y1::10,y1,4,0.038843132862741735,0.034981374824181975,0.0038617580385597594
persona,rephrased,whole,human_vs_pooled_ai,spread,mean_pairwise,,y1::11,y1,4,0.04430295705381591,0.03684168191575424,0.00746127513806167
persona,rephrased,whole,human_vs_pooled_ai,spread,mean_pairwise,,y1::12,y1,4,0.04674229673287652,0.026980841792638568,0.01976145494023795
persona,rephrased,whole,human_vs_pooled_ai,spread,mean_pairwise,,y1::2,y1,3,0.04427365813805647,0.033397055930419015,0.010876602207637455
persona,rephrased,whole,human_vs_pooled_ai,spread,mean_pairwise,,y1::3,y1,4,0.04730605683397687,0.03343013576167097,0.013875921072305904
persona,rephrased,whole,human_vs_pooled_ai,spread,mean_pairwise,,y1::4,y1,4,0.03001494155620299,0.03439707536189198,-0.004382133805688991
persona,rephrased,whole,human_vs_pooled_ai,spread,mean_pairwise,,y1::5,y1,4,0.04844550156771771,0.03392748133068332,0.014518020237034385
persona,rephrased,whole,human_vs_pooled_ai,spread,mean_pairwise,,y1::6,y1,4,0.035441205761951346,0.0358589912206593,-0.0004177854587079574
persona,rephrased,whole,human_vs_pooled_ai,spread,mean_pairwise,,y1::7,y1,4,0.041042852885277537,0.032124232936297306,0.00891861994898023
persona,rephrased,whole,human_vs_pooled_ai,spread,mean_pairwise,,y1::8,y1,5,0.05223731644064713,0.033454941220475425,0.018782375220171704
persona,rephrased,whole,human_vs_pooled_ai,spread,mean_pairwise,,y1::9,y1,3,0.054834310697087475,0.03293586230392505,0.021898448393162427
persona,rephrased,whole,human_vs_pooled_ai,spread,mean_pairwise,,y2::1,y2,3,0.041989923514461104,0.03430268433183344,0.0076872391826276615
persona,rephrased,whole,human_vs_pooled_ai,spread,mean_pairwise,,y2::10,y2,3,0.05975752170248786,0.0312334672374305,0.02852405446505736
persona,rephrased,whole,human_vs_pooled_ai,spread,mean_pairwise,,y2::11,y2,4,0.041205754996349764,0.03499842400884242,0.006207330987507344
persona,rephrased,whole,human_vs_pooled_ai,spread,mean_pairwise,,y2::2,y2,3,0.05014910729980989,0.03176150543562156,0.01838760186418833
persona,rephrased,whole,human_vs_pooled_ai,spread,mean_pairwise,,y2::3,y2,4,0.04003591088829552,0.037105650919358274,0.0029302599689372474
persona,rephrased,whole,human_vs_pooled_ai,spread,mean_pairwise,,y2::4,y2,2,0.045036170392641295,0.030781902741788263,0.014254267650853032
persona,rephrased,whole,human_vs_pooled_ai,spread,mean_pairwise,,y2::5,y2,4,0.0381076578209632,0.034524788074029984,0.003582869746933219
persona,rephrased,whole,human_vs_pooled_ai,spread,mean_pairwise,,y2::6,y2,4,0.03745835445182163,0.03566357467896654,0.0017947797728550888
persona,rephrased,whole,human_vs_pooled_ai,spread,mean_pairwise,,y2::7,y2,4,0.04394563418455901,0.028411781460215224,0.015533852724343787
persona,rephrased,whole,human_vs_pooled_ai,spread,mean_pairwise,,y2::8,y2,3,0.04802962237152956,0.03734152105460972,0.010688101316919836
persona,rephrased,whole,human_vs_pooled_ai,spread,mean_pairwise,,y2::9,y2,4,0.04568234459028122,0.03463141817565037,0.011050926414630846
persona,rephrased,whole,human_vs_pooled_ai,spread,centroid_loo,,y1::1,y1,4,0.2110322087984305,0.21404866699558195,-0.0030164581971514615
persona,rephrased,whole,human_vs_pooled_ai,spread,centroid_loo,,y1::10,y1,4,0.2271421318522565,0.21446566979794734,0.012676462054309168
persona,rephrased,whole,human_vs_pooled_ai,spread,centroid_loo,,y1::11,y1,4,0.2427735379529608,0.22039200915328233,0.022381528799678474
persona,rephrased,whole,human_vs_pooled_ai,spread,centroid_loo,,y1::12,y1,4,0.24786180481300182,0.18860881281347058,0.05925299199953124
persona,rephrased,whole,human_vs_pooled_ai,spread,centroid_loo,,y1::2,y1,3,0.2571246070615084,0.22279329841736126,0.03433130864414716
persona,rephrased,whole,human_vs_pooled_ai,spread,centroid_loo,,y1::3,y1,4,0.24986072074630453,0.20928558812577294,0.040575132620531584
persona,rephrased,whole,human_vs_pooled_ai,spread,centroid_loo,,y1::4,y1,4,0.19822837941798993,0.21265298208184225,-0.014424602663852315
persona,rephrased,whole,human_vs_pooled_ai,spread,centroid_loo,,y1::5,y1,4,0.25339189243678184,0.2115134439830499,0.04187844845373195
persona,rephrased,whole,human_vs_pooled_ai,spread,centroid_loo,,y1::6,y1,4,0.2170072410783731,0.2174140566232204,-0.0004068155448472832
persona,rephrased,whole,human_vs_pooled_ai,spread,centroid_loo,,y1::7,y1,4,0.2324259851240849,0.20542177746000045,0.027004207664084456
persona,rephrased,whole,human_vs_pooled_ai,spread,centroid_loo,,y1::8,y1,5,0.2528871066375519,0.2034176531568888,0.04946945348066306
persona,rephrased,whole,human_vs_pooled_ai,spread,centroid_loo,,y1::9,y1,3,0.2852167749687516,0.2210468399880647,0.06416993498068688
persona,rephrased,whole,human_vs_pooled_ai,spread,centroid_loo,,y2::1,y2,3,0.25092657459846807,0.22474467528459588,0.026181899313872187
persona,rephrased,whole,human_vs_pooled_ai,spread,centroid_loo,,y2::10,y2,3,0.29807680304176637,0.21430985123702975,0.08376695180473662
persona,rephrased,whole,human_vs_pooled_ai,spread,centroid_loo,,y2::11,y2,4,0.23247414923156312,0.2148909237877769,0.01758322544378621
persona,rephrased,whole,human_vs_pooled_ai,spread,centroid_loo,,y2::2,y2,3,0.2739653973283833,0.2170522802401524,0.05691311708823091
persona,rephrased,whole,human_vs_pooled_ai,spread,centroid_loo,,y2::3,y2,4,0.2309046344058601,0.22143031593409257,0.009474318471767523
persona,rephrased,whole,human_vs_pooled_ai,spread,centroid_loo,,y2::4,y2,2,0.30012054375747854,0.24596748074900812,0.05415306300847042
persona,rephrased,whole,human_vs_pooled_ai,spread,centroid_loo,,y2::5,y2,4,0.22514106052328658,0.21312040443180988,0.012020656091476706
persona,rephrased,whole,human_vs_pooled_ai,spread,centroid_loo,,y2::6,y2,4,0.2223009414355927,0.21691423446722286,0.005386706968369848
persona,rephrased,whole,human_vs_pooled_ai,spread,centroid_loo,,y2::7,y2,4,0.2409078050685389,0.19373505483399456,0.04717275023454434
persona,rephrased,whole,human_vs_pooled_ai,spread,centroid_loo,,y2::8,y2,3,0.26621173626125016,0.23469897875962029,0.03151275750162988
persona,rephrased,whole,human_vs_pooled_ai,spread,centroid_loo,,y2::9,y2,4,0.24478762070285723,0.2138300947945178,0.030957525908339417
persona,rephrased,whole,human_vs_pooled_ai,spread,mst_dispersion,,y1::1,y1,4,0.032029975390674724,0.029489268958416272,0.0025407064322584515
persona,rephrased,whole,human_vs_pooled_ai,spread,mst_dispersion,,y1::10,y1,4,0.033995131053510486,0.030079717798562982,0.003915413254947504
persona,rephrased,whole,human_vs_pooled_ai,spread,mst_dispersion,,y1::11,y1,4,0.04120381911410816,0.03216767783063627,0.009036141283471896
persona,rephrased,whole,human_vs_pooled_ai,spread,mst_dispersion,,y1::12,y1,4,0.039240165665913485,0.023613457241651696,0.01562670842426179
persona,rephrased,whole,human_vs_pooled_ai,spread,mst_dispersion,,y1::2,y1,3,0.04021806199572636,0.030920273358600564,0.009297788637125798
persona,rephrased,whole,human_vs_pooled_ai,spread,mst_dispersion,,y1::3,y1,4,0.040992930874144316,0.028744896169217153,0.012248034704927163
persona,rephrased,whole,human_vs_pooled_ai,spread,mst_dispersion,,y1::4,y1,4,0.026153903636167614,0.0300696598706136,-0.003915756234445986
persona,rephrased,whole,human_vs_pooled_ai,spread,mst_dispersion,,y1::5,y1,4,0.040749552809598764,0.029675840072615055,0.01107371273698371
persona,rephrased,whole,human_vs_pooled_ai,spread,mst_dispersion,,y1::6,y1,4,0.032622416569563516,0.031191193971369817,0.0014312225981936988
persona,rephrased,whole,human_vs_pooled_ai,spread,mst_dispersion,,y1::7,y1,4,0.03493482369003235,0.02788074362023962,0.007054080069792728
persona,rephrased,whole,human_vs_pooled_ai,spread,mst_dispersion,,y1::8,y1,5,0.040893538754006115,0.028816672666725232,0.012076866087280883
persona,rephrased,whole,human_vs_pooled_ai,spread,mst_dispersion,,y1::9,y1,3,0.04764562564335556,0.03031370083811871,0.01733192480523685
persona,rephrased,whole,human_vs_pooled_ai,spread,mst_dispersion,,y2::1,y2,3,0.040921213863082284,0.03100717353854125,0.009914040324541035
persona,rephrased,whole,human_vs_pooled_ai,spread,mst_dispersion,,y2::10,y2,3,0.05373579850548593,0.027961138363269765,0.025774660142216167
persona,rephrased,whole,human_vs_pooled_ai,spread,mst_dispersion,,y2::11,y2,4,0.03437885054239568,0.030691754714871667,0.0036870958275240125
persona,rephrased,whole,human_vs_pooled_ai,spread,mst_dispersion,,y2::2,y2,3,0.04694618840142312,0.02918068830783568,0.017765500093587436
persona,rephrased,whole,human_vs_pooled_ai,spread,mst_dispersion,,y2::3,y2,4,0.03779512931512637,0.03298022965098382,0.004814899664142551
persona,rephrased,whole,human_vs_pooled_ai,spread,mst_dispersion,,y2::4,y2,2,0.045036170392641295,0.030781902741788263,0.014254267650853032
persona,rephrased,whole,human_vs_pooled_ai,spread,mst_dispersion,,y2::5,y2,4,0.03498716231360618,0.02979239991461854,0.005194762398987637
persona,rephrased,whole,human_vs_pooled_ai,spread,mst_dispersion,,y2::6,y2,4,0.03123971638077912,0.03136496762712261,-0.00012525124634349058
persona,rephrased,whole,human_vs_pooled_ai,spread,mst_dispersion,,y2::7,y2,4,0.03559737952200848,0.02518789551537443,0.010409484006634048
persona,rephrased,whole,human_vs_pooled_ai,spread,mst_dispersion,,y2::8,y2,3,0.040172003871148665,0.033746515634134125,0.00642548823701454
persona,rephrased,whole,human_vs_pooled_ai,spread,mst_dispersion,,y2::9,y2,4,0.03814070807719783,0.030252985583548955,0.007887722493648872
persona,rephrased,whole,human_vs_pooled_ai,spread,sparseness,,y1::1,y1,4,0.032182289714698865,0.030675937182391307,0.0015063525323075581
persona,rephrased,whole,human_vs_pooled_ai,spread,sparseness,,y1::10,y1,4,0.03513690278030287,0.03099834457486881,0.004138558205434059
persona,rephrased,whole,human_vs_pooled_ai,spread,sparseness,,y1::11,y1,4,0.04120381911410816,0.033193023358821835,0.008010795755286328
persona,rephrased,whole,human_vs_pooled_ai,spread,sparseness,,y1::12,y1,4,0.03957343263801124,0.024378851144169194,0.015194581493842046
persona,rephrased,whole,human_vs_pooled_ai,spread,sparseness,,y1::2,y1,3,0.04021806199572636,0.030920273358600564,0.009297788637125798
persona,rephrased,whole,human_vs_pooled_ai,spread,sparseness,,y1::3,y1,4,0.040992930874144316,0.029508698304032827,0.01148423257011149
persona,rephrased,whole,human_vs_pooled_ai,spread,sparseness,,y1::4,y1,4,0.026403994780680267,0.030951180491796855,-0.004547185711116588
persona,rephrased,whole,human_vs_pooled_ai,spread,sparseness,,y1::5,y1,4,0.0430536701672836,0.030491181910114813,0.012562488257168786
persona,rephrased,whole,human_vs_pooled_ai,spread,sparseness,,y1::6,y1,4,0.03297522923529413,0.032118511480391854,0.0008567177549022795
persona,rephrased,whole,human_vs_pooled_ai,spread,sparseness,,y1::7,y1,4,0.03493482369003235,0.0286524380441829,0.006282385645849448
persona,rephrased,whole,human_vs_pooled_ai,spread,sparseness,,y1::8,y1,5,0.040893538754006115,0.029712079823706602,0.011181458930299513
persona,rephrased,whole,human_vs_pooled_ai,spread,sparseness,,y1::9,y1,3,0.04764562564335556,0.03031370083811871,0.01733192480523685
persona,rephrased,whole,human_vs_pooled_ai,spread,sparseness,,y2::1,y2,3,0.040921213863082284,0.03100717353854125,0.009914040324541035
persona,rephrased,whole,human_vs_pooled_ai,spread,sparseness,,y2::10,y2,3,0.05373579850548593,0.027961138363269765,0.025774660142216167
persona,rephrased,whole,human_vs_pooled_ai,spread,sparseness,,y2::11,y2,4,0.03437885054239568,0.031573962945535626,0.0028048875968600534
persona,rephrased,whole,human_vs_pooled_ai,spread,sparseness,,y2::2,y2,3,0.04694618840142312,0.02918068830783568,0.017765500093587436
persona,rephrased,whole,human_vs_pooled_ai,spread,sparseness,,y2::3,y2,4,0.03779512931512637,0.033916476293279804,0.003878653021846569
persona,rephrased,whole,human_vs_pooled_ai,spread,sparseness,,y2::4,y2,2,0.045036170392641295,0.030781902741788263,0.014254267650853032
persona,rephrased,whole,human_vs_pooled_ai,spread,sparseness,,y2::5,y2,4,0.03498716231360618,0.030900537726668037,0.004086624586938141
persona,rephrased,whole,human_vs_pooled_ai,spread,sparseness,,y2::6,y2,4,0.03123971638077912,0.03219681866575595,-0.0009571022849768317
persona,rephrased,whole,human_vs_pooled_ai,spread,sparseness,,y2::7,y2,4,0.03832457787669533,0.02584836760044888,0.012476210276246454
persona,rephrased,whole,human_vs_pooled_ai,spread,sparseness,,y2::8,y2,3,0.040172003871148665,0.033746515634134125,0.00642548823701454
persona,rephrased,whole,human_vs_pooled_ai,spread,sparseness,,y2::9,y2,4,0.03814070807719783,0.0313920170347851,0.006748691042412727
persona,rephrased,whole,human_vs_pooled_ai,spread,nn_isolation,,y1::1,y1,4,0.03162530207036798,0.02833139330126545,0.0032939087691025333
persona,rephrased,whole,human_vs_pooled_ai,spread,nn_isolation,,y1::10,y1,4,0.033730666900347955,0.02901454426262989,0.0047161226377180655
persona,rephrased,whole,human_vs_pooled_ai,spread,nn_isolation,,y1::11,y1,4,0.04046912255834517,0.031051689462248285,0.009417433096096887
persona,rephrased,whole,human_vs_pooled_ai,spread,nn_isolation,,y1::12,y1,4,0.037829935592231106,0.022659276430421815,0.015170659161809291
persona,rephrased,whole,human_vs_pooled_ai,spread,nn_isolation,,y1::2,y1,3,0.03992222481117791,0.030193988644908715,0.009728236166269194
persona,rephrased,whole,human_vs_pooled_ai,spread,nn_isolation,,y1::3,y1,4,0.04027991221512933,0.02767627296848197,0.012603639246647362
persona,rephrased,whole,human_vs_pooled_ai,spread,nn_isolation,,y1::4,y1,4,0.024507474092709647,0.028779378520118044,-0.004271904427408397
persona,rephrased,whole,human_vs_pooled_ai,spread,nn_isolation,,y1::5,y1,4,0.039806927818978405,0.028682245996994593,0.011124681821983812
persona,rephrased,whole,human_vs_pooled_ai,spread,nn_isolation,,y1::6,y1,4,0.03208843084112584,0.030238778300918607,0.0018496525402072299
persona,rephrased,whole,human_vs_pooled_ai,spread,nn_isolation,,y1::7,y1,4,0.03272316591220262,0.026560198868387667,0.00616296704381495
persona,rephrased,whole,human_vs_pooled_ai,spread,nn_isolation,,y1::8,y1,5,0.03927950625792322,0.027926827923475447,0.011352678334447776
persona,rephrased,whole,human_vs_pooled_ai,spread,nn_isolation,,y1::9,y1,3,0.04563286785798785,0.02940943104575645,0.016223436812231398
persona,rephrased,whole,human_vs_pooled_ai,spread,nn_isolation,,y2::1,y2,3,0.040884779377723314,0.02978238258349563,0.011102396794227684
persona,rephrased,whole,human_vs_pooled_ai,spread,nn_isolation,,y2::10,y2,3,0.05068517505153958,0.02678999993519226,0.02389517511634732
persona,rephrased,whole,human_vs_pooled_ai,spread,nn_isolation,,y2::11,y2,4,0.03370564072797949,0.02975173099719991,0.003953909730779581
persona,rephrased,whole,human_vs_pooled_ai,spread,nn_isolation,,y2::2,y2,3,0.0465106741840684,0.028420917576488083,0.018089756607580318
persona,rephrased,whole,human_vs_pooled_ai,spread,nn_isolation,,y2::3,y2,4,0.03741254336150798,0.03181520198080856,0.005597341380699422
persona,rephrased,whole,human_vs_pooled_ai,spread,nn_isolation,,y2::4,y2,2,0.045036170392641295,0.030781902741788263,0.014254267650853032
persona,rephrased,whole,human_vs_pooled_ai,spread,nn_isolation,,y2::5,y2,4,0.034728266588267026,0.028478405473738273,0.0062498611145287535
persona,rephrased,whole,human_vs_pooled_ai,spread,nn_isolation,,y2::6,y2,4,0.030137961362396493,0.03024130083611236,-0.00010333947371586605
persona,rephrased,whole,human_vs_pooled_ai,spread,nn_isolation,,y2::7,y2,4,0.03336346540637819,0.024211630550744084,0.009151834855634106
persona,rephrased,whole,human_vs_pooled_ai,spread,nn_isolation,,y2::8,y2,3,0.038480093004612005,0.03251708168560384,0.005963011319008164
persona,rephrased,whole,human_vs_pooled_ai,spread,nn_isolation,,y2::9,y2,4,0.035921607279960244,0.02888644845611979,0.007035158823840454
persona,rephrased,whole,human_vs_pooled_ai,spread,spherical_variance,,y1::1,y1,4,0.012615948439065439,0.013200114241916066,-0.0005841658028506273
persona,rephrased,whole,human_vs_pooled_ai,spread,spherical_variance,,y1::10,y1,4,0.014673835548378866,0.013206622347675367,0.0014672132007034992
persona,rephrased,whole,human_vs_pooled_ai,spread,spherical_variance,,y1::11,y1,4,0.016753956423095073,0.013913699602070995,0.002840256821024078
persona,rephrased,whole,human_vs_pooled_ai,spread,spherical_variance,,y1::12,y1,4,0.017684736222458364,0.01017020407604644,0.007514532146411923
persona,rephrased,whole,human_vs_pooled_ai,spread,spherical_variance,,y1::2,y1,3,0.014868421017799949,0.011196161820841486,0.0036722591969584623
persona,rephrased,whole,human_vs_pooled_ai,spread,spherical_variance,,y1::3,y1,4,0.017899975881011332,0.012617823430325244,0.0052821524506860874
persona,rephrased,whole,human_vs_pooled_ai,spread,spherical_variance,,y1::4,y1,4,0.011319670554305161,0.01298470658570624,-0.0016650360314010796
persona,rephrased,whole,human_vs_pooled_ai,spread,spherical_variance,,y1::5,y1,4,0.01833515198708935,0.012805869854383398,0.00552928213270595
persona,rephrased,whole,human_vs_pooled_ai,spread,spherical_variance,,y1::6,y1,4,0.013379963877412138,0.013540011364934676,-0.00016004748752253793
persona,rephrased,whole,human_vs_pooled_ai,spread,spherical_variance,,y1::7,y1,4,0.015511371149447784,0.012121420938777336,0.0033899502106704473
persona,rephrased,whole,human_vs_pooled_ai,spread,spherical_variance,,y1::8,y1,5,0.021117909629826292,0.013473557344291568,0.007644352285534724
persona,rephrased,whole,human_vs_pooled_ai,spread,spherical_variance,,y1::9,y1,3,0.018448272953172862,0.011040791169418812,0.00740748178375405
persona,rephrased,whole,human_vs_pooled_ai,spread,spherical_variance,,y2::1,y2,3,0.014095989633358785,0.011503077120250775,0.0025929125131080102
persona,rephrased,whole,human_vs_pooled_ai,spread,spherical_variance,,y2::10,y2,3,0.02012161356710096,0.010468187667720731,0.009653425899380228
persona,rephrased,whole,human_vs_pooled_ai,spread,spherical_variance,,y2::11,y2,4,0.015573423889450932,0.0132127649540141,0.002360658935436832
persona,rephrased,whole,human_vs_pooled_ai,spread,spherical_variance,,y2::2,y2,3,0.016858473158555598,0.010645099839527019,0.006213373319028579
persona,rephrased,whole,human_vs_pooled_ai,spread,spherical_variance,,y2::3,y2,4,0.015127893158823236,0.014013826474196717,0.001114066684626519
persona,rephrased,whole,human_vs_pooled_ai,spread,spherical_variance,,y2::4,y2,2,0.011323149454950276,0.007727489178900196,0.003595660276050081
persona,rephrased,whole,human_vs_pooled_ai,spread,spherical_variance,,y2::5,y2,4,0.014393964794108705,0.013033045623473913,0.0013609191706347914
persona,rephrased,whole,human_vs_pooled_ai,spread,spherical_variance,,y2::6,y2,4,0.014146951031172583,0.013465584876165658,0.0006813661550069249
persona,rephrased,whole,human_vs_pooled_ai,spread,spherical_variance,,y2::7,y2,4,0.01661768657272411,0.01071239575390988,0.0059052908188142305
persona,rephrased,whole,human_vs_pooled_ai,spread,spherical_variance,,y2::8,y2,3,0.016140125956793816,0.01252839293351434,0.0036117330232794762
persona,rephrased,whole,human_vs_pooled_ai,spread,spherical_variance,,y2::9,y2,4,0.017280181558706476,0.01307306080399816,0.004207120754708315
persona,rephrased,whole,human_vs_claude,richness,vendi,q=1,y1::1,y1,4,1.1555645766139968,1.1509537662449854,0.004610810369011453
persona,rephrased,whole,human_vs_claude,richness,vendi,q=1,y1::10,y1,4,1.176858349217139,1.1428221832378294,0.034036165979309585
persona,rephrased,whole,human_vs_claude,richness,vendi,q=1,y1::11,y1,4,1.1996512070053875,1.1557430676655396,0.04390813933984794
persona,rephrased,whole,human_vs_claude,richness,vendi,q=1,y1::12,y1,4,1.2075245064343563,1.1010679256507712,0.10645658078358511
persona,rephrased,whole,human_vs_claude,richness,vendi,q=1,y1::2,y1,3,1.1653139783441002,1.125878953953579,0.03943502439052127
persona,rephrased,whole,human_vs_claude,richness,vendi,q=1,y1::3,y1,4,1.210357847726515,1.1502547406075203,0.06010310711899458
persona,rephrased,whole,human_vs_claude,richness,vendi,q=1,y1::4,y1,4,1.1398498009834501,1.1559223223221875,-0.016072521338737378
persona,rephrased,whole,human_vs_claude,richness,vendi,q=1,y1::5,y1,4,1.2144128832381018,1.145512024043801,0.06890085919430078
persona,rephrased,whole,human_vs_claude,richness,vendi,q=1,y1::6,y1,4,1.1635414433299986,1.155520177856885,0.008021265473113548
persona,rephrased,whole,human_vs_claude,richness,vendi,q=1,y1::7,y1,4,1.1852096970482238,1.1627532393647346,0.02245645768348914
persona,rephrased,whole,human_vs_claude,richness,vendi,q=1,y1::8,y1,5,1.2567356228171045,1.1578143847306133,0.09892123808649123
persona,rephrased,whole,human_vs_claude,richness,vendi,q=1,y1::9,y1,3,1.1978684393414798,1.1079722442706594,0.08989619507082036
persona,rephrased,whole,human_vs_claude,richness,vendi,q=1,y2::1,y2,3,1.1584255474636158,1.1181536405221837,0.04027190694143212
persona,rephrased,whole,human_vs_claude,richness,vendi,q=1,y2::10,y2,3,1.2135343132037324,1.1014251599644593,0.11210915323927306
persona,rephrased,whole,human_vs_claude,richness,vendi,q=1,y2::11,y2,4,1.1852696510574283,1.1705883848110663,0.014681266246362012
persona,rephrased,whole,human_vs_claude,richness,vendi,q=1,y2::2,y2,3,1.184539244684438,1.117960198590508,0.06657904609392995
persona,rephrased,whole,human_vs_claude,richness,vendi,q=1,y2::3,y2,4,1.1824650038765467,1.1598551022781332,0.022609901598413584
persona,rephrased,whole,human_vs_claude,richness,vendi,q=1,y2::4,y2,2,1.1136952661076993,1.0878797525699577,0.025815513537741586
persona,rephrased,whole,human_vs_claude,richness,vendi,q=1,y2::5,y2,4,1.1746204263773936,1.117001235249679,0.05761919112771463
persona,rephrased,whole,human_vs_claude,richness,vendi,q=1,y2::6,y2,4,1.170422844071897,1.171571066813274,-0.0011482227413770474
persona,rephrased,whole,human_vs_claude,richness,vendi,q=1,y2::7,y2,4,1.1951259738995463,1.1223733027677512,0.07275267113179518
persona,rephrased,whole,human_vs_claude,richness,vendi,q=1,y2::8,y2,3,1.1756528035484555,1.1230205227458656,0.05263228080258986
persona,rephrased,whole,human_vs_claude,richness,vendi,q=1,y2::9,y2,4,1.2030478210496816,1.139251984227283,0.06379583682239853
persona,rephrased,whole,human_vs_claude,dimensionality,participation_ratio,,y1::1,y1,4,2.969994111092062,2.891782059642916,0.078212051449146
persona,rephrased,whole,human_vs_claude,dimensionality,participation_ratio,,y1::10,y1,4,2.835793368897469,2.912036907703134,-0.07624353880566526
persona,rephrased,whole,human_vs_claude,dimensionality,participation_ratio,,y1::11,y1,4,2.9567889558322458,2.8385173417453995,0.11827161408684628
persona,rephrased,whole,human_vs_claude,dimensionality,participation_ratio,,y1::12,y1,4,2.7206458899803247,2.872076651457246,-0.15143076147692147
persona,rephrased,whole,human_vs_claude,dimensionality,participation_ratio,,y1::2,y1,3,1.9340486176123768,1.9406517520174398,-0.006603134405062994
persona,rephrased,whole,human_vs_claude,dimensionality,participation_ratio,,y1::3,y1,4,2.7881575779561216,2.676334029912767,0.11182354804335448
persona,rephrased,whole,human_vs_claude,dimensionality,participation_ratio,,y1::4,y1,4,2.6486801622986187,2.6711727178992026,-0.02249255560058394
persona,rephrased,whole,human_vs_claude,dimensionality,participation_ratio,,y1::5,y1,4,2.749838405516411,2.9171200611940242,-0.1672816556776131
persona,rephrased,whole,human_vs_claude,dimensionality,participation_ratio,,y1::6,y1,4,2.9171707936855023,2.8190768810039195,0.09809391268158274
persona,rephrased,whole,human_vs_claude,dimensionality,participation_ratio,,y1::7,y1,4,2.7817113336917716,2.7756434435798623,0.006067890111909335
persona,rephrased,whole,human_vs_claude,dimensionality,participation_ratio,,y1::8,y1,5,3.540508319984465,3.6119583768748673,-0.07145005689040218
persona,rephrased,whole,human_vs_claude,dimensionality,participation_ratio,,y1::9,y1,3,1.8434620872264083,1.9234238271604394,-0.0799617399340311
persona,rephrased,whole,human_vs_claude,dimensionality,participation_ratio,,y2::1,y2,3,1.9948131561333202,1.9208579181301086,0.07395523800321158
persona,rephrased,whole,human_vs_claude,dimensionality,participation_ratio,,y2::10,y2,3,1.8658612358541693,1.9196338377661948,-0.053772601912025486
persona,rephrased,whole,human_vs_claude,dimensionality,participation_ratio,,y2::11,y2,4,2.681121210282099,2.7596625116277154,-0.07854130134561643
persona,rephrased,whole,human_vs_claude,dimensionality,participation_ratio,,y2::2,y2,3,1.966140186006795,1.9572562494551604,0.008883936551634664
persona,rephrased,whole,human_vs_claude,dimensionality,participation_ratio,,y2::3,y2,4,2.9573578896581973,2.7180742579219297,0.23928363173626765
persona,rephrased,whole,human_vs_claude,dimensionality,participation_ratio,,y2::4,y2,2,1.0,1.0,0.0
persona,rephrased,whole,human_vs_claude,dimensionality,participation_ratio,,y2::5,y2,4,2.9561799932836457,2.8804094048028253,0.07577058848082041
persona,rephrased,whole,human_vs_claude,dimensionality,participation_ratio,,y2::6,y2,4,2.72113584958171,2.935119087895687,-0.2139832383139768
persona,rephrased,whole,human_vs_claude,dimensionality,participation_ratio,,y2::7,y2,4,2.544733746673654,2.7776561448991974,-0.2329223982255435
persona,rephrased,whole,human_vs_claude,dimensionality,participation_ratio,,y2::8,y2,3,1.7826108257680418,1.8891738383020453,-0.10656301253400358
persona,rephrased,whole,human_vs_claude,dimensionality,participation_ratio,,y2::9,y2,4,2.702765887392295,2.840015578738987,-0.13724969134669207
persona,rephrased,whole,human_vs_claude,dimensionality,effective_rank,,y1::1,y1,4,2.984885109773798,2.94612190075998,0.03876320901381769
persona,rephrased,whole,human_vs_claude,dimensionality,effective_rank,,y1::10,y1,4,2.9133032041614007,2.954632746245779,-0.041329542084378446
persona,rephrased,whole,human_vs_claude,dimensionality,effective_rank,,y1::11,y1,4,2.977612401074319,2.912982995633208,0.06462940544111095
persona,rephrased,whole,human_vs_claude,dimensionality,effective_rank,,y1::12,y1,4,2.8528974854974987,2.9321767938935066,-0.07927930839600794
persona,rephrased,whole,human_vs_claude,dimensionality,effective_rank,,y1::2,y1,3,1.9659957273609547,1.969054352942445,-0.003058625581490171
persona,rephrased,whole,human_vs_claude,dimensionality,effective_rank,,y1::3,y1,4,2.891785044563804,2.826131114134547,0.06565393042925693
persona,rephrased,whole,human_vs_claude,dimensionality,effective_rank,,y1::4,y1,4,2.813580002440628,2.812701082754841,0.0008789196857872383
persona,rephrased,whole,human_vs_claude,dimensionality,effective_rank,,y1::5,y1,4,2.860219482580701,2.957662103185125,-0.09744262060442388
persona,rephrased,whole,human_vs_claude,dimensionality,effective_rank,,y1::6,y1,4,2.9585163571347137,2.9055077395441202,0.0530086175905935
persona,rephrased,whole,human_vs_claude,dimensionality,effective_rank,,y1::7,y1,4,2.8766025728000426,2.8814995875722906,-0.004897014772248021
persona,rephrased,whole,human_vs_claude,dimensionality,effective_rank,,y1::8,y1,5,3.737021519745313,3.803083910826729,-0.0660623910814162
persona,rephrased,whole,human_vs_claude,dimensionality,effective_rank,,y1::9,y1,3,1.9156697851137616,1.9593253583608778,-0.04365557324711622
persona,rephrased,whole,human_vs_claude,dimensionality,effective_rank,,y2::1,y2,3,1.9974003977060049,1.958068410686213,0.0393319870197919
persona,rephrased,whole,human_vs_claude,dimensionality,effective_rank,,y2::10,y2,3,1.9285300221070054,1.9570701501529872,-0.028540128045981827
persona,rephrased,whole,human_vs_claude,dimensionality,effective_rank,,y2::11,y2,4,2.8322836499194897,2.87163255979067,-0.039348909871180116
persona,rephrased,whole,human_vs_claude,dimensionality,effective_rank,,y2::2,y2,3,1.9828031214374593,1.9779898935330873,0.004813227904371997
persona,rephrased,whole,human_vs_claude,dimensionality,effective_rank,,y2::3,y2,4,2.978365898411311,2.8392819296512646,0.13908396876004625
persona,rephrased,whole,human_vs_claude,dimensionality,effective_rank,,y2::4,y2,2,1.0,1.0,0.0
persona,rephrased,whole,human_vs_claude,dimensionality,effective_rank,,y2::5,y2,4,2.9771573398416113,2.9377312545565095,0.03942608528510183
persona,rephrased,whole,human_vs_claude,dimensionality,effective_rank,,y2::6,y2,4,2.8427499166948618,2.966785306061648,-0.12403538936678604
persona,rephrased,whole,human_vs_claude,dimensionality,effective_rank,,y2::7,y2,4,2.75657880038648,2.878333050290998,-0.12175424990451811
persona,rephrased,whole,human_vs_claude,dimensionality,effective_rank,,y2::8,y2,3,1.8792414221121054,1.939219827905617,-0.05997840579351155
persona,rephrased,whole,human_vs_claude,dimensionality,effective_rank,,y2::9,y2,4,2.8337902219965994,2.9164029764301995,-0.08261275443360017
persona,rephrased,whole,human_vs_claude,coverage,coverage_geometric,k=panel_adaptive,y1::1,y1,4,0.75,0.9,-0.15000000000000002
persona,rephrased,whole,human_vs_claude,coverage,coverage_geometric,k=panel_adaptive,y1::10,y1,4,1.0,1.0,0.0
persona,rephrased,whole,human_vs_claude,coverage,coverage_geometric,k=panel_adaptive,y1::11,y1,4,0.75,1.0,-0.25
persona,rephrased,whole,human_vs_claude,coverage,coverage_geometric,k=panel_adaptive,y1::12,y1,4,1.0,1.0,0.0
persona,rephrased,whole,human_vs_claude,coverage,coverage_geometric,k=panel_adaptive,y1::2,y1,3,0.6666666666666666,0.8666666666666666,-0.19999999999999996
persona,rephrased,whole,human_vs_claude,coverage,coverage_geometric,k=panel_adaptive,y1::3,y1,4,0.75,1.0,-0.25
persona,rephrased,whole,human_vs_claude,coverage,coverage_geometric,k=panel_adaptive,y1::4,y1,4,0.75,0.75,0.0
persona,rephrased,whole,human_vs_claude,coverage,coverage_geometric,k=panel_adaptive,y1::5,y1,4,1.0,1.0,0.0
persona,rephrased,whole,human_vs_claude,coverage,coverage_geometric,k=panel_adaptive,y1::6,y1,4,0.75,0.9,-0.15000000000000002
persona,rephrased,whole,human_vs_claude,coverage,coverage_geometric,k=panel_adaptive,y1::7,y1,4,1.0,1.0,0.0
persona,rephrased,whole,human_vs_claude,coverage,coverage_geometric,k=panel_adaptive,y1::8,y1,5,1.0,1.0,0.0
persona,rephrased,whole,human_vs_claude,coverage,coverage_geometric,k=panel_adaptive,y1::9,y1,3,0.6666666666666666,1.0,-0.33333333333333337
persona,rephrased,whole,human_vs_claude,coverage,coverage_geometric,k=panel_adaptive,y2::1,y2,3,0.6666666666666666,1.0,-0.33333333333333337
persona,rephrased,whole,human_vs_claude,coverage,coverage_geometric,k=panel_adaptive,y2::10,y2,3,0.6666666666666666,1.0,-0.33333333333333337
persona,rephrased,whole,human_vs_claude,coverage,coverage_geometric,k=panel_adaptive,y2::11,y2,4,0.75,0.95,-0.19999999999999996
persona,rephrased,whole,human_vs_claude,coverage,coverage_geometric,k=panel_adaptive,y2::2,y2,3,0.6666666666666666,1.0,-0.33333333333333337
persona,rephrased,whole,human_vs_claude,coverage,coverage_geometric,k=panel_adaptive,y2::3,y2,4,1.0,1.0,0.0
persona,rephrased,whole,human_vs_claude,coverage,coverage_geometric,k=panel_adaptive,y2::4,y2,2,,0.65,
persona,rephrased,whole,human_vs_claude,coverage,coverage_geometric,k=panel_adaptive,y2::5,y2,4,1.0,1.0,0.0
persona,rephrased,whole,human_vs_claude,coverage,coverage_geometric,k=panel_adaptive,y2::6,y2,4,1.0,1.0,0.0
persona,rephrased,whole,human_vs_claude,coverage,coverage_geometric,k=panel_adaptive,y2::7,y2,4,1.0,1.0,0.0
persona,rephrased,whole,human_vs_claude,coverage,coverage_geometric,k=panel_adaptive,y2::8,y2,3,0.6666666666666666,1.0,-0.33333333333333337
persona,rephrased,whole,human_vs_claude,coverage,coverage_geometric,k=panel_adaptive,y2::9,y2,4,0.75,1.0,-0.25
persona,rephrased,whole,human_vs_claude,evenness,vendi_slope,q=0..2,y1::1,y1,4,0.7370347490089888,0.7374471398428445,-0.0004123908338556914
persona,rephrased,whole,human_vs_claude,evenness,vendi_slope,q=0..2,y1::10,y1,4,0.7348575742796865,0.7382387150535129,-0.003381140773826452
persona,rephrased,whole,human_vs_claude,evenness,vendi_slope,q=0..2,y1::11,y1,4,0.7326282755770043,0.7369468350441087,-0.004318559467104466
persona,rephrased,whole,human_vs_claude,evenness,vendi_slope,q=0..2,y1::12,y1,4,0.7316447807914478,0.7421228344900296,-0.01047805369858179
persona,rephrased,whole,human_vs_claude,evenness,vendi_slope,q=0..2,y1::2,y1,3,0.6462546800212238,0.6519079445776984,-0.005653264556474635
persona,rephrased,whole,human_vs_claude,evenness,vendi_slope,q=0..2,y1::3,y1,4,0.7314071041442983,0.7373900320185625,-0.005982927874264132
persona,rephrased,whole,human_vs_claude,evenness,vendi_slope,q=0..2,y1::4,y1,4,0.7384106050828001,0.736831078940725,0.0015795261420751272
persona,rephrased,whole,human_vs_claude,evenness,vendi_slope,q=0..2,y1::5,y1,4,0.7309361019135832,0.7379826277804915,-0.007046525866908349
persona,rephrased,whole,human_vs_claude,evenness,vendi_slope,q=0..2,y1::6,y1,4,0.7362290128476738,0.7369597047076507,-0.000730691859976873
persona,rephrased,whole,human_vs_claude,evenness,vendi_slope,q=0..2,y1::7,y1,4,0.7339710186083563,0.7362222654351314,-0.002251246826775022
persona,rephrased,whole,human_vs_claude,evenness,vendi_slope,q=0..2,y1::8,y1,5,0.7823066907090361,0.7899718707870512,-0.007665180078015088
persona,rephrased,whole,human_vs_claude,evenness,vendi_slope,q=0..2,y1::9,y1,3,0.6411824495391277,0.654344158675318,-0.013161709136190303
persona,rephrased,whole,human_vs_claude,evenness,vendi_slope,q=0..2,y2::1,y2,3,0.6473373686470697,0.6529390862196625,-0.005601717572592757
persona,rephrased,whole,human_vs_claude,evenness,vendi_slope,q=0..2,y2::10,y2,3,0.6387764202318275,0.6552171021860483,-0.01644068195422088
persona,rephrased,whole,human_vs_claude,evenness,vendi_slope,q=0..2,y2::11,y2,4,0.7339104421062232,0.7354344751531761,-0.0015240330469528107
persona,rephrased,whole,human_vs_claude,evenness,vendi_slope,q=0..2,y2::2,y2,3,0.6434272450747182,0.6530173090913817,-0.009590064016663513
persona,rephrased,whole,human_vs_claude,evenness,vendi_slope,q=0..2,y2::3,y2,4,0.734368863601117,0.7364722447837805,-0.0021033811826635107
persona,rephrased,whole,human_vs_claude,evenness,vendi_slope,q=0..2,y2::4,y2,2,0.47697538855070265,0.48311521370688426,-0.006139825156181611
persona,rephrased,whole,human_vs_claude,evenness,vendi_slope,q=0..2,y2::5,y2,4,0.7351513637953084,0.7406664699428114,-0.005515106147502946
persona,rephrased,whole,human_vs_claude,evenness,vendi_slope,q=0..2,y2::6,y2,4,0.7354235222386485,0.7354425079107083,-1.89856720598236e-05
persona,rephrased,whole,human_vs_claude,evenness,vendi_slope,q=0..2,y2::7,y2,4,0.7327961939309707,0.7401266580747536,-0.007330464143782911
persona,rephrased,whole,human_vs_claude,evenness,vendi_slope,q=0..2,y2::8,y2,3,0.6444793984951456,0.6522429023364926,-0.0077635038413470525
persona,rephrased,whole,human_vs_claude,evenness,vendi_slope,q=0..2,y2::9,y2,4,0.7320824870026135,0.7385515536328038,-0.006469066630190312
persona,rephrased,whole,human_vs_claude,evenness,ripley_excess,r=pooled_q01_q50,y1::1,y1,4,0.0499302717541928,0.049921857643060036,8.41411113276097e-06
persona,rephrased,whole,human_vs_claude,evenness,ripley_excess,r=pooled_q01_q50,y1::10,y1,4,0.03240505162449495,0.053858370469473414,-0.02145331884497846
persona,rephrased,whole,human_vs_claude,evenness,ripley_excess,r=pooled_q01_q50,y1::11,y1,4,0.014744845294305881,0.04438763633206806,-0.02964279103776218
persona,rephrased,whole,human_vs_claude,evenness,ripley_excess,r=pooled_q01_q50,y1::12,y1,4,0.014280278639062388,0.06192946061606436,-0.04764918197700197
persona,rephrased,whole,human_vs_claude,evenness,ripley_excess,r=pooled_q01_q50,y1::2,y1,3,0.009534075809955076,0.03180122190607883,-0.02226714609612375
persona,rephrased,whole,human_vs_claude,evenness,ripley_excess,r=pooled_q01_q50,y1::3,y1,4,0.011350009484812112,0.04606428318021061,-0.03471427369539849
persona,rephrased,whole,human_vs_claude,evenness,ripley_excess,r=pooled_q01_q50,y1::4,y1,4,0.04803453663824811,0.04276121377654074,0.005273322861707369
persona,rephrased,whole,human_vs_claude,evenness,ripley_excess,r=pooled_q01_q50,y1::5,y1,4,0.008730556730355674,0.053262789251209544,-0.04453223252085387
persona,rephrased,whole,human_vs_claude,evenness,ripley_excess,r=pooled_q01_q50,y1::6,y1,4,0.040253023207406036,0.04509516675661188,-0.004842143549205848
persona,rephrased,whole,human_vs_claude,evenness,ripley_excess,r=pooled_q01_q50,y1::7,y1,4,0.02402447973961958,0.04053716969895648,-0.016512689959336902
persona,rephrased,whole,human_vs_claude,evenness,ripley_excess,r=pooled_q01_q50,y1::8,y1,5,0.004966665549235665,0.06949094178242528,-0.06452427623318961
persona,rephrased,whole,human_vs_claude,evenness,ripley_excess,r=pooled_q01_q50,y1::9,y1,3,-0.0003559519045150404,0.038795453903043585,-0.039151405807558624
persona,rephrased,whole,human_vs_claude,evenness,ripley_excess,r=pooled_q01_q50,y2::1,y2,3,0.013928555265607758,0.03437296665705382,-0.02044441139144606
persona,rephrased,whole,human_vs_claude,evenness,ripley_excess,r=pooled_q01_q50,y2::10,y2,3,-0.002526147817320279,0.03852129393649602,-0.0410474417538163
persona,rephrased,whole,human_vs_claude,evenness,ripley_excess,r=pooled_q01_q50,y2::11,y2,4,0.027110305008953863,0.03602689330766327,-0.008916588298709404
persona,rephrased,whole,human_vs_claude,evenness,ripley_excess,r=pooled_q01_q50,y2::2,y2,3,0.00014161404970779753,0.036197089057914654,-0.036055475008206855
persona,rephrased,whole,human_vs_claude,evenness,ripley_excess,r=pooled_q01_q50,y2::3,y2,4,0.02786902812524727,0.04100581000017671,-0.013136781874929438
persona,rephrased,whole,human_vs_claude,evenness,ripley_excess,r=pooled_q01_q50,y2::4,y2,2,0.0036555399870158932,0.014741529226631394,-0.0110859892396155
persona,rephrased,whole,human_vs_claude,evenness,ripley_excess,r=pooled_q01_q50,y2::5,y2,4,0.03393124607121821,0.06105788378659636,-0.027126637715378148
persona,rephrased,whole,human_vs_claude,evenness,ripley_excess,r=pooled_q01_q50,y2::6,y2,4,0.03440537612798956,0.03727970287078609,-0.002874326742796529
persona,rephrased,whole,human_vs_claude,evenness,ripley_excess,r=pooled_q01_q50,y2::7,y2,4,0.02234927715631683,0.05931473012766032,-0.03696545297134349
persona,rephrased,whole,human_vs_claude,evenness,ripley_excess,r=pooled_q01_q50,y2::8,y2,3,0.008641713665920075,0.03268514050211739,-0.024043426836197316
persona,rephrased,whole,human_vs_claude,evenness,ripley_excess,r=pooled_q01_q50,y2::9,y2,4,0.012530686909566761,0.054134366080677544,-0.04160367917111078
persona,rephrased,whole,human_vs_claude,spread,mean_pairwise,,y1::1,y1,4,0.033430312964150964,0.03240495520076671,0.0010253577633842562
persona,rephrased,whole,human_vs_claude,spread,mean_pairwise,,y1::10,y1,4,0.038843132862741735,0.030421193371330348,0.008421939491411387
persona,rephrased,whole,human_vs_claude,spread,mean_pairwise,,y1::11,y1,4,0.04430295705381591,0.033657232647491285,0.010645724406324622
persona,rephrased,whole,human_vs_claude,spread,mean_pairwise,,y1::12,y1,4,0.04674229673287652,0.020578673001840984,0.026163623731035535
persona,rephrased,whole,human_vs_claude,spread,mean_pairwise,,y1::2,y1,3,0.04427365813805647,0.0323252352188658,0.011948422919190668
persona,rephrased,whole,human_vs_claude,spread,mean_pairwise,,y1::3,y1,4,0.04730605683397687,0.03256358706559831,0.014742469768378563
persona,rephrased,whole,human_vs_claude,spread,mean_pairwise,,y1::4,y1,4,0.03001494155620299,0.03395767877997981,-0.003942737223776818
persona,rephrased,whole,human_vs_claude,spread,mean_pairwise,,y1::5,y1,4,0.04844550156771771,0.031063163284203478,0.01738233828351423
persona,rephrased,whole,human_vs_claude,spread,mean_pairwise,,y1::6,y1,4,0.035441205761951346,0.03362688785914112,0.0018143179028102252
persona,rephrased,whole,human_vs_claude,spread,mean_pairwise,,y1::7,y1,4,0.041042852885277537,0.035466316100103666,0.00557653678517387
persona,rephrased,whole,human_vs_claude,spread,mean_pairwise,,y1::8,y1,5,0.05223731644064713,0.03031483239143772,0.02192248404920941
persona,rephrased,whole,human_vs_claude,spread,mean_pairwise,,y1::9,y1,3,0.054834310697087475,0.02710355010016017,0.027730760596927306
persona,rephrased,whole,human_vs_claude,spread,mean_pairwise,,y2::1,y2,3,0.041989923514461104,0.03011767092288873,0.011872252591572374
persona,rephrased,whole,human_vs_claude,spread,mean_pairwise,,y2::10,y2,3,0.05975752170248786,0.02522665142384125,0.03453087027864661
persona,rephrased,whole,human_vs_claude,spread,mean_pairwise,,y2::11,y2,4,0.041205754996349764,0.03742177123532993,0.003783983761019835
persona,rephrased,whole,human_vs_claude,spread,mean_pairwise,,y2::2,y2,3,0.05014910729980989,0.029952333906757795,0.020196773393052096
persona,rephrased,whole,human_vs_claude,spread,mean_pairwise,,y2::3,y2,4,0.04003591088829552,0.03484830746744801,0.005187603420847509
persona,rephrased,whole,human_vs_claude,spread,mean_pairwise,,y2::4,y2,2,0.045036170392641295,0.03319557730743052,0.011840593085210772
persona,rephrased,whole,human_vs_claude,spread,mean_pairwise,,y2::5,y2,4,0.0381076578209632,0.024292361840619173,0.01381529598034403
persona,rephrased,whole,human_vs_claude,spread,mean_pairwise,,y2::6,y2,4,0.03745835445182163,0.03738756187356694,7.079257825468727e-05
persona,rephrased,whole,human_vs_claude,spread,mean_pairwise,,y2::7,y2,4,0.04394563418455901,0.025665772445685686,0.018279861738873325
persona,rephrased,whole,human_vs_claude,spread,mean_pairwise,,y2::8,y2,3,0.04802962237152956,0.03161323691889708,0.01641638545263248
persona,rephrased,whole,human_vs_claude,spread,mean_pairwise,,y2::9,y2,4,0.04568234459028122,0.029639029759969293,0.016043314830311926
persona,rephrased,whole,human_vs_claude,spread,centroid_loo,,y1::1,y1,4,0.2110322087984305,0.2076283781403833,0.0034038306580471966
persona,rephrased,whole,human_vs_claude,spread,centroid_loo,,y1::10,y1,4,0.2271421318522565,0.20093705463172604,0.026205077220530476
persona,rephrased,whole,human_vs_claude,spread,centroid_loo,,y1::11,y1,4,0.2427735379529608,0.21087334953717202,0.03190018841578879
persona,rephrased,whole,human_vs_claude,spread,centroid_loo,,y1::12,y1,4,0.24786180481300182,0.16514448820069044,0.08271731661231138
persona,rephrased,whole,human_vs_claude,spread,centroid_loo,,y1::2,y1,3,0.2571246070615084,0.219604984567573,0.03751962249393542
persona,rephrased,whole,human_vs_claude,spread,centroid_loo,,y1::3,y1,4,0.24986072074630453,0.20628214100424686,0.04357857974205767
persona,rephrased,whole,human_vs_claude,spread,centroid_loo,,y1::4,y1,4,0.19822837941798993,0.21129736252118278,-0.01306898310319285
persona,rephrased,whole,human_vs_claude,spread,centroid_loo,,y1::5,y1,4,0.25339189243678184,0.20312764973710928,0.05026424269967256
persona,rephrased,whole,human_vs_claude,spread,centroid_loo,,y1::6,y1,4,0.2170072410783731,0.2106922794279479,0.006314961650425194
persona,rephrased,whole,human_vs_claude,spread,centroid_loo,,y1::7,y1,4,0.2324259851240849,0.21619709722992914,0.016228887894155775
persona,rephrased,whole,human_vs_claude,spread,centroid_loo,,y1::8,y1,5,0.2528871066375519,0.19416090000364603,0.05872620663390585
persona,rephrased,whole,human_vs_claude,spread,centroid_loo,,y1::9,y1,3,0.2852167749687516,0.2008171207551169,0.08439965421363468
persona,rephrased,whole,human_vs_claude,spread,centroid_loo,,y2::1,y2,3,0.25092657459846807,0.21150716271547587,0.039419411882992195
persona,rephrased,whole,human_vs_claude,spread,centroid_loo,,y2::10,y2,3,0.29807680304176637,0.19375256660520798,0.10432423643655839
persona,rephrased,whole,human_vs_claude,spread,centroid_loo,,y2::11,y2,4,0.23247414923156312,0.22231336904022866,0.010160780191334456
persona,rephrased,whole,human_vs_claude,spread,centroid_loo,,y2::2,y2,3,0.2739653973283833,0.21153162363728267,0.06243377369110065
persona,rephrased,whole,human_vs_claude,spread,centroid_loo,,y2::3,y2,4,0.2309046344058601,0.21467438572099704,0.016230248684863058
persona,rephrased,whole,human_vs_claude,spread,centroid_loo,,y2::4,y2,2,0.30012054375747854,0.25633764406383525,0.043782899693643296
persona,rephrased,whole,human_vs_claude,spread,centroid_loo,,y2::5,y2,4,0.22514106052328658,0.17963350199852546,0.04550755852476113
persona,rephrased,whole,human_vs_claude,spread,centroid_loo,,y2::6,y2,4,0.2223009414355927,0.22310021129439228,-0.0007992698587995783
persona,rephrased,whole,human_vs_claude,spread,centroid_loo,,y2::7,y2,4,0.2409078050685389,0.18447233847681846,0.05643546659172044
persona,rephrased,whole,human_vs_claude,spread,centroid_loo,,y2::8,y2,3,0.26621173626125016,0.21650456383675332,0.04970717242449685
persona,rephrased,whole,human_vs_claude,spread,centroid_loo,,y2::9,y2,4,0.24478762070285723,0.19840408693015993,0.0463835337726973
persona,rephrased,whole,human_vs_claude,spread,mst_dispersion,,y1::1,y1,4,0.032029975390674724,0.02966513700413067,0.0023648383865440548
persona,rephrased,whole,human_vs_claude,spread,mst_dispersion,,y1::10,y1,4,0.033995131053510486,0.027868105963114786,0.006127025090395699
persona,rephrased,whole,human_vs_claude,spread,mst_dispersion,,y1::11,y1,4,0.04120381911410816,0.0295406352029159,0.011663183911192265
persona,rephrased,whole,human_vs_claude,spread,mst_dispersion,,y1::12,y1,4,0.039240165665913485,0.018322962613134798,0.020917203052778686
persona,rephrased,whole,human_vs_claude,spread,mst_dispersion,,y1::2,y1,3,0.04021806199572636,0.03007122923424078,0.010146832761485581
persona,rephrased,whole,human_vs_claude,spread,mst_dispersion,,y1::3,y1,4,0.040992930874144316,0.028017385323913353,0.012975545550230963
persona,rephrased,whole,human_vs_claude,spread,mst_dispersion,,y1::4,y1,4,0.026153903636167614,0.028424972646909446,-0.0022710690107418316
persona,rephrased,whole,human_vs_claude,spread,mst_dispersion,,y1::5,y1,4,0.040749552809598764,0.028497899993013,0.012251652816585766
persona,rephrased,whole,human_vs_claude,spread,mst_dispersion,,y1::6,y1,4,0.032622416569563516,0.029453771291114456,0.00316864527844906
persona,rephrased,whole,human_vs_claude,spread,mst_dispersion,,y1::7,y1,4,0.03493482369003235,0.030943541927637302,0.003991281762395046
persona,rephrased,whole,human_vs_claude,spread,mst_dispersion,,y1::8,y1,5,0.040893538754006115,0.025163956200913135,0.01572958255309298
persona,rephrased,whole,human_vs_claude,spread,mst_dispersion,,y1::9,y1,3,0.04764562564335556,0.025171435224279524,0.022474190419076036
persona,rephrased,whole,human_vs_claude,spread,mst_dispersion,,y2::1,y2,3,0.040921213863082284,0.027888141085179025,0.013033072777903259
persona,rephrased,whole,human_vs_claude,spread,mst_dispersion,,y2::10,y2,3,0.05373579850548593,0.023104529588362444,0.030631268917123488
persona,rephrased,whole,human_vs_claude,spread,mst_dispersion,,y2::11,y2,4,0.03437885054239568,0.03195675118159076,0.0024220993608049177
persona,rephrased,whole,human_vs_claude,spread,mst_dispersion,,y2::2,y2,3,0.04694618840142312,0.028267282016788364,0.018678906384634753
persona,rephrased,whole,human_vs_claude,spread,mst_dispersion,,y2::3,y2,4,0.03779512931512637,0.0296542652102388,0.008140864104887572
persona,rephrased,whole,human_vs_claude,spread,mst_dispersion,,y2::4,y2,2,0.045036170392641295,0.03319557730743052,0.011840593085210772
persona,rephrased,whole,human_vs_claude,spread,mst_dispersion,,y2::5,y2,4,0.03498716231360618,0.021948621760099884,0.013038540553506294
persona,rephrased,whole,human_vs_claude,spread,mst_dispersion,,y2::6,y2,4,0.03123971638077912,0.03531224683816834,-0.004072530457389218
persona,rephrased,whole,human_vs_claude,spread,mst_dispersion,,y2::7,y2,4,0.03559737952200848,0.022655824272490577,0.0129415552495179
persona,rephrased,whole,human_vs_claude,spread,mst_dispersion,,y2::8,y2,3,0.040172003871148665,0.028566693684850646,0.01160531018629802
persona,rephrased,whole,human_vs_claude,spread,mst_dispersion,,y2::9,y2,4,0.03814070807719783,0.026297732404391826,0.011842975672806
persona,rephrased,whole,human_vs_claude,spread,sparseness,,y1::1,y1,4,0.032182289714698865,0.031045345008791032,0.001136944705907833
persona,rephrased,whole,human_vs_claude,spread,sparseness,,y1::10,y1,4,0.03513690278030287,0.02794743803981383,0.007189464740489038
persona,rephrased,whole,human_vs_claude,spread,sparseness,,y1::11,y1,4,0.04120381911410816,0.03001207209025658,0.011191747023851582
persona,rephrased,whole,human_vs_claude,spread,sparseness,,y1::12,y1,4,0.03957343263801124,0.018540837510901995,0.021032595127109244
persona,rephrased,whole,human_vs_claude,spread,sparseness,,y1::2,y1,3,0.04021806199572636,0.03007122923424078,0.010146832761485581
persona,rephrased,whole,human_vs_claude,spread,sparseness,,y1::3,y1,4,0.040992930874144316,0.028017385323913353,0.012975545550230963
persona,rephrased,whole,human_vs_claude,spread,sparseness,,y1::4,y1,4,0.026403994780680267,0.029357823000619843,-0.0029538282199395756
persona,rephrased,whole,human_vs_claude,spread,sparseness,,y1::5,y1,4,0.0430536701672836,0.028920433471056328,0.01413323669622727
persona,rephrased,whole,human_vs_claude,spread,sparseness,,y1::6,y1,4,0.03297522923529413,0.02959998117899188,0.003375248056302252
persona,rephrased,whole,human_vs_claude,spread,sparseness,,y1::7,y1,4,0.03493482369003235,0.031486903000755885,0.0034479206892764624
persona,rephrased,whole,human_vs_claude,spread,sparseness,,y1::8,y1,5,0.040893538754006115,0.028074169806532684,0.01281936894747343
persona,rephrased,whole,human_vs_claude,spread,sparseness,,y1::9,y1,3,0.04764562564335556,0.025171435224279524,0.022474190419076036
persona,rephrased,whole,human_vs_claude,spread,sparseness,,y2::1,y2,3,0.040921213863082284,0.027888141085179025,0.013033072777903259
persona,rephrased,whole,human_vs_claude,spread,sparseness,,y2::10,y2,3,0.05373579850548593,0.023104529588362444,0.030631268917123488
persona,rephrased,whole,human_vs_claude,spread,sparseness,,y2::11,y2,4,0.03437885054239568,0.03327187183017567,0.0011069787122200067
persona,rephrased,whole,human_vs_claude,spread,sparseness,,y2::2,y2,3,0.04694618840142312,0.028267282016788364,0.018678906384634753
persona,rephrased,whole,human_vs_claude,spread,sparseness,,y2::3,y2,4,0.03779512931512637,0.030865122074981828,0.006930007240144545
persona,rephrased,whole,human_vs_claude,spread,sparseness,,y2::4,y2,2,0.045036170392641295,0.03319557730743052,0.011840593085210772
persona,rephrased,whole,human_vs_claude,spread,sparseness,,y2::5,y2,4,0.03498716231360618,0.02251940869094294,0.012467753622663238
persona,rephrased,whole,human_vs_claude,spread,sparseness,,y2::6,y2,4,0.03123971638077912,0.0358465004870216,-0.004606784106242479
persona,rephrased,whole,human_vs_claude,spread,sparseness,,y2::7,y2,4,0.03832457787669533,0.023463753560618826,0.014860824316076507
persona,rephrased,whole,human_vs_claude,spread,sparseness,,y2::8,y2,3,0.040172003871148665,0.028566693684850646,0.01160531018629802
persona,rephrased,whole,human_vs_claude,spread,sparseness,,y2::9,y2,4,0.03814070807719783,0.027425912910434197,0.01071479516676363
persona,rephrased,whole,human_vs_claude,spread,nn_isolation,,y1::1,y1,4,0.03162530207036798,0.028748481104591384,0.0028768209657765997
persona,rephrased,whole,human_vs_claude,spread,nn_isolation,,y1::10,y1,4,0.033730666900347955,0.027250551947541345,0.00648011495280661
persona,rephrased,whole,human_vs_claude,spread,nn_isolation,,y1::11,y1,4,0.04046912255834517,0.028428755760421375,0.012040366797923797
persona,rephrased,whole,human_vs_claude,spread,nn_isolation,,y1::12,y1,4,0.037829935592231106,0.01796383529976059,0.019866100292470518
persona,rephrased,whole,human_vs_claude,spread,nn_isolation,,y1::2,y1,3,0.03992222481117791,0.02940644474703589,0.01051578006414202
persona,rephrased,whole,human_vs_claude,spread,nn_isolation,,y1::3,y1,4,0.04027991221512933,0.02665187967407675,0.013628032541052583
persona,rephrased,whole,human_vs_claude,spread,nn_isolation,,y1::4,y1,4,0.024507474092709647,0.02697829904224696,-0.0024708249495373133
persona,rephrased,whole,human_vs_claude,spread,nn_isolation,,y1::5,y1,4,0.039806927818978405,0.027728497327080937,0.012078430491897468
persona,rephrased,whole,human_vs_claude,spread,nn_isolation,,y1::6,y1,4,0.03208843084112584,0.028561669130255207,0.0035267617108706295
persona,rephrased,whole,human_vs_claude,spread,nn_isolation,,y1::7,y1,4,0.03272316591220262,0.029729461463029523,0.0029937044491730944
persona,rephrased,whole,human_vs_claude,spread,nn_isolation,,y1::8,y1,5,0.03927950625792322,0.024823874788177158,0.014455631469746065
persona,rephrased,whole,human_vs_claude,spread,nn_isolation,,y1::9,y1,3,0.04563286785798785,0.024504545374761787,0.02112832248322606
persona,rephrased,whole,human_vs_claude,spread,nn_isolation,,y2::1,y2,3,0.040884779377723314,0.026885275378314543,0.013999503999408771
persona,rephrased,whole,human_vs_claude,spread,nn_isolation,,y2::10,y2,3,0.05068517505153958,0.022514484860056295,0.028170690191483282
persona,rephrased,whole,human_vs_claude,spread,nn_isolation,,y2::11,y2,4,0.03370564072797949,0.030738467393967916,0.0029671733340115754
persona,rephrased,whole,human_vs_claude,spread,nn_isolation,,y2::2,y2,3,0.0465106741840684,0.02767716939606696,0.018833504788001443
persona,rephrased,whole,human_vs_claude,spread,nn_isolation,,y2::3,y2,4,0.03741254336150798,0.028210188022895755,0.009202355338612227
persona,rephrased,whole,human_vs_claude,spread,nn_isolation,,y2::4,y2,2,0.045036170392641295,0.03319557730743052,0.011840593085210772
persona,rephrased,whole,human_vs_claude,spread,nn_isolation,,y2::5,y2,4,0.034728266588267026,0.021534664552779387,0.01319360203548764
persona,rephrased,whole,human_vs_claude,spread,nn_isolation,,y2::6,y2,4,0.030137961362396493,0.035057331386249724,-0.004919370023853231
persona,rephrased,whole,human_vs_claude,spread,nn_isolation,,y2::7,y2,4,0.03336346540637819,0.02112659338684068,0.01223687201953751
persona,rephrased,whole,human_vs_claude,spread,nn_isolation,,y2::8,y2,3,0.038480093004612005,0.027745966099408593,0.010734126905203412
persona,rephrased,whole,human_vs_claude,spread,nn_isolation,,y2::9,y2,4,0.035921607279960244,0.025214692110264048,0.010706915169696195
persona,rephrased,whole,human_vs_claude,spread,spherical_variance,,y1::1,y1,4,0.012615948439065439,0.012226653503290908,0.0003892949357745309
persona,rephrased,whole,human_vs_claude,spread,spherical_variance,,y1::10,y1,4,0.014673835548378866,0.011473920882231935,0.003199914666146931
persona,rephrased,whole,human_vs_claude,spread,spherical_variance,,y1::11,y1,4,0.016753956423095073,0.012702502091052458,0.004051454332042615
persona,rephrased,whole,human_vs_claude,spread,spherical_variance,,y1::12,y1,4,0.017684736222458364,0.007747090141088741,0.009937646081369622
persona,rephrased,whole,human_vs_claude,spread,spherical_variance,,y1::2,y1,3,0.014868421017799949,0.010834100398821555,0.004034320618978394
persona,rephrased,whole,human_vs_claude,spread,spherical_variance,,y1::3,y1,4,0.017899975881011332,0.012287642826894051,0.005612333054117281
persona,rephrased,whole,human_vs_claude,spread,spherical_variance,,y1::4,y1,4,0.011319670554305161,0.012816771405953808,-0.001497100851648647
persona,rephrased,whole,human_vs_claude,spread,spherical_variance,,y1::5,y1,4,0.01833515198708935,0.011717464224060614,0.0066176877630287345
persona,rephrased,whole,human_vs_claude,spread,spherical_variance,,y1::6,y1,4,0.013379963877412138,0.012691002607763058,0.0006889612696490792
persona,rephrased,whole,human_vs_claude,spread,spherical_variance,,y1::7,y1,4,0.015511371149447784,0.013390023950456787,0.0021213471989909964
persona,rephrased,whole,human_vs_claude,spread,spherical_variance,,y1::8,y1,5,0.021117909629826292,0.01220035731589253,0.008917552313933763
persona,rephrased,whole,human_vs_claude,spread,spherical_variance,,y1::9,y1,3,0.018448272953172862,0.009076220988837902,0.00937205196433496
persona,rephrased,whole,human_vs_claude,spread,spherical_variance,,y2::1,y2,3,0.014095989633358785,0.010091020468528899,0.0040049691648298864
persona,rephrased,whole,human_vs_claude,spread,spherical_variance,,y2::10,y2,3,0.02012161356710096,0.008444877006254814,0.011676736560846146
persona,rephrased,whole,human_vs_claude,spread,spherical_variance,,y2::11,y2,4,0.015573423889450932,0.01413345131068362,0.001439972578767313
persona,rephrased,whole,human_vs_claude,spread,spherical_variance,,y2::2,y2,3,0.016858473158555598,0.010034729444094947,0.0068237437144606505
persona,rephrased,whole,human_vs_claude,spread,spherical_variance,,y2::3,y2,4,0.015127893158823236,0.013154860438718274,0.0019730327201049613
persona,rephrased,whole,human_vs_claude,spread,spherical_variance,,y2::4,y2,2,0.011323149454950276,0.008335121951824597,0.002988027503125679
persona,rephrased,whole,human_vs_claude,spread,spherical_variance,,y2::5,y2,4,0.014393964794108705,0.009151570905128682,0.005242393888980023
persona,rephrased,whole,human_vs_claude,spread,spherical_variance,,y2::6,y2,4,0.014146951031172583,0.014120073326867665,2.687770430491801e-05
persona,rephrased,whole,human_vs_claude,spread,spherical_variance,,y2::7,y2,4,0.01661768657272411,0.009671517815612351,0.0069461687571117595
persona,rephrased,whole,human_vs_claude,spread,spherical_variance,,y2::8,y2,3,0.016140125956793816,0.010594610855025855,0.005545515101767961
persona,rephrased,whole,human_vs_claude,spread,spherical_variance,,y2::9,y2,4,0.017280181558706476,0.011177180784334273,0.0061030007743722026
persona,rephrased,whole,human_vs_gemini,richness,vendi,q=1,y1::1,y1,4,1.1555645766139968,1.1337405206737443,0.021824055940252496
persona,rephrased,whole,human_vs_gemini,richness,vendi,q=1,y1::10,y1,4,1.176858349217139,1.1751614372506485,0.0016969119664904664
persona,rephrased,whole,human_vs_gemini,richness,vendi,q=1,y1::11,y1,4,1.1996512070053875,1.1535031911274154,0.046148015877972126
persona,rephrased,whole,human_vs_gemini,richness,vendi,q=1,y1::12,y1,4,1.2075245064343563,1.1316034417718701,0.07592106466248616
persona,rephrased,whole,human_vs_gemini,richness,vendi,q=1,y1::2,y1,3,1.1653139783441002,1.1291552714411779,0.03615870690292233
persona,rephrased,whole,human_vs_gemini,richness,vendi,q=1,y1::3,y1,4,1.210357847726515,1.1297588619161538,0.08059898581036107
persona,rephrased,whole,human_vs_gemini,richness,vendi,q=1,y1::4,y1,4,1.1398498009834501,1.1642946334569717,-0.024444832473521583
persona,rephrased,whole,human_vs_gemini,richness,vendi,q=1,y1::5,y1,4,1.2144128832381018,1.1643522220250968,0.05006066121300501
persona,rephrased,whole,human_vs_gemini,richness,vendi,q=1,y1::6,y1,4,1.1635414433299986,1.1582369265026815,0.005304516827317141
persona,rephrased,whole,human_vs_gemini,richness,vendi,q=1,y1::7,y1,4,1.1852096970482238,1.159381200566629,0.025828496481594687
persona,rephrased,whole,human_vs_gemini,richness,vendi,q=1,y1::8,y1,5,1.2567356228171045,1.1916321820880702,0.06510344072903429
persona,rephrased,whole,human_vs_gemini,richness,vendi,q=1,y1::9,y1,3,1.1978684393414798,1.1129420695510504,0.08492636979042945
persona,rephrased,whole,human_vs_gemini,richness,vendi,q=1,y2::1,y2,3,1.1584255474636158,1.1534114648119513,0.005014082651664475
persona,rephrased,whole,human_vs_gemini,richness,vendi,q=1,y2::10,y2,3,1.2135343132037324,1.1255930890706303,0.08794122413310212
persona,rephrased,whole,human_vs_gemini,richness,vendi,q=1,y2::11,y2,4,1.1852696510574283,1.154904873383795,0.030364777673633325
persona,rephrased,whole,human_vs_gemini,richness,vendi,q=1,y2::2,y2,3,1.184539244684438,1.1135983387421124,0.0709409059423256
persona,rephrased,whole,human_vs_gemini,richness,vendi,q=1,y2::3,y2,4,1.1824650038765467,1.1868466505358848,-0.004381646659338045
persona,rephrased,whole,human_vs_gemini,richness,vendi,q=1,y2::4,y2,2,1.1136952661076993,1.0732547322222832,0.04044053388541613
persona,rephrased,whole,human_vs_gemini,richness,vendi,q=1,y2::5,y2,4,1.1746204263773936,1.187114905918559,-0.012494479541165449
persona,rephrased,whole,human_vs_gemini,richness,vendi,q=1,y2::6,y2,4,1.170422844071897,1.1338801080763636,0.03654273599553326
persona,rephrased,whole,human_vs_gemini,richness,vendi,q=1,y2::7,y2,4,1.1951259738995463,1.1310233828068164,0.06410259109272998
persona,rephrased,whole,human_vs_gemini,richness,vendi,q=1,y2::8,y2,3,1.1756528035484555,1.161025169045269,0.014627634503186382
persona,rephrased,whole,human_vs_gemini,richness,vendi,q=1,y2::9,y2,4,1.2030478210496816,1.1542488229558279,0.048798998093853685
persona,rephrased,whole,human_vs_gemini,dimensionality,participation_ratio,,y1::1,y1,4,2.969994111092062,2.769062637232058,0.20093147386000387
persona,rephrased,whole,human_vs_gemini,dimensionality,participation_ratio,,y1::10,y1,4,2.835793368897469,2.7072153950907696,0.12857797380669922
persona,rephrased,whole,human_vs_gemini,dimensionality,participation_ratio,,y1::11,y1,4,2.9567889558322458,2.8645736553403056,0.09221530049194016
persona,rephrased,whole,human_vs_gemini,dimensionality,participation_ratio,,y1::12,y1,4,2.7206458899803247,2.666200539741598,0.054445350238726764
persona,rephrased,whole,human_vs_gemini,dimensionality,participation_ratio,,y1::2,y1,3,1.9340486176123768,1.931071115794357,0.002977501818019812
persona,rephrased,whole,human_vs_gemini,dimensionality,participation_ratio,,y1::3,y1,4,2.7881575779561216,2.7796555594673213,0.008502018488800278
persona,rephrased,whole,human_vs_gemini,dimensionality,participation_ratio,,y1::4,y1,4,2.6486801622986187,2.708503775344936,-0.05982361304631745
persona,rephrased,whole,human_vs_gemini,dimensionality,participation_ratio,,y1::5,y1,4,2.749838405516411,2.7709308337687224,-0.02109242825231128
persona,rephrased,whole,human_vs_gemini,dimensionality,participation_ratio,,y1::6,y1,4,2.9171707936855023,2.8728843669888944,0.04428642669660787
persona,rephrased,whole,human_vs_gemini,dimensionality,participation_ratio,,y1::7,y1,4,2.7817113336917716,2.712656051377658,0.06905528231411351
persona,rephrased,whole,human_vs_gemini,dimensionality,participation_ratio,,y1::8,y1,5,3.540508319984465,3.762747190184217,-0.22223887019975175
persona,rephrased,whole,human_vs_gemini,dimensionality,participation_ratio,,y1::9,y1,3,1.8434620872264083,1.9120591635121578,-0.06859707628574951
persona,rephrased,whole,human_vs_gemini,dimensionality,participation_ratio,,y2::1,y2,3,1.9948131561333202,1.858394193182571,0.1364189629507493
persona,rephrased,whole,human_vs_gemini,dimensionality,participation_ratio,,y2::10,y2,3,1.8658612358541693,1.9273086862102953,-0.06144745035612598
persona,rephrased,whole,human_vs_gemini,dimensionality,participation_ratio,,y2::11,y2,4,2.681121210282099,2.8905218439678206,-0.2094006336857217
persona,rephrased,whole,human_vs_gemini,dimensionality,participation_ratio,,y2::2,y2,3,1.966140186006795,1.9455697217865526,0.020570464220242446
persona,rephrased,whole,human_vs_gemini,dimensionality,participation_ratio,,y2::3,y2,4,2.9573578896581973,2.8438883085573425,0.11346958110085481
persona,rephrased,whole,human_vs_gemini,dimensionality,participation_ratio,,y2::4,y2,2,1.0,1.0,0.0
persona,rephrased,whole,human_vs_gemini,dimensionality,participation_ratio,,y2::5,y2,4,2.9561799932836457,2.781076376854745,0.17510361642890082
persona,rephrased,whole,human_vs_gemini,dimensionality,participation_ratio,,y2::6,y2,4,2.72113584958171,2.958293915429515,-0.23715806584780497
persona,rephrased,whole,human_vs_gemini,dimensionality,participation_ratio,,y2::7,y2,4,2.544733746673654,2.7489064204231233,-0.20417267374946935
persona,rephrased,whole,human_vs_gemini,dimensionality,participation_ratio,,y2::8,y2,3,1.7826108257680418,1.8240688633497126,-0.04145803758167088
persona,rephrased,whole,human_vs_gemini,dimensionality,participation_ratio,,y2::9,y2,4,2.702765887392295,2.9002466842604684,-0.19748079686817333
persona,rephrased,whole,human_vs_gemini,dimensionality,effective_rank,,y1::1,y1,4,2.984885109773798,2.8804363274154707,0.10444878235832711
persona,rephrased,whole,human_vs_gemini,dimensionality,effective_rank,,y1::10,y1,4,2.9133032041614007,2.8482752811490397,0.06502792301236093
persona,rephrased,whole,human_vs_gemini,dimensionality,effective_rank,,y1::11,y1,4,2.977612401074319,2.9289469864559097,0.04866541461840912
persona,rephrased,whole,human_vs_gemini,dimensionality,effective_rank,,y1::12,y1,4,2.8528974854974987,2.818671186042335,0.034226299455163645
persona,rephrased,whole,human_vs_gemini,dimensionality,effective_rank,,y1::2,y1,3,1.9659957273609547,1.9636285587369149,0.0023671686240398504
persona,rephrased,whole,human_vs_gemini,dimensionality,effective_rank,,y1::3,y1,4,2.891785044563804,2.8814837838265794,0.010301260737224371
persona,rephrased,whole,human_vs_gemini,dimensionality,effective_rank,,y1::4,y1,4,2.813580002440628,2.847847028674809,-0.034267026234180875
persona,rephrased,whole,human_vs_gemini,dimensionality,effective_rank,,y1::5,y1,4,2.860219482580701,2.877109720094014,-0.01689023751331309
persona,rephrased,whole,human_vs_gemini,dimensionality,effective_rank,,y1::6,y1,4,2.9585163571347137,2.9330789638348156,0.025437393299898137
persona,rephrased,whole,human_vs_gemini,dimensionality,effective_rank,,y1::7,y1,4,2.8766025728000426,2.838299523328442,0.03830304947160057
persona,rephrased,whole,human_vs_gemini,dimensionality,effective_rank,,y1::8,y1,5,3.737021519745313,3.8747352153949866,-0.13771369564967362
persona,rephrased,whole,human_vs_gemini,dimensionality,effective_rank,,y1::9,y1,3,1.9156697851137616,1.9535829307267925,-0.03791314561303083
persona,rephrased,whole,human_vs_gemini,dimensionality,effective_rank,,y2::1,y2,3,1.9974003977060049,1.920618065178569,0.07678233252743594
persona,rephrased,whole,human_vs_gemini,dimensionality,effective_rank,,y2::10,y2,3,1.9285300221070054,1.9611739185323749,-0.03264389642536947
persona,rephrased,whole,human_vs_gemini,dimensionality,effective_rank,,y2::11,y2,4,2.8322836499194897,2.944936982530617,-0.11265333261112742
persona,rephrased,whole,human_vs_gemini,dimensionality,effective_rank,,y2::2,y2,3,1.9828031214374593,1.971554243223369,0.011248878214090263
persona,rephrased,whole,human_vs_gemini,dimensionality,effective_rank,,y2::3,y2,4,2.978365898411311,2.918341541742892,0.060024356668418655
persona,rephrased,whole,human_vs_gemini,dimensionality,effective_rank,,y2::4,y2,2,1.0,1.0,0.0
persona,rephrased,whole,human_vs_gemini,dimensionality,effective_rank,,y2::5,y2,4,2.9771573398416113,2.883042194740514,0.09411514510109731
persona,rephrased,whole,human_vs_gemini,dimensionality,effective_rank,,y2::6,y2,4,2.8427499166948618,2.9789515371949884,-0.13620162050012663
persona,rephrased,whole,human_vs_gemini,dimensionality,effective_rank,,y2::7,y2,4,2.75657880038648,2.8682793383270786,-0.11170053794059864
persona,rephrased,whole,human_vs_gemini,dimensionality,effective_rank,,y2::8,y2,3,1.8792414221121054,1.9006104228530163,-0.02136900074091086
persona,rephrased,whole,human_vs_gemini,dimensionality,effective_rank,,y2::9,y2,4,2.8337902219965994,2.948754558042085,-0.11496433604548573
persona,rephrased,whole,human_vs_gemini,coverage,coverage_geometric,k=panel_adaptive,y1::1,y1,4,0.75,0.95,-0.19999999999999996
persona,rephrased,whole,human_vs_gemini,coverage,coverage_geometric,k=panel_adaptive,y1::10,y1,4,1.0,0.5,0.5
persona,rephrased,whole,human_vs_gemini,coverage,coverage_geometric,k=panel_adaptive,y1::11,y1,4,0.75,1.0,-0.25
persona,rephrased,whole,human_vs_gemini,coverage,coverage_geometric,k=panel_adaptive,y1::12,y1,4,1.0,1.0,0.0
persona,rephrased,whole,human_vs_gemini,coverage,coverage_geometric,k=panel_adaptive,y1::2,y1,3,0.6666666666666666,1.0,-0.33333333333333337
persona,rephrased,whole,human_vs_gemini,coverage,coverage_geometric,k=panel_adaptive,y1::3,y1,4,0.75,1.0,-0.25
persona,rephrased,whole,human_vs_gemini,coverage,coverage_geometric,k=panel_adaptive,y1::4,y1,4,0.75,1.0,-0.25
persona,rephrased,whole,human_vs_gemini,coverage,coverage_geometric,k=panel_adaptive,y1::5,y1,4,1.0,1.0,0.0
persona,rephrased,whole,human_vs_gemini,coverage,coverage_geometric,k=panel_adaptive,y1::6,y1,4,0.75,0.2,0.55
persona,rephrased,whole,human_vs_gemini,coverage,coverage_geometric,k=panel_adaptive,y1::7,y1,4,1.0,1.0,0.0
persona,rephrased,whole,human_vs_gemini,coverage,coverage_geometric,k=panel_adaptive,y1::8,y1,5,1.0,1.0,0.0
persona,rephrased,whole,human_vs_gemini,coverage,coverage_geometric,k=panel_adaptive,y1::9,y1,3,0.6666666666666666,1.0,-0.33333333333333337
persona,rephrased,whole,human_vs_gemini,coverage,coverage_geometric,k=panel_adaptive,y2::1,y2,3,0.6666666666666666,0.8666666666666666,-0.19999999999999996
persona,rephrased,whole,human_vs_gemini,coverage,coverage_geometric,k=panel_adaptive,y2::10,y2,3,0.6666666666666666,1.0,-0.33333333333333337
persona,rephrased,whole,human_vs_gemini,coverage,coverage_geometric,k=panel_adaptive,y2::11,y2,4,0.75,0.9,-0.15000000000000002
persona,rephrased,whole,human_vs_gemini,coverage,coverage_geometric,k=panel_adaptive,y2::2,y2,3,0.6666666666666666,1.0,-0.33333333333333337
persona,rephrased,whole,human_vs_gemini,coverage,coverage_geometric,k=panel_adaptive,y2::3,y2,4,1.0,1.0,0.0
persona,rephrased,whole,human_vs_gemini,coverage,coverage_geometric,k=panel_adaptive,y2::4,y2,2,,0.7,
persona,rephrased,whole,human_vs_gemini,coverage,coverage_geometric,k=panel_adaptive,y2::5,y2,4,1.0,0.75,0.25
persona,rephrased,whole,human_vs_gemini,coverage,coverage_geometric,k=panel_adaptive,y2::6,y2,4,1.0,1.0,0.0
persona,rephrased,whole,human_vs_gemini,coverage,coverage_geometric,k=panel_adaptive,y2::7,y2,4,1.0,1.0,0.0
persona,rephrased,whole,human_vs_gemini,coverage,coverage_geometric,k=panel_adaptive,y2::8,y2,3,0.6666666666666666,1.0,-0.33333333333333337
persona,rephrased,whole,human_vs_gemini,coverage,coverage_geometric,k=panel_adaptive,y2::9,y2,4,0.75,1.0,-0.25
persona,rephrased,whole,human_vs_gemini,evenness,vendi_slope,q=0..2,y1::1,y1,4,0.7370347490089888,0.7390493057528456,-0.0020145567438567547
persona,rephrased,whole,human_vs_gemini,evenness,vendi_slope,q=0..2,y1::10,y1,4,0.7348575742796865,0.7349411751698038,-8.36008901173857e-05
persona,rephrased,whole,human_vs_gemini,evenness,vendi_slope,q=0..2,y1::11,y1,4,0.7326282755770043,0.7371844595523331,-0.004556183975328865
persona,rephrased,whole,human_vs_gemini,evenness,vendi_slope,q=0..2,y1::12,y1,4,0.7316447807914478,0.7391941001574855,-0.0075493193660377544
persona,rephrased,whole,human_vs_gemini,evenness,vendi_slope,q=0..2,y1::2,y1,3,0.6462546800212238,0.6514417410855874,-0.005187061064363618
persona,rephrased,whole,human_vs_gemini,evenness,vendi_slope,q=0..2,y1::3,y1,4,0.7314071041442983,0.7394286112547404,-0.008021507110442028
persona,rephrased,whole,human_vs_gemini,evenness,vendi_slope,q=0..2,y1::4,y1,4,0.7384106050828001,0.7360217295524871,0.0023888755303129727
persona,rephrased,whole,human_vs_gemini,evenness,vendi_slope,q=0..2,y1::5,y1,4,0.7309361019135832,0.736056207121161,-0.005120105207577885
persona,rephrased,whole,human_vs_gemini,evenness,vendi_slope,q=0..2,y1::6,y1,4,0.7362290128476738,0.736724506877199,-0.0004954940295252008
persona,rephrased,whole,human_vs_gemini,evenness,vendi_slope,q=0..2,y1::7,y1,4,0.7339710186083563,0.7365156097984134,-0.0025445911900570106
persona,rephrased,whole,human_vs_gemini,evenness,vendi_slope,q=0..2,y1::8,y1,5,0.7823066907090361,0.7874962873941787,-0.005189596685142517
persona,rephrased,whole,human_vs_gemini,evenness,vendi_slope,q=0..2,y1::9,y1,3,0.6411824495391277,0.6536604934892648,-0.012478043950137074
persona,rephrased,whole,human_vs_gemini,evenness,vendi_slope,q=0..2,y2::1,y2,3,0.6473373686470697,0.6478251622958325,-0.0004877936487628354
persona,rephrased,whole,human_vs_gemini,evenness,vendi_slope,q=0..2,y2::10,y2,3,0.6387764202318275,0.6519276144482538,-0.013151194216426298
persona,rephrased,whole,human_vs_gemini,evenness,vendi_slope,q=0..2,y2::11,y2,4,0.7339104421062232,0.7370610805308114,-0.0031506384245881813
persona,rephrased,whole,human_vs_gemini,evenness,vendi_slope,q=0..2,y2::2,y2,3,0.6434272450747182,0.6536032330601378,-0.010175987985419632
persona,rephrased,whole,human_vs_gemini,evenness,vendi_slope,q=0..2,y2::3,y2,4,0.734368863601117,0.733850893728628,0.000517969872488977
persona,rephrased,whole,human_vs_gemini,evenness,vendi_slope,q=0..2,y2::4,y2,2,0.47697538855070265,0.48645711343683606,-0.009481724886133414
persona,rephrased,whole,human_vs_gemini,evenness,vendi_slope,q=0..2,y2::5,y2,4,0.7351513637953084,0.7337854435468303,0.0013659202484781474
persona,rephrased,whole,human_vs_gemini,evenness,vendi_slope,q=0..2,y2::6,y2,4,0.7354235222386485,0.7391121498482459,-0.003688627609597428
persona,rephrased,whole,human_vs_gemini,evenness,vendi_slope,q=0..2,y2::7,y2,4,0.7327961939309707,0.7392950507416268,-0.006498856810656095
persona,rephrased,whole,human_vs_gemini,evenness,vendi_slope,q=0..2,y2::8,y2,3,0.6444793984951456,0.6466821959333922,-0.0022027974382465842
persona,rephrased,whole,human_vs_gemini,evenness,vendi_slope,q=0..2,y2::9,y2,4,0.7320824870026135,0.7371278329477058,-0.005045345945092317
persona,rephrased,whole,human_vs_gemini,evenness,ripley_excess,r=pooled_q01_q50,y1::1,y1,4,0.0499302717541928,0.05628875968943493,-0.006358487935242137
persona,rephrased,whole,human_vs_gemini,evenness,ripley_excess,r=pooled_q01_q50,y1::10,y1,4,0.03240505162449495,0.033974142307362155,-0.0015690906828672024
persona,rephrased,whole,human_vs_gemini,evenness,ripley_excess,r=pooled_q01_q50,y1::11,y1,4,0.014744845294305881,0.04698394969337992,-0.03223910439907404
persona,rephrased,whole,human_vs_gemini,evenness,ripley_excess,r=pooled_q01_q50,y1::12,y1,4,0.014280278639062388,0.052221626961539966,-0.03794134832247758
persona,rephrased,whole,human_vs_gemini,evenness,ripley_excess,r=pooled_q01_q50,y1::2,y1,3,0.009534075809955076,0.030671207698331055,-0.02113713188837598
persona,rephrased,whole,human_vs_gemini,evenness,ripley_excess,r=pooled_q01_q50,y1::3,y1,4,0.011350009484812112,0.05560152412840943,-0.04425151464359732
persona,rephrased,whole,human_vs_gemini,evenness,ripley_excess,r=pooled_q01_q50,y1::4,y1,4,0.04803453663824811,0.03787823716176553,0.010156299476482583
persona,rephrased,whole,human_vs_gemini,evenness,ripley_excess,r=pooled_q01_q50,y1::5,y1,4,0.008730556730355674,0.03839449108803418,-0.029663934357678508
persona,rephrased,whole,human_vs_gemini,evenness,ripley_excess,r=pooled_q01_q50,y1::6,y1,4,0.040253023207406036,0.04570575735122618,-0.005452734143820144
persona,rephrased,whole,human_vs_gemini,evenness,ripley_excess,r=pooled_q01_q50,y1::7,y1,4,0.02402447973961958,0.041100376617534184,-0.017075896877914606
persona,rephrased,whole,human_vs_gemini,evenness,ripley_excess,r=pooled_q01_q50,y1::8,y1,5,0.004966665549235665,0.045498125992700075,-0.04053146044346441
persona,rephrased,whole,human_vs_gemini,evenness,ripley_excess,r=pooled_q01_q50,y1::9,y1,3,-0.0003559519045150404,0.03662687448997409,-0.03698282639448913
persona,rephrased,whole,human_vs_gemini,evenness,ripley_excess,r=pooled_q01_q50,y2::1,y2,3,0.013928555265607758,0.018820972375734636,-0.004892417110126878
persona,rephrased,whole,human_vs_gemini,evenness,ripley_excess,r=pooled_q01_q50,y2::10,y2,3,-0.002526147817320279,0.03183198473599007,-0.03435813255331035
persona,rephrased,whole,human_vs_gemini,evenness,ripley_excess,r=pooled_q01_q50,y2::11,y2,4,0.027110305008953863,0.04510921155045137,-0.017998906541497505
persona,rephrased,whole,human_vs_gemini,evenness,ripley_excess,r=pooled_q01_q50,y2::2,y2,3,0.00014161404970779753,0.037633351463752907,-0.03749173741404511
persona,rephrased,whole,human_vs_gemini,evenness,ripley_excess,r=pooled_q01_q50,y2::3,y2,4,0.02786902812524727,0.02493075592243608,0.00293827220281119
persona,rephrased,whole,human_vs_gemini,evenness,ripley_excess,r=pooled_q01_q50,y2::4,y2,2,0.0036555399870158932,0.018749956485192794,-0.0150944164981769
persona,rephrased,whole,human_vs_gemini,evenness,ripley_excess,r=pooled_q01_q50,y2::5,y2,4,0.03393124607121821,0.023350873951341923,0.010580372119876287
persona,rephrased,whole,human_vs_gemini,evenness,ripley_excess,r=pooled_q01_q50,y2::6,y2,4,0.03440537612798956,0.05931473012766032,-0.024909353999670765
persona,rephrased,whole,human_vs_gemini,evenness,ripley_excess,r=pooled_q01_q50,y2::7,y2,4,0.02234927715631683,0.05597379851951082,-0.03362452136319399
persona,rephrased,whole,human_vs_gemini,evenness,ripley_excess,r=pooled_q01_q50,y2::8,y2,3,0.008641713665920075,0.014872666048771601,-0.006230952382851526
persona,rephrased,whole,human_vs_gemini,evenness,ripley_excess,r=pooled_q01_q50,y2::9,y2,4,0.012530686909566761,0.046668023940944874,-0.03413733703137811
persona,rephrased,whole,human_vs_gemini,spread,mean_pairwise,,y1::1,y1,4,0.033430312964150964,0.02838962831893165,0.005040684645219316
persona,rephrased,whole,human_vs_gemini,spread,mean_pairwise,,y1::10,y1,4,0.038843132862741735,0.03864901199875017,0.0001941208639915648
persona,rephrased,whole,human_vs_gemini,spread,mean_pairwise,,y1::11,y1,4,0.04430295705381591,0.03306261958198268,0.011240337471833228
persona,rephrased,whole,human_vs_gemini,spread,mean_pairwise,,y1::12,y1,4,0.04674229673287652,0.028030762373817943,0.018711534359058576
persona,rephrased,whole,human_vs_gemini,spread,mean_pairwise,,y1::2,y1,3,0.04427365813805647,0.03331645553401753,0.010957202604038936
persona,rephrased,whole,human_vs_gemini,spread,mean_pairwise,,y1::3,y1,4,0.04730605683397687,0.027431964760975314,0.01987409207300156
persona,rephrased,whole,human_vs_gemini,spread,mean_pairwise,,y1::4,y1,4,0.03001494155620299,0.03597251990840866,-0.0059575783522056724
persona,rephrased,whole,human_vs_gemini,spread,mean_pairwise,,y1::5,y1,4,0.04844550156771771,0.03587931390688953,0.012566187660828176
persona,rephrased,whole,human_vs_gemini,spread,mean_pairwise,,y1::6,y1,4,0.035441205761951346,0.034209148012841806,0.00123205774910954
persona,rephrased,whole,human_vs_gemini,spread,mean_pairwise,,y1::7,y1,4,0.041042852885277537,0.034740712937886914,0.0063021399473906226
persona,rephrased,whole,human_vs_gemini,spread,mean_pairwise,,y1::8,y1,5,0.05223731644064713,0.03749358036226182,0.014743736078385306
persona,rephrased,whole,human_vs_gemini,spread,mean_pairwise,,y1::9,y1,3,0.054834310697087475,0.028575486555909146,0.02625882414117833
persona,rephrased,whole,human_vs_gemini,spread,mean_pairwise,,y2::1,y2,3,0.041989923514461104,0.04096618164720872,0.0010237418672523826
persona,rephrased,whole,human_vs_gemini,spread,mean_pairwise,,y2::10,y2,3,0.05975752170248786,0.032284584559051484,0.027472937143436377
persona,rephrased,whole,human_vs_gemini,spread,mean_pairwise,,y2::11,y2,4,0.041205754996349764,0.03336909536847741,0.007836659627872354
persona,rephrased,whole,human_vs_gemini,spread,mean_pairwise,,y2::2,y2,3,0.05014910729980989,0.02869724630303607,0.02145186099677382
persona,rephrased,whole,human_vs_gemini,spread,mean_pairwise,,y2::3,y2,4,0.04003591088829552,0.04131928376632521,-0.0012833728780296885
persona,rephrased,whole,human_vs_gemini,spread,mean_pairwise,,y2::4,y2,2,0.045036170392641295,0.026714569330304794,0.0183216010623365
persona,rephrased,whole,human_vs_gemini,spread,mean_pairwise,,y2::5,y2,4,0.0381076578209632,0.04148635037267072,-0.0033786925517075156
persona,rephrased,whole,human_vs_gemini,spread,mean_pairwise,,y2::6,y2,4,0.03745835445182163,0.028222523574821266,0.009235830877000362
persona,rephrased,whole,human_vs_gemini,spread,mean_pairwise,,y2::7,y2,4,0.04394563418455901,0.027771092378259355,0.016174541806299656
persona,rephrased,whole,human_vs_gemini,spread,mean_pairwise,,y2::8,y2,3,0.04802962237152956,0.0433910891195743,0.0046385332519552555
persona,rephrased,whole,human_vs_gemini,spread,mean_pairwise,,y2::9,y2,4,0.04568234459028122,0.03320189488762414,0.012480449702657083
persona,rephrased,whole,human_vs_gemini,spread,centroid_loo,,y1::1,y1,4,0.2110322087984305,0.1939211978629893,0.01711101093544118
persona,rephrased,whole,human_vs_gemini,spread,centroid_loo,,y1::10,y1,4,0.2271421318522565,0.22568826726101304,0.00145386459124347
persona,rephrased,whole,human_vs_gemini,spread,centroid_loo,,y1::11,y1,4,0.2427735379529608,0.20970939008663575,0.033064147866325055
persona,rephrased,whole,human_vs_gemini,spread,centroid_loo,,y1::12,y1,4,0.24786180481300182,0.19130400364984743,0.0565578011631544
persona,rephrased,whole,human_vs_gemini,spread,centroid_loo,,y1::2,y1,3,0.2571246070615084,0.22282033378371352,0.034304273277794894
persona,rephrased,whole,human_vs_gemini,spread,centroid_loo,,y1::3,y1,4,0.24986072074630453,0.19039541751916672,0.059465303227137806
persona,rephrased,whole,human_vs_gemini,spread,centroid_loo,,y1::4,y1,4,0.19822837941798993,0.21708825904343243,-0.0188598796254425
persona,rephrased,whole,human_vs_gemini,spread,centroid_loo,,y1::5,y1,4,0.25339189243678184,0.21698166045355846,0.03641023198322338
persona,rephrased,whole,human_vs_gemini,spread,centroid_loo,,y1::6,y1,4,0.2170072410783731,0.21320883362537657,0.003798407452996533
persona,rephrased,whole,human_vs_gemini,spread,centroid_loo,,y1::7,y1,4,0.2324259851240849,0.21406354136262715,0.018362443761457764
persona,rephrased,whole,human_vs_gemini,spread,centroid_loo,,y1::8,y1,5,0.2528871066375519,0.21583171331450468,0.03705539332304719
persona,rephrased,whole,human_vs_gemini,spread,centroid_loo,,y1::9,y1,3,0.2852167749687516,0.2061508778346805,0.07906589713407108
persona,rephrased,whole,human_vs_gemini,spread,centroid_loo,,y2::1,y2,3,0.25092657459846807,0.24562859403558165,0.005297980562886412
persona,rephrased,whole,human_vs_gemini,spread,centroid_loo,,y2::10,y2,3,0.29807680304176637,0.21926868221035214,0.07880812083141422
persona,rephrased,whole,human_vs_gemini,spread,centroid_loo,,y2::11,y2,4,0.23247414923156312,0.21060458190089726,0.021869567330665862
persona,rephrased,whole,human_vs_gemini,spread,centroid_loo,,y2::2,y2,3,0.2739653973283833,0.2069432449159249,0.06702215241245843
persona,rephrased,whole,human_vs_gemini,spread,centroid_loo,,y2::3,y2,4,0.2309046344058601,0.23383594838166152,-0.0029313139758014306
persona,rephrased,whole,human_vs_gemini,spread,centroid_loo,,y2::4,y2,2,0.30012054375747854,0.2298904605199194,0.07023008323755914
persona,rephrased,whole,human_vs_gemini,spread,centroid_loo,,y2::5,y2,4,0.22514106052328658,0.23487240147401822,-0.009731340950731637
persona,rephrased,whole,human_vs_gemini,spread,centroid_loo,,y2::6,y2,4,0.2223009414355927,0.1938594411923006,0.02844150024329209
persona,rephrased,whole,human_vs_gemini,spread,centroid_loo,,y2::7,y2,4,0.2409078050685389,0.1912648803553679,0.049642924713171
persona,rephrased,whole,human_vs_gemini,spread,centroid_loo,,y2::8,y2,3,0.26621173626125016,0.2529276964619508,0.013284039799299374
persona,rephrased,whole,human_vs_gemini,spread,centroid_loo,,y2::9,y2,4,0.24478762070285723,0.20995330866634937,0.03483431203650786
persona,rephrased,whole,human_vs_gemini,spread,mst_dispersion,,y1::1,y1,4,0.032029975390674724,0.024848589640034356,0.007181385750640368
persona,rephrased,whole,human_vs_gemini,spread,mst_dispersion,,y1::10,y1,4,0.033995131053510486,0.032923246574690444,0.0010718844788200413
persona,rephrased,whole,human_vs_gemini,spread,mst_dispersion,,y1::11,y1,4,0.04120381911410816,0.03005253665371992,0.011151282460388243
persona,rephrased,whole,human_vs_gemini,spread,mst_dispersion,,y1::12,y1,4,0.039240165665913485,0.02368174729339525,0.015558418372518236
persona,rephrased,whole,human_vs_gemini,spread,mst_dispersion,,y1::2,y1,3,0.04021806199572636,0.031205928738709886,0.009012133257016476
persona,rephrased,whole,human_vs_gemini,spread,mst_dispersion,,y1::3,y1,4,0.040992930874144316,0.023976655086737284,0.017016275787407033
persona,rephrased,whole,human_vs_gemini,spread,mst_dispersion,,y1::4,y1,4,0.026153903636167614,0.03143333362690136,-0.005279429990733744
persona,rephrased,whole,human_vs_gemini,spread,mst_dispersion,,y1::5,y1,4,0.040749552809598764,0.03056872888582713,0.010180823923771634
persona,rephrased,whole,human_vs_gemini,spread,mst_dispersion,,y1::6,y1,4,0.032622416569563516,0.031285222875543715,0.0013371936940198004
persona,rephrased,whole,human_vs_gemini,spread,mst_dispersion,,y1::7,y1,4,0.03493482369003235,0.02961971033477368,0.005315113355258666
persona,rephrased,whole,human_vs_gemini,spread,mst_dispersion,,y1::8,y1,5,0.040893538754006115,0.032320038361002223,0.008573500393003891
persona,rephrased,whole,human_vs_gemini,spread,mst_dispersion,,y1::9,y1,3,0.04764562564335556,0.026210664331306692,0.02143496131204887
persona,rephrased,whole,human_vs_gemini,spread,mst_dispersion,,y2::1,y2,3,0.040921213863082284,0.036162500450968985,0.0047587134121133
persona,rephrased,whole,human_vs_gemini,spread,mst_dispersion,,y2::10,y2,3,0.05373579850548593,0.029715667954017422,0.02402013055146851
persona,rephrased,whole,human_vs_gemini,spread,mst_dispersion,,y2::11,y2,4,0.03437885054239568,0.03031789586456493,0.004060954677830748
persona,rephrased,whole,human_vs_gemini,spread,mst_dispersion,,y2::2,y2,3,0.04694618840142312,0.02693513703974058,0.020011051361682537
persona,rephrased,whole,human_vs_gemini,spread,mst_dispersion,,y2::3,y2,4,0.03779512931512637,0.03650905397314057,0.0012860753419858054
persona,rephrased,whole,human_vs_gemini,spread,mst_dispersion,,y2::4,y2,2,0.045036170392641295,0.026714569330304794,0.0183216010623365
persona,rephrased,whole,human_vs_gemini,spread,mst_dispersion,,y2::5,y2,4,0.03498716231360618,0.03623668998178585,-0.0012495276681796716
persona,rephrased,whole,human_vs_gemini,spread,mst_dispersion,,y2::6,y2,4,0.03123971638077912,0.026668466858768648,0.0045712495220104725
persona,rephrased,whole,human_vs_gemini,spread,mst_dispersion,,y2::7,y2,4,0.03559737952200848,0.023587229861531965,0.012010149660476512
persona,rephrased,whole,human_vs_gemini,spread,mst_dispersion,,y2::8,y2,3,0.040172003871148665,0.037868377549736466,0.0023036263214121985
persona,rephrased,whole,human_vs_gemini,spread,mst_dispersion,,y2::9,y2,4,0.03814070807719783,0.030049195197514887,0.00809151287968294
persona,rephrased,whole,human_vs_gemini,spread,sparseness,,y1::1,y1,4,0.032182289714698865,0.026358094077558635,0.00582419563714023
persona,rephrased,whole,human_vs_gemini,spread,sparseness,,y1::10,y1,4,0.03513690278030287,0.034293848162330776,0.000843054617972093
persona,rephrased,whole,human_vs_gemini,spread,sparseness,,y1::11,y1,4,0.04120381911410816,0.03136183409960748,0.009841985014500683
persona,rephrased,whole,human_vs_gemini,spread,sparseness,,y1::12,y1,4,0.03957343263801124,0.023984696069423283,0.015588736568587957
persona,rephrased,whole,human_vs_gemini,spread,sparseness,,y1::2,y1,3,0.04021806199572636,0.031205928738709886,0.009012133257016476
persona,rephrased,whole,human_vs_gemini,spread,sparseness,,y1::3,y1,4,0.040992930874144316,0.024445796920854662,0.016547133953289654
persona,rephrased,whole,human_vs_gemini,spread,sparseness,,y1::4,y1,4,0.026403994780680267,0.03214926189107413,-0.0057452671103938625
persona,rephrased,whole,human_vs_gemini,spread,sparseness,,y1::5,y1,4,0.0430536701672836,0.03058077518385996,0.01247289498342364
persona,rephrased,whole,human_vs_gemini,spread,sparseness,,y1::6,y1,4,0.03297522923529413,0.031975203267214695,0.0010000259680794377
persona,rephrased,whole,human_vs_gemini,spread,sparseness,,y1::7,y1,4,0.03493482369003235,0.03043149904117498,0.004503324648857367
persona,rephrased,whole,human_vs_gemini,spread,sparseness,,y1::8,y1,5,0.040893538754006115,0.03373470940948953,0.007158829344516587
persona,rephrased,whole,human_vs_gemini,spread,sparseness,,y1::9,y1,3,0.04764562564335556,0.026210664331306692,0.02143496131204887
persona,rephrased,whole,human_vs_gemini,spread,sparseness,,y2::1,y2,3,0.040921213863082284,0.036162500450968985,0.0047587134121133
persona,rephrased,whole,human_vs_gemini,spread,sparseness,,y2::10,y2,3,0.05373579850548593,0.029715667954017422,0.02402013055146851
persona,rephrased,whole,human_vs_gemini,spread,sparseness,,y2::11,y2,4,0.03437885054239568,0.031147078897226992,0.003231771645168687
persona,rephrased,whole,human_vs_gemini,spread,sparseness,,y2::2,y2,3,0.04694618840142312,0.02693513703974058,0.020011051361682537
persona,rephrased,whole,human_vs_gemini,spread,sparseness,,y2::3,y2,4,0.03779512931512637,0.037312594691180104,0.0004825346239462694
persona,rephrased,whole,human_vs_gemini,spread,sparseness,,y2::4,y2,2,0.045036170392641295,0.026714569330304794,0.0183216010623365
persona,rephrased,whole,human_vs_gemini,spread,sparseness,,y2::5,y2,4,0.03498716231360618,0.039199140482860335,-0.0042119781692541575
persona,rephrased,whole,human_vs_gemini,spread,sparseness,,y2::6,y2,4,0.03123971638077912,0.026867195700818424,0.004372520679960697
persona,rephrased,whole,human_vs_gemini,spread,sparseness,,y2::7,y2,4,0.03832457787669533,0.02443871066909723,0.013885867207598102
persona,rephrased,whole,human_vs_gemini,spread,sparseness,,y2::8,y2,3,0.040172003871148665,0.037868377549736466,0.0023036263214121985
persona,rephrased,whole,human_vs_gemini,spread,sparseness,,y2::9,y2,4,0.03814070807719783,0.03044380134236731,0.007696906734830516
persona,rephrased,whole,human_vs_gemini,spread,nn_isolation,,y1::1,y1,4,0.03162530207036798,0.023533010540872173,0.00809229152949581
persona,rephrased,whole,human_vs_gemini,spread,nn_isolation,,y1::10,y1,4,0.033730666900347955,0.03249354603601521,0.0012371208643327455
persona,rephrased,whole,human_vs_gemini,spread,nn_isolation,,y1::11,y1,4,0.04046912255834517,0.028638957552125716,0.011830165006219456
persona,rephrased,whole,human_vs_gemini,spread,nn_isolation,,y1::12,y1,4,0.037829935592231106,0.02246682744185003,0.015363108150381076
persona,rephrased,whole,human_vs_gemini,spread,nn_isolation,,y1::2,y1,3,0.03992222481117791,0.03029622882632853,0.009625995984849377
persona,rephrased,whole,human_vs_gemini,spread,nn_isolation,,y1::3,y1,4,0.04027991221512933,0.02301237921555156,0.017267532999577773
persona,rephrased,whole,human_vs_gemini,spread,nn_isolation,,y1::4,y1,4,0.024507474092709647,0.030178133254552587,-0.00567065916184294
persona,rephrased,whole,human_vs_gemini,spread,nn_isolation,,y1::5,y1,4,0.039806927818978405,0.02944099910625843,0.010365928712719973
persona,rephrased,whole,human_vs_gemini,spread,nn_isolation,,y1::6,y1,4,0.03208843084112584,0.030082051508997586,0.002006379332128251
persona,rephrased,whole,human_vs_gemini,spread,nn_isolation,,y1::7,y1,4,0.03272316591220262,0.028096836662750164,0.004626329249452454
persona,rephrased,whole,human_vs_gemini,spread,nn_isolation,,y1::8,y1,5,0.03927950625792322,0.03166083031951257,0.007618675938410653
persona,rephrased,whole,human_vs_gemini,spread,nn_isolation,,y1::9,y1,3,0.04563286785798785,0.025364408626593542,0.020268459231394306
persona,rephrased,whole,human_vs_gemini,spread,nn_isolation,,y2::1,y2,3,0.040884779377723314,0.034925263418911695,0.005959515958811619
persona,rephrased,whole,human_vs_gemini,spread,nn_isolation,,y2::10,y2,3,0.05068517505153958,0.028998778349901538,0.02168639670163804
persona,rephrased,whole,human_vs_gemini,spread,nn_isolation,,y2::11,y2,4,0.03370564072797949,0.029768551390054403,0.0039370893379250885
persona,rephrased,whole,human_vs_gemini,spread,nn_isolation,,y2::2,y2,3,0.0465106741840684,0.026361908342455255,0.020148765841613146
persona,rephrased,whole,human_vs_gemini,spread,nn_isolation,,y2::3,y2,4,0.03741254336150798,0.03530518323435224,0.00210736012715574
persona,rephrased,whole,human_vs_gemini,spread,nn_isolation,,y2::4,y2,2,0.045036170392641295,0.026714569330304794,0.0183216010623365
persona,rephrased,whole,human_vs_gemini,spread,nn_isolation,,y2::5,y2,4,0.034728266588267026,0.034377697469444184,0.0003505691188228424
persona,rephrased,whole,human_vs_gemini,spread,nn_isolation,,y2::6,y2,4,0.030137961362396493,0.026473176004462074,0.0036647853579344185
persona,rephrased,whole,human_vs_gemini,spread,nn_isolation,,y2::7,y2,4,0.03336346540637819,0.02307299511639096,0.010290470289987232
persona,rephrased,whole,human_vs_gemini,spread,nn_isolation,,y2::8,y2,3,0.038480093004612005,0.03604916069892204,0.002430932305689963
persona,rephrased,whole,human_vs_gemini,spread,nn_isolation,,y2::9,y2,4,0.035921607279960244,0.029509732226068418,0.006411875053891826
persona,rephrased,whole,human_vs_gemini,spread,spherical_variance,,y1::1,y1,4,0.012615948439065439,0.010703534676161853,0.0019124137629035858
persona,rephrased,whole,human_vs_gemini,spread,spherical_variance,,y1::10,y1,4,0.014673835548378866,0.014600536765740357,7.329878263850897e-05
persona,rephrased,whole,human_vs_gemini,spread,spherical_variance,,y1::11,y1,4,0.016753956423095073,0.01247635303788992,0.004277603385205154
persona,rephrased,whole,human_vs_gemini,spread,spherical_variance,,y1::12,y1,4,0.017684736222458364,0.01056801999306627,0.007116716229392094
persona,rephrased,whole,human_vs_gemini,spread,spherical_variance,,y1::2,y1,3,0.014868421017799949,0.011168374833355421,0.0037000461844445276
persona,rephrased,whole,human_vs_gemini,spread,spherical_variance,,y1::3,y1,4,0.017899975881011332,0.010340655484408412,0.00755932039660292
persona,rephrased,whole,human_vs_gemini,spread,spherical_variance,,y1::4,y1,4,0.011319670554305161,0.01358288640065206,-0.0022632158463468995
persona,rephrased,whole,human_vs_gemini,spread,spherical_variance,,y1::5,y1,4,0.01833515198708935,0.013547270733750682,0.004787881253338667
persona,rephrased,whole,human_vs_gemini,spread,spherical_variance,,y1::6,y1,4,0.013379963877412138,0.012911892743224329,0.0004680711341878089
persona,rephrased,whole,human_vs_gemini,spread,spherical_variance,,y1::7,y1,4,0.015511371149447784,0.01311415864912686,0.002397212500320923
persona,rephrased,whole,human_vs_gemini,spread,spherical_variance,,y1::8,y1,5,0.021117909629826292,0.015111612562017207,0.0060062970678090855
persona,rephrased,whole,human_vs_gemini,spread,spherical_variance,,y1::9,y1,3,0.018448272953172862,0.009571468634042134,0.008876804319130727
persona,rephrased,whole,human_vs_gemini,spread,spherical_variance,,y2::1,y2,3,0.014095989633358785,0.013752730099790101,0.0003432595335686843
persona,rephrased,whole,human_vs_gemini,spread,spherical_variance,,y2::10,y2,3,0.02012161356710096,0.010820548912629225,0.009301064654471735
persona,rephrased,whole,human_vs_gemini,spread,spherical_variance,,y2::11,y2,4,0.015573423889450932,0.012592789408384463,0.002980634481066469
persona,rephrased,whole,human_vs_gemini,spread,spherical_variance,,y2::2,y2,3,0.016858473158555598,0.009612236809281527,0.007246236349274071
persona,rephrased,whole,human_vs_gemini,spread,spherical_variance,,y2::3,y2,4,0.015127893158823236,0.015617140123729657,-0.0004892469649064209
persona,rephrased,whole,human_vs_gemini,spread,spherical_variance,,y2::4,y2,2,0.011323149454950276,0.006702021037511896,0.00462112841743838
persona,rephrased,whole,human_vs_gemini,spread,spherical_variance,,y2::5,y2,4,0.014393964794108705,0.015680325354506343,-0.0012863605603976383
persona,rephrased,whole,human_vs_gemini,spread,spherical_variance,,y2::6,y2,4,0.014146951031172583,0.010640080782256511,0.0035068702489160723
persona,rephrased,whole,human_vs_gemini,spread,spherical_variance,,y2::7,y2,4,0.01661768657272411,0.010469277365384722,0.006148409207339389
persona,rephrased,whole,human_vs_gemini,spread,spherical_variance,,y2::8,y2,3,0.016140125956793816,0.014571624769914726,0.0015685011868790903
persona,rephrased,whole,human_vs_gemini,spread,spherical_variance,,y2::9,y2,4,0.017280181558706476,0.012529358121599232,0.004750823437107244
persona,rephrased,whole,human_vs_gpt,richness,vendi,q=1,y1::1,y1,4,1.1555645766139968,1.1439757843409804,0.011588792273016457
persona,rephrased,whole,human_vs_gpt,richness,vendi,q=1,y1::10,y1,4,1.176858349217139,1.1164892062220144,0.060369142995124525
persona,rephrased,whole,human_vs_gpt,richness,vendi,q=1,y1::11,y1,4,1.1996512070053875,1.1732502219755025,0.02640098502988497
persona,rephrased,whole,human_vs_gpt,richness,vendi,q=1,y1::12,y1,4,1.2075245064343563,1.1365125850571594,0.07101192137719692
persona,rephrased,whole,human_vs_gpt,richness,vendi,q=1,y1::2,y1,3,1.1653139783441002,1.115938785923383,0.049375192420717307
persona,rephrased,whole,human_vs_gpt,richness,vendi,q=1,y1::3,y1,4,1.210357847726515,1.1669714818996755,0.04338636582683941
persona,rephrased,whole,human_vs_gpt,richness,vendi,q=1,y1::4,y1,4,1.1398498009834501,1.1342306018473465,0.0056191991361036475
persona,rephrased,whole,human_vs_gpt,richness,vendi,q=1,y1::5,y1,4,1.2144128832381018,1.1531736740170775,0.06123920922102433
persona,rephrased,whole,human_vs_gpt,richness,vendi,q=1,y1::6,y1,4,1.1635414433299986,1.1373748512600979,0.026166592069900796
persona,rephrased,whole,human_vs_gpt,richness,vendi,q=1,y1::7,y1,4,1.1852096970482238,1.104520791054276,0.08068890599394773
persona,rephrased,whole,human_vs_gpt,richness,vendi,q=1,y1::8,y1,5,1.2567356228171045,1.1640826880372512,0.09265293477985326
persona,rephrased,whole,human_vs_gpt,richness,vendi,q=1,y1::9,y1,3,1.1978684393414798,1.1313669546548837,0.06650148468659611
persona,rephrased,whole,human_vs_gpt,richness,vendi,q=1,y2::1,y2,3,1.1584255474636158,1.0986090365116814,0.05981651095193441
persona,rephrased,whole,human_vs_gpt,richness,vendi,q=1,y2::10,y2,3,1.2135343132037324,1.089437764031888,0.12409654917184443
persona,rephrased,whole,human_vs_gpt,richness,vendi,q=1,y2::11,y2,4,1.1852696510574283,1.151727229307681,0.03354242174974731
persona,rephrased,whole,human_vs_gpt,richness,vendi,q=1,y2::2,y2,3,1.184539244684438,1.1039989689416576,0.08054027574278044
persona,rephrased,whole,human_vs_gpt,richness,vendi,q=1,y2::3,y2,4,1.1824650038765467,1.1457474610902767,0.03671754278627004
persona,rephrased,whole,human_vs_gpt,richness,vendi,q=1,y2::4,y2,2,1.1136952661076993,1.0707681823239918,0.042927083783707465
persona,rephrased,whole,human_vs_gpt,richness,vendi,q=1,y2::5,y2,4,1.1746204263773936,1.1436357098251608,0.030984716552232783
persona,rephrased,whole,human_vs_gpt,richness,vendi,q=1,y2::6,y2,4,1.170422844071897,1.1464502882337668,0.023972555838130072
persona,rephrased,whole,human_vs_gpt,richness,vendi,q=1,y2::7,y2,4,1.1951259738995463,1.1154908451242058,0.07963512877534051
persona,rephrased,whole,human_vs_gpt,richness,vendi,q=1,y2::8,y2,3,1.1756528035484555,1.116449595065753,0.05920320848270255
persona,rephrased,whole,human_vs_gpt,richness,vendi,q=1,y2::9,y2,4,1.2030478210496816,1.1217959982234085,0.08125182282627308
persona,rephrased,whole,human_vs_gpt,dimensionality,participation_ratio,,y1::1,y1,4,2.969994111092062,2.760619278571679,0.2093748325203828
persona,rephrased,whole,human_vs_gpt,dimensionality,participation_ratio,,y1::10,y1,4,2.835793368897469,2.886637428297697,-0.0508440594002284
persona,rephrased,whole,human_vs_gpt,dimensionality,participation_ratio,,y1::11,y1,4,2.9567889558322458,2.6397833475698755,0.31700560826237023
persona,rephrased,whole,human_vs_gpt,dimensionality,participation_ratio,,y1::12,y1,4,2.7206458899803247,2.6748107740278604,0.04583511595246437
persona,rephrased,whole,human_vs_gpt,dimensionality,participation_ratio,,y1::2,y1,3,1.9340486176123768,1.9674328063212443,-0.0333841887088675
persona,rephrased,whole,human_vs_gpt,dimensionality,participation_ratio,,y1::3,y1,4,2.7881575779561216,2.7383110101371253,0.049846567818996323
persona,rephrased,whole,human_vs_gpt,dimensionality,participation_ratio,,y1::4,y1,4,2.6486801622986187,2.667179054471016,-0.01849889217239742
persona,rephrased,whole,human_vs_gpt,dimensionality,participation_ratio,,y1::5,y1,4,2.749838405516411,2.7461475400020494,0.0036908655143617075
persona,rephrased,whole,human_vs_gpt,dimensionality,participation_ratio,,y1::6,y1,4,2.9171707936855023,2.823927646685866,0.0932431469996362
persona,rephrased,whole,human_vs_gpt,dimensionality,participation_ratio,,y1::7,y1,4,2.7817113336917716,2.87778753326496,-0.09607619957318825
persona,rephrased,whole,human_vs_gpt,dimensionality,participation_ratio,,y1::8,y1,5,3.540508319984465,3.702574185335433,-0.1620658653509679
persona,rephrased,whole,human_vs_gpt,dimensionality,participation_ratio,,y1::9,y1,3,1.8434620872264083,1.9614804180216123,-0.11801833079520407
persona,rephrased,whole,human_vs_gpt,dimensionality,participation_ratio,,y2::1,y2,3,1.9948131561333202,1.9478031930705562,0.04700996306276406
persona,rephrased,whole,human_vs_gpt,dimensionality,participation_ratio,,y2::10,y2,3,1.8658612358541693,1.9103241030532232,-0.0444628671990539
persona,rephrased,whole,human_vs_gpt,dimensionality,participation_ratio,,y2::11,y2,4,2.681121210282099,2.66127120797384,0.01985000230825884
persona,rephrased,whole,human_vs_gpt,dimensionality,participation_ratio,,y2::2,y2,3,1.966140186006795,1.979200240230244,-0.013060054223448914
persona,rephrased,whole,human_vs_gpt,dimensionality,participation_ratio,,y2::3,y2,4,2.9573578896581973,2.9176840971959597,0.03967379246223768
persona,rephrased,whole,human_vs_gpt,dimensionality,participation_ratio,,y2::4,y2,2,1.0,1.0,0.0
persona,rephrased,whole,human_vs_gpt,dimensionality,participation_ratio,,y2::5,y2,4,2.9561799932836457,2.628674871250604,0.32750512203304183
persona,rephrased,whole,human_vs_gpt,dimensionality,participation_ratio,,y2::6,y2,4,2.72113584958171,2.7647814573546343,-0.043645607772924144
persona,rephrased,whole,human_vs_gpt,dimensionality,participation_ratio,,y2::7,y2,4,2.544733746673654,2.7289943860141843,-0.18426063934053039
persona,rephrased,whole,human_vs_gpt,dimensionality,participation_ratio,,y2::8,y2,3,1.7826108257680418,1.9147560677021158,-0.13214524193407406
persona,rephrased,whole,human_vs_gpt,dimensionality,participation_ratio,,y2::9,y2,4,2.702765887392295,2.8094824146360566,-0.10671652724376157
persona,rephrased,whole,human_vs_gpt,dimensionality,effective_rank,,y1::1,y1,4,2.984885109773798,2.873043705544323,0.11184140422947486
persona,rephrased,whole,human_vs_gpt,dimensionality,effective_rank,,y1::10,y1,4,2.9133032041614007,2.9394000544437895,-0.02609685028238884
persona,rephrased,whole,human_vs_gpt,dimensionality,effective_rank,,y1::11,y1,4,2.977612401074319,2.8024965205168177,0.17511588055750105
persona,rephrased,whole,human_vs_gpt,dimensionality,effective_rank,,y1::12,y1,4,2.8528974854974987,2.813809361774644,0.03908812372285464
persona,rephrased,whole,human_vs_gpt,dimensionality,effective_rank,,y1::2,y1,3,1.9659957273609547,1.9832853537798094,-0.017289626418854676
persona,rephrased,whole,human_vs_gpt,dimensionality,effective_rank,,y1::3,y1,4,2.891785044563804,2.862334370064577,0.029450674499226892
persona,rephrased,whole,human_vs_gpt,dimensionality,effective_rank,,y1::4,y1,4,2.813580002440628,2.824006741308657,-0.010426738868028806
persona,rephrased,whole,human_vs_gpt,dimensionality,effective_rank,,y1::5,y1,4,2.860219482580701,2.8631300025680355,-0.0029105199873344922
persona,rephrased,whole,human_vs_gpt,dimensionality,effective_rank,,y1::6,y1,4,2.9585163571347137,2.9062565857926606,0.052259771342053174
persona,rephrased,whole,human_vs_gpt,dimensionality,effective_rank,,y1::7,y1,4,2.8766025728000426,2.9364026461913846,-0.05980007339134197
persona,rephrased,whole,human_vs_gpt,dimensionality,effective_rank,,y1::8,y1,5,3.737021519745313,3.8425776200330017,-0.1055561002876888
persona,rephrased,whole,human_vs_gpt,dimensionality,effective_rank,,y1::9,y1,3,1.9156697851137616,1.9800458425456182,-0.06437605743185659
persona,rephrased,whole,human_vs_gpt,dimensionality,effective_rank,,y2::1,y2,3,1.9974003977060049,1.9729525931733107,0.02444780453269413
persona,rephrased,whole,human_vs_gpt,dimensionality,effective_rank,,y2::10,y2,3,1.9285300221070054,1.951861008649654,-0.023330986542648535
persona,rephrased,whole,human_vs_gpt,dimensionality,effective_rank,,y2::11,y2,4,2.8322836499194897,2.817757761537161,0.014525888382328489
persona,rephrased,whole,human_vs_gpt,dimensionality,effective_rank,,y2::2,y2,3,1.9828031214374593,1.9894099220831372,-0.006606800645677868
persona,rephrased,whole,human_vs_gpt,dimensionality,effective_rank,,y2::3,y2,4,2.978365898411311,2.9579697294894682,0.020396168921842595
persona,rephrased,whole,human_vs_gpt,dimensionality,effective_rank,,y2::4,y2,2,1.0,1.0,0.0
persona,rephrased,whole,human_vs_gpt,dimensionality,effective_rank,,y2::5,y2,4,2.9771573398416113,2.7895843776735427,0.18757296216806862
persona,rephrased,whole,human_vs_gpt,dimensionality,effective_rank,,y2::6,y2,4,2.8427499166948618,2.8758219136477043,-0.033071996952842575
persona,rephrased,whole,human_vs_gpt,dimensionality,effective_rank,,y2::7,y2,4,2.75657880038648,2.8558878790588356,-0.09930907867235561
persona,rephrased,whole,human_vs_gpt,dimensionality,effective_rank,,y2::8,y2,3,1.8792414221121054,1.9547348641073512,-0.07549344199524577
persona,rephrased,whole,human_vs_gpt,dimensionality,effective_rank,,y2::9,y2,4,2.8337902219965994,2.895840671786857,-0.062050449790257645
persona,rephrased,whole,human_vs_gpt,coverage,coverage_geometric,k=panel_adaptive,y1::1,y1,4,0.75,0.75,0.0
persona,rephrased,whole,human_vs_gpt,coverage,coverage_geometric,k=panel_adaptive,y1::10,y1,4,1.0,1.0,0.0
persona,rephrased,whole,human_vs_gpt,coverage,coverage_geometric,k=panel_adaptive,y1::11,y1,4,0.75,1.0,-0.25
persona,rephrased,whole,human_vs_gpt,coverage,coverage_geometric,k=panel_adaptive,y1::12,y1,4,1.0,1.0,0.0
persona,rephrased,whole,human_vs_gpt,coverage,coverage_geometric,k=panel_adaptive,y1::2,y1,3,0.6666666666666666,0.6666666666666667,-1.1102230246251565e-16
persona,rephrased,whole,human_vs_gpt,coverage,coverage_geometric,k=panel_adaptive,y1::3,y1,4,0.75,1.0,-0.25
persona,rephrased,whole,human_vs_gpt,coverage,coverage_geometric,k=panel_adaptive,y1::4,y1,4,0.75,0.75,0.0
persona,rephrased,whole,human_vs_gpt,coverage,coverage_geometric,k=panel_adaptive,y1::5,y1,4,1.0,1.0,0.0
persona,rephrased,whole,human_vs_gpt,coverage,coverage_geometric,k=panel_adaptive,y1::6,y1,4,0.75,0.95,-0.19999999999999996
persona,rephrased,whole,human_vs_gpt,coverage,coverage_geometric,k=panel_adaptive,y1::7,y1,4,1.0,1.0,0.0
persona,rephrased,whole,human_vs_gpt,coverage,coverage_geometric,k=panel_adaptive,y1::8,y1,5,1.0,1.0,0.0
persona,rephrased,whole,human_vs_gpt,coverage,coverage_geometric,k=panel_adaptive,y1::9,y1,3,0.6666666666666666,1.0,-0.33333333333333337
persona,rephrased,whole,human_vs_gpt,coverage,coverage_geometric,k=panel_adaptive,y2::1,y2,3,0.6666666666666666,1.0,-0.33333333333333337
persona,rephrased,whole,human_vs_gpt,coverage,coverage_geometric,k=panel_adaptive,y2::10,y2,3,0.6666666666666666,1.0,-0.33333333333333337
persona,rephrased,whole,human_vs_gpt,coverage,coverage_geometric,k=panel_adaptive,y2::11,y2,4,0.75,1.0,-0.25
persona,rephrased,whole,human_vs_gpt,coverage,coverage_geometric,k=panel_adaptive,y2::2,y2,3,0.6666666666666666,1.0,-0.33333333333333337
persona,rephrased,whole,human_vs_gpt,coverage,coverage_geometric,k=panel_adaptive,y2::3,y2,4,1.0,1.0,0.0
persona,rephrased,whole,human_vs_gpt,coverage,coverage_geometric,k=panel_adaptive,y2::4,y2,2,,0.95,
persona,rephrased,whole,human_vs_gpt,coverage,coverage_geometric,k=panel_adaptive,y2::5,y2,4,1.0,0.95,0.050000000000000044
persona,rephrased,whole,human_vs_gpt,coverage,coverage_geometric,k=panel_adaptive,y2::6,y2,4,1.0,1.0,0.0
persona,rephrased,whole,human_vs_gpt,coverage,coverage_geometric,k=panel_adaptive,y2::7,y2,4,1.0,1.0,0.0
persona,rephrased,whole,human_vs_gpt,coverage,coverage_geometric,k=panel_adaptive,y2::8,y2,3,0.6666666666666666,1.0,-0.33333333333333337
persona,rephrased,whole,human_vs_gpt,coverage,coverage_geometric,k=panel_adaptive,y2::9,y2,4,0.75,1.0,-0.25
persona,rephrased,whole,human_vs_gpt,evenness,vendi_slope,q=0..2,y1::1,y1,4,0.7370347490089888,0.7380557381801921,-0.0010209891712033015
persona,rephrased,whole,human_vs_gpt,evenness,vendi_slope,q=0..2,y1::10,y1,4,0.7348575742796865,0.7407140418094101,-0.005856467529723686
persona,rephrased,whole,human_vs_gpt,evenness,vendi_slope,q=0..2,y1::11,y1,4,0.7326282755770043,0.7350768114338717,-0.00244853585686744
persona,rephrased,whole,human_vs_gpt,evenness,vendi_slope,q=0..2,y1::12,y1,4,0.7316447807914478,0.7387279384185,-0.00708315762705225
persona,rephrased,whole,human_vs_gpt,evenness,vendi_slope,q=0..2,y1::2,y1,3,0.6462546800212238,0.6533008306372131,-0.007046150615989344
persona,rephrased,whole,human_vs_gpt,evenness,vendi_slope,q=0..2,y1::3,y1,4,0.7314071041442983,0.7357767243827154,-0.004369620238417027
persona,rephrased,whole,human_vs_gpt,evenness,vendi_slope,q=0..2,y1::4,y1,4,0.7384106050828001,0.7389462433227705,-0.0005356382399703818
persona,rephrased,whole,human_vs_gpt,evenness,vendi_slope,q=0..2,y1::5,y1,4,0.7309361019135832,0.7371497696845916,-0.006213667771008402
persona,rephrased,whole,human_vs_gpt,evenness,vendi_slope,q=0..2,y1::6,y1,4,0.7362290128476738,0.738719267278029,-0.00249025443035511
persona,rephrased,whole,human_vs_gpt,evenness,vendi_slope,q=0..2,y1::7,y1,4,0.7339710186083563,0.7418111813632826,-0.007840162754926272
persona,rephrased,whole,human_vs_gpt,evenness,vendi_slope,q=0..2,y1::8,y1,5,0.7823066907090361,0.7895317935203925,-0.007225102811356354
persona,rephrased,whole,human_vs_gpt,evenness,vendi_slope,q=0..2,y1::9,y1,3,0.6411824495391277,0.6511621216676053,-0.009979672128477612
persona,rephrased,whole,human_vs_gpt,evenness,vendi_slope,q=0..2,y2::1,y2,3,0.6473373686470697,0.6556172438226575,-0.008279875175587814
persona,rephrased,whole,human_vs_gpt,evenness,vendi_slope,q=0..2,y2::10,y2,3,0.6387764202318275,0.6567874048759307,-0.018010984644103223
persona,rephrased,whole,human_vs_gpt,evenness,vendi_slope,q=0..2,y2::11,y2,4,0.7339104421062232,0.7372398444614985,-0.003329402355275235
persona,rephrased,whole,human_vs_gpt,evenness,vendi_slope,q=0..2,y2::2,y2,3,0.6434272450747182,0.6549222376420214,-0.011494992567303242
persona,rephrased,whole,human_vs_gpt,evenness,vendi_slope,q=0..2,y2::3,y2,4,0.734368863601117,0.7379611655185001,-0.003592301917383134
persona,rephrased,whole,human_vs_gpt,evenness,vendi_slope,q=0..2,y2::4,y2,2,0.47697538855070265,0.4869613929545175,-0.009986004403814863
persona,rephrased,whole,human_vs_gpt,evenness,vendi_slope,q=0..2,y2::5,y2,4,0.7351513637953084,0.7380116823166034,-0.00286031852129498
persona,rephrased,whole,human_vs_gpt,evenness,vendi_slope,q=0..2,y2::6,y2,4,0.7354235222386485,0.7378159793424105,-0.0023924571037620135
persona,rephrased,whole,human_vs_gpt,evenness,vendi_slope,q=0..2,y2::7,y2,4,0.7327961939309707,0.740747233245061,-0.007951039314090247
persona,rephrased,whole,human_vs_gpt,evenness,vendi_slope,q=0..2,y2::8,y2,3,0.6444793984951456,0.6531787669584582,-0.008699368463312651
persona,rephrased,whole,human_vs_gpt,evenness,vendi_slope,q=0..2,y2::9,y2,4,0.7320824870026135,0.7401893736968899,-0.008106886694276394
persona,rephrased,whole,human_vs_gpt,evenness,ripley_excess,r=pooled_q01_q50,y1::1,y1,4,0.0499302717541928,0.051559035388190774,-0.0016287636339979775
persona,rephrased,whole,human_vs_gpt,evenness,ripley_excess,r=pooled_q01_q50,y1::10,y1,4,0.03240505162449495,0.06105788378659636,-0.028652832162101405
persona,rephrased,whole,human_vs_gpt,evenness,ripley_excess,r=pooled_q01_q50,y1::11,y1,4,0.014744845294305881,0.034404801648699426,-0.019659956354393545
persona,rephrased,whole,human_vs_gpt,evenness,ripley_excess,r=pooled_q01_q50,y1::12,y1,4,0.014280278639062388,0.053132169349727955,-0.03885189071066557
persona,rephrased,whole,human_vs_gpt,evenness,ripley_excess,r=pooled_q01_q50,y1::2,y1,3,0.009534075809955076,0.03677814027756,-0.02724406446760492
persona,rephrased,whole,human_vs_gpt,evenness,ripley_excess,r=pooled_q01_q50,y1::3,y1,4,0.011350009484812112,0.03670688123876035,-0.025356871753948237
persona,rephrased,whole,human_vs_gpt,evenness,ripley_excess,r=pooled_q01_q50,y1::4,y1,4,0.04803453663824811,0.05165000192564564,-0.0036154652873975276
persona,rephrased,whole,human_vs_gpt,evenness,ripley_excess,r=pooled_q01_q50,y1::5,y1,4,0.008730556730355674,0.044929421696450346,-0.036198864966094674
persona,rephrased,whole,human_vs_gpt,evenness,ripley_excess,r=pooled_q01_q50,y1::6,y1,4,0.040253023207406036,0.05469098174022145,-0.014437958532815418
persona,rephrased,whole,human_vs_gpt,evenness,ripley_excess,r=pooled_q01_q50,y1::7,y1,4,0.02402447973961958,0.06192946061606436,-0.03790498087644478
persona,rephrased,whole,human_vs_gpt,evenness,ripley_excess,r=pooled_q01_q50,y1::8,y1,5,0.004966665549235665,0.06741252526176726,-0.062445859712531596
persona,rephrased,whole,human_vs_gpt,evenness,ripley_excess,r=pooled_q01_q50,y1::9,y1,3,-0.0003559519045150404,0.030887302394189065,-0.031243254298704105
persona,rephrased,whole,human_vs_gpt,evenness,ripley_excess,r=pooled_q01_q50,y2::1,y2,3,0.013928555265607758,0.04053860756197961,-0.026610052296371853
persona,rephrased,whole,human_vs_gpt,evenness,ripley_excess,r=pooled_q01_q50,y2::10,y2,3,-0.002526147817320279,0.0405386075619796,-0.04306475537929988
persona,rephrased,whole,human_vs_gpt,evenness,ripley_excess,r=pooled_q01_q50,y2::11,y2,4,0.027110305008953863,0.04544689452093494,-0.01833658951198108
persona,rephrased,whole,human_vs_gpt,evenness,ripley_excess,r=pooled_q01_q50,y2::2,y2,3,0.00014161404970779753,0.03995755634233426,-0.039815942292626465
persona,rephrased,whole,human_vs_gpt,evenness,ripley_excess,r=pooled_q01_q50,y2::3,y2,4,0.02786902812524727,0.05454560603049892,-0.026676577905251648
persona,rephrased,whole,human_vs_gpt,evenness,ripley_excess,r=pooled_q01_q50,y2::4,y2,2,0.0036555399870158932,0.01828003136455288,-0.014624491377536986
persona,rephrased,whole,human_vs_gpt,evenness,ripley_excess,r=pooled_q01_q50,y2::5,y2,4,0.03393124607121821,0.047696165447735396,-0.013764919376517186
persona,rephrased,whole,human_vs_gpt,evenness,ripley_excess,r=pooled_q01_q50,y2::6,y2,4,0.03440537612798956,0.04821810378004128,-0.013812727652051722
persona,rephrased,whole,human_vs_gpt,evenness,ripley_excess,r=pooled_q01_q50,y2::7,y2,4,0.02234927715631683,0.05931473012766031,-0.036965452971343474
persona,rephrased,whole,human_vs_gpt,evenness,ripley_excess,r=pooled_q01_q50,y2::8,y2,3,0.008641713665920075,0.03577166330378119,-0.027129949637861115
persona,rephrased,whole,human_vs_gpt,evenness,ripley_excess,r=pooled_q01_q50,y2::9,y2,4,0.012530686909566761,0.05931473012766032,-0.04678404321809356
persona,rephrased,whole,human_vs_gpt,spread,mean_pairwise,,y1::1,y1,4,0.033430312964150964,0.030888844784537482,0.002541468179613482
persona,rephrased,whole,human_vs_gpt,spread,mean_pairwise,,y1::10,y1,4,0.038843132862741735,0.02417120722218502,0.014671925640556714
persona,rephrased,whole,human_vs_gpt,spread,mean_pairwise,,y1::11,y1,4,0.04430295705381591,0.03832033180764718,0.00598262524616873
persona,rephrased,whole,human_vs_gpt,spread,mean_pairwise,,y1::12,y1,4,0.04674229673287652,0.029203651985575275,0.017538644747301244
persona,rephrased,whole,human_vs_gpt,spread,mean_pairwise,,y1::2,y1,3,0.04427365813805647,0.029345102711211844,0.014928555426844625
persona,rephrased,whole,human_vs_gpt,spread,mean_pairwise,,y1::3,y1,4,0.04730605683397687,0.036576706309582374,0.010729350524394499
persona,rephrased,whole,human_vs_gpt,spread,mean_pairwise,,y1::4,y1,4,0.03001494155620299,0.028655985133213203,0.001358956422989787
persona,rephrased,whole,human_vs_gpt,spread,mean_pairwise,,y1::5,y1,4,0.04844550156771771,0.03315740312322022,0.015288098444497487
persona,rephrased,whole,human_vs_gpt,spread,mean_pairwise,,y1::6,y1,4,0.035441205761951346,0.02921817496016117,0.006223030801790177
persona,rephrased,whole,human_vs_gpt,spread,mean_pairwise,,y1::7,y1,4,0.041042852885277537,0.021375647035512924,0.019667205849764613
persona,rephrased,whole,human_vs_gpt,spread,mean_pairwise,,y1::8,y1,5,0.05223731644064713,0.03159912119118942,0.02063819524945771
persona,rephrased,whole,human_vs_gpt,spread,mean_pairwise,,y1::9,y1,3,0.054834310697087475,0.03391028474180073,0.020924025955286744
persona,rephrased,whole,human_vs_gpt,spread,mean_pairwise,,y2::1,y2,3,0.041989923514461104,0.02436275165972573,0.017627171854735373
persona,rephrased,whole,human_vs_gpt,spread,mean_pairwise,,y2::10,y2,3,0.05975752170248786,0.021827466344380438,0.03793005535810742
persona,rephrased,whole,human_vs_gpt,spread,mean_pairwise,,y2::11,y2,4,0.041205754996349764,0.032939912516207495,0.008265842480142269
persona,rephrased,whole,human_vs_gpt,spread,mean_pairwise,,y2::2,y2,3,0.05014910729980989,0.02586029299946576,0.02428881430034413
persona,rephrased,whole,human_vs_gpt,spread,mean_pairwise,,y2::3,y2,4,0.04003591088829552,0.031116886760246855,0.008919024128048667
persona,rephrased,whole,human_vs_gpt,spread,mean_pairwise,,y2::4,y2,2,0.045036170392641295,0.025718853320282675,0.01931731707235862
persona,rephrased,whole,human_vs_gpt,spread,mean_pairwise,,y2::5,y2,4,0.0381076578209632,0.03100765471425505,0.007100003106708153
persona,rephrased,whole,human_vs_gpt,spread,mean_pairwise,,y2::6,y2,4,0.03745835445182163,0.03148986948498356,0.005968484966838071
persona,rephrased,whole,human_vs_gpt,spread,mean_pairwise,,y2::7,y2,4,0.04394563418455901,0.024093045833971267,0.019852588350587744
persona,rephrased,whole,human_vs_gpt,spread,mean_pairwise,,y2::8,y2,3,0.04802962237152956,0.02960743365921384,0.01842218871231572
persona,rephrased,whole,human_vs_gpt,spread,mean_pairwise,,y2::9,y2,4,0.04568234459028122,0.025505517610675477,0.020176826979605742
persona,rephrased,whole,human_vs_gpt,spread,centroid_loo,,y1::1,y1,4,0.2110322087984305,0.20190709960958234,0.009125109188848152
persona,rephrased,whole,human_vs_gpt,spread,centroid_loo,,y1::10,y1,4,0.2271421318522565,0.1788797976161285,0.048262334236128024
persona,rephrased,whole,human_vs_gpt,spread,centroid_loo,,y1::11,y1,4,0.2427735379529608,0.22403705254334563,0.018736485409615172
persona,rephrased,whole,human_vs_gpt,spread,centroid_loo,,y1::12,y1,4,0.24786180481300182,0.1954641092097079,0.05239769560329394
persona,rephrased,whole,human_vs_gpt,spread,centroid_loo,,y1::2,y1,3,0.2571246070615084,0.20946155864155896,0.04766304841994945
persona,rephrased,whole,human_vs_gpt,spread,centroid_loo,,y1::3,y1,4,0.24986072074630453,0.21919934344061004,0.030661377305694487
persona,rephrased,whole,human_vs_gpt,spread,centroid_loo,,y1::4,y1,4,0.19822837941798993,0.19346945476863892,0.004758924649351015
persona,rephrased,whole,human_vs_gpt,spread,centroid_loo,,y1::5,y1,4,0.25339189243678184,0.20911294171443634,0.0442789507223455
persona,rephrased,whole,human_vs_gpt,spread,centroid_loo,,y1::6,y1,4,0.2170072410783731,0.19627475456941726,0.020732486508955844
persona,rephrased,whole,human_vs_gpt,spread,centroid_loo,,y1::7,y1,4,0.2324259851240849,0.168257888532584,0.06416809659150091
persona,rephrased,whole,human_vs_gpt,spread,centroid_loo,,y1::8,y1,5,0.2528871066375519,0.197973544927302,0.054913561710249886
persona,rephrased,whole,human_vs_gpt,spread,centroid_loo,,y1::9,y1,3,0.2852167749687516,0.22510870074851458,0.06010807422023701
persona,rephrased,whole,human_vs_gpt,spread,centroid_loo,,y2::1,y2,3,0.25092657459846807,0.19076260380398088,0.06016397079448718
persona,rephrased,whole,human_vs_gpt,spread,centroid_loo,,y2::10,y2,3,0.29807680304176637,0.1801066159137632,0.11797018712800317
persona,rephrased,whole,human_vs_gpt,spread,centroid_loo,,y2::11,y2,4,0.23247414923156312,0.207630308854309,0.024843840377254123
persona,rephrased,whole,human_vs_gpt,spread,centroid_loo,,y2::2,y2,3,0.2739653973283833,0.1967571842033516,0.07720821312503173
persona,rephrased,whole,human_vs_gpt,spread,centroid_loo,,y2::3,y2,4,0.2309046344058601,0.20343736579663055,0.027467268609229545
persona,rephrased,whole,human_vs_gpt,spread,centroid_loo,,y2::4,y2,2,0.30012054375747854,0.22463595948817866,0.07548458426929988
persona,rephrased,whole,human_vs_gpt,spread,centroid_loo,,y2::5,y2,4,0.22514106052328658,0.20146069652295387,0.023680364000332715
persona,rephrased,whole,human_vs_gpt,spread,centroid_loo,,y2::6,y2,4,0.2223009414355927,0.20358603412499682,0.018714907310595885
persona,rephrased,whole,human_vs_gpt,spread,centroid_loo,,y2::7,y2,4,0.2409078050685389,0.17782011291200028,0.06308769215653862
persona,rephrased,whole,human_vs_gpt,spread,centroid_loo,,y2::8,y2,3,0.26621173626125016,0.20980281315021765,0.056408923111032516
persona,rephrased,whole,human_vs_gpt,spread,centroid_loo,,y2::9,y2,4,0.24478762070285723,0.1831888895281369,0.06159873117472034
persona,rephrased,whole,human_vs_gpt,spread,mst_dispersion,,y1::1,y1,4,0.032029975390674724,0.026605191702008747,0.005424783688665977
persona,rephrased,whole,human_vs_gpt,spread,mst_dispersion,,y1::10,y1,4,0.033995131053510486,0.021505581925959905,0.01248954912755058
persona,rephrased,whole,human_vs_gpt,spread,mst_dispersion,,y1::11,y1,4,0.04120381911410816,0.032133077428718765,0.009070741685389398
persona,rephrased,whole,human_vs_gpt,spread,mst_dispersion,,y1::12,y1,4,0.039240165665913485,0.024064518005789688,0.015175647660123796
persona,rephrased,whole,human_vs_gpt,spread,mst_dispersion,,y1::2,y1,3,0.04021806199572636,0.027752092715880437,0.012465969279845925
persona,rephrased,whole,human_vs_gpt,spread,mst_dispersion,,y1::3,y1,4,0.040992930874144316,0.031933500092084934,0.009059430782059383
persona,rephrased,whole,human_vs_gpt,spread,mst_dispersion,,y1::4,y1,4,0.026153903636167614,0.02413892277008529,0.0020149808660823235
persona,rephrased,whole,human_vs_gpt,spread,mst_dispersion,,y1::5,y1,4,0.040749552809598764,0.028310698962132695,0.01243885384746607
persona,rephrased,whole,human_vs_gpt,spread,mst_dispersion,,y1::6,y1,4,0.032622416569563516,0.025012414247827353,0.007610002321736163
persona,rephrased,whole,human_vs_gpt,spread,mst_dispersion,,y1::7,y1,4,0.03493482369003235,0.019001644838216057,0.01593317885181629
persona,rephrased,whole,human_vs_gpt,spread,mst_dispersion,,y1::8,y1,5,0.040893538754006115,0.026959897641797098,0.013933641112209016
persona,rephrased,whole,human_vs_gpt,spread,mst_dispersion,,y1::9,y1,3,0.04764562564335556,0.032309461381500405,0.015336164261855155
persona,rephrased,whole,human_vs_gpt,spread,mst_dispersion,,y2::1,y2,3,0.040921213863082284,0.022803571839134805,0.01811764202394748
persona,rephrased,whole,human_vs_gpt,spread,mst_dispersion,,y2::10,y2,3,0.05373579850548593,0.020177492817382892,0.03355830568810304
persona,rephrased,whole,human_vs_gpt,spread,mst_dispersion,,y2::11,y2,4,0.03437885054239568,0.02767307209369326,0.006705778448702418
persona,rephrased,whole,human_vs_gpt,spread,mst_dispersion,,y2::2,y2,3,0.04694618840142312,0.0248407399071078,0.022105448494315318
persona,rephrased,whole,human_vs_gpt,spread,mst_dispersion,,y2::3,y2,4,0.03779512931512637,0.02885418807920285,0.008940941235923525
persona,rephrased,whole,human_vs_gpt,spread,mst_dispersion,,y2::4,y2,2,0.045036170392641295,0.025718853320282675,0.01931731707235862
persona,rephrased,whole,human_vs_gpt,spread,mst_dispersion,,y2::5,y2,4,0.03498716231360618,0.02550611960077629,0.009481042712829887
persona,rephrased,whole,human_vs_gpt,spread,mst_dispersion,,y2::6,y2,4,0.03123971638077912,0.0266831538446246,0.00455656253615452
persona,rephrased,whole,human_vs_gpt,spread,mst_dispersion,,y2::7,y2,4,0.03559737952200848,0.020995195540351633,0.014602183981656844
persona,rephrased,whole,human_vs_gpt,spread,mst_dispersion,,y2::8,y2,3,0.040172003871148665,0.02731671549294168,0.012855288378206986
persona,rephrased,whole,human_vs_gpt,spread,mst_dispersion,,y2::9,y2,4,0.03814070807719783,0.02200825709226374,0.016132450984934085
persona,rephrased,whole,human_vs_gpt,spread,sparseness,,y1::1,y1,4,0.032182289714698865,0.027018711403145428,0.005163578311553438
persona,rephrased,whole,human_vs_gpt,spread,sparseness,,y1::10,y1,4,0.03513690278030287,0.021505581925959905,0.013631320854342963
persona,rephrased,whole,human_vs_gpt,spread,sparseness,,y1::11,y1,4,0.04120381911410816,0.03312576062117123,0.008078058492936933
persona,rephrased,whole,human_vs_gpt,spread,sparseness,,y1::12,y1,4,0.03957343263801124,0.024083045273408356,0.015490387364602884
persona,rephrased,whole,human_vs_gpt,spread,sparseness,,y1::2,y1,3,0.04021806199572636,0.027752092715880437,0.012465969279845925
persona,rephrased,whole,human_vs_gpt,spread,sparseness,,y1::3,y1,4,0.040992930874144316,0.032650314624089696,0.00834261625005462
persona,rephrased,whole,human_vs_gpt,spread,sparseness,,y1::4,y1,4,0.026403994780680267,0.024873015996957543,0.0015309787837227244
persona,rephrased,whole,human_vs_gpt,spread,sparseness,,y1::5,y1,4,0.0430536701672836,0.029102203077283693,0.013951467089999905
persona,rephrased,whole,human_vs_gpt,spread,sparseness,,y1::6,y1,4,0.03297522923529413,0.025012414247827353,0.00796281498746678
persona,rephrased,whole,human_vs_gpt,spread,sparseness,,y1::7,y1,4,0.03493482369003235,0.019197865744350194,0.015736957945682153
persona,rephrased,whole,human_vs_gpt,spread,sparseness,,y1::8,y1,5,0.040893538754006115,0.026959897641797098,0.013933641112209016
persona,rephrased,whole,human_vs_gpt,spread,sparseness,,y1::9,y1,3,0.04764562564335556,0.032309461381500405,0.015336164261855155
persona,rephrased,whole,human_vs_gpt,spread,sparseness,,y2::1,y2,3,0.040921213863082284,0.022803571839134805,0.01811764202394748
persona,rephrased,whole,human_vs_gpt,spread,sparseness,,y2::10,y2,3,0.05373579850548593,0.020177492817382892,0.03355830568810304
persona,rephrased,whole,human_vs_gpt,spread,sparseness,,y2::11,y2,4,0.03437885054239568,0.027873108070505897,0.006505742471889783
persona,rephrased,whole,human_vs_gpt,spread,sparseness,,y2::2,y2,3,0.04694618840142312,0.0248407399071078,0.022105448494315318
persona,rephrased,whole,human_vs_gpt,spread,sparseness,,y2::3,y2,4,0.03779512931512637,0.029339388285315054,0.00845574102981132
persona,rephrased,whole,human_vs_gpt,spread,sparseness,,y2::4,y2,2,0.045036170392641295,0.025718853320282675,0.01931731707235862
persona,rephrased,whole,human_vs_gpt,spread,sparseness,,y2::5,y2,4,0.03498716231360618,0.026780207238188403,0.008206955075417775
persona,rephrased,whole,human_vs_gpt,spread,sparseness,,y2::6,y2,4,0.03123971638077912,0.02733294322510623,0.00390677315567289
persona,rephrased,whole,human_vs_gpt,spread,sparseness,,y2::7,y2,4,0.03832457787669533,0.021547649796795576,0.016776928079899757
persona,rephrased,whole,human_vs_gpt,spread,sparseness,,y2::8,y2,3,0.040172003871148665,0.02731671549294168,0.012855288378206986
persona,rephrased,whole,human_vs_gpt,spread,sparseness,,y2::9,y2,4,0.03814070807719783,0.02200825709226374,0.016132450984934085
persona,rephrased,whole,human_vs_gpt,spread,nn_isolation,,y1::1,y1,4,0.03162530207036798,0.025810743430111072,0.005814558640256911
persona,rephrased,whole,human_vs_gpt,spread,nn_isolation,,y1::10,y1,4,0.033730666900347955,0.020868543745781027,0.012862123154566928
persona,rephrased,whole,human_vs_gpt,spread,nn_isolation,,y1::11,y1,4,0.04046912255834517,0.03068914591643011,0.009779976641915062
persona,rephrased,whole,human_vs_gpt,spread,nn_isolation,,y1::12,y1,4,0.037829935592231106,0.022869072632689492,0.014960862959541615
persona,rephrased,whole,human_vs_gpt,spread,nn_isolation,,y1::2,y1,3,0.03992222481117791,0.027407799518314086,0.012514425292863823
persona,rephrased,whole,human_vs_gpt,spread,nn_isolation,,y1::3,y1,4,0.04027991221512933,0.03051650111089809,0.009763411104231241
persona,rephrased,whole,human_vs_gpt,spread,nn_isolation,,y1::4,y1,4,0.024507474092709647,0.022996946111511325,0.0015105279811983216
persona,rephrased,whole,human_vs_gpt,spread,nn_isolation,,y1::5,y1,4,0.039806927818978405,0.027242775952389654,0.012564151866588751
persona,rephrased,whole,human_vs_gpt,spread,nn_isolation,,y1::6,y1,4,0.03208843084112584,0.024667307106385046,0.007421123734740791
persona,rephrased,whole,human_vs_gpt,spread,nn_isolation,,y1::7,y1,4,0.03272316591220262,0.018540060342971947,0.014183105569230671
persona,rephrased,whole,human_vs_gpt,spread,nn_isolation,,y1::8,y1,5,0.03927950625792322,0.02657089394771219,0.012708612310211032
persona,rephrased,whole,human_vs_gpt,spread,nn_isolation,,y1::9,y1,3,0.04563286785798785,0.03161520637029845,0.014017661487689397
persona,rephrased,whole,human_vs_gpt,spread,nn_isolation,,y2::1,y2,3,0.040884779377723314,0.022283246910246947,0.018601532467476367
persona,rephrased,whole,human_vs_gpt,spread,nn_isolation,,y2::10,y2,3,0.05068517505153958,0.019440770742376042,0.031244404309163535
persona,rephrased,whole,human_vs_gpt,spread,nn_isolation,,y2::11,y2,4,0.03370564072797949,0.02687258088753235,0.006833059840447141
persona,rephrased,whole,human_vs_gpt,spread,nn_isolation,,y2::2,y2,3,0.0465106741840684,0.024575193365380242,0.02193548081868816
persona,rephrased,whole,human_vs_gpt,spread,nn_isolation,,y2::3,y2,4,0.03741254336150798,0.028073536366406422,0.00933900699510156
persona,rephrased,whole,human_vs_gpt,spread,nn_isolation,,y2::4,y2,2,0.045036170392641295,0.025718853320282675,0.01931731707235862
persona,rephrased,whole,human_vs_gpt,spread,nn_isolation,,y2::5,y2,4,0.034728266588267026,0.02418027158190817,0.010547995006358855
persona,rephrased,whole,human_vs_gpt,spread,nn_isolation,,y2::6,y2,4,0.030137961362396493,0.02602208843790051,0.004115872924495983
persona,rephrased,whole,human_vs_gpt,spread,nn_isolation,,y2::7,y2,4,0.03336346540637819,0.02007596146362454,0.013287503942753649
persona,rephrased,whole,human_vs_gpt,spread,nn_isolation,,y2::8,y2,3,0.038480093004612005,0.026511137697926596,0.01196895530668541
persona,rephrased,whole,human_vs_gpt,spread,nn_isolation,,y2::9,y2,4,0.035921607279960244,0.021080872752997505,0.014840734526962739
persona,rephrased,whole,human_vs_gpt,spread,spherical_variance,,y1::1,y1,4,0.012615948439065439,0.011651505417319163,0.0009644430217462755
persona,rephrased,whole,human_vs_gpt,spread,spherical_variance,,y1::10,y1,4,0.014673835548378866,0.009105804993399058,0.0055680305549798085
persona,rephrased,whole,human_vs_gpt,spread,spherical_variance,,y1::11,y1,4,0.016753956423095073,0.014475826845341455,0.0022781295777536178
persona,rephrased,whole,human_vs_gpt,spread,spherical_variance,,y1::12,y1,4,0.017684736222458364,0.011012504483458386,0.006672231738999978
persona,rephrased,whole,human_vs_gpt,spread,spherical_variance,,y1::2,y1,3,0.014868421017799949,0.009830232385890925,0.005038188631909024
persona,rephrased,whole,human_vs_gpt,spread,spherical_variance,,y1::3,y1,4,0.017899975881011332,0.013812461433462797,0.004087514447548535
persona,rephrased,whole,human_vs_gpt,spread,spherical_variance,,y1::4,y1,4,0.011319670554305161,0.010804999849897513,0.0005146707044076486
persona,rephrased,whole,human_vs_gpt,spread,spherical_variance,,y1::5,y1,4,0.01833515198708935,0.012512703152368987,0.0058224488347203614
persona,rephrased,whole,human_vs_gpt,spread,spherical_variance,,y1::6,y1,4,0.013379963877412138,0.011017833413093836,0.0023621304643183013
persona,rephrased,whole,human_vs_gpt,spread,spherical_variance,,y1::7,y1,4,0.015511371149447784,0.008048362133962917,0.0074630090154848665
persona,rephrased,whole,human_vs_gpt,spread,spherical_variance,,y1::8,y1,5,0.021117909629826292,0.01272055473283129,0.008397354896995002
persona,rephrased,whole,human_vs_gpt,spread,spherical_variance,,y1::9,y1,3,0.018448272953172862,0.011368392209098844,0.007079880744074018
persona,rephrased,whole,human_vs_gpt,spread,spherical_variance,,y2::1,y2,3,0.014095989633358785,0.008154270147412468,0.005941719485946318
persona,rephrased,whole,human_vs_gpt,spread,spherical_variance,,y2::10,y2,3,0.02012161356710096,0.007302831395974552,0.012818782171126409
persona,rephrased,whole,human_vs_gpt,spread,spherical_variance,,y2::11,y2,4,0.015573423889450932,0.012430400788296336,0.003143023101154597
persona,rephrased,whole,human_vs_gpt,spread,spherical_variance,,y2::2,y2,3,0.016858473158555598,0.00865767342807866,0.008200799730476938
persona,rephrased,whole,human_vs_gpt,spread,spherical_variance,,y2::3,y2,4,0.015127893158823236,0.011737789233643391,0.0033901039251798444
persona,rephrased,whole,human_vs_gpt,spread,spherical_variance,,y2::4,y2,2,0.011323149454950276,0.006452294174650231,0.004870855280300046
persona,rephrased,whole,human_vs_gpt,spread,spherical_variance,,y2::5,y2,4,0.014393964794108705,0.011696901497397416,0.0026970632967112888
persona,rephrased,whole,human_vs_gpt,spread,spherical_variance,,y2::6,y2,4,0.014146951031172583,0.011879715794027024,0.0022672352371455595
persona,rephrased,whole,human_vs_gpt,spread,spherical_variance,,y2::7,y2,4,0.01661768657272411,0.009076448128228564,0.007541238444495547
persona,rephrased,whole,human_vs_gpt,spread,spherical_variance,,y2::8,y2,3,0.016140125956793816,0.009918953623970151,0.006221172332823665
persona,rephrased,whole,human_vs_gpt,spread,spherical_variance,,y2::9,y2,4,0.017280181558706476,0.009611058654106875,0.0076691229045996005
persona,rephrased,strengths,human_vs_pooled_ai,richness,vendi,q=1,y1::1,y1,4,1.229247998134327,1.259961896089776,-0.0307138979554491
persona,rephrased,strengths,human_vs_pooled_ai,richness,vendi,q=1,y1::10,y1,4,1.3454100349942841,1.2395411137421974,0.10586892125208669
persona,rephrased,strengths,human_vs_pooled_ai,richness,vendi,q=1,y1::11,y1,4,1.3120273946307583,1.240490253475539,0.07153714115521925
persona,rephrased,strengths,human_vs_pooled_ai,richness,vendi,q=1,y1::12,y1,4,1.294278412727884,1.2225035439083993,0.07177486881948458
persona,rephrased,strengths,human_vs_pooled_ai,richness,vendi,q=1,y1::2,y1,3,1.2731510091246354,1.2332494965808005,0.039901512543834894
persona,rephrased,strengths,human_vs_pooled_ai,richness,vendi,q=1,y1::3,y1,4,1.3241285246828467,1.2465742312683739,0.07755429341447284
persona,rephrased,strengths,human_vs_pooled_ai,richness,vendi,q=1,y1::4,y1,4,1.2630769708502791,1.2259228488856784,0.03715412196460077
persona,rephrased,strengths,human_vs_pooled_ai,richness,vendi,q=1,y1::5,y1,4,1.3227424967149297,1.2314144015249557,0.09132809518997398
persona,rephrased,strengths,human_vs_pooled_ai,richness,vendi,q=1,y1::6,y1,4,1.3017535877648412,1.259387602799993,0.042365984964848113
persona,rephrased,strengths,human_vs_pooled_ai,richness,vendi,q=1,y1::7,y1,4,1.2808086611933358,1.2709650040865599,0.009843657106775927
persona,rephrased,strengths,human_vs_pooled_ai,richness,vendi,q=1,y1::8,y1,5,1.3933063049291263,1.2406224485279842,0.15268385640114213
persona,rephrased,strengths,human_vs_pooled_ai,richness,vendi,q=1,y1::9,y1,3,1.268779428549925,1.1969109954402908,0.0718684331096342
persona,rephrased,strengths,human_vs_pooled_ai,richness,vendi,q=1,y2::1,y2,3,1.2758781121866773,1.2072725315087398,0.06860558067793754
persona,rephrased,strengths,human_vs_pooled_ai,richness,vendi,q=1,y2::10,y2,3,1.2688515770599205,1.215419250021985,0.053432327037935545
persona,rephrased,strengths,human_vs_pooled_ai,richness,vendi,q=1,y2::11,y2,4,1.3102647860749006,1.2798561452861226,0.03040864078877803
persona,rephrased,strengths,human_vs_pooled_ai,richness,vendi,q=1,y2::2,y2,3,1.1871421454852844,1.2037210893843786,-0.0165789438990942
persona,rephrased,strengths,human_vs_pooled_ai,richness,vendi,q=1,y2::3,y2,4,1.269036634652894,1.2313023157506657,0.037734318902228337
persona,rephrased,strengths,human_vs_pooled_ai,richness,vendi,q=1,y2::4,y2,2,1.1313420034868966,1.1465648744822379,-0.015222870995341253
persona,rephrased,strengths,human_vs_pooled_ai,richness,vendi,q=1,y2::5,y2,4,1.203722578254522,1.299023639732393,-0.0953010614778711
persona,rephrased,strengths,human_vs_pooled_ai,richness,vendi,q=1,y2::6,y2,4,1.2802795259983917,1.2671246029966488,0.013154923001742924
persona,rephrased,strengths,human_vs_pooled_ai,richness,vendi,q=1,y2::7,y2,4,1.3580776353607718,1.2408390902478346,0.11723854511293719
persona,rephrased,strengths,human_vs_pooled_ai,richness,vendi,q=1,y2::8,y2,3,1.1851766748351422,1.1969599573377419,-0.011783282502599635
persona,rephrased,strengths,human_vs_pooled_ai,richness,vendi,q=1,y2::9,y2,4,1.2656107173411966,1.258003485766072,0.007607231575124551
persona,rephrased,strengths,human_vs_pooled_ai,dimensionality,participation_ratio,,y1::1,y1,4,2.8322251732180193,2.634761213839124,0.19746395937889538
persona,rephrased,strengths,human_vs_pooled_ai,dimensionality,participation_ratio,,y1::10,y1,4,2.418269377064219,2.692583272323974,-0.274313895259755
persona,rephrased,strengths,human_vs_pooled_ai,dimensionality,participation_ratio,,y1::11,y1,4,2.9102347109522912,2.730438835624852,0.17979587532743935
persona,rephrased,strengths,human_vs_pooled_ai,dimensionality,participation_ratio,,y1::12,y1,4,2.5520411907834237,2.6373823638317053,-0.0853411730482816
persona,rephrased,strengths,human_vs_pooled_ai,dimensionality,participation_ratio,,y1::2,y1,3,1.7420922782089094,1.8173402511499481,-0.07524797294103869
persona,rephrased,strengths,human_vs_pooled_ai,dimensionality,participation_ratio,,y1::3,y1,4,2.7248163734956377,2.647476413436164,0.07733996005947352
persona,rephrased,strengths,human_vs_pooled_ai,dimensionality,participation_ratio,,y1::4,y1,4,2.7606801262807714,2.7444681571209624,0.016211969159809048
persona,rephrased,strengths,human_vs_pooled_ai,dimensionality,participation_ratio,,y1::5,y1,4,2.703404723553508,2.768245468207256,-0.06484074465374778
persona,rephrased,strengths,human_vs_pooled_ai,dimensionality,participation_ratio,,y1::6,y1,4,2.9169417896037935,2.7492419096152156,0.16769987998857783
persona,rephrased,strengths,human_vs_pooled_ai,dimensionality,participation_ratio,,y1::7,y1,4,2.8123159330382617,2.698283659608905,0.11403227342935685
persona,rephrased,strengths,human_vs_pooled_ai,dimensionality,participation_ratio,,y1::8,y1,5,3.1584802535897922,3.563043455485249,-0.4045632018954568
persona,rephrased,strengths,human_vs_pooled_ai,dimensionality,participation_ratio,,y1::9,y1,3,1.9446125014034996,1.893774329802106,0.0508381716013937
persona,rephrased,strengths,human_vs_pooled_ai,dimensionality,participation_ratio,,y2::1,y2,3,1.9047770494309746,1.9143404314210748,-0.009563381990100206
persona,rephrased,strengths,human_vs_pooled_ai,dimensionality,participation_ratio,,y2::10,y2,3,1.7191913996975463,1.8889935248376817,-0.16980212514013537
persona,rephrased,strengths,human_vs_pooled_ai,dimensionality,participation_ratio,,y2::11,y2,4,2.7227697846423125,2.7154104388444074,0.0073593457979050925
persona,rephrased,strengths,human_vs_pooled_ai,dimensionality,participation_ratio,,y2::2,y2,3,1.8855986419497635,1.883833502589466,0.0017651393602975407
persona,rephrased,strengths,human_vs_pooled_ai,dimensionality,participation_ratio,,y2::3,y2,4,2.634999606882849,2.7543480374400824,-0.11934843055723343
persona,rephrased,strengths,human_vs_pooled_ai,dimensionality,participation_ratio,,y2::4,y2,2,1.0,1.0,0.0
persona,rephrased,strengths,human_vs_pooled_ai,dimensionality,participation_ratio,,y2::5,y2,4,2.9405078934764055,2.5699251605117497,0.3705827329646558
persona,rephrased,strengths,human_vs_pooled_ai,dimensionality,participation_ratio,,y2::6,y2,4,2.7853313342707726,2.650515462783786,0.1348158714869867
persona,rephrased,strengths,human_vs_pooled_ai,dimensionality,participation_ratio,,y2::7,y2,4,2.5998825706788544,2.6055398148005358,-0.005657244121681337
persona,rephrased,strengths,human_vs_pooled_ai,dimensionality,participation_ratio,,y2::8,y2,3,1.9498227297457353,1.9289600526731188,0.020862677072616576
persona,rephrased,strengths,human_vs_pooled_ai,dimensionality,participation_ratio,,y2::9,y2,4,2.903208364255491,2.703771628031937,0.19943673622355407
persona,rephrased,strengths,human_vs_pooled_ai,dimensionality,effective_rank,,y1::1,y1,4,2.9144666959145336,2.796643473172656,0.1178232227418774
persona,rephrased,strengths,human_vs_pooled_ai,dimensionality,effective_rank,,y1::10,y1,4,2.6751381900816975,2.8314049439095372,-0.15626675382783972
persona,rephrased,strengths,human_vs_pooled_ai,dimensionality,effective_rank,,y1::11,y1,4,2.95559923126208,2.8543504178005072,0.10124881346157277
persona,rephrased,strengths,human_vs_pooled_ai,dimensionality,effective_rank,,y1::12,y1,4,2.7378660131429147,2.7975553239060043,-0.05968931076308959
persona,rephrased,strengths,human_vs_pooled_ai,dimensionality,effective_rank,,y1::2,y1,3,1.85369458548834,1.8940420233257735,-0.04034743783743355
persona,rephrased,strengths,human_vs_pooled_ai,dimensionality,effective_rank,,y1::3,y1,4,2.8478187448670154,2.8037602981454732,0.04405844672154213
persona,rephrased,strengths,human_vs_pooled_ai,dimensionality,effective_rank,,y1::4,y1,4,2.8745699254951553,2.861671895937872,0.012898029557283142
persona,rephrased,strengths,human_vs_pooled_ai,dimensionality,effective_rank,,y1::5,y1,4,2.831548755349195,2.875256116891879,-0.043707361542684176
persona,rephrased,strengths,human_vs_pooled_ai,dimensionality,effective_rank,,y1::6,y1,4,2.955708492909144,2.8642012101966614,0.09150728271248276
persona,rephrased,strengths,human_vs_pooled_ai,dimensionality,effective_rank,,y1::7,y1,4,2.8973677809698666,2.8327170356070024,0.06465074536286419
persona,rephrased,strengths,human_vs_pooled_ai,dimensionality,effective_rank,,y1::8,y1,5,3.5377368328039007,3.760860453327805,-0.22312362052390444
persona,rephrased,strengths,human_vs_pooled_ai,dimensionality,effective_rank,,y1::9,y1,3,1.9715844819345576,1.941672945766296,0.029911536168261588
persona,rephrased,strengths,human_vs_pooled_ai,dimensionality,effective_rank,,y2::1,y2,3,1.9502134171956451,1.954270476811362,-0.004057059615716785
persona,rephrased,strengths,human_vs_pooled_ai,dimensionality,effective_rank,,y2::10,y2,3,1.838767835721703,1.9394087871233805,-0.1006409514016775
persona,rephrased,strengths,human_vs_pooled_ai,dimensionality,effective_rank,,y2::11,y2,4,2.8551357031117726,2.8452056380466346,0.009930065065137939
persona,rephrased,strengths,human_vs_pooled_ai,dimensionality,effective_rank,,y2::2,y2,3,1.9396299013307137,1.9358089083488794,0.003820992981834248
persona,rephrased,strengths,human_vs_pooled_ai,dimensionality,effective_rank,,y2::3,y2,4,2.796385541866599,2.8678088100633468,-0.07142326819674771
persona,rephrased,strengths,human_vs_pooled_ai,dimensionality,effective_rank,,y2::4,y2,2,1.0,1.0,0.0
persona,rephrased,strengths,human_vs_pooled_ai,dimensionality,effective_rank,,y2::5,y2,4,2.9702723079243767,2.755871935539617,0.21440037238475984
persona,rephrased,strengths,human_vs_pooled_ai,dimensionality,effective_rank,,y2::6,y2,4,2.8902862281142623,2.8069145780916536,0.08337165002260871
persona,rephrased,strengths,human_vs_pooled_ai,dimensionality,effective_rank,,y2::7,y2,4,2.7765175054463653,2.7780740369087824,-0.0015565314624170767
persona,rephrased,strengths,human_vs_pooled_ai,dimensionality,effective_rank,,y2::8,y2,3,1.9743204838187416,1.9621553864239103,0.012165097394831292
persona,rephrased,strengths,human_vs_pooled_ai,dimensionality,effective_rank,,y2::9,y2,4,2.9494918978115314,2.837754613470457,0.11173728434107444
persona,rephrased,strengths,human_vs_pooled_ai,coverage,coverage_geometric,k=panel_adaptive,y1::1,y1,4,0.75,0.9311355311355312,-0.18113553113553116
persona,rephrased,strengths,human_vs_pooled_ai,coverage,coverage_geometric,k=panel_adaptive,y1::10,y1,4,1.0,0.9998168498168498,0.0001831501831501825
persona,rephrased,strengths,human_vs_pooled_ai,coverage,coverage_geometric,k=panel_adaptive,y1::11,y1,4,1.0,1.0,0.0
persona,rephrased,strengths,human_vs_pooled_ai,coverage,coverage_geometric,k=panel_adaptive,y1::12,y1,4,0.75,1.0,-0.25
persona,rephrased,strengths,human_vs_pooled_ai,coverage,coverage_geometric,k=panel_adaptive,y1::2,y1,3,0.6666666666666666,0.9853479853479854,-0.31868131868131877
persona,rephrased,strengths,human_vs_pooled_ai,coverage,coverage_geometric,k=panel_adaptive,y1::3,y1,4,0.75,0.9990842490842491,-0.2490842490842491
persona,rephrased,strengths,human_vs_pooled_ai,coverage,coverage_geometric,k=panel_adaptive,y1::4,y1,4,1.0,1.0,0.0
persona,rephrased,strengths,human_vs_pooled_ai,coverage,coverage_geometric,k=panel_adaptive,y1::5,y1,4,0.75,1.0,-0.25
persona,rephrased,strengths,human_vs_pooled_ai,coverage,coverage_geometric,k=panel_adaptive,y1::6,y1,4,1.0,0.8789377289377289,0.12106227106227108
persona,rephrased,strengths,human_vs_pooled_ai,coverage,coverage_geometric,k=panel_adaptive,y1::7,y1,4,1.0,0.9084249084249084,0.09157509157509158
persona,rephrased,strengths,human_vs_pooled_ai,coverage,coverage_geometric,k=panel_adaptive,y1::8,y1,5,1.0,0.9982017982017982,0.0017982017982017817
persona,rephrased,strengths,human_vs_pooled_ai,coverage,coverage_geometric,k=panel_adaptive,y1::9,y1,3,0.6666666666666666,0.838095238095238,-0.17142857142857137
persona,rephrased,strengths,human_vs_pooled_ai,coverage,coverage_geometric,k=panel_adaptive,y2::1,y2,3,0.6666666666666666,0.9582417582417583,-0.29157509157509165
persona,rephrased,strengths,human_vs_pooled_ai,coverage,coverage_geometric,k=panel_adaptive,y2::10,y2,3,0.6666666666666666,0.9926739926739927,-0.32600732600732607
persona,rephrased,strengths,human_vs_pooled_ai,coverage,coverage_geometric,k=panel_adaptive,y2::11,y2,4,0.75,0.9741758241758242,-0.22417582417582416
persona,rephrased,strengths,human_vs_pooled_ai,coverage,coverage_geometric,k=panel_adaptive,y2::2,y2,3,0.6666666666666666,0.7772893772893773,-0.11062271062271067
persona,rephrased,strengths,human_vs_pooled_ai,coverage,coverage_geometric,k=panel_adaptive,y2::3,y2,4,1.0,0.9972527472527473,0.0027472527472527375
persona,rephrased,strengths,human_vs_pooled_ai,coverage,coverage_geometric,k=panel_adaptive,y2::4,y2,2,,0.0,
persona,rephrased,strengths,human_vs_pooled_ai,coverage,coverage_geometric,k=panel_adaptive,y2::5,y2,4,1.0,0.2,0.8
persona,rephrased,strengths,human_vs_pooled_ai,coverage,coverage_geometric,k=panel_adaptive,y2::6,y2,4,0.75,0.9576923076923077,-0.20769230769230773
persona,rephrased,strengths,human_vs_pooled_ai,coverage,coverage_geometric,k=panel_adaptive,y2::7,y2,4,1.0,1.0,0.0
persona,rephrased,strengths,human_vs_pooled_ai,coverage,coverage_geometric,k=panel_adaptive,y2::8,y2,3,0.6666666666666666,0.5413919413919414,0.12527472527472527
persona,rephrased,strengths,human_vs_pooled_ai,coverage,coverage_geometric,k=panel_adaptive,y2::9,y2,4,1.0,0.8424908424908425,0.1575091575091575
persona,rephrased,strengths,human_vs_pooled_ai,evenness,vendi_slope,q=0..2,y1::1,y1,4,0.7294629674340871,0.7258620806305419,0.0036008868035452
persona,rephrased,strengths,human_vs_pooled_ai,evenness,vendi_slope,q=0..2,y1::10,y1,4,0.7158480961563437,0.7281839229120408,-0.01233582675569711
persona,rephrased,strengths,human_vs_pooled_ai,evenness,vendi_slope,q=0..2,y1::11,y1,4,0.7205270364195694,0.7281174892413673,-0.007590452821797933
persona,rephrased,strengths,human_vs_pooled_ai,evenness,vendi_slope,q=0..2,y1::12,y1,4,0.7219710352281138,0.7298762952922243,-0.00790526006411052
persona,rephrased,strengths,human_vs_pooled_ai,evenness,vendi_slope,q=0..2,y1::2,y1,3,0.6286502659285841,0.6351364541470512,-0.006486188218467137
persona,rephrased,strengths,human_vs_pooled_ai,evenness,vendi_slope,q=0..2,y1::3,y1,4,0.7188671343500801,0.7273404926481382,-0.008473358298058065
persona,rephrased,strengths,human_vs_pooled_ai,evenness,vendi_slope,q=0..2,y1::4,y1,4,0.7257595879059368,0.729689603531574,-0.003930015625637218
persona,rephrased,strengths,human_vs_pooled_ai,evenness,vendi_slope,q=0..2,y1::5,y1,4,0.7189783630653823,0.7291457159585016,-0.010167352893119319
persona,rephrased,strengths,human_vs_pooled_ai,evenness,vendi_slope,q=0..2,y1::6,y1,4,0.7216753255924913,0.7260929212778731,-0.004417595685381803
persona,rephrased,strengths,human_vs_pooled_ai,evenness,vendi_slope,q=0..2,y1::7,y1,4,0.7238622738900535,0.724758155663172,-0.0008958817731185009
persona,rephrased,strengths,human_vs_pooled_ai,evenness,vendi_slope,q=0..2,y1::8,y1,5,0.7704706562819498,0.7835964783528401,-0.013125822070890303
persona,rephrased,strengths,human_vs_pooled_ai,evenness,vendi_slope,q=0..2,y1::9,y1,3,0.6300078613519492,0.6413124146818715,-0.011304553329922307
persona,rephrased,strengths,human_vs_pooled_ai,evenness,vendi_slope,q=0..2,y2::1,y2,3,0.6287130819891179,0.6397827276812768,-0.011069645692158847
persona,rephrased,strengths,human_vs_pooled_ai,evenness,vendi_slope,q=0..2,y2::10,y2,3,0.6292976576125627,0.6384491324740771,-0.009151474861514353
persona,rephrased,strengths,human_vs_pooled_ai,evenness,vendi_slope,q=0..2,y2::11,y2,4,0.7204660185654281,0.7237967829651234,-0.003330764399695263
persona,rephrased,strengths,human_vs_pooled_ai,evenness,vendi_slope,q=0..2,y2::2,y2,3,0.6429077410077274,0.6402315439406727,0.0026761970670546864
persona,rephrased,strengths,human_vs_pooled_ai,evenness,vendi_slope,q=0..2,y2::3,y2,4,0.7249393218684038,0.7291348381806215,-0.004195516312217706
persona,rephrased,strengths,human_vs_pooled_ai,evenness,vendi_slope,q=0..2,y2::4,y2,2,0.47249216105812075,0.4680435476067526,0.004448613451368155
persona,rephrased,strengths,human_vs_pooled_ai,evenness,vendi_slope,q=0..2,y2::5,y2,4,0.7322020418360279,0.7212659230605702,0.010936118775457637
persona,rephrased,strengths,human_vs_pooled_ai,evenness,vendi_slope,q=0..2,y2::6,y2,4,0.7239052333662817,0.7250599711042004,-0.001154737737918743
persona,rephrased,strengths,human_vs_pooled_ai,evenness,vendi_slope,q=0..2,y2::7,y2,4,0.714691426589694,0.7278698238193156,-0.013178397229621663
persona,rephrased,strengths,human_vs_pooled_ai,evenness,vendi_slope,q=0..2,y2::8,y2,3,0.6433069285205992,0.6414291580176594,0.0018777705029398017
persona,rephrased,strengths,human_vs_pooled_ai,evenness,vendi_slope,q=0..2,y2::9,y2,4,0.7256345720104497,0.7261833607675301,-0.0005487887570804206
persona,rephrased,strengths,human_vs_pooled_ai,evenness,ripley_excess,r=pooled_q01_q50,y1::1,y1,4,0.05922020385285319,0.037513974764157125,0.021706229088696065
persona,rephrased,strengths,human_vs_pooled_ai,evenness,ripley_excess,r=pooled_q01_q50,y1::10,y1,4,0.0025379626997120903,0.048142529197714376,-0.045604566498002284
persona,rephrased,strengths,human_vs_pooled_ai,evenness,ripley_excess,r=pooled_q01_q50,y1::11,y1,4,0.0033719503400596977,0.05004041860077918,-0.04666846826071948
persona,rephrased,strengths,human_vs_pooled_ai,evenness,ripley_excess,r=pooled_q01_q50,y1::12,y1,4,0.020471930254318968,0.05876989278450152,-0.038297962530182555
persona,rephrased,strengths,human_vs_pooled_ai,evenness,ripley_excess,r=pooled_q01_q50,y1::2,y1,3,0.007814988788508228,0.021169943967751997,-0.013354955179243769
persona,rephrased,strengths,human_vs_pooled_ai,evenness,ripley_excess,r=pooled_q01_q50,y1::3,y1,4,0.00496483991247398,0.0449150572079644,-0.03995021729549042
persona,rephrased,strengths,human_vs_pooled_ai,evenness,ripley_excess,r=pooled_q01_q50,y1::4,y1,4,0.032787158039869424,0.05621033869939466,-0.023423180659525235
persona,rephrased,strengths,human_vs_pooled_ai,evenness,ripley_excess,r=pooled_q01_q50,y1::5,y1,4,0.004915883919113086,0.05564593300273585,-0.05073004908362276
persona,rephrased,strengths,human_vs_pooled_ai,evenness,ripley_excess,r=pooled_q01_q50,y1::6,y1,4,0.006439076040147195,0.038475639852960354,-0.03203656381281316
persona,rephrased,strengths,human_vs_pooled_ai,evenness,ripley_excess,r=pooled_q01_q50,y1::7,y1,4,0.01931607870360991,0.0296876865145882,-0.01037160781097829
persona,rephrased,strengths,human_vs_pooled_ai,evenness,ripley_excess,r=pooled_q01_q50,y1::8,y1,5,0.0038878316783901344,0.084608926205067,-0.08072109452667688
persona,rephrased,strengths,human_vs_pooled_ai,evenness,ripley_excess,r=pooled_q01_q50,y1::9,y1,3,-0.0034032912929989516,0.03451773926302578,-0.037921030556024735
persona,rephrased,strengths,human_vs_pooled_ai,evenness,ripley_excess,r=pooled_q01_q50,y2::1,y2,3,-0.0027103354798224785,0.028822567671349296,-0.03153290315117178
persona,rephrased,strengths,human_vs_pooled_ai,evenness,ripley_excess,r=pooled_q01_q50,y2::10,y2,3,0.007814988788508228,0.023587559715073526,-0.015772570926565296
persona,rephrased,strengths,human_vs_pooled_ai,evenness,ripley_excess,r=pooled_q01_q50,y2::11,y2,4,0.008960934515225658,0.02582173578674826,-0.0168608012715226
persona,rephrased,strengths,human_vs_pooled_ai,evenness,ripley_excess,r=pooled_q01_q50,y2::2,y2,3,0.03903873149186643,0.03156274800467228,0.007475983487194152
persona,rephrased,strengths,human_vs_pooled_ai,evenness,ripley_excess,r=pooled_q01_q50,y2::3,y2,4,0.02800190243302173,0.0543978254876553,-0.02639592305463357
persona,rephrased,strengths,human_vs_pooled_ai,evenness,ripley_excess,r=pooled_q01_q50,y2::4,y2,2,0.01955668756417782,0.01230085308666269,0.007255834477515129
persona,rephrased,strengths,human_vs_pooled_ai,evenness,ripley_excess,r=pooled_q01_q50,y2::5,y2,4,0.07565602582966534,0.026859514455631162,0.04879651137403418
persona,rephrased,strengths,human_vs_pooled_ai,evenness,ripley_excess,r=pooled_q01_q50,y2::6,y2,4,0.026382526214031286,0.037114790193187946,-0.01073226397915666
persona,rephrased,strengths,human_vs_pooled_ai,evenness,ripley_excess,r=pooled_q01_q50,y2::7,y2,4,-0.0032242048907609555,0.04947801666026463,-0.05270222155102558
persona,rephrased,strengths,human_vs_pooled_ai,evenness,ripley_excess,r=pooled_q01_q50,y2::8,y2,3,0.042621908470994715,0.0351092136498088,0.007512694821185918
persona,rephrased,strengths,human_vs_pooled_ai,evenness,ripley_excess,r=pooled_q01_q50,y2::9,y2,4,0.034680474685401357,0.03939539077966419,-0.004714916094262833
persona,rephrased,strengths,human_vs_pooled_ai,spread,mean_pairwise,,y1::1,y1,4,0.05199872616968835,0.06057027660685798,-0.008571550437169631
persona,rephrased,strengths,human_vs_pooled_ai,spread,mean_pairwise,,y1::10,y1,4,0.08393158348123143,0.05504875239882401,0.028882831082407426
persona,rephrased,strengths,human_vs_pooled_ai,spread,mean_pairwise,,y1::11,y1,4,0.07300770872080188,0.055200980799635244,0.017806727921166637
persona,rephrased,strengths,human_vs_pooled_ai,spread,mean_pairwise,,y1::12,y1,4,0.06983133201277902,0.050970016554240376,0.018861315458538648
persona,rephrased,strengths,human_vs_pooled_ai,spread,mean_pairwise,,y1::2,y1,3,0.08023749064702428,0.06695707841011987,0.013280412236904404
persona,rephrased,strengths,human_vs_pooled_ai,spread,mean_pairwise,,y1::3,y1,4,0.0769224685648544,0.0570610978574169,0.019861370707437494
persona,rephrased,strengths,human_vs_pooled_ai,spread,mean_pairwise,,y1::4,y1,4,0.060833550320563035,0.05142298864088269,0.009410561679680345
persona,rephrased,strengths,human_vs_pooled_ai,spread,mean_pairwise,,y1::5,y1,4,0.07669143635910701,0.052742468975586945,0.023948967383520064
persona,rephrased,strengths,human_vs_pooled_ai,spread,mean_pairwise,,y1::6,y1,4,0.07034317004430994,0.06000841759985561,0.01033475244445433
persona,rephrased,strengths,human_vs_pooled_ai,spread,mean_pairwise,,y1::7,y1,4,0.06528293190399544,0.06315685510464641,0.002126076799349022
persona,rephrased,strengths,human_vs_pooled_ai,spread,mean_pairwise,,y1::8,y1,5,0.08426311529696465,0.048577237846444375,0.03568587745052027
persona,rephrased,strengths,human_vs_pooled_ai,spread,mean_pairwise,,y1::9,y1,3,0.07734357841065842,0.054476467679360416,0.022867110731298004
persona,rephrased,strengths,human_vs_pooled_ai,spread,mean_pairwise,,y2::1,y2,3,0.07994147382741741,0.05761985848621147,0.02232161534120594
persona,rephrased,strengths,human_vs_pooled_ai,spread,mean_pairwise,,y2::10,y2,3,0.07897793987138402,0.06035770546673042,0.018620234404653595
persona,rephrased,strengths,human_vs_pooled_ai,spread,mean_pairwise,,y2::11,y2,4,0.07323181278560444,0.06540844296801508,0.007823369817589354
persona,rephrased,strengths,human_vs_pooled_ai,spread,mean_pairwise,,y2::2,y2,3,0.05125415325699678,0.05670138608476893,-0.005447232827772146
persona,rephrased,strengths,human_vs_pooled_ai,spread,mean_pairwise,,y2::3,y2,4,0.06280179685405207,0.05276169019126686,0.010040106662785209
persona,rephrased,strengths,human_vs_pooled_ai,spread,mean_pairwise,,y2::4,y2,2,0.05358231952801784,0.061798421469345534,-0.008216101941327693
persona,rephrased,strengths,human_vs_pooled_ai,spread,mean_pairwise,,y2::5,y2,4,0.04534173387393634,0.07128276261210986,-0.02594102873817352
persona,rephrased,strengths,human_vs_pooled_ai,spread,mean_pairwise,,y2::6,y2,4,0.0652098149784247,0.0624388470772853,0.0027709679011393915
persona,rephrased,strengths,human_vs_pooled_ai,spread,mean_pairwise,,y2::7,y2,4,0.086447151291702,0.0557851349238262,0.030662016367875793
persona,rephrased,strengths,human_vs_pooled_ai,spread,mean_pairwise,,y2::8,y2,3,0.05040393143222677,0.05425632470178177,-0.003852393269555006
persona,rephrased,strengths,human_vs_pooled_ai,spread,mean_pairwise,,y2::9,y2,4,0.06108995220451232,0.05979929268693049,0.0012906595175818311
persona,rephrased,strengths,human_vs_pooled_ai,spread,centroid_loo,,y1::1,y1,4,0.2620965284465117,0.28128873914281083,-0.019192210696299117
persona,rephrased,strengths,human_vs_pooled_ai,spread,centroid_loo,,y1::10,y1,4,0.33213287279552206,0.2689501777930128,0.06318269500250928
persona,rephrased,strengths,human_vs_pooled_ai,spread,centroid_loo,,y1::11,y1,4,0.3113717397801471,0.26941088607052743,0.04196085370961966
persona,rephrased,strengths,human_vs_pooled_ai,spread,centroid_loo,,y1::12,y1,4,0.3019791122276365,0.2572031986140449,0.04477591361359162
persona,rephrased,strengths,human_vs_pooled_ai,spread,centroid_loo,,y1::2,y1,3,0.3439145368687691,0.3116736630725165,0.03224087379625262
persona,rephrased,strengths,human_vs_pooled_ai,spread,centroid_loo,,y1::3,y1,4,0.3180369054781805,0.27315905665912477,0.04487784881905571
persona,rephrased,strengths,human_vs_pooled_ai,spread,centroid_loo,,y1::4,y1,4,0.28400375099661473,0.2599323338244143,0.02407141717220046
persona,rephrased,strengths,human_vs_pooled_ai,spread,centroid_loo,,y1::5,y1,4,0.3168840238078983,0.26392386044758337,0.05296016336031495
persona,rephrased,strengths,human_vs_pooled_ai,spread,centroid_loo,,y1::6,y1,4,0.3060108924085404,0.2810283165388745,0.0249825758696659
persona,rephrased,strengths,human_vs_pooled_ai,spread,centroid_loo,,y1::7,y1,4,0.2943982509385375,0.2878021183797483,0.006596132558789214
persona,rephrased,strengths,human_vs_pooled_ai,spread,centroid_loo,,y1::8,y1,5,0.32170353104956373,0.24458374035622377,0.07711979069333996
persona,rephrased,strengths,human_vs_pooled_ai,spread,centroid_loo,,y1::9,y1,3,0.33999751062297995,0.2836765576092659,0.05632095301371404
persona,rephrased,strengths,human_vs_pooled_ai,spread,centroid_loo,,y2::1,y2,3,0.3452428693376934,0.2923557677212123,0.05288710161648108
persona,rephrased,strengths,human_vs_pooled_ai,spread,centroid_loo,,y2::10,y2,3,0.34080502571576005,0.2989634229746175,0.04184160274114257
persona,rephrased,strengths,human_vs_pooled_ai,spread,centroid_loo,,y2::11,y2,4,0.31062112956189936,0.2930330453584096,0.01758808420348973
persona,rephrased,strengths,human_vs_pooled_ai,spread,centroid_loo,,y2::2,y2,3,0.27621586370012985,0.2893043471174654,-0.013088483417335539
persona,rephrased,strengths,human_vs_pooled_ai,spread,centroid_loo,,y2::3,y2,4,0.28837751316142385,0.26361281910992246,0.02476469405150139
persona,rephrased,strengths,human_vs_pooled_ai,spread,centroid_loo,,y2::4,y2,2,0.3273601060850817,0.34697891110833495,-0.01961880502325325
persona,rephrased,strengths,human_vs_pooled_ai,spread,centroid_loo,,y2::5,y2,4,0.24574414245116394,0.30332698037003636,-0.05758283791887242
persona,rephrased,strengths,human_vs_pooled_ai,spread,centroid_loo,,y2::6,y2,4,0.2932659224388655,0.28513829742499114,0.008127625013874373
persona,rephrased,strengths,human_vs_pooled_ai,spread,centroid_loo,,y2::7,y2,4,0.3374346027127292,0.2690342782858546,0.0684003244268746
persona,rephrased,strengths,human_vs_pooled_ai,spread,centroid_loo,,y2::8,y2,3,0.274510635851334,0.2840823065823768,-0.009571670731042814
persona,rephrased,strengths,human_vs_pooled_ai,spread,centroid_loo,,y2::9,y2,4,0.2851845984139755,0.2801318651566468,0.00505273325732869
persona,rephrased,strengths,human_vs_pooled_ai,spread,mst_dispersion,,y1::1,y1,4,0.04633769003728764,0.05046410425702384,-0.004126414219736203
persona,rephrased,strengths,human_vs_pooled_ai,spread,mst_dispersion,,y1::10,y1,4,0.06397165343364357,0.046616134328682564,0.017355519104961005
persona,rephrased,strengths,human_vs_pooled_ai,spread,mst_dispersion,,y1::11,y1,4,0.06735075670200259,0.04740606891379219,0.019944687788210402
persona,rephrased,strengths,human_vs_pooled_ai,spread,mst_dispersion,,y1::12,y1,4,0.05473216460477537,0.042358206082710854,0.012373958522064514
persona,rephrased,strengths,human_vs_pooled_ai,spread,mst_dispersion,,y1::2,y1,3,0.07119271430031321,0.05868967566057641,0.0125030386397368
persona,rephrased,strengths,human_vs_pooled_ai,spread,mst_dispersion,,y1::3,y1,4,0.06575639551468038,0.04763384692880964,0.018122548585870736
persona,rephrased,strengths,human_vs_pooled_ai,spread,mst_dispersion,,y1::4,y1,4,0.05217537911910094,0.04460090364979059,0.007574475469310352
persona,rephrased,strengths,human_vs_pooled_ai,spread,mst_dispersion,,y1::5,y1,4,0.06332876848007545,0.04592015121633205,0.017408617263743396
persona,rephrased,strengths,human_vs_pooled_ai,spread,mst_dispersion,,y1::6,y1,4,0.06469354483487333,0.052039261230796593,0.012654283604076735
persona,rephrased,strengths,human_vs_pooled_ai,spread,mst_dispersion,,y1::7,y1,4,0.05806384883075485,0.05332431573396858,0.004739533096786271
persona,rephrased,strengths,human_vs_pooled_ai,spread,mst_dispersion,,y1::8,y1,5,0.06412195852999555,0.04038623386956381,0.023735724660431744
persona,rephrased,strengths,human_vs_pooled_ai,spread,mst_dispersion,,y1::9,y1,3,0.07159582312711382,0.04965291150709717,0.02194291162001665
persona,rephrased,strengths,human_vs_pooled_ai,spread,mst_dispersion,,y2::1,y2,3,0.07423599291227456,0.053005704368209894,0.021230288544064668
persona,rephrased,strengths,human_vs_pooled_ai,spread,mst_dispersion,,y2::10,y2,3,0.06766012135950228,0.054954360806626995,0.012705760552875284
persona,rephrased,strengths,human_vs_pooled_ai,spread,mst_dispersion,,y2::11,y2,4,0.06254054583230113,0.055882941736770574,0.00665760409553056
persona,rephrased,strengths,human_vs_pooled_ai,spread,mst_dispersion,,y2::2,y2,3,0.045916891172962104,0.05121945938088763,-0.005302568207925525
persona,rephrased,strengths,human_vs_pooled_ai,spread,mst_dispersion,,y2::3,y2,4,0.05296559806551382,0.04581991080489004,0.007145687260623777
persona,rephrased,strengths,human_vs_pooled_ai,spread,mst_dispersion,,y2::4,y2,2,0.05358231952801784,0.061798421469345534,-0.008216101941327693
persona,rephrased,strengths,human_vs_pooled_ai,spread,mst_dispersion,,y2::5,y2,4,0.04288038050495754,0.058451736342720904,-0.015571355837763368
persona,rephrased,strengths,human_vs_pooled_ai,spread,mst_dispersion,,y2::6,y2,4,0.056446427472357584,0.052051282411937225,0.004395145060420359
persona,rephrased,strengths,human_vs_pooled_ai,spread,mst_dispersion,,y2::7,y2,4,0.06840926957202431,0.045747981903273685,0.022661287668750627
persona,rephrased,strengths,human_vs_pooled_ai,spread,mst_dispersion,,y2::8,y2,3,0.04658472805396946,0.05039304480229009,-0.0038083167483206337
persona,rephrased,strengths,human_vs_pooled_ai,spread,mst_dispersion,,y2::9,y2,4,0.05646254402746801,0.05054474745371516,0.005917796573752854
persona,rephrased,strengths,human_vs_pooled_ai,spread,sparseness,,y1::1,y1,4,0.04633769003728764,0.05275843864684769,-0.006420748609560052
persona,rephrased,strengths,human_vs_pooled_ai,spread,sparseness,,y1::10,y1,4,0.0696053511808451,0.04873829896373674,0.020867052217108356
persona,rephrased,strengths,human_vs_pooled_ai,spread,sparseness,,y1::11,y1,4,0.0683632349350783,0.049177548929429264,0.019185686005649037
persona,rephrased,strengths,human_vs_pooled_ai,spread,sparseness,,y1::12,y1,4,0.0585148645704906,0.043882605842718914,0.014632258727771685
persona,rephrased,strengths,human_vs_pooled_ai,spread,sparseness,,y1::2,y1,3,0.07119271430031321,0.05868967566057641,0.0125030386397368
persona,rephrased,strengths,human_vs_pooled_ai,spread,sparseness,,y1::3,y1,4,0.06575639551468038,0.04978907838728122,0.015967317127399155
persona,rephrased,strengths,human_vs_pooled_ai,spread,sparseness,,y1::4,y1,4,0.05497173497693101,0.04595401036798318,0.009017724608947827
persona,rephrased,strengths,human_vs_pooled_ai,spread,sparseness,,y1::5,y1,4,0.06332876848007545,0.047709957967000664,0.015618810513074781
persona,rephrased,strengths,human_vs_pooled_ai,spread,sparseness,,y1::6,y1,4,0.0663629758938024,0.05384978928198348,0.012513186611818918
persona,rephrased,strengths,human_vs_pooled_ai,spread,sparseness,,y1::7,y1,4,0.059106240300125346,0.05518322260890273,0.003923017691222615
persona,rephrased,strengths,human_vs_pooled_ai,spread,sparseness,,y1::8,y1,5,0.07608264842040371,0.04243014934947079,0.03365249907093292
persona,rephrased,strengths,human_vs_pooled_ai,spread,sparseness,,y1::9,y1,3,0.07159582312711382,0.04965291150709717,0.02194291162001665
persona,rephrased,strengths,human_vs_pooled_ai,spread,sparseness,,y2::1,y2,3,0.07423599291227456,0.053005704368209894,0.021230288544064668
persona,rephrased,strengths,human_vs_pooled_ai,spread,sparseness,,y2::10,y2,3,0.06766012135950228,0.054954360806626995,0.012705760552875284
persona,rephrased,strengths,human_vs_pooled_ai,spread,sparseness,,y2::11,y2,4,0.06254054583230113,0.05797390878422555,0.004566637048075584
persona,rephrased,strengths,human_vs_pooled_ai,spread,sparseness,,y2::2,y2,3,0.045916891172962104,0.05121945938088763,-0.005302568207925525
persona,rephrased,strengths,human_vs_pooled_ai,spread,sparseness,,y2::3,y2,4,0.057783475773043214,0.04746987043085223,0.01031360534219098
persona,rephrased,strengths,human_vs_pooled_ai,spread,sparseness,,y2::4,y2,2,0.05358231952801784,0.061798421469345534,-0.008216101941327693
persona,rephrased,strengths,human_vs_pooled_ai,spread,sparseness,,y2::5,y2,4,0.04372203155550499,0.06108885454458685,-0.017366822989081862
persona,rephrased,strengths,human_vs_pooled_ai,spread,sparseness,,y2::6,y2,4,0.056446427472357584,0.05416163802357713,0.0022847894487804526
persona,rephrased,strengths,human_vs_pooled_ai,spread,sparseness,,y2::7,y2,4,0.07246398023897287,0.04774925904044984,0.024714721198523026
persona,rephrased,strengths,human_vs_pooled_ai,spread,sparseness,,y2::8,y2,3,0.04658472805396946,0.05039304480229009,-0.0038083167483206337
persona,rephrased,strengths,human_vs_pooled_ai,spread,sparseness,,y2::9,y2,4,0.057269684776779704,0.052470571724603024,0.00479911305217668
persona,rephrased,strengths,human_vs_pooled_ai,spread,nn_isolation,,y1::1,y1,4,0.044627324864515316,0.047818896112847065,-0.003191571248331748
persona,rephrased,strengths,human_vs_pooled_ai,spread,nn_isolation,,y1::10,y1,4,0.06056388999756773,0.04441688278549687,0.016147007212070866
persona,rephrased,strengths,human_vs_pooled_ai,spread,nn_isolation,,y1::11,y1,4,0.06627638261265076,0.04544109509137022,0.02083528752128054
persona,rephrased,strengths,human_vs_pooled_ai,spread,nn_isolation,,y1::12,y1,4,0.051063110745261375,0.040332970884945946,0.01073013986031543
persona,rephrased,strengths,human_vs_pooled_ai,spread,nn_isolation,,y1::2,y1,3,0.06397070682327255,0.05529132235266479,0.00867938447060776
persona,rephrased,strengths,human_vs_pooled_ai,spread,nn_isolation,,y1::3,y1,4,0.06163672353959568,0.04513411639328203,0.01650260714631365
persona,rephrased,strengths,human_vs_pooled_ai,spread,nn_isolation,,y1::4,y1,4,0.04984213432096257,0.04260557288806186,0.007236561432900711
persona,rephrased,strengths,human_vs_pooled_ai,spread,nn_isolation,,y1::5,y1,4,0.059301587936425454,0.044047596940223865,0.015253990996201588
persona,rephrased,strengths,human_vs_pooled_ai,spread,nn_isolation,,y1::6,y1,4,0.06363652840576109,0.04986928582649637,0.013767242579264719
persona,rephrased,strengths,human_vs_pooled_ai,spread,nn_isolation,,y1::7,y1,4,0.05483848154163787,0.05087119895399291,0.003967282587644956
persona,rephrased,strengths,human_vs_pooled_ai,spread,nn_isolation,,y1::8,y1,5,0.06095836675370929,0.038574285830730144,0.022384080922979145
persona,rephrased,strengths,human_vs_pooled_ai,spread,nn_isolation,,y1::9,y1,3,0.06981077863905842,0.047799826640559186,0.022010951998499236
persona,rephrased,strengths,human_vs_pooled_ai,spread,nn_isolation,,y2::1,y2,3,0.07026454732982002,0.051356734657153125,0.01890781267266689
persona,rephrased,strengths,human_vs_pooled_ai,spread,nn_isolation,,y2::10,y2,3,0.06116365645070798,0.05283599554205633,0.008327660908651655
persona,rephrased,strengths,human_vs_pooled_ai,spread,nn_isolation,,y2::11,y2,4,0.062071643039219276,0.05317032490479426,0.008901318134425018
persona,rephrased,strengths,human_vs_pooled_ai,spread,nn_isolation,,y2::2,y2,3,0.043971023349203366,0.04940593054665175,-0.005434907197448387
persona,rephrased,strengths,human_vs_pooled_ai,spread,nn_isolation,,y2::3,y2,4,0.049439720236323315,0.043770055661571265,0.005669664574752049
persona,rephrased,strengths,human_vs_pooled_ai,spread,nn_isolation,,y2::4,y2,2,0.05358231952801784,0.061798421469345534,-0.008216101941327693
persona,rephrased,strengths,human_vs_pooled_ai,spread,nn_isolation,,y2::5,y2,4,0.04219770944681678,0.05515637786522839,-0.01295866841841161
persona,rephrased,strengths,human_vs_pooled_ai,spread,nn_isolation,,y2::6,y2,4,0.05515032288738625,0.04962793391802545,0.005522388969360796
persona,rephrased,strengths,human_vs_pooled_ai,spread,nn_isolation,,y2::7,y2,4,0.06593652623686974,0.04344600986417274,0.022490516372697
persona,rephrased,strengths,human_vs_pooled_ai,spread,nn_isolation,,y2::8,y2,3,0.045819106765461005,0.049057551255558655,-0.00323844449009765
persona,rephrased,strengths,human_vs_pooled_ai,spread,nn_isolation,,y2::9,y2,4,0.05478814318832034,0.04851386194211709,0.006274281246203252
persona,rephrased,strengths,human_vs_pooled_ai,spread,spherical_variance,,y1::1,y1,4,0.01969343806504409,0.02298418254271164,-0.0032907444776675496
persona,rephrased,strengths,human_vs_pooled_ai,spread,spherical_variance,,y1::10,y1,4,0.03198589246381456,0.020864392199030583,0.011121500264783975
persona,rephrased,strengths,human_vs_pooled_ai,spread,spherical_variance,,y1::11,y1,4,0.02776329093198726,0.020922816217895705,0.006840474714091556
persona,rephrased,strengths,human_vs_pooled_ai,spread,spherical_variance,,y1::12,y1,4,0.02653890627800848,0.019307461445712985,0.007231444832295493
persona,rephrased,strengths,human_vs_pooled_ai,spread,spherical_variance,,y1::2,y1,3,0.027113398402131117,0.02259406045128748,0.004519337950843638
persona,rephrased,strengths,human_vs_pooled_ai,spread,spherical_variance,,y1::3,y1,4,0.029274421591580668,0.021637495478291854,0.007636926113288815
persona,rephrased,strengths,human_vs_pooled_ai,spread,spherical_variance,,y1::4,y1,4,0.023078899163510913,0.019476686046353556,0.0036022131171573567
persona,rephrased,strengths,human_vs_pooled_ai,spread,spherical_variance,,y1::5,y1,4,0.029185175880245273,0.01997990182762327,0.009205274052622003
persona,rephrased,strengths,human_vs_pooled_ai,spread,spherical_variance,,y1::6,y1,4,0.02673609824119816,0.022766428047819566,0.0039696701933785924
persona,rephrased,strengths,human_vs_pooled_ai,spread,spherical_variance,,y1::7,y1,4,0.024788330119043578,0.02397658607217773,0.0008117440468658477
persona,rephrased,strengths,human_vs_pooled_ai,spread,spherical_variance,,y1::8,y1,5,0.034293259958060984,0.019625962472151627,0.014667297485909357
persona,rephrased,strengths,human_vs_pooled_ai,spread,spherical_variance,,y1::9,y1,3,0.026122382230244434,0.018332381091977507,0.007790001138266927
persona,rephrased,strengths,human_vs_pooled_ai,spread,spherical_variance,,y2::1,y2,3,0.027011981515159933,0.019398838689588204,0.007613142825571729
persona,rephrased,strengths,human_vs_pooled_ai,spread,spherical_variance,,y2::10,y2,3,0.026681942998208363,0.02033008926354616,0.006351853734662204
persona,rephrased,strengths,human_vs_pooled_ai,spread,spherical_variance,,y2::11,y2,4,0.027849733626124307,0.024842411351494616,0.0030073222746296903
persona,rephrased,strengths,human_vs_pooled_ai,spread,spherical_variance,,y2::2,y2,3,0.0172332095072929,0.01908841173727757,-0.001855202229984667
persona,rephrased,strengths,human_vs_pooled_ai,spread,spherical_variance,,y2::3,y2,4,0.02383472077754123,0.019988242358563564,0.0038464784189776655
persona,rephrased,strengths,human_vs_pooled_ai,spread,spherical_variance,,y2::4,y2,2,0.013486523033774622,0.015584819070261066,-0.0020982960364864436
persona,rephrased,strengths,human_vs_pooled_ai,spread,spherical_variance,,y2::5,y2,4,0.01715021514244197,0.0271165498555931,-0.009966334713151129
persona,rephrased,strengths,human_vs_pooled_ai,spread,spherical_variance,,y2::6,y2,4,0.024760214733739794,0.023704708367277776,0.0010555063664620182
persona,rephrased,strengths,human_vs_pooled_ai,spread,spherical_variance,,y2::7,y2,4,0.032960891932893976,0.021151640976618796,0.011809250956275181
persona,rephrased,strengths,human_vs_pooled_ai,spread,spherical_variance,,y2::8,y2,3,0.01694487486958174,0.018254507873771576,-0.001309633004189837
persona,rephrased,strengths,human_vs_pooled_ai,spread,spherical_variance,,y2::9,y2,4,0.023177326303993717,0.022686853853106523,0.0004904724508871944
persona,rephrased,strengths,human_vs_claude,richness,vendi,q=1,y1::1,y1,4,1.229247998134327,1.257055802241381,-0.02780780410705397
persona,rephrased,strengths,human_vs_claude,richness,vendi,q=1,y1::10,y1,4,1.3454100349942841,1.232952663384491,0.11245737160979319
persona,rephrased,strengths,human_vs_claude,richness,vendi,q=1,y1::11,y1,4,1.3120273946307583,1.211024049695602,0.10100334493515639
persona,rephrased,strengths,human_vs_claude,richness,vendi,q=1,y1::12,y1,4,1.294278412727884,1.185448248871196,0.10883016385668798
persona,rephrased,strengths,human_vs_claude,richness,vendi,q=1,y1::2,y1,3,1.2731510091246354,1.258993472817447,0.014157536307188412
persona,rephrased,strengths,human_vs_claude,richness,vendi,q=1,y1::3,y1,4,1.3241285246828467,1.2581386624183073,0.0659898622645394
persona,rephrased,strengths,human_vs_claude,richness,vendi,q=1,y1::4,y1,4,1.2630769708502791,1.1923238879283242,0.07075308292195492
persona,rephrased,strengths,human_vs_claude,richness,vendi,q=1,y1::5,y1,4,1.3227424967149297,1.2424385240077034,0.08030397270722633
persona,rephrased,strengths,human_vs_claude,richness,vendi,q=1,y1::6,y1,4,1.3017535877648412,1.2545400676648522,0.047213520099989026
persona,rephrased,strengths,human_vs_claude,richness,vendi,q=1,y1::7,y1,4,1.2808086611933358,1.308760360845071,-0.027951699651735273
persona,rephrased,strengths,human_vs_claude,richness,vendi,q=1,y1::8,y1,5,1.3933063049291263,1.1875209114401681,0.2057853934889582
persona,rephrased,strengths,human_vs_claude,richness,vendi,q=1,y1::9,y1,3,1.268779428549925,1.2156571729080183,0.053122255641906646
persona,rephrased,strengths,human_vs_claude,richness,vendi,q=1,y2::1,y2,3,1.2758781121866773,1.203839072078503,0.0720390401081743
persona,rephrased,strengths,human_vs_claude,richness,vendi,q=1,y2::10,y2,3,1.2688515770599205,1.1863430224200675,0.08250855463985296
persona,rephrased,strengths,human_vs_claude,richness,vendi,q=1,y2::11,y2,4,1.3102647860749006,1.246093911708845,0.06417087436605562
persona,rephrased,strengths,human_vs_claude,richness,vendi,q=1,y2::2,y2,3,1.1871421454852844,1.1789098054073819,0.008232340077902522
persona,rephrased,strengths,human_vs_claude,richness,vendi,q=1,y2::3,y2,4,1.269036634652894,1.231746163577505,0.037290471075388965
persona,rephrased,strengths,human_vs_claude,richness,vendi,q=1,y2::4,y2,2,1.1313420034868966,1.1468090006277294,-0.015466997140832772
persona,rephrased,strengths,human_vs_claude,richness,vendi,q=1,y2::5,y2,4,1.203722578254522,1.2387490891544124,-0.035026510899890395
persona,rephrased,strengths,human_vs_claude,richness,vendi,q=1,y2::6,y2,4,1.2802795259983917,1.2699450708087034,0.01033445518968823
persona,rephrased,strengths,human_vs_claude,richness,vendi,q=1,y2::7,y2,4,1.3580776353607718,1.2623092420397886,0.09576839332098319
persona,rephrased,strengths,human_vs_claude,richness,vendi,q=1,y2::8,y2,3,1.1851766748351422,1.1881796283433752,-0.003002953508232986
persona,rephrased,strengths,human_vs_claude,richness,vendi,q=1,y2::9,y2,4,1.2656107173411966,1.2057955749043126,0.05981514243688402
persona,rephrased,strengths,human_vs_claude,dimensionality,participation_ratio,,y1::1,y1,4,2.8322251732180193,2.752837647525566,0.07938752569245322
persona,rephrased,strengths,human_vs_claude,dimensionality,participation_ratio,,y1::10,y1,4,2.418269377064219,2.7836161894015063,-0.3653468123372874
persona,rephrased,strengths,human_vs_claude,dimensionality,participation_ratio,,y1::11,y1,4,2.9102347109522912,2.7315457532682688,0.1786889576840225
persona,rephrased,strengths,human_vs_claude,dimensionality,participation_ratio,,y1::12,y1,4,2.5520411907834237,2.8874039367281386,-0.3353627459447148
persona,rephrased,strengths,human_vs_claude,dimensionality,participation_ratio,,y1::2,y1,3,1.7420922782089094,1.80198818202161,-0.05989590381270049
persona,rephrased,strengths,human_vs_claude,dimensionality,participation_ratio,,y1::3,y1,4,2.7248163734956377,2.4558977567099083,0.26891861678572937
persona,rephrased,strengths,human_vs_claude,dimensionality,participation_ratio,,y1::4,y1,4,2.7606801262807714,2.800263500015036,-0.03958337373426479
persona,rephrased,strengths,human_vs_claude,dimensionality,participation_ratio,,y1::5,y1,4,2.703404723553508,2.8766721964429265,-0.17326747288941835
persona,rephrased,strengths,human_vs_claude,dimensionality,participation_ratio,,y1::6,y1,4,2.9169417896037935,2.8692731716075057,0.04766861799628774
persona,rephrased,strengths,human_vs_claude,dimensionality,participation_ratio,,y1::7,y1,4,2.8123159330382617,2.7483357497149714,0.06398018332329025
persona,rephrased,strengths,human_vs_claude,dimensionality,participation_ratio,,y1::8,y1,5,3.1584802535897922,3.7389752895379598,-0.5804950359481675
persona,rephrased,strengths,human_vs_claude,dimensionality,participation_ratio,,y1::9,y1,3,1.9446125014034996,1.8809472338176785,0.06366526758582114
persona,rephrased,strengths,human_vs_claude,dimensionality,participation_ratio,,y2::1,y2,3,1.9047770494309746,1.9027662630214681,0.002010786409506471
persona,rephrased,strengths,human_vs_claude,dimensionality,participation_ratio,,y2::10,y2,3,1.7191913996975463,1.8834659114296581,-0.16427451173211183
persona,rephrased,strengths,human_vs_claude,dimensionality,participation_ratio,,y2::11,y2,4,2.7227697846423125,2.850124273337845,-0.12735448869553245
persona,rephrased,strengths,human_vs_claude,dimensionality,participation_ratio,,y2::2,y2,3,1.8855986419497635,1.9284238246977918,-0.04282518274802838
persona,rephrased,strengths,human_vs_claude,dimensionality,participation_ratio,,y2::3,y2,4,2.634999606882849,2.6966673565416306,-0.061667749658781634
persona,rephrased,strengths,human_vs_claude,dimensionality,participation_ratio,,y2::4,y2,2,1.0,1.0,0.0
persona,rephrased,strengths,human_vs_claude,dimensionality,participation_ratio,,y2::5,y2,4,2.9405078934764055,2.7227334427761534,0.21777445070025214
persona,rephrased,strengths,human_vs_claude,dimensionality,participation_ratio,,y2::6,y2,4,2.7853313342707726,2.6239674502152157,0.1613638840555569
persona,rephrased,strengths,human_vs_claude,dimensionality,participation_ratio,,y2::7,y2,4,2.5998825706788544,2.802622925539521,-0.20274035486066655
persona,rephrased,strengths,human_vs_claude,dimensionality,participation_ratio,,y2::8,y2,3,1.9498227297457353,1.9447492898872494,0.005073439858485962
persona,rephrased,strengths,human_vs_claude,dimensionality,participation_ratio,,y2::9,y2,4,2.903208364255491,2.6999003855354613,0.2033079787200296
persona,rephrased,strengths,human_vs_claude,dimensionality,effective_rank,,y1::1,y1,4,2.9144666959145336,2.8632143994051376,0.051252296509396
persona,rephrased,strengths,human_vs_claude,dimensionality,effective_rank,,y1::10,y1,4,2.6751381900816975,2.8874207724990226,-0.21228258241732512
persona,rephrased,strengths,human_vs_claude,dimensionality,effective_rank,,y1::11,y1,4,2.95559923126208,2.854569748148201,0.10102948311387916
persona,rephrased,strengths,human_vs_claude,dimensionality,effective_rank,,y1::12,y1,4,2.7378660131429147,2.9432202169337893,-0.20535420379087466
persona,rephrased,strengths,human_vs_claude,dimensionality,effective_rank,,y1::2,y1,3,1.85369458548834,1.8866173972836724,-0.03292281179533241
persona,rephrased,strengths,human_vs_claude,dimensionality,effective_rank,,y1::3,y1,4,2.8478187448670154,2.6777311144404203,0.17008763042659503
persona,rephrased,strengths,human_vs_claude,dimensionality,effective_rank,,y1::4,y1,4,2.8745699254951553,2.8935193404635395,-0.018949414968384204
persona,rephrased,strengths,human_vs_claude,dimensionality,effective_rank,,y1::5,y1,4,2.831548755349195,2.935516848175721,-0.10396809282652608
persona,rephrased,strengths,human_vs_claude,dimensionality,effective_rank,,y1::6,y1,4,2.955708492909144,2.932260840574428,0.023447652334716018
persona,rephrased,strengths,human_vs_claude,dimensionality,effective_rank,,y1::7,y1,4,2.8973677809698666,2.8666969995673433,0.03067078140252333
persona,rephrased,strengths,human_vs_claude,dimensionality,effective_rank,,y1::8,y1,5,3.5377368328039007,3.868580989429735,-0.33084415662583444
persona,rephrased,strengths,human_vs_claude,dimensionality,effective_rank,,y1::9,y1,3,1.9715844819345576,1.935714332356012,0.03587014957854562
persona,rephrased,strengths,human_vs_claude,dimensionality,effective_rank,,y2::1,y2,3,1.9502134171956451,1.9483125753399082,0.0019008418557369122
persona,rephrased,strengths,human_vs_claude,dimensionality,effective_rank,,y2::10,y2,3,1.838767835721703,1.937902033318179,-0.0991341975964759
persona,rephrased,strengths,human_vs_claude,dimensionality,effective_rank,,y2::11,y2,4,2.8551357031117726,2.9226906398187817,-0.06755493670700918
persona,rephrased,strengths,human_vs_claude,dimensionality,effective_rank,,y2::2,y2,3,1.9396299013307137,1.962662788496473,-0.02303288716575924
persona,rephrased,strengths,human_vs_claude,dimensionality,effective_rank,,y2::3,y2,4,2.796385541866599,2.8288704337892723,-0.03248489192267323
persona,rephrased,strengths,human_vs_claude,dimensionality,effective_rank,,y2::4,y2,2,1.0,1.0,0.0
persona,rephrased,strengths,human_vs_claude,dimensionality,effective_rank,,y2::5,y2,4,2.9702723079243767,2.8538075250721793,0.11646478285219741
persona,rephrased,strengths,human_vs_claude,dimensionality,effective_rank,,y2::6,y2,4,2.8902862281142623,2.784018633327139,0.10626759478712344
persona,rephrased,strengths,human_vs_claude,dimensionality,effective_rank,,y2::7,y2,4,2.7765175054463653,2.8973925031913184,-0.12087499774495303
persona,rephrased,strengths,human_vs_claude,dimensionality,effective_rank,,y2::8,y2,3,1.9743204838187416,1.970664067731807,0.0036564160869345663
persona,rephrased,strengths,human_vs_claude,dimensionality,effective_rank,,y2::9,y2,4,2.9494918978115314,2.841467143857561,0.10802475395397027
persona,rephrased,strengths,human_vs_claude,coverage,coverage_geometric,k=panel_adaptive,y1::1,y1,4,0.75,1.0,-0.25
persona,rephrased,strengths,human_vs_claude,coverage,coverage_geometric,k=panel_adaptive,y1::10,y1,4,1.0,1.0,0.0
persona,rephrased,strengths,human_vs_claude,coverage,coverage_geometric,k=panel_adaptive,y1::11,y1,4,1.0,1.0,0.0
persona,rephrased,strengths,human_vs_claude,coverage,coverage_geometric,k=panel_adaptive,y1::12,y1,4,0.75,1.0,-0.25
persona,rephrased,strengths,human_vs_claude,coverage,coverage_geometric,k=panel_adaptive,y1::2,y1,3,0.6666666666666666,1.0,-0.33333333333333337
persona,rephrased,strengths,human_vs_claude,coverage,coverage_geometric,k=panel_adaptive,y1::3,y1,4,0.75,1.0,-0.25
persona,rephrased,strengths,human_vs_claude,coverage,coverage_geometric,k=panel_adaptive,y1::4,y1,4,1.0,1.0,0.0
persona,rephrased,strengths,human_vs_claude,coverage,coverage_geometric,k=panel_adaptive,y1::5,y1,4,0.75,1.0,-0.25
persona,rephrased,strengths,human_vs_claude,coverage,coverage_geometric,k=panel_adaptive,y1::6,y1,4,1.0,0.95,0.050000000000000044
persona,rephrased,strengths,human_vs_claude,coverage,coverage_geometric,k=panel_adaptive,y1::7,y1,4,1.0,1.0,0.0
persona,rephrased,strengths,human_vs_claude,coverage,coverage_geometric,k=panel_adaptive,y1::8,y1,5,1.0,1.0,0.0
persona,rephrased,strengths,human_vs_claude,coverage,coverage_geometric,k=panel_adaptive,y1::9,y1,3,0.6666666666666666,0.8666666666666666,-0.19999999999999996
persona,rephrased,strengths,human_vs_claude,coverage,coverage_geometric,k=panel_adaptive,y2::1,y2,3,0.6666666666666666,1.0,-0.33333333333333337
persona,rephrased,strengths,human_vs_claude,coverage,coverage_geometric,k=panel_adaptive,y2::10,y2,3,0.6666666666666666,1.0,-0.33333333333333337
persona,rephrased,strengths,human_vs_claude,coverage,coverage_geometric,k=panel_adaptive,y2::11,y2,4,0.75,1.0,-0.25
persona,rephrased,strengths,human_vs_claude,coverage,coverage_geometric,k=panel_adaptive,y2::2,y2,3,0.6666666666666666,0.9666666666666666,-0.29999999999999993
persona,rephrased,strengths,human_vs_claude,coverage,coverage_geometric,k=panel_adaptive,y2::3,y2,4,1.0,1.0,0.0
persona,rephrased,strengths,human_vs_claude,coverage,coverage_geometric,k=panel_adaptive,y2::4,y2,2,,0.0,
persona,rephrased,strengths,human_vs_claude,coverage,coverage_geometric,k=panel_adaptive,y2::5,y2,4,1.0,0.0,1.0
persona,rephrased,strengths,human_vs_claude,coverage,coverage_geometric,k=panel_adaptive,y2::6,y2,4,0.75,1.0,-0.25
persona,rephrased,strengths,human_vs_claude,coverage,coverage_geometric,k=panel_adaptive,y2::7,y2,4,1.0,1.0,0.0
persona,rephrased,strengths,human_vs_claude,coverage,coverage_geometric,k=panel_adaptive,y2::8,y2,3,0.6666666666666666,0.9,-0.2333333333333334
persona,rephrased,strengths,human_vs_claude,coverage,coverage_geometric,k=panel_adaptive,y2::9,y2,4,1.0,1.0,0.0
persona,rephrased,strengths,human_vs_claude,evenness,vendi_slope,q=0..2,y1::1,y1,4,0.7294629674340871,0.7263783343351972,0.003084633098889955
persona,rephrased,strengths,human_vs_claude,evenness,vendi_slope,q=0..2,y1::10,y1,4,0.7158480961563437,0.7290096028952798,-0.013161506738936124
persona,rephrased,strengths,human_vs_claude,evenness,vendi_slope,q=0..2,y1::11,y1,4,0.7205270364195694,0.7312741132263507,-0.01074707680678133
persona,rephrased,strengths,human_vs_claude,evenness,vendi_slope,q=0..2,y1::12,y1,4,0.7219710352281138,0.7340229920565504,-0.012051956828436627
persona,rephrased,strengths,human_vs_claude,evenness,vendi_slope,q=0..2,y1::2,y1,3,0.6286502659285841,0.6309096608255912,-0.0022593948970071054
persona,rephrased,strengths,human_vs_claude,evenness,vendi_slope,q=0..2,y1::3,y1,4,0.7188671343500801,0.7258270911154201,-0.006959956765340003
persona,rephrased,strengths,human_vs_claude,evenness,vendi_slope,q=0..2,y1::4,y1,4,0.7257595879059368,0.7332603489140004,-0.007500761008063628
persona,rephrased,strengths,human_vs_claude,evenness,vendi_slope,q=0..2,y1::5,y1,4,0.7189783630653823,0.7280928438403041,-0.00911448077492183
persona,rephrased,strengths,human_vs_claude,evenness,vendi_slope,q=0..2,y1::6,y1,4,0.7216753255924913,0.7267962895517999,-0.005120963959308611
persona,rephrased,strengths,human_vs_claude,evenness,vendi_slope,q=0..2,y1::7,y1,4,0.7238622738900535,0.7206482442779849,0.003214029612068625
persona,rephrased,strengths,human_vs_claude,evenness,vendi_slope,q=0..2,y1::8,y1,5,0.7704706562819498,0.787802285772354,-0.017331629490404232
persona,rephrased,strengths,human_vs_claude,evenness,vendi_slope,q=0..2,y1::9,y1,3,0.6300078613519492,0.638394817875199,-0.008386956523249833
persona,rephrased,strengths,human_vs_claude,evenness,vendi_slope,q=0..2,y2::1,y2,3,0.6287130819891179,0.6403232881440969,-0.011610206154978986
persona,rephrased,strengths,human_vs_claude,evenness,vendi_slope,q=0..2,y2::10,y2,3,0.6292976576125627,0.6429981952538719,-0.013700537641309185
persona,rephrased,strengths,human_vs_claude,evenness,vendi_slope,q=0..2,y2::11,y2,4,0.7204660185654281,0.7276756136449738,-0.007209595079545661
persona,rephrased,strengths,human_vs_claude,evenness,vendi_slope,q=0..2,y2::2,y2,3,0.6429077410077274,0.644195908395919,-0.0012881673881915967
persona,rephrased,strengths,human_vs_claude,evenness,vendi_slope,q=0..2,y2::3,y2,4,0.7249393218684038,0.7290402066525218,-0.004100884784117964
persona,rephrased,strengths,human_vs_claude,evenness,vendi_slope,q=0..2,y2::4,y2,2,0.47249216105812075,0.4681414487418859,0.0043507123162348504
persona,rephrased,strengths,human_vs_claude,evenness,vendi_slope,q=0..2,y2::5,y2,4,0.7322020418360279,0.7283196097169282,0.003882432119099666
persona,rephrased,strengths,human_vs_claude,evenness,vendi_slope,q=0..2,y2::6,y2,4,0.7239052333662817,0.7247925236872379,-0.0008872903209562466
persona,rephrased,strengths,human_vs_claude,evenness,vendi_slope,q=0..2,y2::7,y2,4,0.714691426589694,0.7258757626401698,-0.011184336050475863
persona,rephrased,strengths,human_vs_claude,evenness,vendi_slope,q=0..2,y2::8,y2,3,0.6433069285205992,0.6428118880908691,0.0004950404297301425
persona,rephrased,strengths,human_vs_claude,evenness,vendi_slope,q=0..2,y2::9,y2,4,0.7256345720104497,0.7318042174022843,-0.006169645391834622
persona,rephrased,strengths,human_vs_claude,evenness,ripley_excess,r=pooled_q01_q50,y1::1,y1,4,0.05922020385285319,0.03574497351078155,0.02347523034207164
persona,rephrased,strengths,human_vs_claude,evenness,ripley_excess,r=pooled_q01_q50,y1::10,y1,4,0.0025379626997120903,0.056558859778460466,-0.054020897078748374
persona,rephrased,strengths,human_vs_claude,evenness,ripley_excess,r=pooled_q01_q50,y1::11,y1,4,0.0033719503400596977,0.06847298590778833,-0.06510103556772863
persona,rephrased,strengths,human_vs_claude,evenness,ripley_excess,r=pooled_q01_q50,y1::12,y1,4,0.020471930254318968,0.0805125433879987,-0.06004061313367973
persona,rephrased,strengths,human_vs_claude,evenness,ripley_excess,r=pooled_q01_q50,y1::2,y1,3,0.007814988788508228,0.013127279246268863,-0.005312290457760636
persona,rephrased,strengths,human_vs_claude,evenness,ripley_excess,r=pooled_q01_q50,y1::3,y1,4,0.00496483991247398,0.037969677615575646,-0.03300483770310167
persona,rephrased,strengths,human_vs_claude,evenness,ripley_excess,r=pooled_q01_q50,y1::4,y1,4,0.032787158039869424,0.07572876640056489,-0.042941608360695466
persona,rephrased,strengths,human_vs_claude,evenness,ripley_excess,r=pooled_q01_q50,y1::5,y1,4,0.004915883919113086,0.050067662071048534,-0.04515177815193545
persona,rephrased,strengths,human_vs_claude,evenness,ripley_excess,r=pooled_q01_q50,y1::6,y1,4,0.006439076040147195,0.04370020601210084,-0.037261129971953647
persona,rephrased,strengths,human_vs_claude,evenness,ripley_excess,r=pooled_q01_q50,y1::7,y1,4,0.01931607870360991,0.009029747119247651,0.01028633158436226
persona,rephrased,strengths,human_vs_claude,evenness,ripley_excess,r=pooled_q01_q50,y1::8,y1,5,0.0038878316783901344,0.11076067340208084,-0.10687284172369071
persona,rephrased,strengths,human_vs_claude,evenness,ripley_excess,r=pooled_q01_q50,y1::9,y1,3,-0.0034032912929989516,0.023790918022712,-0.02719420931571095
persona,rephrased,strengths,human_vs_claude,evenness,ripley_excess,r=pooled_q01_q50,y2::1,y2,3,-0.0027103354798224785,0.03129280315523827,-0.03400313863506075
persona,rephrased,strengths,human_vs_claude,evenness,ripley_excess,r=pooled_q01_q50,y2::10,y2,3,0.007814988788508228,0.03797550840959912,-0.03016051962109089
persona,rephrased,strengths,human_vs_claude,evenness,ripley_excess,r=pooled_q01_q50,y2::11,y2,4,0.008960934515225658,0.048283977865933,-0.03932304335070734
persona,rephrased,strengths,human_vs_claude,evenness,ripley_excess,r=pooled_q01_q50,y2::2,y2,3,0.03903873149186643,0.04504941271056857,-0.0060106812187021436
persona,rephrased,strengths,human_vs_claude,evenness,ripley_excess,r=pooled_q01_q50,y2::3,y2,4,0.02800190243302173,0.05088662459920932,-0.022884722166187588
persona,rephrased,strengths,human_vs_claude,evenness,ripley_excess,r=pooled_q01_q50,y2::4,y2,2,0.01955668756417782,0.01355862568465473,0.005998061879523089
persona,rephrased,strengths,human_vs_claude,evenness,ripley_excess,r=pooled_q01_q50,y2::5,y2,4,0.07565602582966534,0.04959129740092233,0.02606472842874301
persona,rephrased,strengths,human_vs_claude,evenness,ripley_excess,r=pooled_q01_q50,y2::6,y2,4,0.026382526214031286,0.03148099282420248,-0.005098466610171198
persona,rephrased,strengths,human_vs_claude,evenness,ripley_excess,r=pooled_q01_q50,y2::7,y2,4,-0.0032242048907609555,0.03585848933943098,-0.03908269423019193
persona,rephrased,strengths,human_vs_claude,evenness,ripley_excess,r=pooled_q01_q50,y2::8,y2,3,0.042621908470994715,0.04154423839240688,0.0010776700785878335
persona,rephrased,strengths,human_vs_claude,evenness,ripley_excess,r=pooled_q01_q50,y2::9,y2,4,0.034680474685401357,0.06801143459565845,-0.03333095991025709
persona,rephrased,strengths,human_vs_claude,spread,mean_pairwise,,y1::1,y1,4,0.05199872616968835,0.059362824220563236,-0.007364098050874887
persona,rephrased,strengths,human_vs_claude,spread,mean_pairwise,,y1::10,y1,4,0.08393158348123143,0.053083086560652824,0.03084849692057861
persona,rephrased,strengths,human_vs_claude,spread,mean_pairwise,,y1::11,y1,4,0.07300770872080188,0.04762478249448149,0.025382926226320393
persona,rephrased,strengths,human_vs_claude,spread,mean_pairwise,,y1::12,y1,4,0.06983133201277902,0.04089259536297769,0.02893873664980133
persona,rephrased,strengths,human_vs_claude,spread,mean_pairwise,,y1::2,y1,3,0.08023749064702428,0.0754950332310055,0.0047424574160187805
persona,rephrased,strengths,human_vs_claude,spread,mean_pairwise,,y1::3,y1,4,0.0769224685648544,0.06075655267001323,0.016165915894841162
persona,rephrased,strengths,human_vs_claude,spread,mean_pairwise,,y1::4,y1,4,0.060833550320563035,0.04277295996708087,0.01806059035348216
persona,rephrased,strengths,human_vs_claude,spread,mean_pairwise,,y1::5,y1,4,0.07669143635910701,0.05525923972283934,0.02143219663626767
persona,rephrased,strengths,human_vs_claude,spread,mean_pairwise,,y1::6,y1,4,0.07034317004430994,0.05834698238207118,0.011996187662238762
persona,rephrased,strengths,human_vs_claude,spread,mean_pairwise,,y1::7,y1,4,0.06528293190399544,0.07277183911663214,-0.007488907212636703
persona,rephrased,strengths,human_vs_claude,spread,mean_pairwise,,y1::8,y1,5,0.08426311529696465,0.036613341673142244,0.0476497736238224
persona,rephrased,strengths,human_vs_claude,spread,mean_pairwise,,y1::9,y1,3,0.07734357841065842,0.06048560044225385,0.016857977968404568
persona,rephrased,strengths,human_vs_claude,spread,mean_pairwise,,y2::1,y2,3,0.07994147382741741,0.0565389598554266,0.023402513971990814
persona,rephrased,strengths,human_vs_claude,spread,mean_pairwise,,y2::10,y2,3,0.07897793987138402,0.051054935731239794,0.027923004140144224
persona,rephrased,strengths,human_vs_claude,spread,mean_pairwise,,y2::11,y2,4,0.07323181278560444,0.05626076923090588,0.016971043554698556
persona,rephrased,strengths,human_vs_claude,spread,mean_pairwise,,y2::2,y2,3,0.05125415325699678,0.04854782436463316,0.0027063288923636214
persona,rephrased,strengths,human_vs_claude,spread,mean_pairwise,,y2::3,y2,4,0.06280179685405207,0.05302284022029467,0.009778956633757399
persona,rephrased,strengths,human_vs_claude,spread,mean_pairwise,,y2::4,y2,2,0.05358231952801784,0.06168080842682324,-0.008098488898805399
persona,rephrased,strengths,human_vs_claude,spread,mean_pairwise,,y2::5,y2,4,0.04534173387393634,0.05475210095667371,-0.009410367082737368
persona,rephrased,strengths,human_vs_claude,spread,mean_pairwise,,y2::6,y2,4,0.0652098149784247,0.06314566521163914,0.002064149766785553
persona,rephrased,strengths,human_vs_claude,spread,mean_pairwise,,y2::7,y2,4,0.086447151291702,0.0605430376164797,0.025904113675222294
persona,rephrased,strengths,human_vs_claude,spread,mean_pairwise,,y2::8,y2,3,0.05040393143222677,0.05141753039339718,-0.0010135989611704116
persona,rephrased,strengths,human_vs_claude,spread,mean_pairwise,,y2::9,y2,4,0.06108995220451232,0.04634024077499298,0.014749711429519342
persona,rephrased,strengths,human_vs_claude,spread,centroid_loo,,y1::1,y1,4,0.2620965284465117,0.2792673499327133,-0.017170821486201582
persona,rephrased,strengths,human_vs_claude,spread,centroid_loo,,y1::10,y1,4,0.33213287279552206,0.2644680348399741,0.06766483795554795
persona,rephrased,strengths,human_vs_claude,spread,centroid_loo,,y1::11,y1,4,0.3113717397801471,0.2509096979709683,0.0604620418091788
persona,rephrased,strengths,human_vs_claude,spread,centroid_loo,,y1::12,y1,4,0.3019791122276365,0.23293129227245796,0.06904781995517856
persona,rephrased,strengths,human_vs_claude,spread,centroid_loo,,y1::2,y1,3,0.3439145368687691,0.3317394019883191,0.012175134880450023
persona,rephrased,strengths,human_vs_claude,spread,centroid_loo,,y1::3,y1,4,0.3180369054781805,0.279350132558894,0.03868677291928646
persona,rephrased,strengths,human_vs_claude,spread,centroid_loo,,y1::4,y1,4,0.28400375099661473,0.2377087674157472,0.04629498358086753
persona,rephrased,strengths,human_vs_claude,spread,centroid_loo,,y1::5,y1,4,0.3168840238078983,0.2705484376627969,0.046335586145101415
persona,rephrased,strengths,human_vs_claude,spread,centroid_loo,,y1::6,y1,4,0.3060108924085404,0.27863072326283683,0.02738016914570357
persona,rephrased,strengths,human_vs_claude,spread,centroid_loo,,y1::7,y1,4,0.2943982509385375,0.3098606582580065,-0.015462407319469018
persona,rephrased,strengths,human_vs_claude,spread,centroid_loo,,y1::8,y1,5,0.32170353104956373,0.2132974920696868,0.10840603897987694
persona,rephrased,strengths,human_vs_claude,spread,centroid_loo,,y1::9,y1,3,0.33999751062297995,0.29926130978953114,0.04073620083344881
persona,rephrased,strengths,human_vs_claude,spread,centroid_loo,,y2::1,y2,3,0.3452428693376934,0.2897440819937896,0.05549878734390379
persona,rephrased,strengths,human_vs_claude,spread,centroid_loo,,y2::10,y2,3,0.34080502571576005,0.2753891600803252,0.06541586563543483
persona,rephrased,strengths,human_vs_claude,spread,centroid_loo,,y2::11,y2,4,0.31062112956189936,0.27280708939279724,0.037814040169102114
persona,rephrased,strengths,human_vs_claude,spread,centroid_loo,,y2::2,y2,3,0.27621586370012985,0.2688777535558068,0.007338110144323062
persona,rephrased,strengths,human_vs_claude,spread,centroid_loo,,y2::3,y2,4,0.28837751316142385,0.26368031783445156,0.024697195326972288
persona,rephrased,strengths,human_vs_claude,spread,centroid_loo,,y2::4,y2,2,0.3273601060850817,0.34850034637255567,-0.021140240287473966
persona,rephrased,strengths,human_vs_claude,spread,centroid_loo,,y2::5,y2,4,0.24574414245116394,0.26811532482514105,-0.022371182373977117
persona,rephrased,strengths,human_vs_claude,spread,centroid_loo,,y2::6,y2,4,0.2932659224388655,0.2879063648278459,0.005359557611019639
persona,rephrased,strengths,human_vs_claude,spread,centroid_loo,,y2::7,y2,4,0.3374346027127292,0.2827185140458094,0.05471608866691979
persona,rephrased,strengths,human_vs_claude,spread,centroid_loo,,y2::8,y2,3,0.274510635851334,0.27687693492377063,-0.0023662990724366284
persona,rephrased,strengths,human_vs_claude,spread,centroid_loo,,y2::9,y2,4,0.2851845984139755,0.24764682802236573,0.03753777039160974
persona,rephrased,strengths,human_vs_claude,spread,mst_dispersion,,y1::1,y1,4,0.04633769003728764,0.050743444539743054,-0.004405754502455415
persona,rephrased,strengths,human_vs_claude,spread,mst_dispersion,,y1::10,y1,4,0.06397165343364357,0.04567194683565648,0.01829970659798709
persona,rephrased,strengths,human_vs_claude,spread,mst_dispersion,,y1::11,y1,4,0.06735075670200259,0.04084669502180889,0.026504061680193702
persona,rephrased,strengths,human_vs_claude,spread,mst_dispersion,,y1::12,y1,4,0.05473216460477537,0.0373799483459215,0.017352216258853866
persona,rephrased,strengths,human_vs_claude,spread,mst_dispersion,,y1::2,y1,3,0.07119271430031321,0.0660762980791387,0.005116416221174508
persona,rephrased,strengths,human_vs_claude,spread,mst_dispersion,,y1::3,y1,4,0.06575639551468038,0.04677146661714114,0.018984928897539236
persona,rephrased,strengths,human_vs_claude,spread,mst_dispersion,,y1::4,y1,4,0.05217537911910094,0.03725235038889306,0.014923028730207878
persona,rephrased,strengths,human_vs_claude,spread,mst_dispersion,,y1::5,y1,4,0.06332876848007545,0.049026704817109565,0.01430206366296588
persona,rephrased,strengths,human_vs_claude,spread,mst_dispersion,,y1::6,y1,4,0.06469354483487333,0.052513636530536215,0.012179908304337114
persona,rephrased,strengths,human_vs_claude,spread,mst_dispersion,,y1::7,y1,4,0.05806384883075485,0.06288707233120304,-0.004823223500448191
persona,rephrased,strengths,human_vs_claude,spread,mst_dispersion,,y1::8,y1,5,0.06412195852999555,0.0321415772388067,0.03198038129118885
persona,rephrased,strengths,human_vs_claude,spread,mst_dispersion,,y1::9,y1,3,0.07159582312711382,0.05473704998583344,0.016858773141280384
persona,rephrased,strengths,human_vs_claude,spread,mst_dispersion,,y2::1,y2,3,0.07423599291227456,0.05117138304878018,0.02306460986349438
persona,rephrased,strengths,human_vs_claude,spread,mst_dispersion,,y2::10,y2,3,0.06766012135950228,0.04701238952540947,0.02064773183409281
persona,rephrased,strengths,human_vs_claude,spread,mst_dispersion,,y2::11,y2,4,0.06254054583230113,0.0507806833537787,0.011759862478522433
persona,rephrased,strengths,human_vs_claude,spread,mst_dispersion,,y2::2,y2,3,0.045916891172962104,0.04508714833154619,0.0008297428414159175
persona,rephrased,strengths,human_vs_claude,spread,mst_dispersion,,y2::3,y2,4,0.05296559806551382,0.045942214336761475,0.007023383728752344
persona,rephrased,strengths,human_vs_claude,spread,mst_dispersion,,y2::4,y2,2,0.05358231952801784,0.06168080842682324,-0.008098488898805399
persona,rephrased,strengths,human_vs_claude,spread,mst_dispersion,,y2::5,y2,4,0.04288038050495754,0.048313198633341846,-0.005432818128384309
persona,rephrased,strengths,human_vs_claude,spread,mst_dispersion,,y2::6,y2,4,0.056446427472357584,0.05135699019688428,0.005089437275473306
persona,rephrased,strengths,human_vs_claude,spread,mst_dispersion,,y2::7,y2,4,0.06840926957202431,0.05246630078108999,0.01594296879093432
persona,rephrased,strengths,human_vs_claude,spread,mst_dispersion,,y2::8,y2,3,0.04658472805396946,0.04779061182731319,-0.0012058837733437272
persona,rephrased,strengths,human_vs_claude,spread,mst_dispersion,,y2::9,y2,4,0.05646254402746801,0.03933573233346235,0.017126811694005657
persona,rephrased,strengths,human_vs_claude,spread,sparseness,,y1::1,y1,4,0.04633769003728764,0.051031646975600184,-0.004693956938312545
persona,rephrased,strengths,human_vs_claude,spread,sparseness,,y1::10,y1,4,0.0696053511808451,0.04608258825847482,0.02352276292237028
persona,rephrased,strengths,human_vs_claude,spread,sparseness,,y1::11,y1,4,0.0683632349350783,0.04321762260114375,0.02514561233393455
persona,rephrased,strengths,human_vs_claude,spread,sparseness,,y1::12,y1,4,0.0585148645704906,0.03839916354322184,0.020115701027268756
persona,rephrased,strengths,human_vs_claude,spread,sparseness,,y1::2,y1,3,0.07119271430031321,0.0660762980791387,0.005116416221174508
persona,rephrased,strengths,human_vs_claude,spread,sparseness,,y1::3,y1,4,0.06575639551468038,0.04700689617332419,0.01874949934135619
persona,rephrased,strengths,human_vs_claude,spread,sparseness,,y1::4,y1,4,0.05497173497693101,0.03730160191965338,0.01767013305727763
persona,rephrased,strengths,human_vs_claude,spread,sparseness,,y1::5,y1,4,0.06332876848007545,0.04922078681465159,0.014107981665423854
persona,rephrased,strengths,human_vs_claude,spread,sparseness,,y1::6,y1,4,0.0663629758938024,0.05552885914292427,0.010834116750878128
persona,rephrased,strengths,human_vs_claude,spread,sparseness,,y1::7,y1,4,0.059106240300125346,0.06420470722182196,-0.005098466921696618
persona,rephrased,strengths,human_vs_claude,spread,sparseness,,y1::8,y1,5,0.07608264842040371,0.03416164323964713,0.04192100518075659
persona,rephrased,strengths,human_vs_claude,spread,sparseness,,y1::9,y1,3,0.07159582312711382,0.05473704998583344,0.016858773141280384
persona,rephrased,strengths,human_vs_claude,spread,sparseness,,y2::1,y2,3,0.07423599291227456,0.05117138304878018,0.02306460986349438
persona,rephrased,strengths,human_vs_claude,spread,sparseness,,y2::10,y2,3,0.06766012135950228,0.04701238952540947,0.02064773183409281
persona,rephrased,strengths,human_vs_claude,spread,sparseness,,y2::11,y2,4,0.06254054583230113,0.05117601553670775,0.01136453029559338
persona,rephrased,strengths,human_vs_claude,spread,sparseness,,y2::2,y2,3,0.045916891172962104,0.04508714833154619,0.0008297428414159175
persona,rephrased,strengths,human_vs_claude,spread,sparseness,,y2::3,y2,4,0.057783475773043214,0.04667782155938742,0.011105654213655794
persona,rephrased,strengths,human_vs_claude,spread,sparseness,,y2::4,y2,2,0.05358231952801784,0.06168080842682324,-0.008098488898805399
persona,rephrased,strengths,human_vs_claude,spread,sparseness,,y2::5,y2,4,0.04372203155550499,0.04920407933196498,-0.00548204777645999
persona,rephrased,strengths,human_vs_claude,spread,sparseness,,y2::6,y2,4,0.056446427472357584,0.05385746553670325,0.0025889619356543325
persona,rephrased,strengths,human_vs_claude,spread,sparseness,,y2::7,y2,4,0.07246398023897287,0.0538009092230991,0.018663071015873764
persona,rephrased,strengths,human_vs_claude,spread,sparseness,,y2::8,y2,3,0.04658472805396946,0.04779061182731319,-0.0012058837733437272
persona,rephrased,strengths,human_vs_claude,spread,sparseness,,y2::9,y2,4,0.057269684776779704,0.04161294397937675,0.01565674079740295
persona,rephrased,strengths,human_vs_claude,spread,nn_isolation,,y1::1,y1,4,0.044627324864515316,0.04824223205324306,-0.0036149071887277423
persona,rephrased,strengths,human_vs_claude,spread,nn_isolation,,y1::10,y1,4,0.06056388999756773,0.04480267636131455,0.015761213636253185
persona,rephrased,strengths,human_vs_claude,spread,nn_isolation,,y1::11,y1,4,0.06627638261265076,0.03930889729342815,0.026967485319222606
persona,rephrased,strengths,human_vs_claude,spread,nn_isolation,,y1::12,y1,4,0.051063110745261375,0.03655165386984405,0.014511456875417328
persona,rephrased,strengths,human_vs_claude,spread,nn_isolation,,y1::2,y1,3,0.06397070682327255,0.06143218968671943,0.00253851713655312
persona,rephrased,strengths,human_vs_claude,spread,nn_isolation,,y1::3,y1,4,0.06163672353959568,0.04449677804053045,0.01713994549906523
persona,rephrased,strengths,human_vs_claude,spread,nn_isolation,,y1::4,y1,4,0.04984213432096257,0.03654084319678131,0.013301291124181262
persona,rephrased,strengths,human_vs_claude,spread,nn_isolation,,y1::5,y1,4,0.059301587936425454,0.04812097496541347,0.011180612971011986
persona,rephrased,strengths,human_vs_claude,spread,nn_isolation,,y1::6,y1,4,0.06363652840576109,0.05117589796566395,0.01246063044009714
persona,rephrased,strengths,human_vs_claude,spread,nn_isolation,,y1::7,y1,4,0.05483848154163787,0.05976051588724449,-0.004922034345606625
persona,rephrased,strengths,human_vs_claude,spread,nn_isolation,,y1::8,y1,5,0.06095836675370929,0.031324660407820025,0.029633706345889264
persona,rephrased,strengths,human_vs_claude,spread,nn_isolation,,y1::9,y1,3,0.06981077863905842,0.052590624186359805,0.017220154452698616
persona,rephrased,strengths,human_vs_claude,spread,nn_isolation,,y2::1,y2,3,0.07026454732982002,0.049793635243951105,0.02047091208586891
persona,rephrased,strengths,human_vs_claude,spread,nn_isolation,,y2::10,y2,3,0.06116365645070798,0.04428471981618361,0.016878936634524375
persona,rephrased,strengths,human_vs_claude,spread,nn_isolation,,y2::11,y2,4,0.062071643039219276,0.04924910450837361,0.012822538530845667
persona,rephrased,strengths,human_vs_claude,spread,nn_isolation,,y2::2,y2,3,0.043971023349203366,0.04386305879457046,0.00010796455463290416
persona,rephrased,strengths,human_vs_claude,spread,nn_isolation,,y2::3,y2,4,0.049439720236323315,0.04271327750691063,0.006726442729412682
persona,rephrased,strengths,human_vs_claude,spread,nn_isolation,,y2::4,y2,2,0.05358231952801784,0.06168080842682324,-0.008098488898805399
persona,rephrased,strengths,human_vs_claude,spread,nn_isolation,,y2::5,y2,4,0.04219770944681678,0.04643343531043643,-0.004235725863619651
persona,rephrased,strengths,human_vs_claude,spread,nn_isolation,,y2::6,y2,4,0.05515032288738625,0.04928176731237845,0.005868555575007803
persona,rephrased,strengths,human_vs_claude,spread,nn_isolation,,y2::7,y2,4,0.06593652623686974,0.05104885128450406,0.014887674952365683
persona,rephrased,strengths,human_vs_claude,spread,nn_isolation,,y2::8,y2,3,0.045819106765461005,0.04713187656637704,-0.0013127698009160332
persona,rephrased,strengths,human_vs_claude,spread,nn_isolation,,y2::9,y2,4,0.05478814318832034,0.03631832499278234,0.018469818195538
persona,rephrased,strengths,human_vs_claude,spread,spherical_variance,,y1::1,y1,4,0.01969343806504409,0.0225164093431355,-0.0028229712780914115
persona,rephrased,strengths,human_vs_claude,spread,spherical_variance,,y1::10,y1,4,0.03198589246381456,0.02010953207349444,0.011876360390320119
persona,rephrased,strengths,human_vs_claude,spread,spherical_variance,,y1::11,y1,4,0.02776329093198726,0.018022295664362774,0.009740995267624487
persona,rephrased,strengths,human_vs_claude,spread,spherical_variance,,y1::12,y1,4,0.02653890627800848,0.015454439605916881,0.011084466672091597
persona,rephrased,strengths,human_vs_claude,spread,spherical_variance,,y1::2,y1,3,0.027113398402131117,0.025507444999168405,0.001605953402962712
persona,rephrased,strengths,human_vs_claude,spread,spherical_variance,,y1::3,y1,4,0.029274421591580668,0.023054213757746876,0.006220207833833792
persona,rephrased,strengths,human_vs_claude,spread,spherical_variance,,y1::4,y1,4,0.023078899163510913,0.016171137721929175,0.006907761441581738
persona,rephrased,strengths,human_vs_claude,spread,spherical_variance,,y1::5,y1,4,0.029185175880245273,0.02094218900953364,0.008242986870711632
persona,rephrased,strengths,human_vs_claude,spread,spherical_variance,,y1::6,y1,4,0.02673609824119816,0.02212496191097719,0.004611136330220967
persona,rephrased,strengths,human_vs_claude,spread,spherical_variance,,y1::7,y1,4,0.024788330119043578,0.02767424304027468,-0.0028859129212311027
persona,rephrased,strengths,human_vs_claude,spread,spherical_variance,,y1::8,y1,5,0.034293259958060984,0.014754179576748627,0.019539080381312357
persona,rephrased,strengths,human_vs_claude,spread,spherical_variance,,y1::9,y1,3,0.026122382230244434,0.02037307714951302,0.005749305080731414
persona,rephrased,strengths,human_vs_claude,spread,spherical_variance,,y2::1,y2,3,0.027011981515159933,0.019029837572113607,0.007982143943046326
persona,rephrased,strengths,human_vs_claude,spread,spherical_variance,,y2::10,y2,3,0.026681942998208363,0.017166792546326793,0.00951515045188157
persona,rephrased,strengths,human_vs_claude,spread,spherical_variance,,y2::11,y2,4,0.027849733626124307,0.02132609185944203,0.006523641766682277
persona,rephrased,strengths,human_vs_claude,spread,spherical_variance,,y2::2,y2,3,0.0172332095072929,0.01631712139462742,0.00091608811266548
persona,rephrased,strengths,human_vs_claude,spread,spherical_variance,,y2::3,y2,4,0.02383472077754123,0.020087031199130422,0.0037476895784108073
persona,rephrased,strengths,human_vs_claude,spread,spherical_variance,,y2::4,y2,2,0.013486523033774622,0.015550231143000826,-0.0020637081092262036
persona,rephrased,strengths,human_vs_claude,spread,spherical_variance,,y2::5,y2,4,0.01715021514244197,0.0207491698091836,-0.0035989546667416286
persona,rephrased,strengths,human_vs_claude,spread,spherical_variance,,y2::6,y2,4,0.024760214733739794,0.023968663931778256,0.0007915508019615373
persona,rephrased,strengths,human_vs_claude,spread,spherical_variance,,y2::7,y2,4,0.032960891932893976,0.022968702075398383,0.009992189857495594
persona,rephrased,strengths,human_vs_claude,spread,spherical_variance,,y2::8,y2,3,0.01694487486958174,0.01728985939855765,-0.00034498452897591125
persona,rephrased,strengths,human_vs_claude,spread,spherical_variance,,y2::9,y2,4,0.023177326303993717,0.01753161091514104,0.005645715388852678
persona,rephrased,strengths,human_vs_gemini,richness,vendi,q=1,y1::1,y1,4,1.229247998134327,1.2653507094353835,-0.03610271130105658
persona,rephrased,strengths,human_vs_gemini,richness,vendi,q=1,y1::10,y1,4,1.3454100349942841,1.1974923008102578,0.14791773418402632
persona,rephrased,strengths,human_vs_gemini,richness,vendi,q=1,y1::11,y1,4,1.3120273946307583,1.2619699063227492,0.05005748830800916
persona,rephrased,strengths,human_vs_gemini,richness,vendi,q=1,y1::12,y1,4,1.294278412727884,1.2216500424000167,0.07262837032786718
persona,rephrased,strengths,human_vs_gemini,richness,vendi,q=1,y1::2,y1,3,1.2731510091246354,1.2129633566389113,0.06018765248572411
persona,rephrased,strengths,human_vs_gemini,richness,vendi,q=1,y1::3,y1,4,1.3241285246828467,1.230570313729455,0.09355821095339167
persona,rephrased,strengths,human_vs_gemini,richness,vendi,q=1,y1::4,y1,4,1.2630769708502791,1.2517735636622154,0.011303407188063774
persona,rephrased,strengths,human_vs_gemini,richness,vendi,q=1,y1::5,y1,4,1.3227424967149297,1.21148487098718,0.11125762572774978
persona,rephrased,strengths,human_vs_gemini,richness,vendi,q=1,y1::6,y1,4,1.3017535877648412,1.2492244464456927,0.05252914131914843
persona,rephrased,strengths,human_vs_gemini,richness,vendi,q=1,y1::7,y1,4,1.2808086611933358,1.2014618142196298,0.07934684697370598
persona,rephrased,strengths,human_vs_gemini,richness,vendi,q=1,y1::8,y1,5,1.3933063049291263,1.2671351266274076,0.12617117830171876
persona,rephrased,strengths,human_vs_gemini,richness,vendi,q=1,y1::9,y1,3,1.268779428549925,1.1646414472740745,0.1041379812758505
persona,rephrased,strengths,human_vs_gemini,richness,vendi,q=1,y2::1,y2,3,1.2758781121866773,1.2157125951565537,0.06016551703012363
persona,rephrased,strengths,human_vs_gemini,richness,vendi,q=1,y2::10,y2,3,1.2688515770599205,1.1888381919945092,0.08001338506541122
persona,rephrased,strengths,human_vs_gemini,richness,vendi,q=1,y2::11,y2,4,1.3102647860749006,1.2786883614465967,0.0315764246283039
persona,rephrased,strengths,human_vs_gemini,richness,vendi,q=1,y2::2,y2,3,1.1871421454852844,1.2210519881017714,-0.033909842616486996
persona,rephrased,strengths,human_vs_gemini,richness,vendi,q=1,y2::3,y2,4,1.269036634652894,1.212099312495673,0.05693732215722114
persona,rephrased,strengths,human_vs_gemini,richness,vendi,q=1,y2::4,y2,2,1.1313420034868966,1.120662728516495,0.010679274970401664
persona,rephrased,strengths,human_vs_gemini,richness,vendi,q=1,y2::5,y2,4,1.203722578254522,1.363821482953329,-0.16009890469880705
persona,rephrased,strengths,human_vs_gemini,richness,vendi,q=1,y2::6,y2,4,1.2802795259983917,1.2464785206431852,0.03380100535520647
persona,rephrased,strengths,human_vs_gemini,richness,vendi,q=1,y2::7,y2,4,1.3580776353607718,1.1828596254525352,0.17521800990823655
persona,rephrased,strengths,human_vs_gemini,richness,vendi,q=1,y2::8,y2,3,1.1851766748351422,1.1768076729932941,0.008369001841848078
persona,rephrased,strengths,human_vs_gemini,richness,vendi,q=1,y2::9,y2,4,1.2656107173411966,1.2334976004490121,0.032113116892184435
persona,rephrased,strengths,human_vs_gemini,dimensionality,participation_ratio,,y1::1,y1,4,2.8322251732180193,2.475729072296053,0.35649610092196626
persona,rephrased,strengths,human_vs_gemini,dimensionality,participation_ratio,,y1::10,y1,4,2.418269377064219,2.578999790821615,-0.16073041375739594
persona,rephrased,strengths,human_vs_gemini,dimensionality,participation_ratio,,y1::11,y1,4,2.9102347109522912,2.509667020069666,0.40056769088262545
persona,rephrased,strengths,human_vs_gemini,dimensionality,participation_ratio,,y1::12,y1,4,2.5520411907834237,2.776972495650123,-0.2249313048666992
persona,rephrased,strengths,human_vs_gemini,dimensionality,participation_ratio,,y1::2,y1,3,1.7420922782089094,1.848022897096138,-0.10593061888722866
persona,rephrased,strengths,human_vs_gemini,dimensionality,participation_ratio,,y1::3,y1,4,2.7248163734956377,2.691170627965328,0.033645745530309856
persona,rephrased,strengths,human_vs_gemini,dimensionality,participation_ratio,,y1::4,y1,4,2.7606801262807714,2.881518664622176,-0.12083853834140479
persona,rephrased,strengths,human_vs_gemini,dimensionality,participation_ratio,,y1::5,y1,4,2.703404723553508,2.801165046948406,-0.09776032339489804
persona,rephrased,strengths,human_vs_gemini,dimensionality,participation_ratio,,y1::6,y1,4,2.9169417896037935,2.7216886127638267,0.1952531768399668
persona,rephrased,strengths,human_vs_gemini,dimensionality,participation_ratio,,y1::7,y1,4,2.8123159330382617,2.8191659291338462,-0.006849996095584565
persona,rephrased,strengths,human_vs_gemini,dimensionality,participation_ratio,,y1::8,y1,5,3.1584802535897922,3.6187645959569146,-0.46028434236712235
persona,rephrased,strengths,human_vs_gemini,dimensionality,participation_ratio,,y1::9,y1,3,1.9446125014034996,1.890724382161915,0.05388811924158454
persona,rephrased,strengths,human_vs_gemini,dimensionality,participation_ratio,,y2::1,y2,3,1.9047770494309746,1.9103755049792945,-0.005598455548319947
persona,rephrased,strengths,human_vs_gemini,dimensionality,participation_ratio,,y2::10,y2,3,1.7191913996975463,1.9283114071218634,-0.20912000742431713
persona,rephrased,strengths,human_vs_gemini,dimensionality,participation_ratio,,y2::11,y2,4,2.7227697846423125,2.848204195705889,-0.12543441106357633
persona,rephrased,strengths,human_vs_gemini,dimensionality,participation_ratio,,y2::2,y2,3,1.8855986419497635,1.7893807926619338,0.09621784928782962
persona,rephrased,strengths,human_vs_gemini,dimensionality,participation_ratio,,y2::3,y2,4,2.634999606882849,2.7716505543181187,-0.13665094743526973
persona,rephrased,strengths,human_vs_gemini,dimensionality,participation_ratio,,y2::4,y2,2,1.0,1.0,0.0
persona,rephrased,strengths,human_vs_gemini,dimensionality,participation_ratio,,y2::5,y2,4,2.9405078934764055,2.5025773011955126,0.4379305922808929
persona,rephrased,strengths,human_vs_gemini,dimensionality,participation_ratio,,y2::6,y2,4,2.7853313342707726,2.653841040615391,0.13149029365538167
persona,rephrased,strengths,human_vs_gemini,dimensionality,participation_ratio,,y2::7,y2,4,2.5998825706788544,2.603283002357101,-0.0034004316782465516
persona,rephrased,strengths,human_vs_gemini,dimensionality,participation_ratio,,y2::8,y2,3,1.9498227297457353,1.8878020755914524,0.06202065415428293
persona,rephrased,strengths,human_vs_gemini,dimensionality,participation_ratio,,y2::9,y2,4,2.903208364255491,2.7264248437656975,0.1767835204897934
persona,rephrased,strengths,human_vs_gemini,dimensionality,effective_rank,,y1::1,y1,4,2.9144666959145336,2.6996405540040938,0.2148261419104398
persona,rephrased,strengths,human_vs_gemini,dimensionality,effective_rank,,y1::10,y1,4,2.6751381900816975,2.7684442349271876,-0.0933060448454901
persona,rephrased,strengths,human_vs_gemini,dimensionality,effective_rank,,y1::11,y1,4,2.95559923126208,2.7286910173873244,0.22690821387475557
persona,rephrased,strengths,human_vs_gemini,dimensionality,effective_rank,,y1::12,y1,4,2.7378660131429147,2.8809305951630195,-0.14306458202010486
persona,rephrased,strengths,human_vs_gemini,dimensionality,effective_rank,,y1::2,y1,3,1.85369458548834,1.9134974432386584,-0.05980285775031846
persona,rephrased,strengths,human_vs_gemini,dimensionality,effective_rank,,y1::3,y1,4,2.8478187448670154,2.83004916409802,0.017769580768995485
persona,rephrased,strengths,human_vs_gemini,dimensionality,effective_rank,,y1::4,y1,4,2.8745699254951553,2.9400270250929843,-0.06545709959782897
persona,rephrased,strengths,human_vs_gemini,dimensionality,effective_rank,,y1::5,y1,4,2.831548755349195,2.893944671701454,-0.06239591635225894
persona,rephrased,strengths,human_vs_gemini,dimensionality,effective_rank,,y1::6,y1,4,2.955708492909144,2.8469118839670893,0.1087966089420549
persona,rephrased,strengths,human_vs_gemini,dimensionality,effective_rank,,y1::7,y1,4,2.8973677809698666,2.9020404631337455,-0.0046726821638789495
persona,rephrased,strengths,human_vs_gemini,dimensionality,effective_rank,,y1::8,y1,5,3.5377368328039007,3.7854296478270615,-0.24769281502316076
persona,rephrased,strengths,human_vs_gemini,dimensionality,effective_rank,,y1::9,y1,3,1.9715844819345576,1.9406977525902274,0.030886729344330233
persona,rephrased,strengths,human_vs_gemini,dimensionality,effective_rank,,y2::1,y2,3,1.9502134171956451,1.9524763825035314,-0.0022629653078862777
persona,rephrased,strengths,human_vs_gemini,dimensionality,effective_rank,,y2::10,y2,3,1.838767835721703,1.962126682297194,-0.1233588465754909
persona,rephrased,strengths,human_vs_gemini,dimensionality,effective_rank,,y2::11,y2,4,2.8551357031117726,2.920873244617583,-0.06573754150581035
persona,rephrased,strengths,human_vs_gemini,dimensionality,effective_rank,,y2::2,y2,3,1.9396299013307137,1.879394044897817,0.06023585643289664
persona,rephrased,strengths,human_vs_gemini,dimensionality,effective_rank,,y2::3,y2,4,2.796385541866599,2.8785946053482467,-0.08220906348164769
persona,rephrased,strengths,human_vs_gemini,dimensionality,effective_rank,,y2::4,y2,2,1.0,1.0,0.0
persona,rephrased,strengths,human_vs_gemini,dimensionality,effective_rank,,y2::5,y2,4,2.9702723079243767,2.7073767621130975,0.26289554581127916
persona,rephrased,strengths,human_vs_gemini,dimensionality,effective_rank,,y2::6,y2,4,2.8902862281142623,2.809322567988882,0.08096366012538025
persona,rephrased,strengths,human_vs_gemini,dimensionality,effective_rank,,y2::7,y2,4,2.7765175054463653,2.783548045468355,-0.007030540021989662
persona,rephrased,strengths,human_vs_gemini,dimensionality,effective_rank,,y2::8,y2,3,1.9743204838187416,1.9390019435606636,0.03531854025807801
persona,rephrased,strengths,human_vs_gemini,dimensionality,effective_rank,,y2::9,y2,4,2.9494918978115314,2.8505738946938495,0.09891800311768195
persona,rephrased,strengths,human_vs_gemini,coverage,coverage_geometric,k=panel_adaptive,y1::1,y1,4,0.75,0.9,-0.15000000000000002
persona,rephrased,strengths,human_vs_gemini,coverage,coverage_geometric,k=panel_adaptive,y1::10,y1,4,1.0,1.0,0.0
persona,rephrased,strengths,human_vs_gemini,coverage,coverage_geometric,k=panel_adaptive,y1::11,y1,4,1.0,1.0,0.0
persona,rephrased,strengths,human_vs_gemini,coverage,coverage_geometric,k=panel_adaptive,y1::12,y1,4,0.75,1.0,-0.25
persona,rephrased,strengths,human_vs_gemini,coverage,coverage_geometric,k=panel_adaptive,y1::2,y1,3,0.6666666666666666,0.9666666666666666,-0.29999999999999993
persona,rephrased,strengths,human_vs_gemini,coverage,coverage_geometric,k=panel_adaptive,y1::3,y1,4,0.75,1.0,-0.25
persona,rephrased,strengths,human_vs_gemini,coverage,coverage_geometric,k=panel_adaptive,y1::4,y1,4,1.0,1.0,0.0
persona,rephrased,strengths,human_vs_gemini,coverage,coverage_geometric,k=panel_adaptive,y1::5,y1,4,0.75,1.0,-0.25
persona,rephrased,strengths,human_vs_gemini,coverage,coverage_geometric,k=panel_adaptive,y1::6,y1,4,1.0,0.5,0.5
persona,rephrased,strengths,human_vs_gemini,coverage,coverage_geometric,k=panel_adaptive,y1::7,y1,4,1.0,0.95,0.050000000000000044
persona,rephrased,strengths,human_vs_gemini,coverage,coverage_geometric,k=panel_adaptive,y1::8,y1,5,1.0,1.0,0.0
persona,rephrased,strengths,human_vs_gemini,coverage,coverage_geometric,k=panel_adaptive,y1::9,y1,3,0.6666666666666666,0.8666666666666666,-0.19999999999999996
persona,rephrased,strengths,human_vs_gemini,coverage,coverage_geometric,k=panel_adaptive,y2::1,y2,3,0.6666666666666666,0.8333333333333333,-0.16666666666666663
persona,rephrased,strengths,human_vs_gemini,coverage,coverage_geometric,k=panel_adaptive,y2::10,y2,3,0.6666666666666666,0.8666666666666666,-0.19999999999999996
persona,rephrased,strengths,human_vs_gemini,coverage,coverage_geometric,k=panel_adaptive,y2::11,y2,4,0.75,0.95,-0.19999999999999996
persona,rephrased,strengths,human_vs_gemini,coverage,coverage_geometric,k=panel_adaptive,y2::2,y2,3,0.6666666666666666,0.8333333333333334,-0.16666666666666674
persona,rephrased,strengths,human_vs_gemini,coverage,coverage_geometric,k=panel_adaptive,y2::3,y2,4,1.0,1.0,0.0
persona,rephrased,strengths,human_vs_gemini,coverage,coverage_geometric,k=panel_adaptive,y2::4,y2,2,,0.0,
persona,rephrased,strengths,human_vs_gemini,coverage,coverage_geometric,k=panel_adaptive,y2::5,y2,4,1.0,0.0,1.0
persona,rephrased,strengths,human_vs_gemini,coverage,coverage_geometric,k=panel_adaptive,y2::6,y2,4,0.75,0.65,0.09999999999999998
persona,rephrased,strengths,human_vs_gemini,coverage,coverage_geometric,k=panel_adaptive,y2::7,y2,4,1.0,1.0,0.0
persona,rephrased,strengths,human_vs_gemini,coverage,coverage_geometric,k=panel_adaptive,y2::8,y2,3,0.6666666666666666,0.19999999999999998,0.4666666666666667
persona,rephrased,strengths,human_vs_gemini,coverage,coverage_geometric,k=panel_adaptive,y2::9,y2,4,1.0,0.5,0.5
persona,rephrased,strengths,human_vs_gemini,evenness,vendi_slope,q=0..2,y1::1,y1,4,0.7294629674340871,0.7250919154531527,0.0043710519809344595
persona,rephrased,strengths,human_vs_gemini,evenness,vendi_slope,q=0..2,y1::10,y1,4,0.7158480961563437,0.732523568915917,-0.016675472759573262
persona,rephrased,strengths,human_vs_gemini,evenness,vendi_slope,q=0..2,y1::11,y1,4,0.7205270364195694,0.725548799380982,-0.005021762961412657
persona,rephrased,strengths,human_vs_gemini,evenness,vendi_slope,q=0..2,y1::12,y1,4,0.7219710352281138,0.7302006064953384,-0.008229571267224567
persona,rephrased,strengths,human_vs_gemini,evenness,vendi_slope,q=0..2,y1::2,y1,3,0.6286502659285841,0.6387562954718873,-0.010106029543303197
persona,rephrased,strengths,human_vs_gemini,evenness,vendi_slope,q=0..2,y1::3,y1,4,0.7188671343500801,0.7291688544384947,-0.010301720088414568
persona,rephrased,strengths,human_vs_gemini,evenness,vendi_slope,q=0..2,y1::4,y1,4,0.7257595879059368,0.7271040500550795,-0.0013444621491427444
persona,rephrased,strengths,human_vs_gemini,evenness,vendi_slope,q=0..2,y1::5,y1,4,0.7189783630653823,0.7312846703301332,-0.012306307264750904
persona,rephrased,strengths,human_vs_gemini,evenness,vendi_slope,q=0..2,y1::6,y1,4,0.7216753255924913,0.7271976506422667,-0.005522325049775456
persona,rephrased,strengths,human_vs_gemini,evenness,vendi_slope,q=0..2,y1::7,y1,4,0.7238622738900535,0.732337129576119,-0.00847485568606543
persona,rephrased,strengths,human_vs_gemini,evenness,vendi_slope,q=0..2,y1::8,y1,5,0.7704706562819498,0.7815256117544285,-0.0110549554724787
persona,rephrased,strengths,human_vs_gemini,evenness,vendi_slope,q=0..2,y1::9,y1,3,0.6300078613519492,0.6462680739242748,-0.016260212572325572
persona,rephrased,strengths,human_vs_gemini,evenness,vendi_slope,q=0..2,y2::1,y2,3,0.6287130819891179,0.6384677516691151,-0.009754669679997163
persona,rephrased,strengths,human_vs_gemini,evenness,vendi_slope,q=0..2,y2::10,y2,3,0.6292976576125627,0.6426837624102104,-0.01338610479764768
persona,rephrased,strengths,human_vs_gemini,evenness,vendi_slope,q=0..2,y2::11,y2,4,0.7204660185654281,0.7241364879609579,-0.0036704693955297296
persona,rephrased,strengths,human_vs_gemini,evenness,vendi_slope,q=0..2,y2::2,y2,3,0.6429077410077274,0.6372060717613616,0.005701669246365837
persona,rephrased,strengths,human_vs_gemini,evenness,vendi_slope,q=0..2,y2::3,y2,4,0.7249393218684038,0.7312040206467662,-0.006264698778362332
persona,rephrased,strengths,human_vs_gemini,evenness,vendi_slope,q=0..2,y2::4,y2,2,0.47249216105812075,0.475060093118609,-0.0025679320604882205
persona,rephrased,strengths,human_vs_gemini,evenness,vendi_slope,q=0..2,y2::5,y2,4,0.7322020418360279,0.7137152496325407,0.018486792203487146
persona,rephrased,strengths,human_vs_gemini,evenness,vendi_slope,q=0..2,y2::6,y2,4,0.7239052333662817,0.7274031874993296,-0.003497954133047987
persona,rephrased,strengths,human_vs_gemini,evenness,vendi_slope,q=0..2,y2::7,y2,4,0.714691426589694,0.7340674586072782,-0.0193760320175842
persona,rephrased,strengths,human_vs_gemini,evenness,vendi_slope,q=0..2,y2::8,y2,3,0.6433069285205992,0.6444542704503791,-0.0011473419297798326
persona,rephrased,strengths,human_vs_gemini,evenness,vendi_slope,q=0..2,y2::9,y2,4,0.7256345720104497,0.7288878491630303,-0.0032532771525806137
persona,rephrased,strengths,human_vs_gemini,evenness,ripley_excess,r=pooled_q01_q50,y1::1,y1,4,0.05922020385285319,0.037484447627270344,0.021735756225582846
persona,rephrased,strengths,human_vs_gemini,evenness,ripley_excess,r=pooled_q01_q50,y1::10,y1,4,0.0025379626997120903,0.0668686244262981,-0.06433066172658601
persona,rephrased,strengths,human_vs_gemini,evenness,ripley_excess,r=pooled_q01_q50,y1::11,y1,4,0.0033719503400596977,0.034128078023234185,-0.030756127683174487
persona,rephrased,strengths,human_vs_gemini,evenness,ripley_excess,r=pooled_q01_q50,y1::12,y1,4,0.020471930254318968,0.06108630957257046,-0.040614379318251494
persona,rephrased,strengths,human_vs_gemini,evenness,ripley_excess,r=pooled_q01_q50,y1::2,y1,3,0.007814988788508228,0.022908513572944527,-0.0150935247844363
persona,rephrased,strengths,human_vs_gemini,evenness,ripley_excess,r=pooled_q01_q50,y1::3,y1,4,0.00496483991247398,0.05293325933784778,-0.047968419425373804
persona,rephrased,strengths,human_vs_gemini,evenness,ripley_excess,r=pooled_q01_q50,y1::4,y1,4,0.032787158039869424,0.04407604875617791,-0.011288890716308488
persona,rephrased,strengths,human_vs_gemini,evenness,ripley_excess,r=pooled_q01_q50,y1::5,y1,4,0.004915883919113086,0.06833939449433041,-0.06342351057521732
persona,rephrased,strengths,human_vs_gemini,evenness,ripley_excess,r=pooled_q01_q50,y1::6,y1,4,0.006439076040147195,0.04229581208784229,-0.0358567360476951
persona,rephrased,strengths,human_vs_gemini,evenness,ripley_excess,r=pooled_q01_q50,y1::7,y1,4,0.01931607870360991,0.07370419177804287,-0.05438811307443296
persona,rephrased,strengths,human_vs_gemini,evenness,ripley_excess,r=pooled_q01_q50,y1::8,y1,5,0.0038878316783901344,0.06596310487311403,-0.0620752731947239
persona,rephrased,strengths,human_vs_gemini,evenness,ripley_excess,r=pooled_q01_q50,y1::9,y1,3,-0.0034032912929989516,0.04959499663863885,-0.05299828793163781
persona,rephrased,strengths,human_vs_gemini,evenness,ripley_excess,r=pooled_q01_q50,y2::1,y2,3,-0.0027103354798224785,0.023561753407792277,-0.026272088887614755
persona,rephrased,strengths,human_vs_gemini,evenness,ripley_excess,r=pooled_q01_q50,y2::10,y2,3,0.007814988788508228,0.0396093275792748,-0.031794338790766576
persona,rephrased,strengths,human_vs_gemini,evenness,ripley_excess,r=pooled_q01_q50,y2::11,y2,4,0.008960934515225658,0.02572973945508436,-0.016768804939858703
persona,rephrased,strengths,human_vs_gemini,evenness,ripley_excess,r=pooled_q01_q50,y2::2,y2,3,0.03903873149186643,0.02424493321618528,0.014793798275681148
persona,rephrased,strengths,human_vs_gemini,evenness,ripley_excess,r=pooled_q01_q50,y2::3,y2,4,0.02800190243302173,0.06579242893985479,-0.03779052650683306
persona,rephrased,strengths,human_vs_gemini,evenness,ripley_excess,r=pooled_q01_q50,y2::4,y2,2,0.01955668756417782,0.02058392494808122,-0.0010272373839034024
persona,rephrased,strengths,human_vs_gemini,evenness,ripley_excess,r=pooled_q01_q50,y2::5,y2,4,0.07565602582966534,0.004915437548111033,0.0707405882815543
persona,rephrased,strengths,human_vs_gemini,evenness,ripley_excess,r=pooled_q01_q50,y2::6,y2,4,0.026382526214031286,0.04581427812061149,-0.019431751906580207
persona,rephrased,strengths,human_vs_gemini,evenness,ripley_excess,r=pooled_q01_q50,y2::7,y2,4,-0.0032242048907609555,0.07235674811124733,-0.07558095300200829
persona,rephrased,strengths,human_vs_gemini,evenness,ripley_excess,r=pooled_q01_q50,y2::8,y2,3,0.042621908470994715,0.043879889243163606,-0.0012579807721688901
persona,rephrased,strengths,human_vs_gemini,evenness,ripley_excess,r=pooled_q01_q50,y2::9,y2,4,0.034680474685401357,0.052169321692122225,-0.01748884700672087
persona,rephrased,strengths,human_vs_gemini,spread,mean_pairwise,,y1::1,y1,4,0.05199872616968835,0.062491170134688835,-0.010492443965000486
persona,rephrased,strengths,human_vs_gemini,spread,mean_pairwise,,y1::10,y1,4,0.08393158348123143,0.044612924944253486,0.03931865853697795
persona,rephrased,strengths,human_vs_gemini,spread,mean_pairwise,,y1::11,y1,4,0.07300770872080188,0.06139640189582089,0.011611306824980988
persona,rephrased,strengths,human_vs_gemini,spread,mean_pairwise,,y1::12,y1,4,0.06983133201277902,0.05021530231302761,0.019616029699751417
persona,rephrased,strengths,human_vs_gemini,spread,mean_pairwise,,y1::2,y1,3,0.08023749064702428,0.05974496676729072,0.020492523879733555
persona,rephrased,strengths,human_vs_gemini,spread,mean_pairwise,,y1::3,y1,4,0.0769224685648544,0.05271634076377722,0.02420612780107717
persona,rephrased,strengths,human_vs_gemini,spread,mean_pairwise,,y1::4,y1,4,0.060833550320563035,0.057614430861104404,0.0032191194594586303
persona,rephrased,strengths,human_vs_gemini,spread,mean_pairwise,,y1::5,y1,4,0.07669143635910701,0.04758809496778114,0.029103341391325872
persona,rephrased,strengths,human_vs_gemini,spread,mean_pairwise,,y1::6,y1,4,0.07034317004430994,0.057424291551601225,0.012918878492708716
persona,rephrased,strengths,human_vs_gemini,spread,mean_pairwise,,y1::7,y1,4,0.06528293190399544,0.04502577548294343,0.020257156421052004
persona,rephrased,strengths,human_vs_gemini,spread,mean_pairwise,,y1::8,y1,5,0.08426311529696465,0.05438384775277779,0.029879267544186856
persona,rephrased,strengths,human_vs_gemini,spread,mean_pairwise,,y1::9,y1,3,0.07734357841065842,0.044241740808358576,0.033101837602299844
persona,rephrased,strengths,human_vs_gemini,spread,mean_pairwise,,y2::1,y2,3,0.07994147382741741,0.06031915567870457,0.01962231814871284
persona,rephrased,strengths,human_vs_gemini,spread,mean_pairwise,,y2::10,y2,3,0.07897793987138402,0.05167442510986252,0.0273035147615215
persona,rephrased,strengths,human_vs_gemini,spread,mean_pairwise,,y2::11,y2,4,0.07323181278560444,0.06462621874160474,0.0086055940439997
persona,rephrased,strengths,human_vs_gemini,spread,mean_pairwise,,y2::2,y2,3,0.05125415325699678,0.06289875776797663,-0.011644604510979845
persona,rephrased,strengths,human_vs_gemini,spread,mean_pairwise,,y2::3,y2,4,0.06280179685405207,0.04778801655872021,0.01501378029533186
persona,rephrased,strengths,human_vs_gemini,spread,mean_pairwise,,y2::4,y2,2,0.05358231952801784,0.0486333390337478,0.00494898049427004
persona,rephrased,strengths,human_vs_gemini,spread,mean_pairwise,,y2::5,y2,4,0.04534173387393634,0.08866311304892338,-0.04332137917498704
persona,rephrased,strengths,human_vs_gemini,spread,mean_pairwise,,y2::6,y2,4,0.0652098149784247,0.05695289108963562,0.008256923888789076
persona,rephrased,strengths,human_vs_gemini,spread,mean_pairwise,,y2::7,y2,4,0.086447151291702,0.04081662918144648,0.04563052211025551
persona,rephrased,strengths,human_vs_gemini,spread,mean_pairwise,,y2::8,y2,3,0.05040393143222677,0.04802315125615253,0.0023807801760742375
persona,rephrased,strengths,human_vs_gemini,spread,mean_pairwise,,y2::9,y2,4,0.06108995220451232,0.05338479647434,0.007705155730172317
persona,rephrased,strengths,human_vs_gemini,spread,centroid_loo,,y1::1,y1,4,0.2620965284465117,0.28545441119626946,-0.023357882749757752
persona,rephrased,strengths,human_vs_gemini,spread,centroid_loo,,y1::10,y1,4,0.33213287279552206,0.24109428787287973,0.09103858492264233
persona,rephrased,strengths,human_vs_gemini,spread,centroid_loo,,y1::11,y1,4,0.3113717397801471,0.28397076368878016,0.027400976091366935
persona,rephrased,strengths,human_vs_gemini,spread,centroid_loo,,y1::12,y1,4,0.3019791122276365,0.2574079445782257,0.044571167649410826
persona,rephrased,strengths,human_vs_gemini,spread,centroid_loo,,y1::2,y1,3,0.3439145368687691,0.2969834583748051,0.046931078493963996
persona,rephrased,strengths,human_vs_gemini,spread,centroid_loo,,y1::3,y1,4,0.3180369054781805,0.2634486872043954,0.05458821827378507
persona,rephrased,strengths,human_vs_gemini,spread,centroid_loo,,y1::4,y1,4,0.28400375099661473,0.2766016247619264,0.007402126234688333
persona,rephrased,strengths,human_vs_gemini,spread,centroid_loo,,y1::5,y1,4,0.3168840238078983,0.25045980556385333,0.06642421824404499
persona,rephrased,strengths,human_vs_gemini,spread,centroid_loo,,y1::6,y1,4,0.3060108924085404,0.2750568693620295,0.030954023046510903
persona,rephrased,strengths,human_vs_gemini,spread,centroid_loo,,y1::7,y1,4,0.2943982509385375,0.24385894446385886,0.050539306474678636
persona,rephrased,strengths,human_vs_gemini,spread,centroid_loo,,y1::8,y1,5,0.32170353104956373,0.25939762937555155,0.062305901674012176
persona,rephrased,strengths,human_vs_gemini,spread,centroid_loo,,y1::9,y1,3,0.33999751062297995,0.25626386889906205,0.0837336417239179
persona,rephrased,strengths,human_vs_gemini,spread,centroid_loo,,y2::1,y2,3,0.3452428693376934,0.29930403300625363,0.04593883633143975
persona,rephrased,strengths,human_vs_gemini,spread,centroid_loo,,y2::10,y2,3,0.34080502571576005,0.2773059387253459,0.06349908699041412
persona,rephrased,strengths,human_vs_gemini,spread,centroid_loo,,y2::11,y2,4,0.31062112956189936,0.2924158014710769,0.01820532809082248
persona,rephrased,strengths,human_vs_gemini,spread,centroid_loo,,y2::2,y2,3,0.27621586370012985,0.3029398716949733,-0.026724007994843424
persona,rephrased,strengths,human_vs_gemini,spread,centroid_loo,,y2::3,y2,4,0.28837751316142385,0.25175887872516994,0.036618634436253905
persona,rephrased,strengths,human_vs_gemini,spread,centroid_loo,,y2::4,y2,2,0.3273601060850817,0.30966947153269114,0.01769063455239056
persona,rephrased,strengths,human_vs_gemini,spread,centroid_loo,,y2::5,y2,4,0.24574414245116394,0.33885932599499535,-0.09311518354383141
persona,rephrased,strengths,human_vs_gemini,spread,centroid_loo,,y2::6,y2,4,0.2932659224388655,0.2724492877630228,0.020816634675842716
persona,rephrased,strengths,human_vs_gemini,spread,centroid_loo,,y2::7,y2,4,0.3374346027127292,0.23061303474248657,0.10682156797024261
persona,rephrased,strengths,human_vs_gemini,spread,centroid_loo,,y2::8,y2,3,0.274510635851334,0.2670665094729536,0.0074441263783804335
persona,rephrased,strengths,human_vs_gemini,spread,centroid_loo,,y2::9,y2,4,0.2851845984139755,0.2647008767597714,0.02048372165420409
persona,rephrased,strengths,human_vs_gemini,spread,mst_dispersion,,y1::1,y1,4,0.04633769003728764,0.04960434907441236,-0.003266659037124718
persona,rephrased,strengths,human_vs_gemini,spread,mst_dispersion,,y1::10,y1,4,0.06397165343364357,0.037482674850369845,0.026488978583273724
persona,rephrased,strengths,human_vs_gemini,spread,mst_dispersion,,y1::11,y1,4,0.06735075670200259,0.04921922895528856,0.018131527746714032
persona,rephrased,strengths,human_vs_gemini,spread,mst_dispersion,,y1::12,y1,4,0.05473216460477537,0.044322862226256275,0.010409302378519093
persona,rephrased,strengths,human_vs_gemini,spread,mst_dispersion,,y1::2,y1,3,0.07119271430031321,0.054263433384183254,0.016929280916129955
persona,rephrased,strengths,human_vs_gemini,spread,mst_dispersion,,y1::3,y1,4,0.06575639551468038,0.044337363300782556,0.02141903221389782
persona,rephrased,strengths,human_vs_gemini,spread,mst_dispersion,,y1::4,y1,4,0.05217537911910094,0.0519526587943268,0.00022272032477414078
persona,rephrased,strengths,human_vs_gemini,spread,mst_dispersion,,y1::5,y1,4,0.06332876848007545,0.04204405513609481,0.021284713343980632
persona,rephrased,strengths,human_vs_gemini,spread,mst_dispersion,,y1::6,y1,4,0.06469354483487333,0.04917984881838279,0.015513696016490539
persona,rephrased,strengths,human_vs_gemini,spread,mst_dispersion,,y1::7,y1,4,0.05806384883075485,0.03909101346561712,0.018972835365137726
persona,rephrased,strengths,human_vs_gemini,spread,mst_dispersion,,y1::8,y1,5,0.06412195852999555,0.04489176130723996,0.019230197222755596
persona,rephrased,strengths,human_vs_gemini,spread,mst_dispersion,,y1::9,y1,3,0.07159582312711382,0.040217608746622925,0.0313782143804909
persona,rephrased,strengths,human_vs_gemini,spread,mst_dispersion,,y2::1,y2,3,0.07423599291227456,0.0550555194767119,0.01918047343556266
persona,rephrased,strengths,human_vs_gemini,spread,mst_dispersion,,y2::10,y2,3,0.06766012135950228,0.0477813236521573,0.019878797707344978
persona,rephrased,strengths,human_vs_gemini,spread,mst_dispersion,,y2::11,y2,4,0.06254054583230113,0.05761732941809481,0.004923216414206323
persona,rephrased,strengths,human_vs_gemini,spread,mst_dispersion,,y2::2,y2,3,0.045916891172962104,0.05328486802788244,-0.007367976854920334
persona,rephrased,strengths,human_vs_gemini,spread,mst_dispersion,,y2::3,y2,4,0.05296559806551382,0.041396378137335134,0.011569219928178685
persona,rephrased,strengths,human_vs_gemini,spread,mst_dispersion,,y2::4,y2,2,0.05358231952801784,0.0486333390337478,0.00494898049427004
persona,rephrased,strengths,human_vs_gemini,spread,mst_dispersion,,y2::5,y2,4,0.04288038050495754,0.07133606956067176,-0.028455689055714224
persona,rephrased,strengths,human_vs_gemini,spread,mst_dispersion,,y2::6,y2,4,0.056446427472357584,0.046498635813787034,0.00994779165857055
persona,rephrased,strengths,human_vs_gemini,spread,mst_dispersion,,y2::7,y2,4,0.06840926957202431,0.03423703953666711,0.0341722300353572
persona,rephrased,strengths,human_vs_gemini,spread,mst_dispersion,,y2::8,y2,3,0.04658472805396946,0.04437319794754285,0.002211530106426607
persona,rephrased,strengths,human_vs_gemini,spread,mst_dispersion,,y2::9,y2,4,0.05646254402746801,0.045558232138850234,0.010904311888617776
persona,rephrased,strengths,human_vs_gemini,spread,sparseness,,y1::1,y1,4,0.04633769003728764,0.05171330390739075,-0.005375613870103109
persona,rephrased,strengths,human_vs_gemini,spread,sparseness,,y1::10,y1,4,0.0696053511808451,0.03861841663652019,0.030986934544324905
persona,rephrased,strengths,human_vs_gemini,spread,sparseness,,y1::11,y1,4,0.0683632349350783,0.05367707248572674,0.014686162449351559
persona,rephrased,strengths,human_vs_gemini,spread,sparseness,,y1::12,y1,4,0.0585148645704906,0.04480691370315825,0.013707950867332348
persona,rephrased,strengths,human_vs_gemini,spread,sparseness,,y1::2,y1,3,0.07119271430031321,0.054263433384183254,0.016929280916129955
persona,rephrased,strengths,human_vs_gemini,spread,sparseness,,y1::3,y1,4,0.06575639551468038,0.04512351465742319,0.020632880857257188
persona,rephrased,strengths,human_vs_gemini,spread,sparseness,,y1::4,y1,4,0.05497173497693101,0.05340244452363761,0.0015692904532933968
persona,rephrased,strengths,human_vs_gemini,spread,sparseness,,y1::5,y1,4,0.06332876848007545,0.04204405513609481,0.021284713343980632
persona,rephrased,strengths,human_vs_gemini,spread,sparseness,,y1::6,y1,4,0.0663629758938024,0.05024899099403912,0.016113984899763276
persona,rephrased,strengths,human_vs_gemini,spread,sparseness,,y1::7,y1,4,0.059106240300125346,0.03941406612615582,0.019692174173969526
persona,rephrased,strengths,human_vs_gemini,spread,sparseness,,y1::8,y1,5,0.07608264842040371,0.04638402323045743,0.029698625189946287
persona,rephrased,strengths,human_vs_gemini,spread,sparseness,,y1::9,y1,3,0.07159582312711382,0.040217608746622925,0.0313782143804909
persona,rephrased,strengths,human_vs_gemini,spread,sparseness,,y2::1,y2,3,0.07423599291227456,0.0550555194767119,0.01918047343556266
persona,rephrased,strengths,human_vs_gemini,spread,sparseness,,y2::10,y2,3,0.06766012135950228,0.0477813236521573,0.019878797707344978
persona,rephrased,strengths,human_vs_gemini,spread,sparseness,,y2::11,y2,4,0.06254054583230113,0.05806970114810019,0.0044708446842009406
persona,rephrased,strengths,human_vs_gemini,spread,sparseness,,y2::2,y2,3,0.045916891172962104,0.05328486802788244,-0.007367976854920334
persona,rephrased,strengths,human_vs_gemini,spread,sparseness,,y2::3,y2,4,0.057783475773043214,0.04382660584100341,0.013956869932039803
persona,rephrased,strengths,human_vs_gemini,spread,sparseness,,y2::4,y2,2,0.05358231952801784,0.0486333390337478,0.00494898049427004
persona,rephrased,strengths,human_vs_gemini,spread,sparseness,,y2::5,y2,4,0.04372203155550499,0.07256742610862157,-0.028845394553116584
persona,rephrased,strengths,human_vs_gemini,spread,sparseness,,y2::6,y2,4,0.056446427472357584,0.046498635813787034,0.00994779165857055
persona,rephrased,strengths,human_vs_gemini,spread,sparseness,,y2::7,y2,4,0.07246398023897287,0.03525140238730705,0.03721257785166582
persona,rephrased,strengths,human_vs_gemini,spread,sparseness,,y2::8,y2,3,0.04658472805396946,0.04437319794754285,0.002211530106426607
persona,rephrased,strengths,human_vs_gemini,spread,sparseness,,y2::9,y2,4,0.057269684776779704,0.04615123427011118,0.011118450506668522
persona,rephrased,strengths,human_vs_gemini,spread,nn_isolation,,y1::1,y1,4,0.044627324864515316,0.04724737539511334,-0.0026200505305980226
persona,rephrased,strengths,human_vs_gemini,spread,nn_isolation,,y1::10,y1,4,0.06056388999756773,0.036032207957611403,0.02453168203995633
persona,rephrased,strengths,human_vs_gemini,spread,nn_isolation,,y1::11,y1,4,0.06627638261265076,0.04488921767682428,0.02138716493582648
persona,rephrased,strengths,human_vs_gemini,spread,nn_isolation,,y1::12,y1,4,0.051063110745261375,0.04265525354381595,0.008407857201445428
persona,rephrased,strengths,human_vs_gemini,spread,nn_isolation,,y1::2,y1,3,0.06397070682327255,0.05141359327134518,0.012557113551927367
persona,rephrased,strengths,human_vs_gemini,spread,nn_isolation,,y1::3,y1,4,0.06163672353959568,0.04251543734851376,0.019121286191081915
persona,rephrased,strengths,human_vs_gemini,spread,nn_isolation,,y1::4,y1,4,0.04984213432096257,0.05107597439034928,-0.0012338400693867047
persona,rephrased,strengths,human_vs_gemini,spread,nn_isolation,,y1::5,y1,4,0.059301587936425454,0.04006131561856446,0.019240272317860997
persona,rephrased,strengths,human_vs_gemini,spread,nn_isolation,,y1::6,y1,4,0.06363652840576109,0.046902617572170555,0.016733910833590535
persona,rephrased,strengths,human_vs_gemini,spread,nn_isolation,,y1::7,y1,4,0.05483848154163787,0.0376197385456878,0.017218742995950068
persona,rephrased,strengths,human_vs_gemini,spread,nn_isolation,,y1::8,y1,5,0.06095836675370929,0.042635392109290196,0.018322974644419093
persona,rephrased,strengths,human_vs_gemini,spread,nn_isolation,,y1::9,y1,3,0.06981077863905842,0.03886084114779746,0.03094993749126096
persona,rephrased,strengths,human_vs_gemini,spread,nn_isolation,,y2::1,y2,3,0.07026454732982002,0.053336054409260016,0.01692849292056
persona,rephrased,strengths,human_vs_gemini,spread,nn_isolation,,y2::10,y2,3,0.06116365645070798,0.046492000673969205,0.014671655776738776
persona,rephrased,strengths,human_vs_gemini,spread,nn_isolation,,y2::11,y2,4,0.062071643039219276,0.05643644757790298,0.005635195461316293
persona,rephrased,strengths,human_vs_gemini,spread,nn_isolation,,y2::2,y2,3,0.043971023349203366,0.05087521830869024,-0.006904194959486874
persona,rephrased,strengths,human_vs_gemini,spread,nn_isolation,,y2::3,y2,4,0.049439720236323315,0.03895901910480666,0.010480701131516654
persona,rephrased,strengths,human_vs_gemini,spread,nn_isolation,,y2::4,y2,2,0.05358231952801784,0.0486333390337478,0.00494898049427004
persona,rephrased,strengths,human_vs_gemini,spread,nn_isolation,,y2::5,y2,4,0.04219770944681678,0.06667432034720525,-0.024476610900388468
persona,rephrased,strengths,human_vs_gemini,spread,nn_isolation,,y2::6,y2,4,0.05515032288738625,0.0446238649624869,0.010526457924899348
persona,rephrased,strengths,human_vs_gemini,spread,nn_isolation,,y2::7,y2,4,0.06593652623686974,0.03209254131317348,0.03384398492369626
persona,rephrased,strengths,human_vs_gemini,spread,nn_isolation,,y2::8,y2,3,0.045819106765461005,0.04233138884402278,0.0034877179214382256
persona,rephrased,strengths,human_vs_gemini,spread,nn_isolation,,y2::9,y2,4,0.05478814318832034,0.04349408455623371,0.011294058632086636
persona,rephrased,strengths,human_vs_gemini,spread,spherical_variance,,y1::1,y1,4,0.01969343806504409,0.023717996875012592,-0.004024558809968503
persona,rephrased,strengths,human_vs_gemini,spread,spherical_variance,,y1::10,y1,4,0.03198589246381456,0.01687397399323809,0.015111918470576469
persona,rephrased,strengths,human_vs_gemini,spread,spherical_variance,,y1::11,y1,4,0.02776329093198726,0.023296496572315563,0.004466794359671698
persona,rephrased,strengths,human_vs_gemini,spread,spherical_variance,,y1::12,y1,4,0.02653890627800848,0.019012401368956856,0.007526504909051622
persona,rephrased,strengths,human_vs_gemini,spread,spherical_variance,,y1::2,y1,3,0.027113398402131117,0.020121708811136164,0.006991689590994953
persona,rephrased,strengths,human_vs_gemini,spread,spherical_variance,,y1::3,y1,4,0.029274421591580668,0.019969047976764086,0.009305373614816582
persona,rephrased,strengths,human_vs_gemini,spread,spherical_variance,,y1::4,y1,4,0.023078899163510913,0.021844426398315787,0.0012344727651951264
persona,rephrased,strengths,human_vs_gemini,spread,spherical_variance,,y1::5,y1,4,0.029185175880245273,0.018008626213441813,0.01117654966680346
persona,rephrased,strengths,human_vs_gemini,spread,spherical_variance,,y1::6,y1,4,0.02673609824119816,0.021772329150563263,0.004963769090634895
persona,rephrased,strengths,human_vs_gemini,spread,spherical_variance,,y1::7,y1,4,0.024788330119043578,0.01703031336681382,0.007758016752229757
persona,rephrased,strengths,human_vs_gemini,spread,spherical_variance,,y1::8,y1,5,0.034293259958060984,0.02199543876432908,0.012297821193731906
persona,rephrased,strengths,human_vs_gemini,spread,spherical_variance,,y1::9,y1,3,0.026122382230244434,0.01485884057182758,0.011263541658416854
persona,rephrased,strengths,human_vs_gemini,spread,spherical_variance,,y2::1,y2,3,0.027011981515159933,0.020316014415705554,0.006695967099454379
persona,rephrased,strengths,human_vs_gemini,spread,spherical_variance,,y2::10,y2,3,0.026681942998208363,0.017377689034054032,0.009304253964154331
persona,rephrased,strengths,human_vs_gemini,spread,spherical_variance,,y2::11,y2,4,0.027849733626124307,0.024537012790486524,0.003312720835637783
persona,rephrased,strengths,human_vs_gemini,spread,spherical_variance,,y2::2,y2,3,0.0172332095072929,0.021200739492813536,-0.003967529985520635
persona,rephrased,strengths,human_vs_gemini,spread,spherical_variance,,y2::3,y2,4,0.02383472077754123,0.018084283093654997,0.005750437683886233
persona,rephrased,strengths,human_vs_gemini,spread,spherical_variance,,y2::4,y2,2,0.013486523033774622,0.012237433753265692,0.0012490892805089304
persona,rephrased,strengths,human_vs_gemini,spread,spherical_variance,,y2::5,y2,4,0.01715021514244197,0.033828970912374266,-0.016678755769932295
persona,rephrased,strengths,human_vs_gemini,spread,spherical_variance,,y2::6,y2,4,0.024760214733739794,0.021593082629575867,0.003167132104163927
persona,rephrased,strengths,human_vs_gemini,spread,spherical_variance,,y2::7,y2,4,0.032960891932893976,0.01542679808799905,0.017534093844894925
persona,rephrased,strengths,human_vs_gemini,spread,spherical_variance,,y2::8,y2,3,0.01694487486958174,0.016139276426095507,0.0008055984434862315
persona,rephrased,strengths,human_vs_gemini,spread,spherical_variance,,y2::9,y2,4,0.023177326303993717,0.020225423476635963,0.0029519028273577545
persona,rephrased,strengths,human_vs_gpt,richness,vendi,q=1,y1::1,y1,4,1.229247998134327,1.206166180611779,0.02308181752254801
persona,rephrased,strengths,human_vs_gpt,richness,vendi,q=1,y1::10,y1,4,1.3454100349942841,1.203807088993726,0.14160294600055812
persona,rephrased,strengths,human_vs_gpt,richness,vendi,q=1,y1::11,y1,4,1.3120273946307583,1.2173867520615684,0.09464064256918991
persona,rephrased,strengths,human_vs_gpt,richness,vendi,q=1,y1::12,y1,4,1.294278412727884,1.221624358680569,0.07265405404731484
persona,rephrased,strengths,human_vs_gpt,richness,vendi,q=1,y1::2,y1,3,1.2731510091246354,1.1650487694355744,0.10810223968906096
persona,rephrased,strengths,human_vs_gpt,richness,vendi,q=1,y1::3,y1,4,1.3241285246828467,1.1966419872058627,0.12748653747698402
persona,rephrased,strengths,human_vs_gpt,richness,vendi,q=1,y1::4,y1,4,1.2630769708502791,1.1814525495068637,0.08162442134341541
persona,rephrased,strengths,human_vs_gpt,richness,vendi,q=1,y1::5,y1,4,1.3227424967149297,1.242584965955364,0.08015753075956566
persona,rephrased,strengths,human_vs_gpt,richness,vendi,q=1,y1::6,y1,4,1.3017535877648412,1.20662287760966,0.09513071015518126
persona,rephrased,strengths,human_vs_gpt,richness,vendi,q=1,y1::7,y1,4,1.2808086611933358,1.232579981978684,0.04822867921465179
persona,rephrased,strengths,human_vs_gpt,richness,vendi,q=1,y1::8,y1,5,1.3933063049291263,1.2092363697113568,0.1840699352177695
persona,rephrased,strengths,human_vs_gpt,richness,vendi,q=1,y1::9,y1,3,1.268779428549925,1.197221827517943,0.07155760103198205
persona,rephrased,strengths,human_vs_gpt,richness,vendi,q=1,y2::1,y2,3,1.2758781121866773,1.161030199641789,0.11484791254488824
persona,rephrased,strengths,human_vs_gpt,richness,vendi,q=1,y2::10,y2,3,1.2688515770599205,1.1953726536082765,0.07347892345164397
persona,rephrased,strengths,human_vs_gpt,richness,vendi,q=1,y2::11,y2,4,1.3102647860749006,1.2067263025375936,0.10353848353730699
persona,rephrased,strengths,human_vs_gpt,richness,vendi,q=1,y2::2,y2,3,1.1871421454852844,1.1596693796173807,0.027472765867903703
persona,rephrased,strengths,human_vs_gpt,richness,vendi,q=1,y2::3,y2,4,1.269036634652894,1.2001658451196455,0.06887078953324854
persona,rephrased,strengths,human_vs_gpt,richness,vendi,q=1,y2::4,y2,2,1.1313420034868966,1.1020059092345762,0.02933609425232042
persona,rephrased,strengths,human_vs_gpt,richness,vendi,q=1,y2::5,y2,4,1.203722578254522,1.2767150941584418,-0.07299251590391975
persona,rephrased,strengths,human_vs_gpt,richness,vendi,q=1,y2::6,y2,4,1.2802795259983917,1.2201666571081244,0.060112868890267235
persona,rephrased,strengths,human_vs_gpt,richness,vendi,q=1,y2::7,y2,4,1.3580776353607718,1.224881286879888,0.1331963484808838
persona,rephrased,strengths,human_vs_gpt,richness,vendi,q=1,y2::8,y2,3,1.1851766748351422,1.1781588539508507,0.007017820884291481
persona,rephrased,strengths,human_vs_gpt,richness,vendi,q=1,y2::9,y2,4,1.2656107173411966,1.2453297110347414,0.02028100630645513
persona,rephrased,strengths,human_vs_gpt,dimensionality,participation_ratio,,y1::1,y1,4,2.8322251732180193,2.794498340708781,0.03772683250923814
persona,rephrased,strengths,human_vs_gpt,dimensionality,participation_ratio,,y1::10,y1,4,2.418269377064219,2.6917770488787185,-0.27350767181449953
persona,rephrased,strengths,human_vs_gpt,dimensionality,participation_ratio,,y1::11,y1,4,2.9102347109522912,2.8076229162456015,0.1026117947066898
persona,rephrased,strengths,human_vs_gpt,dimensionality,participation_ratio,,y1::12,y1,4,2.5520411907834237,2.372279150690703,0.1797620400927209
persona,rephrased,strengths,human_vs_gpt,dimensionality,participation_ratio,,y1::2,y1,3,1.7420922782089094,1.9256031893662637,-0.1835109111573543
persona,rephrased,strengths,human_vs_gpt,dimensionality,participation_ratio,,y1::3,y1,4,2.7248163734956377,2.6845718875368014,0.04024448595883623
persona,rephrased,strengths,human_vs_gpt,dimensionality,participation_ratio,,y1::4,y1,4,2.7606801262807714,2.811612628466974,-0.05093250218620238
persona,rephrased,strengths,human_vs_gpt,dimensionality,participation_ratio,,y1::5,y1,4,2.703404723553508,2.7781279883803824,-0.0747232648268743
persona,rephrased,strengths,human_vs_gpt,dimensionality,participation_ratio,,y1::6,y1,4,2.9169417896037935,2.8511177558012246,0.06582403380256885
persona,rephrased,strengths,human_vs_gpt,dimensionality,participation_ratio,,y1::7,y1,4,2.8123159330382617,2.684593323804136,0.1277226092341257
persona,rephrased,strengths,human_vs_gpt,dimensionality,participation_ratio,,y1::8,y1,5,3.1584802535897922,3.350475701966637,-0.1919954483768449
persona,rephrased,strengths,human_vs_gpt,dimensionality,participation_ratio,,y1::9,y1,3,1.9446125014034996,1.864689253827778,0.07992324757572167
persona,rephrased,strengths,human_vs_gpt,dimensionality,participation_ratio,,y2::1,y2,3,1.9047770494309746,1.9550254031393195,-0.050248353708344906
persona,rephrased,strengths,human_vs_gpt,dimensionality,participation_ratio,,y2::10,y2,3,1.7191913996975463,1.886746393601447,-0.16755499390390072
persona,rephrased,strengths,human_vs_gpt,dimensionality,participation_ratio,,y2::11,y2,4,2.7227697846423125,2.7463645842536013,-0.023594799611288853
persona,rephrased,strengths,human_vs_gpt,dimensionality,participation_ratio,,y2::2,y2,3,1.8855986419497635,1.9084922353994949,-0.02289359344973141
persona,rephrased,strengths,human_vs_gpt,dimensionality,participation_ratio,,y2::3,y2,4,2.634999606882849,2.658290769651218,-0.023291162768368956
persona,rephrased,strengths,human_vs_gpt,dimensionality,participation_ratio,,y2::4,y2,2,1.0,1.0,0.0
persona,rephrased,strengths,human_vs_gpt,dimensionality,participation_ratio,,y2::5,y2,4,2.9405078934764055,2.453437426729645,0.48707046674676047
persona,rephrased,strengths,human_vs_gpt,dimensionality,participation_ratio,,y2::6,y2,4,2.7853313342707726,2.8951180641331278,-0.10978672986235516
persona,rephrased,strengths,human_vs_gpt,dimensionality,participation_ratio,,y2::7,y2,4,2.5998825706788544,2.8768880658850757,-0.2770054952062213
persona,rephrased,strengths,human_vs_gpt,dimensionality,participation_ratio,,y2::8,y2,3,1.9498227297457353,1.9584661045113219,-0.00864337476558652
persona,rephrased,strengths,human_vs_gpt,dimensionality,participation_ratio,,y2::9,y2,4,2.903208364255491,2.8714898438363177,0.031718520419173224
persona,rephrased,strengths,human_vs_gpt,dimensionality,effective_rank,,y1::1,y1,4,2.9144666959145336,2.890084030432868,0.024382665481665455
persona,rephrased,strengths,human_vs_gpt,dimensionality,effective_rank,,y1::10,y1,4,2.6751381900816975,2.836737579731606,-0.1615993896499086
persona,rephrased,strengths,human_vs_gpt,dimensionality,effective_rank,,y1::11,y1,4,2.95559923126208,2.8962792152916235,0.05932001597045655
persona,rephrased,strengths,human_vs_gpt,dimensionality,effective_rank,,y1::12,y1,4,2.7378660131429147,2.6398067582760536,0.09805925486686107
persona,rephrased,strengths,human_vs_gpt,dimensionality,effective_rank,,y1::2,y1,3,1.85369458548834,1.9608295054688534,-0.10713491998051339
persona,rephrased,strengths,human_vs_gpt,dimensionality,effective_rank,,y1::3,y1,4,2.8478187448670154,2.829751452684087,0.01806729218292835
persona,rephrased,strengths,human_vs_gpt,dimensionality,effective_rank,,y1::4,y1,4,2.8745699254951553,2.9012286212015526,-0.02665869570639723
persona,rephrased,strengths,human_vs_gpt,dimensionality,effective_rank,,y1::5,y1,4,2.831548755349195,2.885311371130666,-0.05376261578147101
persona,rephrased,strengths,human_vs_gpt,dimensionality,effective_rank,,y1::6,y1,4,2.955708492909144,2.9176136286990952,0.03809486421004893
persona,rephrased,strengths,human_vs_gpt,dimensionality,effective_rank,,y1::7,y1,4,2.8973677809698666,2.8253848107725106,0.071982970197356
persona,rephrased,strengths,human_vs_gpt,dimensionality,effective_rank,,y1::8,y1,5,3.5377368328039007,3.6389491560669502,-0.10121232326304952
persona,rephrased,strengths,human_vs_gpt,dimensionality,effective_rank,,y1::9,y1,3,1.9715844819345576,1.9257232701395268,0.045861211795030776
persona,rephrased,strengths,human_vs_gpt,dimensionality,effective_rank,,y2::1,y2,3,1.9502134171956451,1.9768147112153636,-0.026601294019718447
persona,rephrased,strengths,human_vs_gpt,dimensionality,effective_rank,,y2::10,y2,3,1.838767835721703,1.938804557652737,-0.10003672193103408
persona,rephrased,strengths,human_vs_gpt,dimensionality,effective_rank,,y2::11,y2,4,2.8551357031117726,2.8618312779885224,-0.006695574876749877
persona,rephrased,strengths,human_vs_gpt,dimensionality,effective_rank,,y2::2,y2,3,1.9396299013307137,1.9514303269443871,-0.011800425613673449
persona,rephrased,strengths,human_vs_gpt,dimensionality,effective_rank,,y2::3,y2,4,2.796385541866599,2.8146906230125444,-0.018305081145945312
persona,rephrased,strengths,human_vs_gpt,dimensionality,effective_rank,,y2::4,y2,2,1.0,1.0,0.0
persona,rephrased,strengths,human_vs_gpt,dimensionality,effective_rank,,y2::5,y2,4,2.9702723079243767,2.692175797689978,0.27809651023439885
persona,rephrased,strengths,human_vs_gpt,dimensionality,effective_rank,,y2::6,y2,4,2.8902862281142623,2.944766237828664,-0.05448000971440159
persona,rephrased,strengths,human_vs_gpt,dimensionality,effective_rank,,y2::7,y2,4,2.7765175054463653,2.9351437606395465,-0.1586262551931812
persona,rephrased,strengths,human_vs_gpt,dimensionality,effective_rank,,y2::8,y2,3,1.9743204838187416,1.9785712189595288,-0.004250735140787221
persona,rephrased,strengths,human_vs_gpt,dimensionality,effective_rank,,y2::9,y2,4,2.9494918978115314,2.9318723206816757,0.017619577129855735
persona,rephrased,strengths,human_vs_gpt,coverage,coverage_geometric,k=panel_adaptive,y1::1,y1,4,0.75,1.0,-0.25
persona,rephrased,strengths,human_vs_gpt,coverage,coverage_geometric,k=panel_adaptive,y1::10,y1,4,1.0,1.0,0.0
persona,rephrased,strengths,human_vs_gpt,coverage,coverage_geometric,k=panel_adaptive,y1::11,y1,4,1.0,1.0,0.0
persona,rephrased,strengths,human_vs_gpt,coverage,coverage_geometric,k=panel_adaptive,y1::12,y1,4,0.75,1.0,-0.25
persona,rephrased,strengths,human_vs_gpt,coverage,coverage_geometric,k=panel_adaptive,y1::2,y1,3,0.6666666666666666,1.0,-0.33333333333333337
persona,rephrased,strengths,human_vs_gpt,coverage,coverage_geometric,k=panel_adaptive,y1::3,y1,4,0.75,1.0,-0.25
persona,rephrased,strengths,human_vs_gpt,coverage,coverage_geometric,k=panel_adaptive,y1::4,y1,4,1.0,1.0,0.0
persona,rephrased,strengths,human_vs_gpt,coverage,coverage_geometric,k=panel_adaptive,y1::5,y1,4,0.75,1.0,-0.25
persona,rephrased,strengths,human_vs_gpt,coverage,coverage_geometric,k=panel_adaptive,y1::6,y1,4,1.0,0.95,0.050000000000000044
persona,rephrased,strengths,human_vs_gpt,coverage,coverage_geometric,k=panel_adaptive,y1::7,y1,4,1.0,0.75,0.25
persona,rephrased,strengths,human_vs_gpt,coverage,coverage_geometric,k=panel_adaptive,y1::8,y1,5,1.0,1.0,0.0
persona,rephrased,strengths,human_vs_gpt,coverage,coverage_geometric,k=panel_adaptive,y1::9,y1,3,0.6666666666666666,0.8666666666666668,-0.20000000000000018
persona,rephrased,strengths,human_vs_gpt,coverage,coverage_geometric,k=panel_adaptive,y2::1,y2,3,0.6666666666666666,0.9666666666666666,-0.29999999999999993
persona,rephrased,strengths,human_vs_gpt,coverage,coverage_geometric,k=panel_adaptive,y2::10,y2,3,0.6666666666666666,1.0,-0.33333333333333337
persona,rephrased,strengths,human_vs_gpt,coverage,coverage_geometric,k=panel_adaptive,y2::11,y2,4,0.75,1.0,-0.25
persona,rephrased,strengths,human_vs_gpt,coverage,coverage_geometric,k=panel_adaptive,y2::2,y2,3,0.6666666666666666,0.5333333333333333,0.1333333333333333
persona,rephrased,strengths,human_vs_gpt,coverage,coverage_geometric,k=panel_adaptive,y2::3,y2,4,1.0,1.0,0.0
persona,rephrased,strengths,human_vs_gpt,coverage,coverage_geometric,k=panel_adaptive,y2::4,y2,2,,0.0,
persona,rephrased,strengths,human_vs_gpt,coverage,coverage_geometric,k=panel_adaptive,y2::5,y2,4,1.0,0.6,0.4
persona,rephrased,strengths,human_vs_gpt,coverage,coverage_geometric,k=panel_adaptive,y2::6,y2,4,0.75,1.0,-0.25
persona,rephrased,strengths,human_vs_gpt,coverage,coverage_geometric,k=panel_adaptive,y2::7,y2,4,1.0,1.0,0.0
persona,rephrased,strengths,human_vs_gpt,coverage,coverage_geometric,k=panel_adaptive,y2::8,y2,3,0.6666666666666666,0.33333333333333337,0.33333333333333326
persona,rephrased,strengths,human_vs_gpt,coverage,coverage_geometric,k=panel_adaptive,y2::9,y2,4,1.0,0.5,0.5
persona,rephrased,strengths,human_vs_gpt,evenness,vendi_slope,q=0..2,y1::1,y1,4,0.7294629674340871,0.7318334994863044,-0.002370532052217267
persona,rephrased,strengths,human_vs_gpt,evenness,vendi_slope,q=0..2,y1::10,y1,4,0.7158480961563437,0.7319993828362771,-0.016151286679933374
persona,rephrased,strengths,human_vs_gpt,evenness,vendi_slope,q=0..2,y1::11,y1,4,0.7205270364195694,0.7306724466336654,-0.010145410214095985
persona,rephrased,strengths,human_vs_gpt,evenness,vendi_slope,q=0..2,y1::12,y1,4,0.7219710352281138,0.7297191714692615,-0.007748136241147674
persona,rephrased,strengths,human_vs_gpt,evenness,vendi_slope,q=0..2,y1::2,y1,3,0.6286502659285841,0.6462533193235879,-0.017603053395003787
persona,rephrased,strengths,human_vs_gpt,evenness,vendi_slope,q=0..2,y1::3,y1,4,0.7188671343500801,0.7327208322944094,-0.013853697944329335
persona,rephrased,strengths,human_vs_gpt,evenness,vendi_slope,q=0..2,y1::4,y1,4,0.7257595879059368,0.7343776009932703,-0.008618013087333565
persona,rephrased,strengths,human_vs_gpt,evenness,vendi_slope,q=0..2,y1::5,y1,4,0.7189783630653823,0.7279903880803407,-0.009012025014958347
persona,rephrased,strengths,human_vs_gpt,evenness,vendi_slope,q=0..2,y1::6,y1,4,0.7216753255924913,0.7318281187604827,-0.010152793167991447
persona,rephrased,strengths,human_vs_gpt,evenness,vendi_slope,q=0..2,y1::7,y1,4,0.7238622738900535,0.7289475919461396,-0.00508531805608603
persona,rephrased,strengths,human_vs_gpt,evenness,vendi_slope,q=0..2,y1::8,y1,5,0.7704706562819498,0.785971751842345,-0.01550109556039525
persona,rephrased,strengths,human_vs_gpt,evenness,vendi_slope,q=0..2,y1::9,y1,3,0.6300078613519492,0.6412772498384027,-0.011269388486453535
persona,rephrased,strengths,human_vs_gpt,evenness,vendi_slope,q=0..2,y2::1,y2,3,0.6287130819891179,0.6468938410201814,-0.01818075903106353
persona,rephrased,strengths,human_vs_gpt,evenness,vendi_slope,q=0..2,y2::10,y2,3,0.6292976576125627,0.6415982715753313,-0.012300613962768603
persona,rephrased,strengths,human_vs_gpt,evenness,vendi_slope,q=0..2,y2::11,y2,4,0.7204660185654281,0.7317331898263785,-0.011267171260950337
persona,rephrased,strengths,human_vs_gpt,evenness,vendi_slope,q=0..2,y2::2,y2,3,0.6429077410077274,0.6470330270236194,-0.004125286015892016
persona,rephrased,strengths,human_vs_gpt,evenness,vendi_slope,q=0..2,y2::3,y2,4,0.7249393218684038,0.7323421103577195,-0.007402788489315637
persona,rephrased,strengths,human_vs_gpt,evenness,vendi_slope,q=0..2,y2::4,y2,2,0.47249216105812075,0.47975654606052814,-0.007264385002407392
persona,rephrased,strengths,human_vs_gpt,evenness,vendi_slope,q=0..2,y2::5,y2,4,0.7322020418360279,0.7237340559739958,0.008467985862032124
persona,rephrased,strengths,human_vs_gpt,evenness,vendi_slope,q=0..2,y2::6,y2,4,0.7239052333662817,0.7304623195915746,-0.006557086225292941
persona,rephrased,strengths,human_vs_gpt,evenness,vendi_slope,q=0..2,y2::7,y2,4,0.714691426589694,0.7299517929150303,-0.015260366325336339
persona,rephrased,strengths,human_vs_gpt,evenness,vendi_slope,q=0..2,y2::8,y2,3,0.6433069285205992,0.6443606945544103,-0.001053766033811021
persona,rephrased,strengths,human_vs_gpt,evenness,vendi_slope,q=0..2,y2::9,y2,4,0.7256345720104497,0.7277797612516093,-0.002145189241159584
persona,rephrased,strengths,human_vs_gpt,evenness,ripley_excess,r=pooled_q01_q50,y1::1,y1,4,0.05922020385285319,0.06948186009413826,-0.01026165624128507
persona,rephrased,strengths,human_vs_gpt,evenness,ripley_excess,r=pooled_q01_q50,y1::10,y1,4,0.0025379626997120903,0.06918601599479467,-0.06664805329508258
persona,rephrased,strengths,human_vs_gpt,evenness,ripley_excess,r=pooled_q01_q50,y1::11,y1,4,0.0033719503400596977,0.06843178692297408,-0.06505983658291438
persona,rephrased,strengths,human_vs_gpt,evenness,ripley_excess,r=pooled_q01_q50,y1::12,y1,4,0.020471930254318968,0.05168428045061864,-0.03121235019629967
persona,rephrased,strengths,human_vs_gpt,evenness,ripley_excess,r=pooled_q01_q50,y1::2,y1,3,0.007814988788508228,0.04962658401642884,-0.04181159522792061
persona,rephrased,strengths,human_vs_gpt,evenness,ripley_excess,r=pooled_q01_q50,y1::3,y1,4,0.00496483991247398,0.07084471311464047,-0.06587987320216648
persona,rephrased,strengths,human_vs_gpt,evenness,ripley_excess,r=pooled_q01_q50,y1::4,y1,4,0.032787158039869424,0.08051254338799868,-0.04772538534812926
persona,rephrased,strengths,human_vs_gpt,evenness,ripley_excess,r=pooled_q01_q50,y1::5,y1,4,0.004915883919113086,0.049667917204878474,-0.04475203328576539
persona,rephrased,strengths,human_vs_gpt,evenness,ripley_excess,r=pooled_q01_q50,y1::6,y1,4,0.006439076040147195,0.0731815432229556,-0.06674246718280841
persona,rephrased,strengths,human_vs_gpt,evenness,ripley_excess,r=pooled_q01_q50,y1::7,y1,4,0.01931607870360991,0.051755760003179496,-0.03243968129956959
persona,rephrased,strengths,human_vs_gpt,evenness,ripley_excess,r=pooled_q01_q50,y1::8,y1,5,0.0038878316783901344,0.09460634867563592,-0.09071851699724578
persona,rephrased,strengths,human_vs_gpt,evenness,ripley_excess,r=pooled_q01_q50,y1::9,y1,3,-0.0034032912929989516,0.03191874740039426,-0.03532203869339321
persona,rephrased,strengths,human_vs_gpt,evenness,ripley_excess,r=pooled_q01_q50,y2::1,y2,3,-0.0027103354798224785,0.051836149224468955,-0.05454648470429144
persona,rephrased,strengths,human_vs_gpt,evenness,ripley_excess,r=pooled_q01_q50,y2::10,y2,3,0.007814988788508228,0.03297324269017419,-0.025158253901665963
persona,rephrased,strengths,human_vs_gpt,evenness,ripley_excess,r=pooled_q01_q50,y2::11,y2,4,0.008960934515225658,0.06744526845758206,-0.0584843339423564
persona,rephrased,strengths,human_vs_gpt,evenness,ripley_excess,r=pooled_q01_q50,y2::2,y2,3,0.03903873149186643,0.05105063369562961,-0.012011902203763178
persona,rephrased,strengths,human_vs_gpt,evenness,ripley_excess,r=pooled_q01_q50,y2::3,y2,4,0.02800190243302173,0.06975273481517688,-0.04175083238215515
persona,rephrased,strengths,human_vs_gpt,evenness,ripley_excess,r=pooled_q01_q50,y2::4,y2,2,0.01955668756417782,0.02670941954876215,-0.00715273198458433
persona,rephrased,strengths,human_vs_gpt,evenness,ripley_excess,r=pooled_q01_q50,y2::5,y2,4,0.07565602582966534,0.03638489802416902,0.03927112780549632
persona,rephrased,strengths,human_vs_gpt,evenness,ripley_excess,r=pooled_q01_q50,y2::6,y2,4,0.026382526214031286,0.06839249271866879,-0.04200996650463751
persona,rephrased,strengths,human_vs_gpt,evenness,ripley_excess,r=pooled_q01_q50,y2::7,y2,4,-0.0032242048907609555,0.06329033647391227,-0.06651454136467323
persona,rephrased,strengths,human_vs_gpt,evenness,ripley_excess,r=pooled_q01_q50,y2::8,y2,3,0.042621908470994715,0.04594151309678811,-0.003319604625793393
persona,rephrased,strengths,human_vs_gpt,evenness,ripley_excess,r=pooled_q01_q50,y2::9,y2,4,0.034680474685401357,0.04835976643210059,-0.013679291746699233
persona,rephrased,strengths,human_vs_gpt,spread,mean_pairwise,,y1::1,y1,4,0.05199872616968835,0.04625539005790349,0.005743336111784861
persona,rephrased,strengths,human_vs_gpt,spread,mean_pairwise,,y1::10,y1,4,0.08393158348123143,0.04586711906816649,0.03806446441306494
persona,rephrased,strengths,human_vs_gpt,spread,mean_pairwise,,y1::11,y1,4,0.07300770872080188,0.04907129360492666,0.02393641511587522
persona,rephrased,strengths,human_vs_gpt,spread,mean_pairwise,,y1::12,y1,4,0.06983133201277902,0.051472966338990775,0.01835836567378825
persona,rephrased,strengths,human_vs_gpt,spread,mean_pairwise,,y1::2,y1,3,0.08023749064702428,0.04426465647089043,0.035972834176133846
persona,rephrased,strengths,human_vs_gpt,spread,mean_pairwise,,y1::3,y1,4,0.0769224685648544,0.04410894139603614,0.03281352716881825
persona,rephrased,strengths,human_vs_gpt,spread,mean_pairwise,,y1::4,y1,4,0.060833550320563035,0.04002688385940191,0.020806666461161125
persona,rephrased,strengths,human_vs_gpt,spread,mean_pairwise,,y1::5,y1,4,0.07669143635910701,0.05552194934161173,0.021169487017495277
persona,rephrased,strengths,human_vs_gpt,spread,mean_pairwise,,y1::6,y1,4,0.07034317004430994,0.046261025302156554,0.024082144742153387
persona,rephrased,strengths,human_vs_gpt,spread,mean_pairwise,,y1::7,y1,4,0.06528293190399544,0.05324733255598443,0.01203559934801101
persona,rephrased,strengths,human_vs_gpt,spread,mean_pairwise,,y1::8,y1,5,0.08426311529696465,0.04192103705593987,0.042342078241024775
persona,rephrased,strengths,human_vs_gpt,spread,mean_pairwise,,y1::9,y1,3,0.07734357841065842,0.05459321873400769,0.022750359676650733
persona,rephrased,strengths,human_vs_gpt,spread,mean_pairwise,,y2::1,y2,3,0.07994147382741741,0.04291892836584774,0.03702254546156967
persona,rephrased,strengths,human_vs_gpt,spread,mean_pairwise,,y2::10,y2,3,0.07897793987138402,0.05393053513749352,0.0250474047338905
persona,rephrased,strengths,human_vs_gpt,spread,mean_pairwise,,y2::11,y2,4,0.07323181278560444,0.04650601885600686,0.026725793929597577
persona,rephrased,strengths,human_vs_gpt,spread,mean_pairwise,,y2::2,y2,3,0.05125415325699678,0.04263395896131982,0.00862019429567696
persona,rephrased,strengths,human_vs_gpt,spread,mean_pairwise,,y2::3,y2,4,0.06280179685405207,0.04503579619531525,0.01776600065873682
persona,rephrased,strengths,human_vs_gpt,spread,mean_pairwise,,y2::4,y2,2,0.05358231952801784,0.039671069854199915,0.013911249673817926
persona,rephrased,strengths,human_vs_gpt,spread,mean_pairwise,,y2::5,y2,4,0.04534173387393634,0.06572154416315157,-0.020379810289215226
persona,rephrased,strengths,human_vs_gpt,spread,mean_pairwise,,y2::6,y2,4,0.0652098149784247,0.049565900337333595,0.0156439146410911
persona,rephrased,strengths,human_vs_gpt,spread,mean_pairwise,,y2::7,y2,4,0.086447151291702,0.050799888551650386,0.03564726274005161
persona,rephrased,strengths,human_vs_gpt,spread,mean_pairwise,,y2::8,y2,3,0.05040393143222677,0.0482022588907497,0.0022016725414770663
persona,rephrased,strengths,human_vs_gpt,spread,mean_pairwise,,y2::9,y2,4,0.06108995220451232,0.05600659427647131,0.005083357928041009
persona,rephrased,strengths,human_vs_gpt,spread,centroid_loo,,y1::1,y1,4,0.2620965284465117,0.2470415348094958,0.015054993637015901
persona,rephrased,strengths,human_vs_gpt,spread,centroid_loo,,y1::10,y1,4,0.33213287279552206,0.24605676388318218,0.08607610891233988
persona,rephrased,strengths,human_vs_gpt,spread,centroid_loo,,y1::11,y1,4,0.3113717397801471,0.25465640560580854,0.05671533417433855
persona,rephrased,strengths,human_vs_gpt,spread,centroid_loo,,y1::12,y1,4,0.3019791122276365,0.2559184670933113,0.04606064513432523
persona,rephrased,strengths,human_vs_gpt,spread,centroid_loo,,y1::2,y1,3,0.3439145368687691,0.25666725444637695,0.08724728242239216
persona,rephrased,strengths,human_vs_gpt,spread,centroid_loo,,y1::3,y1,4,0.3180369054781805,0.2404508393732982,0.07758606610488228
persona,rephrased,strengths,human_vs_gpt,spread,centroid_loo,,y1::4,y1,4,0.28400375099661473,0.23024279459942892,0.05376095639718581
persona,rephrased,strengths,human_vs_gpt,spread,centroid_loo,,y1::5,y1,4,0.3168840238078983,0.2712507677401724,0.04563325606772589
persona,rephrased,strengths,human_vs_gpt,spread,centroid_loo,,y1::6,y1,4,0.3060108924085404,0.24740015741358423,0.05861073499495617
persona,rephrased,strengths,human_vs_gpt,spread,centroid_loo,,y1::7,y1,4,0.2943982509385375,0.2645404013201157,0.029857849618421806
persona,rephrased,strengths,human_vs_gpt,spread,centroid_loo,,y1::8,y1,5,0.32170353104956373,0.22567910981283962,0.09602442123672411
persona,rephrased,strengths,human_vs_gpt,spread,centroid_loo,,y1::9,y1,3,0.33999751062297995,0.28431831902150406,0.055679191601475886
persona,rephrased,strengths,human_vs_gpt,spread,centroid_loo,,y2::1,y2,3,0.3452428693376934,0.253109375949049,0.0921334933886444
persona,rephrased,strengths,human_vs_gpt,spread,centroid_loo,,y2::10,y2,3,0.34080502571576005,0.2828119988518303,0.057993026863929764
persona,rephrased,strengths,human_vs_gpt,spread,centroid_loo,,y2::11,y2,4,0.31062112956189936,0.24754733922084687,0.06307379034105248
persona,rephrased,strengths,human_vs_gpt,spread,centroid_loo,,y2::2,y2,3,0.27621586370012985,0.251780961329566,0.024434902370563838
persona,rephrased,strengths,human_vs_gpt,spread,centroid_loo,,y2::3,y2,4,0.28837751316142385,0.24322081750110028,0.04515669566032357
persona,rephrased,strengths,human_vs_gpt,spread,centroid_loo,,y2::4,y2,2,0.3273601060850817,0.28036032581902426,0.046999780266057445
persona,rephrased,strengths,human_vs_gpt,spread,centroid_loo,,y2::5,y2,4,0.24574414245116394,0.2907389107447758,-0.044994768293611875
persona,rephrased,strengths,human_vs_gpt,spread,centroid_loo,,y2::6,y2,4,0.2932659224388655,0.25678415877501937,0.036481763663846145
persona,rephrased,strengths,human_vs_gpt,spread,centroid_loo,,y2::7,y2,4,0.3374346027127292,0.25961297461034805,0.07782162810238114
persona,rephrased,strengths,human_vs_gpt,spread,centroid_loo,,y2::8,y2,3,0.274510635851334,0.26831293698789116,0.0061976988634428465
persona,rephrased,strengths,human_vs_gpt,spread,centroid_loo,,y2::9,y2,4,0.2851845984139755,0.27238158322798445,0.012803015185991029
persona,rephrased,strengths,human_vs_gpt,spread,mst_dispersion,,y1::1,y1,4,0.04633769003728764,0.040998163045115804,0.005339526992171835
persona,rephrased,strengths,human_vs_gpt,spread,mst_dispersion,,y1::10,y1,4,0.06397165343364357,0.03830302912521198,0.025668624308431587
persona,rephrased,strengths,human_vs_gpt,spread,mst_dispersion,,y1::11,y1,4,0.06735075670200259,0.04332735270024822,0.024023404001754373
persona,rephrased,strengths,human_vs_gpt,spread,mst_dispersion,,y1::12,y1,4,0.05473216460477537,0.04024236733246444,0.01448979727231093
persona,rephrased,strengths,human_vs_gpt,spread,mst_dispersion,,y1::2,y1,3,0.07119271430031321,0.04058932602082672,0.03060338827948649
persona,rephrased,strengths,human_vs_gpt,spread,mst_dispersion,,y1::3,y1,4,0.06575639551468038,0.03755365726591067,0.028202738248769704
persona,rephrased,strengths,human_vs_gpt,spread,mst_dispersion,,y1::4,y1,4,0.05217537911910094,0.035321055747788335,0.016854323371312603
persona,rephrased,strengths,human_vs_gpt,spread,mst_dispersion,,y1::5,y1,4,0.06332876848007545,0.048326033647575053,0.015002734832500392
persona,rephrased,strengths,human_vs_gpt,spread,mst_dispersion,,y1::6,y1,4,0.06469354483487333,0.041683577513557606,0.023009967321315723
persona,rephrased,strengths,human_vs_gpt,spread,mst_dispersion,,y1::7,y1,4,0.05806384883075485,0.044499224656224655,0.013564624174530193
persona,rephrased,strengths,human_vs_gpt,spread,mst_dispersion,,y1::8,y1,5,0.06412195852999555,0.0335827369825204,0.030539221547475154
persona,rephrased,strengths,human_vs_gpt,spread,mst_dispersion,,y1::9,y1,3,0.07159582312711382,0.04939302095058714,0.022202802176526683
persona,rephrased,strengths,human_vs_gpt,spread,mst_dispersion,,y2::1,y2,3,0.07423599291227456,0.040167421918771415,0.03406857099350315
persona,rephrased,strengths,human_vs_gpt,spread,mst_dispersion,,y2::10,y2,3,0.06766012135950228,0.04899039541466495,0.01866972594483733
persona,rephrased,strengths,human_vs_gpt,spread,mst_dispersion,,y2::11,y2,4,0.06254054583230113,0.03974846546439804,0.022792080367903096
persona,rephrased,strengths,human_vs_gpt,spread,mst_dispersion,,y2::2,y2,3,0.045916891172962104,0.03918620513126446,0.006730686041697645
persona,rephrased,strengths,human_vs_gpt,spread,mst_dispersion,,y2::3,y2,4,0.05296559806551382,0.038277496060990755,0.014688102004523064
persona,rephrased,strengths,human_vs_gpt,spread,mst_dispersion,,y2::4,y2,2,0.05358231952801784,0.039671069854199915,0.013911249673817926
persona,rephrased,strengths,human_vs_gpt,spread,mst_dispersion,,y2::5,y2,4,0.04288038050495754,0.0530595507574008,-0.010179170252443262
persona,rephrased,strengths,human_vs_gpt,spread,mst_dispersion,,y2::6,y2,4,0.056446427472357584,0.045390106691267515,0.011056320781090069
persona,rephrased,strengths,human_vs_gpt,spread,mst_dispersion,,y2::7,y2,4,0.06840926957202431,0.04532618198257953,0.02308308758944478
persona,rephrased,strengths,human_vs_gpt,spread,mst_dispersion,,y2::8,y2,3,0.04658472805396946,0.046211022545488555,0.00037370550848090517
persona,rephrased,strengths,human_vs_gpt,spread,mst_dispersion,,y2::9,y2,4,0.05646254402746801,0.049747747832715884,0.006714796194752126
persona,rephrased,strengths,human_vs_gpt,spread,sparseness,,y1::1,y1,4,0.04633769003728764,0.041228773047391594,0.005108916989896045
persona,rephrased,strengths,human_vs_gpt,spread,sparseness,,y1::10,y1,4,0.0696053511808451,0.040509670034078085,0.029095681146767013
persona,rephrased,strengths,human_vs_gpt,spread,sparseness,,y1::11,y1,4,0.0683632349350783,0.04332735270024822,0.02503588223483008
persona,rephrased,strengths,human_vs_gpt,spread,sparseness,,y1::12,y1,4,0.0585148645704906,0.04154210237192722,0.016972762198563376
persona,rephrased,strengths,human_vs_gpt,spread,sparseness,,y1::2,y1,3,0.07119271430031321,0.04058932602082672,0.03060338827948649
persona,rephrased,strengths,human_vs_gpt,spread,sparseness,,y1::3,y1,4,0.06575639551468038,0.03819622334923433,0.027560172165446047
persona,rephrased,strengths,human_vs_gpt,spread,sparseness,,y1::4,y1,4,0.05497173497693101,0.037245546811571266,0.017726188165359744
persona,rephrased,strengths,human_vs_gpt,spread,sparseness,,y1::5,y1,4,0.06332876848007545,0.051320423788586755,0.01200834469148869
persona,rephrased,strengths,human_vs_gpt,spread,sparseness,,y1::6,y1,4,0.0663629758938024,0.041908338648939496,0.024454637244862902
persona,rephrased,strengths,human_vs_gpt,spread,sparseness,,y1::7,y1,4,0.059106240300125346,0.04587816094673868,0.013228079353386664
persona,rephrased,strengths,human_vs_gpt,spread,sparseness,,y1::8,y1,5,0.07608264842040371,0.0335827369825204,0.042499911437883314
persona,rephrased,strengths,human_vs_gpt,spread,sparseness,,y1::9,y1,3,0.07159582312711382,0.04939302095058714,0.022202802176526683
persona,rephrased,strengths,human_vs_gpt,spread,sparseness,,y2::1,y2,3,0.07423599291227456,0.040167421918771415,0.03406857099350315
persona,rephrased,strengths,human_vs_gpt,spread,sparseness,,y2::10,y2,3,0.06766012135950228,0.04899039541466495,0.01866972594483733
persona,rephrased,strengths,human_vs_gpt,spread,sparseness,,y2::11,y2,4,0.06254054583230113,0.040416287056222404,0.02212425877607873
persona,rephrased,strengths,human_vs_gpt,spread,sparseness,,y2::2,y2,3,0.045916891172962104,0.03918620513126446,0.006730686041697645
persona,rephrased,strengths,human_vs_gpt,spread,sparseness,,y2::3,y2,4,0.057783475773043214,0.039730443758704055,0.01805303201433916
persona,rephrased,strengths,human_vs_gpt,spread,sparseness,,y2::4,y2,2,0.05358231952801784,0.039671069854199915,0.013911249673817926
persona,rephrased,strengths,human_vs_gpt,spread,sparseness,,y2::5,y2,4,0.04372203155550499,0.05496247977872907,-0.011240448223224078
persona,rephrased,strengths,human_vs_gpt,spread,sparseness,,y2::6,y2,4,0.056446427472357584,0.046350466254541325,0.010095961217816259
persona,rephrased,strengths,human_vs_gpt,spread,sparseness,,y2::7,y2,4,0.07246398023897287,0.04641938068580267,0.0260445995531702
persona,rephrased,strengths,human_vs_gpt,spread,sparseness,,y2::8,y2,3,0.04658472805396946,0.046211022545488555,0.00037370550848090517
persona,rephrased,strengths,human_vs_gpt,spread,sparseness,,y2::9,y2,4,0.057269684776779704,0.05010033005663679,0.007169354720142913
persona,rephrased,strengths,human_vs_gpt,spread,nn_isolation,,y1::1,y1,4,0.044627324864515316,0.03885478003607948,0.005772544828435838
persona,rephrased,strengths,human_vs_gpt,spread,nn_isolation,,y1::10,y1,4,0.06056388999756773,0.03720666247428035,0.02335722752328738
persona,rephrased,strengths,human_vs_gpt,spread,nn_isolation,,y1::11,y1,4,0.06627638261265076,0.04195009455058017,0.024326288062070586
persona,rephrased,strengths,human_vs_gpt,spread,nn_isolation,,y1::12,y1,4,0.051063110745261375,0.037496527463445666,0.01356658328181571
persona,rephrased,strengths,human_vs_gpt,spread,nn_isolation,,y1::2,y1,3,0.06397070682327255,0.03960957513633709,0.02436113168693546
persona,rephrased,strengths,human_vs_gpt,spread,nn_isolation,,y1::3,y1,4,0.06163672353959568,0.03598228687020171,0.025654436669393967
persona,rephrased,strengths,human_vs_gpt,spread,nn_isolation,,y1::4,y1,4,0.04984213432096257,0.03374964586819471,0.01609248845276786
persona,rephrased,strengths,human_vs_gpt,spread,nn_isolation,,y1::5,y1,4,0.059301587936425454,0.04576313290462028,0.013538455031805174
persona,rephrased,strengths,human_vs_gpt,spread,nn_isolation,,y1::6,y1,4,0.06363652840576109,0.03977198742128629,0.023864540984474797
persona,rephrased,strengths,human_vs_gpt,spread,nn_isolation,,y1::7,y1,4,0.05483848154163787,0.04292930695581509,0.01190917458582278
persona,rephrased,strengths,human_vs_gpt,spread,nn_isolation,,y1::8,y1,5,0.06095836675370929,0.03146093398306993,0.029497432770639362
persona,rephrased,strengths,human_vs_gpt,spread,nn_isolation,,y1::9,y1,3,0.06981077863905842,0.04695522568909994,0.02285555294995848
persona,rephrased,strengths,human_vs_gpt,spread,nn_isolation,,y2::1,y2,3,0.07026454732982002,0.039451482724801375,0.03081306460501864
persona,rephrased,strengths,human_vs_gpt,spread,nn_isolation,,y2::10,y2,3,0.06116365645070798,0.0469090220315593,0.014254634419148683
persona,rephrased,strengths,human_vs_gpt,spread,nn_isolation,,y2::11,y2,4,0.062071643039219276,0.03833519079615737,0.02373645224306191
persona,rephrased,strengths,human_vs_gpt,spread,nn_isolation,,y2::2,y2,3,0.043971023349203366,0.0379715787851097,0.005999444564093667
persona,rephrased,strengths,human_vs_gpt,spread,nn_isolation,,y2::3,y2,4,0.049439720236323315,0.03619118782154725,0.013248532414776068
persona,rephrased,strengths,human_vs_gpt,spread,nn_isolation,,y2::4,y2,2,0.05358231952801784,0.039671069854199915,0.013911249673817926
persona,rephrased,strengths,human_vs_gpt,spread,nn_isolation,,y2::5,y2,4,0.04219770944681678,0.05060205793306194,-0.008404348486245161
persona,rephrased,strengths,human_vs_gpt,spread,nn_isolation,,y2::6,y2,4,0.05515032288738625,0.04478462769458322,0.010365695192803032
persona,rephrased,strengths,human_vs_gpt,spread,nn_isolation,,y2::7,y2,4,0.06593652623686974,0.044628511255041824,0.021308014981827918
persona,rephrased,strengths,human_vs_gpt,spread,nn_isolation,,y2::8,y2,3,0.045819106765461005,0.044877339187218486,0.0009417675782425194
persona,rephrased,strengths,human_vs_gpt,spread,nn_isolation,,y2::9,y2,4,0.05478814318832034,0.0485259013785111,0.006262241809809242
persona,rephrased,strengths,human_vs_gpt,spread,spherical_variance,,y1::1,y1,4,0.01969343806504409,0.01749966371633944,0.0021937743487046475
persona,rephrased,strengths,human_vs_gpt,spread,spherical_variance,,y1::10,y1,4,0.03198589246381456,0.017351281665657737,0.014634610798156821
persona,rephrased,strengths,human_vs_gpt,spread,spherical_variance,,y1::11,y1,4,0.02776329093198726,0.018574935026477536,0.009188355905509725
persona,rephrased,strengths,human_vs_gpt,spread,spherical_variance,,y1::12,y1,4,0.02653890627800848,0.019497516730914044,0.007041389547094434
persona,rephrased,strengths,human_vs_gpt,spread,spherical_variance,,y1::2,y1,3,0.027113398402131117,0.014866584491723223,0.012246813910407894
persona,rephrased,strengths,human_vs_gpt,spread,spherical_variance,,y1::3,y1,4,0.029274421591580668,0.016681194504981577,0.012593227086599091
persona,rephrased,strengths,human_vs_gpt,spread,spherical_variance,,y1::4,y1,4,0.023078899163510913,0.015124798942902662,0.00795410022060825
persona,rephrased,strengths,human_vs_gpt,spread,spherical_variance,,y1::5,y1,4,0.029185175880245273,0.021042615794001285,0.008142560086243988
persona,rephrased,strengths,human_vs_gpt,spread,spherical_variance,,y1::6,y1,4,0.02673609824119816,0.017501596751514126,0.009234501489684032
persona,rephrased,strengths,human_vs_gpt,spread,spherical_variance,,y1::7,y1,4,0.024788330119043578,0.0201724656308931,0.004615864488150479
persona,rephrased,strengths,human_vs_gpt,spread,spherical_variance,,y1::8,y1,5,0.034293259958060984,0.016911412763199296,0.017381847194861688
persona,rephrased,strengths,human_vs_gpt,spread,spherical_variance,,y1::9,y1,3,0.026122382230244434,0.018368971796540578,0.007753410433703856
persona,rephrased,strengths,human_vs_gpt,spread,spherical_variance,,y2::1,y2,3,0.027011981515159933,0.014410943698576761,0.012601037816583172
persona,rephrased,strengths,human_vs_gpt,spread,spherical_variance,,y2::10,y2,3,0.026681942998208363,0.01814368286390904,0.008538260134299324
persona,rephrased,strengths,human_vs_gpt,spread,spherical_variance,,y2::11,y2,4,0.027849733626124307,0.017595359323495853,0.010254374302628454
persona,rephrased,strengths,human_vs_gpt,spread,spherical_variance,,y2::2,y2,3,0.0172332095072929,0.014314831141739781,0.00291837836555312
persona,rephrased,strengths,human_vs_gpt,spread,spherical_variance,,y2::3,y2,4,0.02383472077754123,0.017034562267323472,0.0068001585102177575
persona,rephrased,strengths,human_vs_gpt,spread,spherical_variance,,y2::4,y2,2,0.013486523033774622,0.009969360277206652,0.0035171627565679705
persona,rephrased,strengths,human_vs_gpt,spread,spherical_variance,,y2::5,y2,4,0.01715021514244197,0.024963832605039316,-0.007813617462597344
persona,rephrased,strengths,human_vs_gpt,spread,spherical_variance,,y2::6,y2,4,0.024760214733739794,0.018763358355074967,0.005996856378664827
persona,rephrased,strengths,human_vs_gpt,spread,spherical_variance,,y2::7,y2,4,0.032960891932893976,0.019235362185867345,0.013725529747026632
persona,rephrased,strengths,human_vs_gpt,spread,spherical_variance,,y2::8,y2,3,0.01694487486958174,0.01619951844302008,0.0007453564265616601
persona,rephrased,strengths,human_vs_gpt,spread,spherical_variance,,y2::9,y2,4,0.023177326303993717,0.021228457537340685,0.0019488687666530322
persona,rephrased,weakness,human_vs_pooled_ai,richness,vendi,q=1,y1::1,y1,4,1.3763684649923884,1.2721459764533531,0.10422248853903526
persona,rephrased,weakness,human_vs_pooled_ai,richness,vendi,q=1,y1::10,y1,4,1.381967899998911,1.2910469028172804,0.09092099718163049
persona,rephrased,weakness,human_vs_pooled_ai,richness,vendi,q=1,y1::11,y1,4,1.295339173314974,1.2837074437384026,0.011631729576571326
persona,rephrased,weakness,human_vs_pooled_ai,richness,vendi,q=1,y1::12,y1,4,1.332278709363135,1.253567986868891,0.07871072249424405
persona,rephrased,weakness,human_vs_pooled_ai,richness,vendi,q=1,y1::2,y1,3,1.3226187167164059,1.2275046766712205,0.09511404004518531
persona,rephrased,weakness,human_vs_pooled_ai,richness,vendi,q=1,y1::3,y1,4,1.4056859001707256,1.2395340995276045,0.16615180064312107
persona,rephrased,weakness,human_vs_pooled_ai,richness,vendi,q=1,y1::4,y1,4,1.3521865506862496,1.2271066773838897,0.12507987330235992
persona,rephrased,weakness,human_vs_pooled_ai,richness,vendi,q=1,y1::5,y1,4,1.3705536590924343,1.275277758159921,0.09527590093251326
persona,rephrased,weakness,human_vs_pooled_ai,richness,vendi,q=1,y1::6,y1,4,1.3884769859627633,1.2636762083559672,0.12480077760679609
persona,rephrased,weakness,human_vs_pooled_ai,richness,vendi,q=1,y1::7,y1,4,1.3503975577047898,1.2731958117066065,0.0772017459981833
persona,rephrased,weakness,human_vs_pooled_ai,richness,vendi,q=1,y1::8,y1,5,1.4072320343802496,1.3081086616297095,0.09912337275054006
persona,rephrased,weakness,human_vs_pooled_ai,richness,vendi,q=1,y1::9,y1,3,1.2351103042280578,1.210183714520985,0.024926589707072733
persona,rephrased,weakness,human_vs_pooled_ai,richness,vendi,q=1,y2::1,y2,3,1.308515450940614,1.1960220554200518,0.11249339552056226
persona,rephrased,weakness,human_vs_pooled_ai,richness,vendi,q=1,y2::10,y2,3,1.2916047185881592,1.2116724607851832,0.07993225780297597
persona,rephrased,weakness,human_vs_pooled_ai,richness,vendi,q=1,y2::11,y2,4,1.2842229483969343,1.3415537527938783,-0.057330804396944046
persona,rephrased,weakness,human_vs_pooled_ai,richness,vendi,q=1,y2::2,y2,3,1.2794909176588298,1.2499126497225532,0.029578267936276603
persona,rephrased,weakness,human_vs_pooled_ai,richness,vendi,q=1,y2::3,y2,4,1.294905397367447,1.2782305039533957,0.01667489341405126
persona,rephrased,weakness,human_vs_pooled_ai,richness,vendi,q=1,y2::4,y2,2,1.178577210366716,1.1591792496980888,0.0193979606686272
persona,rephrased,weakness,human_vs_pooled_ai,richness,vendi,q=1,y2::5,y2,4,1.3154979898890804,1.2656818299985644,0.04981615989051602
persona,rephrased,weakness,human_vs_pooled_ai,richness,vendi,q=1,y2::6,y2,4,1.3159594281735214,1.2894462365814314,0.02651319159208998
persona,rephrased,weakness,human_vs_pooled_ai,richness,vendi,q=1,y2::7,y2,4,1.3520528812219168,1.2894589004473795,0.06259398077453726
persona,rephrased,weakness,human_vs_pooled_ai,richness,vendi,q=1,y2::8,y2,3,1.359193346655227,1.2545333681735895,0.10465997848163755
persona,rephrased,weakness,human_vs_pooled_ai,richness,vendi,q=1,y2::9,y2,4,1.368565138471891,1.2946581761853524,0.0739069622865387
persona,rephrased,weakness,human_vs_pooled_ai,dimensionality,participation_ratio,,y1::1,y1,4,2.7105807377626823,2.7946071976094773,-0.08402645984679502
persona,rephrased,weakness,human_vs_pooled_ai,dimensionality,participation_ratio,,y1::10,y1,4,2.5943817004816827,2.7385105219516857,-0.14412882147000294
persona,rephrased,weakness,human_vs_pooled_ai,dimensionality,participation_ratio,,y1::11,y1,4,2.927084836372946,2.7284594340488755,0.19862540232407033
persona,rephrased,weakness,human_vs_pooled_ai,dimensionality,participation_ratio,,y1::12,y1,4,2.659229188316638,2.720281201783362,-0.06105201346672384
persona,rephrased,weakness,human_vs_pooled_ai,dimensionality,participation_ratio,,y1::2,y1,3,1.7591164738041285,1.9089764193985421,-0.14985994559441362
persona,rephrased,weakness,human_vs_pooled_ai,dimensionality,participation_ratio,,y1::3,y1,4,2.530952058724124,2.778586427299615,-0.24763436857549115
persona,rephrased,weakness,human_vs_pooled_ai,dimensionality,participation_ratio,,y1::4,y1,4,2.8719225914472357,2.7659599801465937,0.105962611300642
persona,rephrased,weakness,human_vs_pooled_ai,dimensionality,participation_ratio,,y1::5,y1,4,2.7847168764633476,2.7710893139187,0.013627562544647809
persona,rephrased,weakness,human_vs_pooled_ai,dimensionality,participation_ratio,,y1::6,y1,4,2.8785025385661878,2.778161495795953,0.1003410427702347
persona,rephrased,weakness,human_vs_pooled_ai,dimensionality,participation_ratio,,y1::7,y1,4,2.5953908933879584,2.7104738506897084,-0.11508295730175
persona,rephrased,weakness,human_vs_pooled_ai,dimensionality,participation_ratio,,y1::8,y1,5,3.7093613309713382,3.493192651823584,0.21616867914775417
persona,rephrased,weakness,human_vs_pooled_ai,dimensionality,participation_ratio,,y1::9,y1,3,1.954931506077775,1.8851474392886263,0.06978406678914872
persona,rephrased,weakness,human_vs_pooled_ai,dimensionality,participation_ratio,,y2::1,y2,3,1.9389177656594077,1.8985011957680604,0.04041656989134723
persona,rephrased,weakness,human_vs_pooled_ai,dimensionality,participation_ratio,,y2::10,y2,3,1.7631165867313914,1.9049783539930139,-0.14186176726162247
persona,rephrased,weakness,human_vs_pooled_ai,dimensionality,participation_ratio,,y2::11,y2,4,2.947231994280335,2.747298147782928,0.19993384649740698
persona,rephrased,weakness,human_vs_pooled_ai,dimensionality,participation_ratio,,y2::2,y2,3,1.9935636815177105,1.9009951092637007,0.09256857225400972
persona,rephrased,weakness,human_vs_pooled_ai,dimensionality,participation_ratio,,y2::3,y2,4,2.84334897572368,2.776748426545645,0.06660054917803482
persona,rephrased,weakness,human_vs_pooled_ai,dimensionality,participation_ratio,,y2::4,y2,2,1.0,1.0,0.0
persona,rephrased,weakness,human_vs_pooled_ai,dimensionality,participation_ratio,,y2::5,y2,4,2.724157793754684,2.7333528327711893,-0.009195039016505202
persona,rephrased,weakness,human_vs_pooled_ai,dimensionality,participation_ratio,,y2::6,y2,4,2.6454681187598443,2.7512935869274533,-0.10582546816760896
persona,rephrased,weakness,human_vs_pooled_ai,dimensionality,participation_ratio,,y2::7,y2,4,2.7792448776012373,2.690852339191986,0.08839253840925121
persona,rephrased,weakness,human_vs_pooled_ai,dimensionality,participation_ratio,,y2::8,y2,3,1.8145303366809231,1.9210667324266204,-0.10653639574569729
persona,rephrased,weakness,human_vs_pooled_ai,dimensionality,participation_ratio,,y2::9,y2,4,2.9754169101883914,2.7197797898109415,0.2556371203774499
persona,rephrased,weakness,human_vs_pooled_ai,dimensionality,effective_rank,,y1::1,y1,4,2.8464106740548343,2.890170908709908,-0.04376023465507384
persona,rephrased,weakness,human_vs_pooled_ai,dimensionality,effective_rank,,y1::10,y1,4,2.7736923824294837,2.858717680074609,-0.08502529764512534
persona,rephrased,weakness,human_vs_pooled_ai,dimensionality,effective_rank,,y1::11,y1,4,2.9633987144584304,2.8529231337719705,0.1104755806864599
persona,rephrased,weakness,human_vs_pooled_ai,dimensionality,effective_rank,,y1::12,y1,4,2.798759223772906,2.8478341525939403,-0.04907492882103437
persona,rephrased,weakness,human_vs_pooled_ai,dimensionality,effective_rank,,y1::2,y1,3,1.86455971364336,1.9509451611596687,-0.08638544751630861
persona,rephrased,weakness,human_vs_pooled_ai,dimensionality,effective_rank,,y1::3,y1,4,2.7426961065966684,2.8814030555374357,-0.1387069489407673
persona,rephrased,weakness,human_vs_pooled_ai,dimensionality,effective_rank,,y1::4,y1,4,2.9363737418800517,2.873146250956456,0.06322749092359592
persona,rephrased,weakness,human_vs_pooled_ai,dimensionality,effective_rank,,y1::5,y1,4,2.8834586288325115,2.876511784616578,0.006946844215933279
persona,rephrased,weakness,human_vs_pooled_ai,dimensionality,effective_rank,,y1::6,y1,4,2.936317126573344,2.880094361081047,0.0562227654922971
persona,rephrased,weakness,human_vs_pooled_ai,dimensionality,effective_rank,,y1::7,y1,4,2.7880258214457503,2.8427737450484685,-0.054747923602718185
persona,rephrased,weakness,human_vs_pooled_ai,dimensionality,effective_rank,,y1::8,y1,5,3.8355855555265927,3.72215727438715,0.1134282811394427
persona,rephrased,weakness,human_vs_pooled_ai,dimensionality,effective_rank,,y1::9,y1,3,1.976990234350392,1.934966521447863,0.04202371290252893
persona,rephrased,weakness,human_vs_pooled_ai,dimensionality,effective_rank,,y2::1,y2,3,1.9685786498622444,1.9448586818924323,0.023719967969812128
persona,rephrased,weakness,human_vs_pooled_ai,dimensionality,effective_rank,,y2::10,y2,3,1.8670847284524292,1.9486718656962676,-0.08158713724383837
persona,rephrased,weakness,human_vs_pooled_ai,dimensionality,effective_rank,,y2::11,y2,4,2.973729847474114,2.8636032770004602,0.11012657047365382
persona,rephrased,weakness,human_vs_pooled_ai,dimensionality,effective_rank,,y2::2,y2,3,1.9967723185583084,1.9457520421732672,0.05102027638504114
persona,rephrased,weakness,human_vs_pooled_ai,dimensionality,effective_rank,,y2::3,y2,4,2.9173744445574514,2.8789326624814455,0.038441782076005904
persona,rephrased,weakness,human_vs_pooled_ai,dimensionality,effective_rank,,y2::4,y2,2,1.0,1.0,0.0
persona,rephrased,weakness,human_vs_pooled_ai,dimensionality,effective_rank,,y2::5,y2,4,2.858870432870904,2.854941897952057,0.0039285349188471486
persona,rephrased,weakness,human_vs_pooled_ai,dimensionality,effective_rank,,y2::6,y2,4,2.808456399278876,2.8637761261156034,-0.05531972683672759
persona,rephrased,weakness,human_vs_pooled_ai,dimensionality,effective_rank,,y2::7,y2,4,2.8823526376800293,2.8273170799548337,0.05503555772519553
persona,rephrased,weakness,human_vs_pooled_ai,dimensionality,effective_rank,,y2::8,y2,3,1.8986290460299309,1.957614210742689,-0.058985164712758165
persona,rephrased,weakness,human_vs_pooled_ai,dimensionality,effective_rank,,y2::9,y2,4,2.987398075779494,2.8462191556416268,0.14117892013786726
persona,rephrased,weakness,human_vs_pooled_ai,coverage,coverage_geometric,k=panel_adaptive,y1::1,y1,4,0.75,0.9871794871794872,-0.23717948717948723
persona,rephrased,weakness,human_vs_pooled_ai,coverage,coverage_geometric,k=panel_adaptive,y1::10,y1,4,1.0,0.9998168498168498,0.0001831501831501825
persona,rephrased,weakness,human_vs_pooled_ai,coverage,coverage_geometric,k=panel_adaptive,y1::11,y1,4,1.0,0.9677655677655678,0.03223443223443223
persona,rephrased,weakness,human_vs_pooled_ai,coverage,coverage_geometric,k=panel_adaptive,y1::12,y1,4,1.0,0.9990842490842491,0.0009157509157509125
persona,rephrased,weakness,human_vs_pooled_ai,coverage,coverage_geometric,k=panel_adaptive,y1::2,y1,3,0.6666666666666666,0.9853479853479853,-0.31868131868131866
persona,rephrased,weakness,human_vs_pooled_ai,coverage,coverage_geometric,k=panel_adaptive,y1::3,y1,4,0.75,1.0,-0.25
persona,rephrased,weakness,human_vs_pooled_ai,coverage,coverage_geometric,k=panel_adaptive,y1::4,y1,4,0.75,0.9998168498168498,-0.24981684981684982
persona,rephrased,weakness,human_vs_pooled_ai,coverage,coverage_geometric,k=panel_adaptive,y1::5,y1,4,0.75,0.9972527472527473,-0.24725274725274726
persona,rephrased,weakness,human_vs_pooled_ai,coverage,coverage_geometric,k=panel_adaptive,y1::6,y1,4,0.75,1.0,-0.25
persona,rephrased,weakness,human_vs_pooled_ai,coverage,coverage_geometric,k=panel_adaptive,y1::7,y1,4,1.0,0.9862637362637363,0.013736263736263687
persona,rephrased,weakness,human_vs_pooled_ai,coverage,coverage_geometric,k=panel_adaptive,y1::8,y1,5,1.0,0.9985347985347985,0.00146520146520146
persona,rephrased,weakness,human_vs_pooled_ai,coverage,coverage_geometric,k=panel_adaptive,y1::9,y1,3,0.6666666666666666,0.9567765567765567,-0.2901098901098901
persona,rephrased,weakness,human_vs_pooled_ai,coverage,coverage_geometric,k=panel_adaptive,y2::1,y2,3,0.6666666666666666,1.0,-0.33333333333333337
persona,rephrased,weakness,human_vs_pooled_ai,coverage,coverage_geometric,k=panel_adaptive,y2::10,y2,3,0.6666666666666666,0.9992673992673992,-0.33260073260073253
persona,rephrased,weakness,human_vs_pooled_ai,coverage,coverage_geometric,k=panel_adaptive,y2::11,y2,4,1.0,0.5346153846153846,0.4653846153846154
persona,rephrased,weakness,human_vs_pooled_ai,coverage,coverage_geometric,k=panel_adaptive,y2::2,y2,3,0.6666666666666666,0.9633699633699633,-0.29670329670329665
persona,rephrased,weakness,human_vs_pooled_ai,coverage,coverage_geometric,k=panel_adaptive,y2::3,y2,4,1.0,0.9987179487179487,0.0012820512820512775
persona,rephrased,weakness,human_vs_pooled_ai,coverage,coverage_geometric,k=panel_adaptive,y2::4,y2,2,,0.12857142857142856,
persona,rephrased,weakness,human_vs_pooled_ai,coverage,coverage_geometric,k=panel_adaptive,y2::5,y2,4,0.75,0.9970695970695971,-0.24706959706959708
persona,rephrased,weakness,human_vs_pooled_ai,coverage,coverage_geometric,k=panel_adaptive,y2::6,y2,4,0.75,1.0,-0.25
persona,rephrased,weakness,human_vs_pooled_ai,coverage,coverage_geometric,k=panel_adaptive,y2::7,y2,4,0.75,0.9935897435897436,-0.2435897435897436
persona,rephrased,weakness,human_vs_pooled_ai,coverage,coverage_geometric,k=panel_adaptive,y2::8,y2,3,0.6666666666666666,1.0,-0.33333333333333337
persona,rephrased,weakness,human_vs_pooled_ai,coverage,coverage_geometric,k=panel_adaptive,y2::9,y2,4,1.0,0.951098901098901,0.04890109890109895
persona,rephrased,weakness,human_vs_pooled_ai,evenness,vendi_slope,q=0..2,y1::1,y1,4,0.7127735939742745,0.7247643067942681,-0.011990712819993532
persona,rephrased,weakness,human_vs_pooled_ai,evenness,vendi_slope,q=0..2,y1::10,y1,4,0.7118285059853333,0.7225757645454916,-0.010747258560158235
persona,rephrased,weakness,human_vs_pooled_ai,evenness,vendi_slope,q=0..2,y1::11,y1,4,0.7224061738428973,0.7233764168113113,-0.0009702429684139702
persona,rephrased,weakness,human_vs_pooled_ai,evenness,vendi_slope,q=0..2,y1::12,y1,4,0.7177825021025204,0.7267039839531613,-0.0089214818506409
persona,rephrased,weakness,human_vs_pooled_ai,evenness,vendi_slope,q=0..2,y1::2,y1,3,0.6200840559470316,0.6365641122099496,-0.01648005626291793
persona,rephrased,weakness,human_vs_pooled_ai,evenness,vendi_slope,q=0..2,y1::3,y1,4,0.7088338289604208,0.7282708854580182,-0.019437056497597416
persona,rephrased,weakness,human_vs_pooled_ai,evenness,vendi_slope,q=0..2,y1::4,y1,4,0.7159004970567966,0.7295946069215499,-0.013694109864753279
persona,rephrased,weakness,human_vs_pooled_ai,evenness,vendi_slope,q=0..2,y1::5,y1,4,0.7135867156936982,0.7243860491460584,-0.010799333452360171
persona,rephrased,weakness,human_vs_pooled_ai,evenness,vendi_slope,q=0..2,y1::6,y1,4,0.7116535757699547,0.7256766957907835,-0.014023120020828839
persona,rephrased,weakness,human_vs_pooled_ai,evenness,vendi_slope,q=0..2,y1::7,y1,4,0.7156415833973937,0.7245331408884664,-0.008891557491072732
persona,rephrased,weakness,human_vs_pooled_ai,evenness,vendi_slope,q=0..2,y1::8,y1,5,0.7698638727884921,0.7780484927989176,-0.008184620010425525
persona,rephrased,weakness,human_vs_pooled_ai,evenness,vendi_slope,q=0..2,y1::9,y1,3,0.6355299455896691,0.6390772235478782,-0.003547277958209083
persona,rephrased,weakness,human_vs_pooled_ai,evenness,vendi_slope,q=0..2,y2::1,y2,3,0.6232560650928909,0.6414772236456948,-0.01822115855280393
persona,rephrased,weakness,human_vs_pooled_ai,evenness,vendi_slope,q=0..2,y2::10,y2,3,0.6255560822727899,0.6390692498179439,-0.01351316754515397
persona,rephrased,weakness,human_vs_pooled_ai,evenness,vendi_slope,q=0..2,y2::11,y2,4,0.7236548232113131,0.7168113889611821,0.006843434250131009
persona,rephrased,weakness,human_vs_pooled_ai,evenness,vendi_slope,q=0..2,y2::2,y2,3,0.6283495442698835,0.6329304954856776,-0.004580951215794049
persona,rephrased,weakness,human_vs_pooled_ai,evenness,vendi_slope,q=0..2,y2::3,y2,4,0.7223462611287204,0.7240594120189533,-0.0017131508902329395
persona,rephrased,weakness,human_vs_pooled_ai,evenness,vendi_slope,q=0..2,y2::4,y2,2,0.45963353034420007,0.46467414959215103,-0.0050406192479509615
persona,rephrased,weakness,human_vs_pooled_ai,evenness,vendi_slope,q=0..2,y2::5,y2,4,0.7198846079653082,0.7253820043705433,-0.0054973964052351665
persona,rephrased,weakness,human_vs_pooled_ai,evenness,vendi_slope,q=0..2,y2::6,y2,4,0.7196952711192157,0.7227818028110372,-0.0030865316918214925
persona,rephrased,weakness,human_vs_pooled_ai,evenness,vendi_slope,q=0..2,y2::7,y2,4,0.7157481135346555,0.7226907102948811,-0.006942596760225572
persona,rephrased,weakness,human_vs_pooled_ai,evenness,vendi_slope,q=0..2,y2::8,y2,3,0.6137351031360545,0.6322188226172792,-0.018483719481224736
persona,rephrased,weakness,human_vs_pooled_ai,evenness,vendi_slope,q=0..2,y2::9,y2,4,0.7141601774490398,0.7221547947502497,-0.007994617301209872
persona,rephrased,weakness,human_vs_pooled_ai,evenness,ripley_excess,r=pooled_q01_q50,y1::1,y1,4,-0.010336663116203813,0.029357699626273027,-0.03969436274247684
persona,rephrased,weakness,human_vs_pooled_ai,evenness,ripley_excess,r=pooled_q01_q50,y1::10,y1,4,-0.010688766500231307,0.020260815656920936,-0.030949582157152242
persona,rephrased,weakness,human_vs_pooled_ai,evenness,ripley_excess,r=pooled_q01_q50,y1::11,y1,4,0.011158266645455439,0.024359840088907913,-0.013201573443452474
persona,rephrased,weakness,human_vs_pooled_ai,evenness,ripley_excess,r=pooled_q01_q50,y1::12,y1,4,0.003137514178396302,0.0406270108733424,-0.0374894966949461
persona,rephrased,weakness,human_vs_pooled_ai,evenness,ripley_excess,r=pooled_q01_q50,y1::2,y1,3,-0.0034047527264513574,0.018064703287445187,-0.021469456013896545
persona,rephrased,weakness,human_vs_pooled_ai,evenness,ripley_excess,r=pooled_q01_q50,y1::3,y1,4,-0.008055738147263371,0.050184448071608156,-0.05824018621887153
persona,rephrased,weakness,human_vs_pooled_ai,evenness,ripley_excess,r=pooled_q01_q50,y1::4,y1,4,-0.010448946504960916,0.05727703513352265,-0.06772598163848356
persona,rephrased,weakness,human_vs_pooled_ai,evenness,ripley_excess,r=pooled_q01_q50,y1::5,y1,4,-0.010054517761295293,0.028266231342759403,-0.0383207491040547
persona,rephrased,weakness,human_vs_pooled_ai,evenness,ripley_excess,r=pooled_q01_q50,y1::6,y1,4,-0.01635957617028842,0.03352913594341992,-0.049888712113708336
persona,rephrased,weakness,human_vs_pooled_ai,evenness,ripley_excess,r=pooled_q01_q50,y1::7,y1,4,-0.003982475312148919,0.029572062640146786,-0.0335545379522957
persona,rephrased,weakness,human_vs_pooled_ai,evenness,ripley_excess,r=pooled_q01_q50,y1::8,y1,5,-0.012326984894122579,0.040607637486307774,-0.052934622380430355
persona,rephrased,weakness,human_vs_pooled_ai,evenness,ripley_excess,r=pooled_q01_q50,y1::9,y1,3,0.012142748775329863,0.03146777008727112,-0.019325021311941255
persona,rephrased,weakness,human_vs_pooled_ai,evenness,ripley_excess,r=pooled_q01_q50,y2::1,y2,3,-0.010972284492128429,0.033710501316559574,-0.044682785808688
persona,rephrased,weakness,human_vs_pooled_ai,evenness,ripley_excess,r=pooled_q01_q50,y2::10,y2,3,0.0011280884151828937,0.026637402077910006,-0.02550931366272711
persona,rephrased,weakness,human_vs_pooled_ai,evenness,ripley_excess,r=pooled_q01_q50,y2::11,y2,4,0.019695296897294313,-0.0005548418178428504,0.020250138715137162
persona,rephrased,weakness,human_vs_pooled_ai,evenness,ripley_excess,r=pooled_q01_q50,y2::2,y2,3,-0.011753950262213425,0.00664473992036939,-0.018398690182582816
persona,rephrased,weakness,human_vs_pooled_ai,evenness,ripley_excess,r=pooled_q01_q50,y2::3,y2,4,0.012398135423406773,0.026145923251129927,-0.013747787827723155
persona,rephrased,weakness,human_vs_pooled_ai,evenness,ripley_excess,r=pooled_q01_q50,y2::4,y2,2,-0.005765689657837117,0.007805967350665115,-0.013571657008502231
persona,rephrased,weakness,human_vs_pooled_ai,evenness,ripley_excess,r=pooled_q01_q50,y2::5,y2,4,0.009400059339087448,0.034027185210372936,-0.024627125871285488
persona,rephrased,weakness,human_vs_pooled_ai,evenness,ripley_excess,r=pooled_q01_q50,y2::6,y2,4,0.011063948854162583,0.019400868099182702,-0.008336919245020119
persona,rephrased,weakness,human_vs_pooled_ai,evenness,ripley_excess,r=pooled_q01_q50,y2::7,y2,4,-0.009057461697782192,0.01929904454903803,-0.028356506246820224
persona,rephrased,weakness,human_vs_pooled_ai,evenness,ripley_excess,r=pooled_q01_q50,y2::8,y2,3,-0.010185617781479648,0.005114492270399664,-0.015300110051879312
persona,rephrased,weakness,human_vs_pooled_ai,evenness,ripley_excess,r=pooled_q01_q50,y2::9,y2,4,-0.019303556205014536,0.018044181111841664,-0.0373477373168562
persona,rephrased,weakness,human_vs_pooled_ai,spread,mean_pairwise,,y1::1,y1,4,0.09072287958400778,0.06313209835324458,0.027590781230763195
persona,rephrased,weakness,human_vs_pooled_ai,spread,mean_pairwise,,y1::10,y1,4,0.09292468196444643,0.06825215196013672,0.024672530004309717
persona,rephrased,weakness,human_vs_pooled_ai,spread,mean_pairwise,,y1::11,y1,4,0.0686478886708178,0.06637757550171192,0.002270313169105878
persona,rephrased,weakness,human_vs_pooled_ai,spread,mean_pairwise,,y1::12,y1,4,0.07941022594180897,0.058576039323651186,0.02083418661815778
persona,rephrased,weakness,human_vs_pooled_ai,spread,mean_pairwise,,y1::2,y1,3,0.09698472571235905,0.06416289700297732,0.03282182870938173
persona,rephrased,weakness,human_vs_pooled_ai,spread,mean_pairwise,,y1::3,y1,4,0.09965069850171544,0.054818081977299794,0.04483261652441565
persona,rephrased,weakness,human_vs_pooled_ai,spread,mean_pairwise,,y1::4,y1,4,0.0835822786528481,0.05165574884949,0.031926529803358104
persona,rephrased,weakness,human_vs_pooled_ai,spread,mean_pairwise,,y1::5,y1,4,0.0888129921022071,0.06403163351041552,0.024781358591791577
persona,rephrased,weakness,human_vs_pooled_ai,spread,mean_pairwise,,y1::6,y1,4,0.0930765819790107,0.06099124784922215,0.03208533412978855
persona,rephrased,weakness,human_vs_pooled_ai,spread,mean_pairwise,,y1::7,y1,4,0.08427359453615224,0.06369875827279008,0.020574836263362165
persona,rephrased,weakness,human_vs_pooled_ai,spread,mean_pairwise,,y1::8,y1,5,0.08561048724752666,0.06389366915875644,0.021716818088770226
persona,rephrased,weakness,human_vs_pooled_ai,spread,mean_pairwise,,y1::9,y1,3,0.0662954664715794,0.05899143595815981,0.007304030513419588
persona,rephrased,weakness,human_vs_pooled_ai,spread,mean_pairwise,,y2::1,y2,3,0.09058693612560753,0.05413933502096404,0.03644760110464349
persona,rephrased,weakness,human_vs_pooled_ai,spread,mean_pairwise,,y2::10,y2,3,0.08631903084150794,0.059080858369789664,0.027238172471718274
persona,rephrased,weakness,human_vs_pooled_ai,spread,mean_pairwise,,y2::11,y2,4,0.06573276623494428,0.0814829666438021,-0.015750200408857815
persona,rephrased,weakness,human_vs_pooled_ai,spread,mean_pairwise,,y2::2,y2,3,0.08057644200100356,0.07148092028808445,0.009095521712919108
persona,rephrased,weakness,human_vs_pooled_ai,spread,mean_pairwise,,y2::3,y2,4,0.06881728781295748,0.06477262241552274,0.004044665397434741
persona,rephrased,weakness,human_vs_pooled_ai,spread,mean_pairwise,,y2::4,y2,2,0.07772241189687146,0.06814320315953884,0.009579208737332617
persona,rephrased,weakness,human_vs_pooled_ai,spread,mean_pairwise,,y2::5,y2,4,0.0745832645168661,0.061685316198521925,0.012897948318344177
persona,rephrased,weakness,human_vs_pooled_ai,spread,mean_pairwise,,y2::6,y2,4,0.07505551248727228,0.0677872385755274,0.00726827391174488
persona,rephrased,weakness,human_vs_pooled_ai,spread,mean_pairwise,,y2::7,y2,4,0.08396238428269003,0.06800144208445018,0.015960942198239847
persona,rephrased,weakness,human_vs_pooled_ai,spread,mean_pairwise,,y2::8,y2,3,0.10902244261241179,0.07288408146460168,0.036138361147810105
persona,rephrased,weakness,human_vs_pooled_ai,spread,mean_pairwise,,y2::9,y2,4,0.08742336539665806,0.0692481717335394,0.018175193663118663
persona,rephrased,weakness,human_vs_pooled_ai,spread,centroid_loo,,y1::1,y1,4,0.34532723256981784,0.2885327984359482,0.05679443413386964
persona,rephrased,weakness,human_vs_pooled_ai,spread,centroid_loo,,y1::10,y1,4,0.34806041355480094,0.29941446616739875,0.04864594738740219
persona,rephrased,weakness,human_vs_pooled_ai,spread,centroid_loo,,y1::11,y1,4,0.3022009339478704,0.2950371665190598,0.007163767428810586
persona,rephrased,weakness,human_vs_pooled_ai,spread,centroid_loo,,y1::12,y1,4,0.32364369637466983,0.27778926806848236,0.04585442830618747
persona,rephrased,weakness,human_vs_pooled_ai,spread,centroid_loo,,y1::2,y1,3,0.37817117981537934,0.30840652778555244,0.0697646520298269
persona,rephrased,weakness,human_vs_pooled_ai,spread,centroid_loo,,y1::3,y1,4,0.35965980877222425,0.2684841258443267,0.09117568292789757
persona,rephrased,weakness,human_vs_pooled_ai,spread,centroid_loo,,y1::4,y1,4,0.33284384133831163,0.26091208626914225,0.07193175506916938
persona,rephrased,weakness,human_vs_pooled_ai,spread,centroid_loo,,y1::5,y1,4,0.3431082011491867,0.2905909003158999,0.05251730083328682
persona,rephrased,weakness,human_vs_pooled_ai,spread,centroid_loo,,y1::6,y1,4,0.35114422153290414,0.2837121525017113,0.06743206903119286
persona,rephrased,weakness,human_vs_pooled_ai,spread,centroid_loo,,y1::7,y1,4,0.334214972900014,0.2894744311620651,0.04474054173794889
persona,rephrased,weakness,human_vs_pooled_ai,spread,centroid_loo,,y1::8,y1,5,0.3258143637340637,0.2793429379304426,0.04647142580362107
persona,rephrased,weakness,human_vs_pooled_ai,spread,centroid_loo,,y1::9,y1,3,0.3148718389692364,0.293975363191368,0.02089647577786835
persona,rephrased,weakness,human_vs_pooled_ai,spread,centroid_loo,,y2::1,y2,3,0.36790444377368475,0.2829405759088841,0.08496386786480065
persona,rephrased,weakness,human_vs_pooled_ai,spread,centroid_loo,,y2::10,y2,3,0.35685587742276254,0.295911161694367,0.06094471572839555
persona,rephrased,weakness,human_vs_pooled_ai,spread,centroid_loo,,y2::11,y2,4,0.29574955113492063,0.32717672148936894,-0.03142717035444831
persona,rephrased,weakness,human_vs_pooled_ai,spread,centroid_loo,,y2::2,y2,3,0.3475849252615113,0.32560352277789256,0.02198140248361874
persona,rephrased,weakness,human_vs_pooled_ai,spread,centroid_loo,,y2::3,y2,4,0.3020978289407713,0.29172553096328574,0.010372297977485567
persona,rephrased,weakness,human_vs_pooled_ai,spread,centroid_loo,,y2::4,y2,2,0.3942649157530292,0.3654287603851243,0.028836155367904903
persona,rephrased,weakness,human_vs_pooled_ai,spread,centroid_loo,,y2::5,y2,4,0.3132333649244805,0.2846859287342968,0.028547436190183684
persona,rephrased,weakness,human_vs_pooled_ai,spread,centroid_loo,,y2::6,y2,4,0.3140447626120132,0.29887385695473867,0.015170905657274525
persona,rephrased,weakness,human_vs_pooled_ai,spread,centroid_loo,,y2::7,y2,4,0.3335080665765167,0.2988014987690964,0.03470656780742032
persona,rephrased,weakness,human_vs_pooled_ai,spread,centroid_loo,,y2::8,y2,3,0.40195690074968066,0.3289885970331341,0.07296830371654656
persona,rephrased,weakness,human_vs_pooled_ai,spread,centroid_loo,,y2::9,y2,4,0.3412787937746296,0.30182574059383777,0.03945305318079184
persona,rephrased,weakness,human_vs_pooled_ai,spread,mst_dispersion,,y1::1,y1,4,0.0786585134421068,0.05534263824896451,0.023315875193142287
persona,rephrased,weakness,human_vs_pooled_ai,spread,mst_dispersion,,y1::10,y1,4,0.07312095718635292,0.05851466406683056,0.014606293119522357
persona,rephrased,weakness,human_vs_pooled_ai,spread,mst_dispersion,,y1::11,y1,4,0.06385730339413975,0.05687171324577624,0.006985590148363516
persona,rephrased,weakness,human_vs_pooled_ai,spread,mst_dispersion,,y1::12,y1,4,0.06540937928694752,0.050033077374845775,0.01537630191210175
persona,rephrased,weakness,human_vs_pooled_ai,spread,mst_dispersion,,y1::2,y1,3,0.08283279520293152,0.05903549242905034,0.02379730277388118
persona,rephrased,weakness,human_vs_pooled_ai,spread,mst_dispersion,,y1::3,y1,4,0.08018743779745612,0.047603779654850464,0.03258365814260565
persona,rephrased,weakness,human_vs_pooled_ai,spread,mst_dispersion,,y1::4,y1,4,0.07619178879953965,0.04510225459573277,0.031089534203806883
persona,rephrased,weakness,human_vs_pooled_ai,spread,mst_dispersion,,y1::5,y1,4,0.07805033502307894,0.05578604357687715,0.02226429144620179
persona,rephrased,weakness,human_vs_pooled_ai,spread,mst_dispersion,,y1::6,y1,4,0.08271827480695519,0.05358313622406215,0.029135138582893044
persona,rephrased,weakness,human_vs_pooled_ai,spread,mst_dispersion,,y1::7,y1,4,0.06866635854106062,0.05429776311124625,0.014368595429814376
persona,rephrased,weakness,human_vs_pooled_ai,spread,mst_dispersion,,y1::8,y1,5,0.07320326477921801,0.052352644545017,0.020850620234201013
persona,rephrased,weakness,human_vs_pooled_ai,spread,mst_dispersion,,y1::9,y1,3,0.06126250491794749,0.05332112652549752,0.007941378392449974
persona,rephrased,weakness,human_vs_pooled_ai,spread,mst_dispersion,,y2::1,y2,3,0.0844098506975497,0.04939403378402358,0.035015816913526114
persona,rephrased,weakness,human_vs_pooled_ai,spread,mst_dispersion,,y2::10,y2,3,0.07416750456371501,0.054176654239951744,0.01999085032376327
persona,rephrased,weakness,human_vs_pooled_ai,spread,mst_dispersion,,y2::11,y2,4,0.06131249429106511,0.07012310945431971,-0.008810615163254598
persona,rephrased,weakness,human_vs_pooled_ai,spread,mst_dispersion,,y2::2,y2,3,0.07833259298915857,0.06582285454851022,0.012509738440648344
persona,rephrased,weakness,human_vs_pooled_ai,spread,mst_dispersion,,y2::3,y2,4,0.060112166872732575,0.056190440516756625,0.0039217263559759505
persona,rephrased,weakness,human_vs_pooled_ai,spread,mst_dispersion,,y2::4,y2,2,0.07772241189687146,0.06814320315953884,0.009579208737332617
persona,rephrased,weakness,human_vs_pooled_ai,spread,mst_dispersion,,y2::5,y2,4,0.0640585690446509,0.052920355830241246,0.011138213214409658
persona,rephrased,weakness,human_vs_pooled_ai,spread,mst_dispersion,,y2::6,y2,4,0.06391657197284976,0.05870563674738523,0.005210935225464536
persona,rephrased,weakness,human_vs_pooled_ai,spread,mst_dispersion,,y2::7,y2,4,0.07460558731518947,0.057939930493546316,0.016665656821643157
persona,rephrased,weakness,human_vs_pooled_ai,spread,mst_dispersion,,y2::8,y2,3,0.0991223881097753,0.06750944602273508,0.03161294208704023
persona,rephrased,weakness,human_vs_pooled_ai,spread,mst_dispersion,,y2::9,y2,4,0.08369841684469985,0.05929498138074204,0.02440343546395781
persona,rephrased,weakness,human_vs_pooled_ai,spread,sparseness,,y1::1,y1,4,0.07878282925696574,0.05668100859846823,0.022101820658497508
persona,rephrased,weakness,human_vs_pooled_ai,spread,sparseness,,y1::10,y1,4,0.07312095718635292,0.06029572989953639,0.01282522728681653
persona,rephrased,weakness,human_vs_pooled_ai,spread,sparseness,,y1::11,y1,4,0.06421582606756644,0.0586157921250231,0.005600033942543339
persona,rephrased,weakness,human_vs_pooled_ai,spread,sparseness,,y1::12,y1,4,0.06842042887774387,0.052388747969685324,0.016031680908058545
persona,rephrased,weakness,human_vs_pooled_ai,spread,sparseness,,y1::2,y1,3,0.08283279520293152,0.05903549242905034,0.02379730277388118
persona,rephrased,weakness,human_vs_pooled_ai,spread,sparseness,,y1::3,y1,4,0.08018743779745612,0.048681774481857065,0.03150566331559905
persona,rephrased,weakness,human_vs_pooled_ai,spread,sparseness,,y1::4,y1,4,0.07679117638821402,0.046485047667544015,0.030306128720670004
persona,rephrased,weakness,human_vs_pooled_ai,spread,sparseness,,y1::5,y1,4,0.08105712773291274,0.05771572662238274,0.02334140111053
persona,rephrased,weakness,human_vs_pooled_ai,spread,sparseness,,y1::6,y1,4,0.08271827480695519,0.055344221075074876,0.027374053731880316
persona,rephrased,weakness,human_vs_pooled_ai,spread,sparseness,,y1::7,y1,4,0.07621323680073562,0.05691815482057622,0.019295081980159404
persona,rephrased,weakness,human_vs_pooled_ai,spread,sparseness,,y1::8,y1,5,0.07361028610722958,0.053741431763487106,0.019868854343742477
persona,rephrased,weakness,human_vs_pooled_ai,spread,sparseness,,y1::9,y1,3,0.06126250491794749,0.05332112652549752,0.007941378392449974
persona,rephrased,weakness,human_vs_pooled_ai,spread,sparseness,,y2::1,y2,3,0.0844098506975497,0.04939403378402358,0.035015816913526114
persona,rephrased,weakness,human_vs_pooled_ai,spread,sparseness,,y2::10,y2,3,0.07416750456371501,0.054176654239951744,0.01999085032376327
persona,rephrased,weakness,human_vs_pooled_ai,spread,sparseness,,y2::11,y2,4,0.061732714400330756,0.07233592848607205,-0.010603214085741296
persona,rephrased,weakness,human_vs_pooled_ai,spread,sparseness,,y2::2,y2,3,0.07833259298915857,0.06582285454851022,0.012509738440648344
persona,rephrased,weakness,human_vs_pooled_ai,spread,sparseness,,y2::3,y2,4,0.06121567559867943,0.05719110143707076,0.004024574161608667
persona,rephrased,weakness,human_vs_pooled_ai,spread,sparseness,,y2::4,y2,2,0.07772241189687146,0.06814320315953884,0.009579208737332617
persona,rephrased,weakness,human_vs_pooled_ai,spread,sparseness,,y2::5,y2,4,0.06474244604300472,0.054550997718611965,0.010191448324392754
persona,rephrased,weakness,human_vs_pooled_ai,spread,sparseness,,y2::6,y2,4,0.0681914498438873,0.060751027571369076,0.007440422272518218
persona,rephrased,weakness,human_vs_pooled_ai,spread,sparseness,,y2::7,y2,4,0.07592365742971634,0.06039609102299356,0.01552756640672278
persona,rephrased,weakness,human_vs_pooled_ai,spread,sparseness,,y2::8,y2,3,0.0991223881097753,0.06750944602273508,0.03161294208704023
persona,rephrased,weakness,human_vs_pooled_ai,spread,sparseness,,y2::9,y2,4,0.08373209125802013,0.06146069505577761,0.02227139620224252
persona,rephrased,weakness,human_vs_pooled_ai,spread,nn_isolation,,y1::1,y1,4,0.07447093056799706,0.05337836653362539,0.021092564034371666
persona,rephrased,weakness,human_vs_pooled_ai,spread,nn_isolation,,y1::10,y1,4,0.07111389063170281,0.05624331816747324,0.014870572464229577
persona,rephrased,weakness,human_vs_pooled_ai,spread,nn_isolation,,y1::11,y1,4,0.06263720228882316,0.054399525635013046,0.008237676653810116
persona,rephrased,weakness,human_vs_pooled_ai,spread,nn_isolation,,y1::12,y1,4,0.06175287895645784,0.047914214308177924,0.013838664648279916
persona,rephrased,weakness,human_vs_pooled_ai,spread,nn_isolation,,y1::2,y1,3,0.07646293575504133,0.05710080823078787,0.01936212752425346
persona,rephrased,weakness,human_vs_pooled_ai,spread,nn_isolation,,y1::3,y1,4,0.07691789824197304,0.04588887926817048,0.031029018973802558
persona,rephrased,weakness,human_vs_pooled_ai,spread,nn_isolation,,y1::4,y1,4,0.0750154575783375,0.04324595109744937,0.031769506480888124
persona,rephrased,weakness,human_vs_pooled_ai,spread,nn_isolation,,y1::5,y1,4,0.07345075403988291,0.053543432016661216,0.019907322023221694
persona,rephrased,weakness,human_vs_pooled_ai,spread,nn_isolation,,y1::6,y1,4,0.08011922551451062,0.0511546971237682,0.028964528390742414
persona,rephrased,weakness,human_vs_pooled_ai,spread,nn_isolation,,y1::7,y1,4,0.06370644476177689,0.05171061701493366,0.011995827746843234
persona,rephrased,weakness,human_vs_pooled_ai,spread,nn_isolation,,y1::8,y1,5,0.06897044396674512,0.05005471561187603,0.018915728354869092
persona,rephrased,weakness,human_vs_pooled_ai,spread,nn_isolation,,y1::9,y1,3,0.06125635732540339,0.0511094571772017,0.010146900148201687
persona,rephrased,weakness,human_vs_pooled_ai,spread,nn_isolation,,y2::1,y2,3,0.08143930066873002,0.04771104909376007,0.033728251574969954
persona,rephrased,weakness,human_vs_pooled_ai,spread,nn_isolation,,y2::10,y2,3,0.06831916502048851,0.05232969438896472,0.015989470631523797
persona,rephrased,weakness,human_vs_pooled_ai,spread,nn_isolation,,y2::11,y2,4,0.060862854489974805,0.06781269259221738,-0.006949838102242575
persona,rephrased,weakness,human_vs_pooled_ai,spread,nn_isolation,,y2::2,y2,3,0.07807084792889966,0.06353004897944158,0.01454079894945809
persona,rephrased,weakness,human_vs_pooled_ai,spread,nn_isolation,,y2::3,y2,4,0.05925233543346162,0.05415391610853729,0.00509841932492433
persona,rephrased,weakness,human_vs_pooled_ai,spread,nn_isolation,,y2::4,y2,2,0.07772241189687146,0.06814320315953884,0.009579208737332617
persona,rephrased,weakness,human_vs_pooled_ai,spread,nn_isolation,,y2::5,y2,4,0.06226544372991677,0.05070646606049864,0.01155897766941813
persona,rephrased,weakness,human_vs_pooled_ai,spread,nn_isolation,,y2::6,y2,4,0.06120128235733019,0.05630465265282229,0.004896629704507896
persona,rephrased,weakness,human_vs_pooled_ai,spread,nn_isolation,,y2::7,y2,4,0.07025594220218451,0.05490240400888994,0.015353538193294568
persona,rephrased,weakness,human_vs_pooled_ai,spread,nn_isolation,,y2::8,y2,3,0.09084160966850537,0.06563049530667522,0.025211114361830142
persona,rephrased,weakness,human_vs_pooled_ai,spread,nn_isolation,,y2::9,y2,4,0.0823817449477646,0.056648477431676864,0.025733267516087732
persona,rephrased,weakness,human_vs_pooled_ai,spread,spherical_variance,,y1::1,y1,4,0.0346203646689065,0.023965448403156876,0.010654916265749624
persona,rephrased,weakness,human_vs_pooled_ai,spread,spherical_variance,,y1::10,y1,4,0.03547603009221867,0.025937071642016484,0.009538958450202185
persona,rephrased,weakness,human_vs_pooled_ai,spread,spherical_variance,,y1::11,y1,4,0.02608312290170922,0.02521637788349576,0.0008667450182134606
persona,rephrased,weakness,human_vs_pooled_ai,spread,spherical_variance,,y1::12,y1,4,0.030235940785778403,0.02221579114389867,0.008020149641879734
persona,rephrased,weakness,human_vs_pooled_ai,spread,spherical_variance,,y1::2,y1,3,0.03286840802724189,0.02162666341109861,0.01124174461614328
persona,rephrased,weakness,human_vs_pooled_ai,spread,spherical_variance,,y1::3,y1,4,0.03809461165678385,0.020776484953372178,0.017318126703411672
persona,rephrased,weakness,human_vs_pooled_ai,spread,spherical_variance,,y1::4,y1,4,0.031850584356751255,0.019564830166588516,0.01228575419016274
persona,rephrased,weakness,human_vs_pooled_ai,spread,spherical_variance,,y1::5,y1,4,0.03387875713068733,0.024311069962400338,0.009567687168286994
persona,rephrased,weakness,human_vs_pooled_ai,spread,spherical_variance,,y1::6,y1,4,0.03553508953630591,0.02314258406685285,0.012392505469453058
persona,rephrased,weakness,human_vs_pooled_ai,spread,spherical_variance,,y1::7,y1,4,0.03211839355327861,0.024183775572419425,0.007934617980859187
persona,rephrased,weakness,human_vs_pooled_ai,spread,spherical_variance,,y1::8,y1,5,0.03485150872936715,0.025899804927232872,0.008951703802134281
persona,rephrased,weakness,human_vs_pooled_ai,spread,spherical_variance,,y1::9,y1,3,0.022348210070537777,0.019874378035270326,0.002473832035267451
persona,rephrased,weakness,human_vs_pooled_ai,spread,spherical_variance,,y2::1,y2,3,0.03066584231773073,0.018217173158989106,0.012448669158741623
persona,rephrased,weakness,human_vs_pooled_ai,spread,spherical_variance,,y2::10,y2,3,0.029199310136733048,0.0198959198000494,0.009303390336683648
persona,rephrased,weakness,human_vs_pooled_ai,spread,spherical_variance,,y2::11,y2,4,0.024961321113981638,0.031047345487161385,-0.006086024373179746
persona,rephrased,weakness,human_vs_pooled_ai,spread,spherical_variance,,y2::2,y2,3,0.027229537866548248,0.024123250472989754,0.003106287393558494
persona,rephrased,weakness,human_vs_pooled_ai,spread,spherical_variance,,y2::3,y2,4,0.026148351061476394,0.024597791246617054,0.0015505598148593397
persona,rephrased,weakness,human_vs_pooled_ai,spread,spherical_variance,,y2::4,y2,2,0.019623136721615086,0.017196413070122228,0.0024267236514928583
persona,rephrased,weakness,human_vs_pooled_ai,spread,spherical_variance,,y2::5,y2,4,0.028371186299855244,0.023410852168630758,0.004960334131224486
persona,rephrased,weakness,human_vs_pooled_ai,spread,spherical_variance,,y2::6,y2,4,0.028553467433978796,0.02575620738037553,0.002797260053603267
persona,rephrased,weakness,human_vs_pooled_ai,spread,spherical_variance,,y2::7,y2,4,0.031997824492123184,0.025840046808032136,0.006157777684091047
persona,rephrased,weakness,human_vs_pooled_ai,spread,spherical_variance,,y2::8,y2,3,0.03702628717512457,0.024603099118384465,0.012423188056740107
persona,rephrased,weakness,human_vs_pooled_ai,spread,spherical_variance,,y2::9,y2,4,0.033339523952434,0.0263194526172345,0.007020071335199503
persona,rephrased,weakness,human_vs_claude,richness,vendi,q=1,y1::1,y1,4,1.3763684649923884,1.238229639408084,0.13813882558430435
persona,rephrased,weakness,human_vs_claude,richness,vendi,q=1,y1::10,y1,4,1.381967899998911,1.3363670492775603,0.04560085072135056
persona,rephrased,weakness,human_vs_claude,richness,vendi,q=1,y1::11,y1,4,1.295339173314974,1.26332994061084,0.032009232704133916
persona,rephrased,weakness,human_vs_claude,richness,vendi,q=1,y1::12,y1,4,1.332278709363135,1.2307548960645187,0.10152381329861626
persona,rephrased,weakness,human_vs_claude,richness,vendi,q=1,y1::2,y1,3,1.3226187167164059,1.2256871495389312,0.09693156717747464
persona,rephrased,weakness,human_vs_claude,richness,vendi,q=1,y1::3,y1,4,1.4056859001707256,1.2304574816685874,0.17522841850213822
persona,rephrased,weakness,human_vs_claude,richness,vendi,q=1,y1::4,y1,4,1.3521865506862496,1.2119547618535929,0.14023178883265675
persona,rephrased,weakness,human_vs_claude,richness,vendi,q=1,y1::5,y1,4,1.3705536590924343,1.2559333468228648,0.11462031226956948
persona,rephrased,weakness,human_vs_claude,richness,vendi,q=1,y1::6,y1,4,1.3884769859627633,1.215866228648053,0.1726107573147102
persona,rephrased,weakness,human_vs_claude,richness,vendi,q=1,y1::7,y1,4,1.3503975577047898,1.2711978565886042,0.07919970111618557
persona,rephrased,weakness,human_vs_claude,richness,vendi,q=1,y1::8,y1,5,1.4072320343802496,1.2748424055015912,0.13238962887865835
persona,rephrased,weakness,human_vs_claude,richness,vendi,q=1,y1::9,y1,3,1.2351103042280578,1.1996218138423544,0.03548849038570334
persona,rephrased,weakness,human_vs_claude,richness,vendi,q=1,y2::1,y2,3,1.308515450940614,1.179536385359611,0.12897906558100303
persona,rephrased,weakness,human_vs_claude,richness,vendi,q=1,y2::10,y2,3,1.2916047185881592,1.1934507540141637,0.0981539645739955
persona,rephrased,weakness,human_vs_claude,richness,vendi,q=1,y2::11,y2,4,1.2842229483969343,1.312101442945964,-0.027878494549029798
persona,rephrased,weakness,human_vs_claude,richness,vendi,q=1,y2::2,y2,3,1.2794909176588298,1.2191211924119085,0.0603697252469213
persona,rephrased,weakness,human_vs_claude,richness,vendi,q=1,y2::3,y2,4,1.294905397367447,1.2130955694987535,0.0818098278686934
persona,rephrased,weakness,human_vs_claude,richness,vendi,q=1,y2::4,y2,2,1.178577210366716,1.1340489728028402,0.044528237563875805
persona,rephrased,weakness,human_vs_claude,richness,vendi,q=1,y2::5,y2,4,1.3154979898890804,1.2334298785093738,0.0820681113797066
persona,rephrased,weakness,human_vs_claude,richness,vendi,q=1,y2::6,y2,4,1.3159594281735214,1.2729526683729282,0.04300675980059321
persona,rephrased,weakness,human_vs_claude,richness,vendi,q=1,y2::7,y2,4,1.3520528812219168,1.3003564305790714,0.05169645064284545
persona,rephrased,weakness,human_vs_claude,richness,vendi,q=1,y2::8,y2,3,1.359193346655227,1.237396684144845,0.12179666251038213
persona,rephrased,weakness,human_vs_claude,richness,vendi,q=1,y2::9,y2,4,1.368565138471891,1.250065316762915,0.1184998217089761
persona,rephrased,weakness,human_vs_claude,dimensionality,participation_ratio,,y1::1,y1,4,2.7105807377626823,2.796123888598138,-0.0855431508354556
persona,rephrased,weakness,human_vs_claude,dimensionality,participation_ratio,,y1::10,y1,4,2.5943817004816827,2.854763251215761,-0.2603815507340781
persona,rephrased,weakness,human_vs_claude,dimensionality,participation_ratio,,y1::11,y1,4,2.927084836372946,2.554032051768769,0.3730527846041767
persona,rephrased,weakness,human_vs_claude,dimensionality,participation_ratio,,y1::12,y1,4,2.659229188316638,2.6751295213820443,-0.01590033306540617
persona,rephrased,weakness,human_vs_claude,dimensionality,participation_ratio,,y1::2,y1,3,1.7591164738041285,1.9394028570419266,-0.1802863832377981
persona,rephrased,weakness,human_vs_claude,dimensionality,participation_ratio,,y1::3,y1,4,2.530952058724124,2.7222028946533072,-0.19125083592918335
persona,rephrased,weakness,human_vs_claude,dimensionality,participation_ratio,,y1::4,y1,4,2.8719225914472357,2.8291098478537773,0.042812743593458435
persona,rephrased,weakness,human_vs_claude,dimensionality,participation_ratio,,y1::5,y1,4,2.7847168764633476,2.791962078536445,-0.007245202073097534
persona,rephrased,weakness,human_vs_claude,dimensionality,participation_ratio,,y1::6,y1,4,2.8785025385661878,2.73711330880084,0.14138922976534785
persona,rephrased,weakness,human_vs_claude,dimensionality,participation_ratio,,y1::7,y1,4,2.5953908933879584,2.6184460876091142,-0.023055194221155872
persona,rephrased,weakness,human_vs_claude,dimensionality,participation_ratio,,y1::8,y1,5,3.7093613309713382,3.3464560890613946,0.36290524190994367
persona,rephrased,weakness,human_vs_claude,dimensionality,participation_ratio,,y1::9,y1,3,1.954931506077775,1.958146686650722,-0.0032151805729470073
persona,rephrased,weakness,human_vs_claude,dimensionality,participation_ratio,,y2::1,y2,3,1.9389177656594077,1.9481032630788326,-0.009185497419424982
persona,rephrased,weakness,human_vs_claude,dimensionality,participation_ratio,,y2::10,y2,3,1.7631165867313914,1.8818774385851493,-0.11876085185375795
persona,rephrased,weakness,human_vs_claude,dimensionality,participation_ratio,,y2::11,y2,4,2.947231994280335,2.8532486007739886,0.09398339350634632
persona,rephrased,weakness,human_vs_claude,dimensionality,participation_ratio,,y2::2,y2,3,1.9935636815177105,1.9299211001582044,0.06364258135950607
persona,rephrased,weakness,human_vs_claude,dimensionality,participation_ratio,,y2::3,y2,4,2.84334897572368,2.767128567757107,0.0762204079665727
persona,rephrased,weakness,human_vs_claude,dimensionality,participation_ratio,,y2::4,y2,2,1.0,1.0,0.0
persona,rephrased,weakness,human_vs_claude,dimensionality,participation_ratio,,y2::5,y2,4,2.724157793754684,2.8322926998023203,-0.1081349060476362
persona,rephrased,weakness,human_vs_claude,dimensionality,participation_ratio,,y2::6,y2,4,2.6454681187598443,2.8174862385173727,-0.17201811975752834
persona,rephrased,weakness,human_vs_claude,dimensionality,participation_ratio,,y2::7,y2,4,2.7792448776012373,2.8456606106643076,-0.06641573306307036
persona,rephrased,weakness,human_vs_claude,dimensionality,participation_ratio,,y2::8,y2,3,1.8145303366809231,1.9263541982072319,-0.11182386152630874
persona,rephrased,weakness,human_vs_claude,dimensionality,participation_ratio,,y2::9,y2,4,2.9754169101883914,2.761133408795038,0.2142835013933535
persona,rephrased,weakness,human_vs_claude,dimensionality,effective_rank,,y1::1,y1,4,2.8464106740548343,2.8895828171800124,-0.04317214312517814
persona,rephrased,weakness,human_vs_claude,dimensionality,effective_rank,,y1::10,y1,4,2.7736923824294837,2.925358828642969,-0.15166644621348535
persona,rephrased,weakness,human_vs_claude,dimensionality,effective_rank,,y1::11,y1,4,2.9633987144584304,2.7492289503300853,0.2141697641283451
persona,rephrased,weakness,human_vs_claude,dimensionality,effective_rank,,y1::12,y1,4,2.798759223772906,2.8234460313757372,-0.024686807602831262
persona,rephrased,weakness,human_vs_claude,dimensionality,effective_rank,,y1::2,y1,3,1.86455971364336,1.9685753289130574,-0.10401561526969738
persona,rephrased,weakness,human_vs_claude,dimensionality,effective_rank,,y1::3,y1,4,2.7426961065966684,2.850485538781445,-0.10778943218477677
persona,rephrased,weakness,human_vs_claude,dimensionality,effective_rank,,y1::4,y1,4,2.9363737418800517,2.9091811869568516,0.027192554923200163
persona,rephrased,weakness,human_vs_claude,dimensionality,effective_rank,,y1::5,y1,4,2.8834586288325115,2.8864363504294444,-0.0029777215969328807
persona,rephrased,weakness,human_vs_claude,dimensionality,effective_rank,,y1::6,y1,4,2.936317126573344,2.8637505274214767,0.07256659915186736
persona,rephrased,weakness,human_vs_claude,dimensionality,effective_rank,,y1::7,y1,4,2.7880258214457503,2.792482326291847,-0.0044565048460967205
persona,rephrased,weakness,human_vs_claude,dimensionality,effective_rank,,y1::8,y1,5,3.8355855555265927,3.6495369954414136,0.18604856008517912
persona,rephrased,weakness,human_vs_claude,dimensionality,effective_rank,,y1::9,y1,3,1.976990234350392,1.9785312598013114,-0.0015410254509193866
persona,rephrased,weakness,human_vs_claude,dimensionality,effective_rank,,y2::1,y2,3,1.9685786498622444,1.9730610393787416,-0.004482389516497154
persona,rephrased,weakness,human_vs_claude,dimensionality,effective_rank,,y2::10,y2,3,1.8670847284524292,1.936316251574557,-0.06923152312212766
persona,rephrased,weakness,human_vs_claude,dimensionality,effective_rank,,y2::11,y2,4,2.973729847474114,2.9216857326712407,0.05204411480287341
persona,rephrased,weakness,human_vs_claude,dimensionality,effective_rank,,y2::2,y2,3,1.9967723185583084,1.963332238973304,0.0334400795850045
persona,rephrased,weakness,human_vs_claude,dimensionality,effective_rank,,y2::3,y2,4,2.9173744445574514,2.8719729459378707,0.04540149861958076
persona,rephrased,weakness,human_vs_claude,dimensionality,effective_rank,,y2::4,y2,2,1.0,1.0,0.0
persona,rephrased,weakness,human_vs_claude,dimensionality,effective_rank,,y2::5,y2,4,2.858870432870904,2.915200096506434,-0.056329663635529936
persona,rephrased,weakness,human_vs_claude,dimensionality,effective_rank,,y2::6,y2,4,2.808456399278876,2.907421769263205,-0.09896536998432914
persona,rephrased,weakness,human_vs_claude,dimensionality,effective_rank,,y2::7,y2,4,2.8823526376800293,2.919321944679866,-0.03696930699983669
persona,rephrased,weakness,human_vs_claude,dimensionality,effective_rank,,y2::8,y2,3,1.8986290460299309,1.9613566405476224,-0.0627275945176915
persona,rephrased,weakness,human_vs_claude,dimensionality,effective_rank,,y2::9,y2,4,2.987398075779494,2.8732867725583024,0.11411130322119156
persona,rephrased,weakness,human_vs_claude,coverage,coverage_geometric,k=panel_adaptive,y1::1,y1,4,0.75,1.0,-0.25
persona,rephrased,weakness,human_vs_claude,coverage,coverage_geometric,k=panel_adaptive,y1::10,y1,4,1.0,1.0,0.0
persona,rephrased,weakness,human_vs_claude,coverage,coverage_geometric,k=panel_adaptive,y1::11,y1,4,1.0,1.0,0.0
persona,rephrased,weakness,human_vs_claude,coverage,coverage_geometric,k=panel_adaptive,y1::12,y1,4,1.0,1.0,0.0
persona,rephrased,weakness,human_vs_claude,coverage,coverage_geometric,k=panel_adaptive,y1::2,y1,3,0.6666666666666666,1.0,-0.33333333333333337
persona,rephrased,weakness,human_vs_claude,coverage,coverage_geometric,k=panel_adaptive,y1::3,y1,4,0.75,1.0,-0.25
persona,rephrased,weakness,human_vs_claude,coverage,coverage_geometric,k=panel_adaptive,y1::4,y1,4,0.75,1.0,-0.25
persona,rephrased,weakness,human_vs_claude,coverage,coverage_geometric,k=panel_adaptive,y1::5,y1,4,0.75,1.0,-0.25
persona,rephrased,weakness,human_vs_claude,coverage,coverage_geometric,k=panel_adaptive,y1::6,y1,4,0.75,1.0,-0.25
persona,rephrased,weakness,human_vs_claude,coverage,coverage_geometric,k=panel_adaptive,y1::7,y1,4,1.0,1.0,0.0
persona,rephrased,weakness,human_vs_claude,coverage,coverage_geometric,k=panel_adaptive,y1::8,y1,5,1.0,1.0,0.0
persona,rephrased,weakness,human_vs_claude,coverage,coverage_geometric,k=panel_adaptive,y1::9,y1,3,0.6666666666666666,1.0,-0.33333333333333337
persona,rephrased,weakness,human_vs_claude,coverage,coverage_geometric,k=panel_adaptive,y2::1,y2,3,0.6666666666666666,1.0,-0.33333333333333337
persona,rephrased,weakness,human_vs_claude,coverage,coverage_geometric,k=panel_adaptive,y2::10,y2,3,0.6666666666666666,1.0,-0.33333333333333337
persona,rephrased,weakness,human_vs_claude,coverage,coverage_geometric,k=panel_adaptive,y2::11,y2,4,1.0,0.65,0.35
persona,rephrased,weakness,human_vs_claude,coverage,coverage_geometric,k=panel_adaptive,y2::2,y2,3,0.6666666666666666,1.0,-0.33333333333333337
persona,rephrased,weakness,human_vs_claude,coverage,coverage_geometric,k=panel_adaptive,y2::3,y2,4,1.0,1.0,0.0
persona,rephrased,weakness,human_vs_claude,coverage,coverage_geometric,k=panel_adaptive,y2::4,y2,2,,0.2,
persona,rephrased,weakness,human_vs_claude,coverage,coverage_geometric,k=panel_adaptive,y2::5,y2,4,0.75,1.0,-0.25
persona,rephrased,weakness,human_vs_claude,coverage,coverage_geometric,k=panel_adaptive,y2::6,y2,4,0.75,1.0,-0.25
persona,rephrased,weakness,human_vs_claude,coverage,coverage_geometric,k=panel_adaptive,y2::7,y2,4,0.75,1.0,-0.25
persona,rephrased,weakness,human_vs_claude,coverage,coverage_geometric,k=panel_adaptive,y2::8,y2,3,0.6666666666666666,1.0,-0.33333333333333337
persona,rephrased,weakness,human_vs_claude,coverage,coverage_geometric,k=panel_adaptive,y2::9,y2,4,1.0,1.0,0.0
persona,rephrased,weakness,human_vs_claude,evenness,vendi_slope,q=0..2,y1::1,y1,4,0.7127735939742745,0.728457511205127,-0.015683917230852495
persona,rephrased,weakness,human_vs_claude,evenness,vendi_slope,q=0..2,y1::10,y1,4,0.7118285059853333,0.7176683837719193,-0.005839877786586012
persona,rephrased,weakness,human_vs_claude,evenness,vendi_slope,q=0..2,y1::11,y1,4,0.7224061738428973,0.725402953537289,-0.0029967796943917158
persona,rephrased,weakness,human_vs_claude,evenness,vendi_slope,q=0..2,y1::12,y1,4,0.7177825021025204,0.7291215564470661,-0.01133905434454574
persona,rephrased,weakness,human_vs_claude,evenness,vendi_slope,q=0..2,y1::2,y1,3,0.6200840559470316,0.6369733530084469,-0.016889297061415287
persona,rephrased,weakness,human_vs_claude,evenness,vendi_slope,q=0..2,y1::3,y1,4,0.7088338289604208,0.729210252288027,-0.020376423327606252
persona,rephrased,weakness,human_vs_claude,evenness,vendi_slope,q=0..2,y1::4,y1,4,0.7159004970567966,0.7312628879074963,-0.015362390850699681
persona,rephrased,weakness,human_vs_claude,evenness,vendi_slope,q=0..2,y1::5,y1,4,0.7135867156936982,0.7265580829267249,-0.01297136723302661
persona,rephrased,weakness,human_vs_claude,evenness,vendi_slope,q=0..2,y1::6,y1,4,0.7116535757699547,0.7307864996511171,-0.01913292388116239
persona,rephrased,weakness,human_vs_claude,evenness,vendi_slope,q=0..2,y1::7,y1,4,0.7156415833973937,0.72468170485319,-0.009040121455796246
persona,rephrased,weakness,human_vs_claude,evenness,vendi_slope,q=0..2,y1::8,y1,5,0.7698638727884921,0.780743431773887,-0.010879558985394944
persona,rephrased,weakness,human_vs_claude,evenness,vendi_slope,q=0..2,y1::9,y1,3,0.6355299455896691,0.6410983822090757,-0.005568436619406536
persona,rephrased,weakness,human_vs_claude,evenness,vendi_slope,q=0..2,y2::1,y2,3,0.6232560650928909,0.6441317445599118,-0.020875679467020958
persona,rephrased,weakness,human_vs_claude,evenness,vendi_slope,q=0..2,y2::10,y2,3,0.6255560822727899,0.6418654106018331,-0.016309328329043193
persona,rephrased,weakness,human_vs_claude,evenness,vendi_slope,q=0..2,y2::11,y2,4,0.7236548232113131,0.7204220693391863,0.003232753872126848
persona,rephrased,weakness,human_vs_claude,evenness,vendi_slope,q=0..2,y2::2,y2,3,0.6283495442698835,0.637967899104677,-0.009618354834793452
persona,rephrased,weakness,human_vs_claude,evenness,vendi_slope,q=0..2,y2::3,y2,4,0.7223462611287204,0.7310834307413487,-0.008737169612628382
persona,rephrased,weakness,human_vs_claude,evenness,vendi_slope,q=0..2,y2::4,y2,2,0.45963353034420007,0.471731375293568,-0.012097844949367942
persona,rephrased,weakness,human_vs_claude,evenness,vendi_slope,q=0..2,y2::5,y2,4,0.7198846079653082,0.7290123883283218,-0.009127780363013649
persona,rephrased,weakness,human_vs_claude,evenness,vendi_slope,q=0..2,y2::6,y2,4,0.7196952711192157,0.724734546028347,-0.005039274909131253
persona,rephrased,weakness,human_vs_claude,evenness,vendi_slope,q=0..2,y2::7,y2,4,0.7157481135346555,0.7217402527956798,-0.005992139261024265
persona,rephrased,weakness,human_vs_claude,evenness,vendi_slope,q=0..2,y2::8,y2,3,0.6137351031360545,0.6350612885201312,-0.021326185384076712
persona,rephrased,weakness,human_vs_claude,evenness,vendi_slope,q=0..2,y2::9,y2,4,0.7141601774490398,0.7271498708096763,-0.01298969336063649
persona,rephrased,weakness,human_vs_claude,evenness,ripley_excess,r=pooled_q01_q50,y1::1,y1,4,-0.010336663116203813,0.05065957567475206,-0.06099623879095587
persona,rephrased,weakness,human_vs_claude,evenness,ripley_excess,r=pooled_q01_q50,y1::10,y1,4,-0.010688766500231307,-0.005803300148373767,-0.004885466351857539
persona,rephrased,weakness,human_vs_claude,evenness,ripley_excess,r=pooled_q01_q50,y1::11,y1,4,0.011158266645455439,0.03429255336091809,-0.02313428671546265
persona,rephrased,weakness,human_vs_claude,evenness,ripley_excess,r=pooled_q01_q50,y1::12,y1,4,0.003137514178396302,0.053680638160999404,-0.050543123982603105
persona,rephrased,weakness,human_vs_claude,evenness,ripley_excess,r=pooled_q01_q50,y1::2,y1,3,-0.0034047527264513574,0.019349590878266477,-0.022754343604717835
persona,rephrased,weakness,human_vs_claude,evenness,ripley_excess,r=pooled_q01_q50,y1::3,y1,4,-0.008055738147263371,0.051958919330336376,-0.06001465747759975
persona,rephrased,weakness,human_vs_claude,evenness,ripley_excess,r=pooled_q01_q50,y1::4,y1,4,-0.010448946504960916,0.06863235676800387,-0.0790813032729648
persona,rephrased,weakness,human_vs_claude,evenness,ripley_excess,r=pooled_q01_q50,y1::5,y1,4,-0.010054517761295293,0.04044296890814504,-0.05049748666944033
persona,rephrased,weakness,human_vs_claude,evenness,ripley_excess,r=pooled_q01_q50,y1::6,y1,4,-0.01635957617028842,0.0631952014284595,-0.07955477759874792
persona,rephrased,weakness,human_vs_claude,evenness,ripley_excess,r=pooled_q01_q50,y1::7,y1,4,-0.003982475312148919,0.02668437105873146,-0.03066684637088038
persona,rephrased,weakness,human_vs_claude,evenness,ripley_excess,r=pooled_q01_q50,y1::8,y1,5,-0.012326984894122579,0.061810603051621414,-0.07413758794574399
persona,rephrased,weakness,human_vs_claude,evenness,ripley_excess,r=pooled_q01_q50,y1::9,y1,3,0.012142748775329863,0.03609917882666892,-0.02395643005133906
persona,rephrased,weakness,human_vs_claude,evenness,ripley_excess,r=pooled_q01_q50,y2::1,y2,3,-0.010972284492128429,0.044825337670082316,-0.05579762216221074
persona,rephrased,weakness,human_vs_claude,evenness,ripley_excess,r=pooled_q01_q50,y2::10,y2,3,0.0011280884151828937,0.03561067003128749,-0.034482581616104596
persona,rephrased,weakness,human_vs_claude,evenness,ripley_excess,r=pooled_q01_q50,y2::11,y2,4,0.019695296897294313,0.005774699187436418,0.013920597709857895
persona,rephrased,weakness,human_vs_claude,evenness,ripley_excess,r=pooled_q01_q50,y2::2,y2,3,-0.011753950262213425,0.02302418100810944,-0.034778131270322865
persona,rephrased,weakness,human_vs_claude,evenness,ripley_excess,r=pooled_q01_q50,y2::3,y2,4,0.012398135423406773,0.06265858473878116,-0.05026044931537439
persona,rephrased,weakness,human_vs_claude,evenness,ripley_excess,r=pooled_q01_q50,y2::4,y2,2,-0.005765689657837117,0.017283320901850543,-0.02304901055968766
persona,rephrased,weakness,human_vs_claude,evenness,ripley_excess,r=pooled_q01_q50,y2::5,y2,4,0.009400059339087448,0.057316956255159604,-0.047916896916072156
persona,rephrased,weakness,human_vs_claude,evenness,ripley_excess,r=pooled_q01_q50,y2::6,y2,4,0.011063948854162583,0.031171412655189717,-0.020107463801027133
persona,rephrased,weakness,human_vs_claude,evenness,ripley_excess,r=pooled_q01_q50,y2::7,y2,4,-0.009057461697782192,0.009976734610472987,-0.01903419630825518
persona,rephrased,weakness,human_vs_claude,evenness,ripley_excess,r=pooled_q01_q50,y2::8,y2,3,-0.010185617781479648,0.013142265816974285,-0.023327883598453933
persona,rephrased,weakness,human_vs_claude,evenness,ripley_excess,r=pooled_q01_q50,y2::9,y2,4,-0.019303556205014536,0.04331043038651795,-0.06261398659153249
persona,rephrased,weakness,human_vs_claude,spread,mean_pairwise,,y1::1,y1,4,0.09072287958400778,0.05440166320167533,0.03632121638233245
persona,rephrased,weakness,human_vs_claude,spread,mean_pairwise,,y1::10,y1,4,0.09292468196444643,0.07956141396177499,0.013363268002671444
persona,rephrased,weakness,human_vs_claude,spread,mean_pairwise,,y1::11,y1,4,0.0686478886708178,0.0617382437426157,0.006909644928202091
persona,rephrased,weakness,human_vs_claude,spread,mean_pairwise,,y1::12,y1,4,0.07941022594180897,0.05283735779399792,0.026572868147811048
persona,rephrased,weakness,human_vs_claude,spread,mean_pairwise,,y1::2,y1,3,0.09698472571235905,0.06336416333060166,0.033620562381757396
persona,rephrased,weakness,human_vs_claude,spread,mean_pairwise,,y1::3,y1,4,0.09965069850171544,0.05261157315800726,0.04703912534370818
persona,rephrased,weakness,human_vs_claude,spread,mean_pairwise,,y1::4,y1,4,0.0835822786528481,0.04763722823681648,0.035945050416031625
persona,rephrased,weakness,human_vs_claude,spread,mean_pairwise,,y1::5,y1,4,0.0888129921022071,0.058927678144392884,0.029885313957814214
persona,rephrased,weakness,human_vs_claude,spread,mean_pairwise,,y1::6,y1,4,0.0930765819790107,0.048805391263399146,0.04427119071561155
persona,rephrased,weakness,human_vs_claude,spread,mean_pairwise,,y1::7,y1,4,0.08427359453615224,0.06340823174351873,0.020865362792633513
persona,rephrased,weakness,human_vs_claude,spread,mean_pairwise,,y1::8,y1,5,0.08561048724752666,0.0566054817184279,0.029005005529098765
persona,rephrased,weakness,human_vs_claude,spread,mean_pairwise,,y1::9,y1,3,0.0662954664715794,0.05494608809755715,0.011349378374022251
persona,rephrased,weakness,human_vs_claude,spread,mean_pairwise,,y2::1,y2,3,0.09058693612560753,0.04867670710498595,0.04191022902062158
persona,rephrased,weakness,human_vs_claude,spread,mean_pairwise,,y2::10,y2,3,0.08631903084150794,0.053364945840497335,0.0329540850010106
persona,rephrased,weakness,human_vs_claude,spread,mean_pairwise,,y2::11,y2,4,0.06573276623494428,0.07325521066046237,-0.007522444425518082
persona,rephrased,weakness,human_vs_claude,spread,mean_pairwise,,y2::2,y2,3,0.08057644200100356,0.06133106233555589,0.01924537966544767
persona,rephrased,weakness,human_vs_claude,spread,mean_pairwise,,y2::3,y2,4,0.06881728781295748,0.048080390838213166,0.020736896974744318
persona,rephrased,weakness,human_vs_claude,spread,mean_pairwise,,y2::4,y2,2,0.07772241189687146,0.055002888844784145,0.022719523052087312
persona,rephrased,weakness,human_vs_claude,spread,mean_pairwise,,y2::5,y2,4,0.0745832645168661,0.05306752416129433,0.021515740355571772
persona,rephrased,weakness,human_vs_claude,spread,mean_pairwise,,y2::6,y2,4,0.07505551248727228,0.06323215866340673,0.011823353823865554
persona,rephrased,weakness,human_vs_claude,spread,mean_pairwise,,y2::7,y2,4,0.08396238428269003,0.07021155606267251,0.01375082822001751
persona,rephrased,weakness,human_vs_claude,spread,mean_pairwise,,y2::8,y2,3,0.10902244261241179,0.0672303401290817,0.04179210248333008
persona,rephrased,weakness,human_vs_claude,spread,mean_pairwise,,y2::9,y2,4,0.08742336539665806,0.05753078416649662,0.02989258123016144
persona,rephrased,weakness,human_vs_claude,spread,centroid_loo,,y1::1,y1,4,0.34532723256981784,0.2677505053120478,0.07757672725777004
persona,rephrased,weakness,human_vs_claude,spread,centroid_loo,,y1::10,y1,4,0.34806041355480094,0.32435409041859414,0.023706323136206797
persona,rephrased,weakness,human_vs_claude,spread,centroid_loo,,y1::11,y1,4,0.3022009339478704,0.28258534633895505,0.019615587608915352
persona,rephrased,weakness,human_vs_claude,spread,centroid_loo,,y1::12,y1,4,0.32364369637466983,0.26326259188330187,0.060381104491367965
persona,rephrased,weakness,human_vs_claude,spread,centroid_loo,,y1::2,y1,3,0.37817117981537934,0.3074002482229621,0.07077093159241726
persona,rephrased,weakness,human_vs_claude,spread,centroid_loo,,y1::3,y1,4,0.35965980877222425,0.2628690161598485,0.09679079261237578
persona,rephrased,weakness,human_vs_claude,spread,centroid_loo,,y1::4,y1,4,0.33284384133831163,0.25136636357517383,0.0814774777631378
persona,rephrased,weakness,human_vs_claude,spread,centroid_loo,,y1::5,y1,4,0.3431082011491867,0.2797438826335542,0.06336431851563251
persona,rephrased,weakness,human_vs_claude,spread,centroid_loo,,y1::6,y1,4,0.35114422153290414,0.2543846287129584,0.09675959281994573
persona,rephrased,weakness,human_vs_claude,spread,centroid_loo,,y1::7,y1,4,0.334214972900014,0.28942852094800237,0.04478645195201164
persona,rephrased,weakness,human_vs_claude,spread,centroid_loo,,y1::8,y1,5,0.3258143637340637,0.26339162619646234,0.06242273753760136
persona,rephrased,weakness,human_vs_claude,spread,centroid_loo,,y1::9,y1,3,0.3148718389692364,0.28652128468707166,0.02835055428216471
persona,rephrased,weakness,human_vs_claude,spread,centroid_loo,,y2::1,y2,3,0.36790444377368475,0.269435373407323,0.09846907036636177
persona,rephrased,weakness,human_vs_claude,spread,centroid_loo,,y2::10,y2,3,0.35685587742276254,0.28096759925172576,0.07588827817103677
persona,rephrased,weakness,human_vs_claude,spread,centroid_loo,,y2::11,y2,4,0.29574955113492063,0.31132889507651174,-0.015579343941591106
persona,rephrased,weakness,human_vs_claude,spread,centroid_loo,,y2::2,y2,3,0.3475849252615113,0.30204230346476485,0.04554262179674645
persona,rephrased,weakness,human_vs_claude,spread,centroid_loo,,y2::3,y2,4,0.3020978289407713,0.25137752707479166,0.050720301865979645
persona,rephrased,weakness,human_vs_claude,spread,centroid_loo,,y2::4,y2,2,0.3942649157530292,0.33099033585434506,0.06327457989868412
persona,rephrased,weakness,human_vs_claude,spread,centroid_loo,,y2::5,y2,4,0.3132333649244805,0.26516954458159175,0.04806382034288875
persona,rephrased,weakness,human_vs_claude,spread,centroid_loo,,y2::6,y2,4,0.3140447626120132,0.2893548859815578,0.02468987663045541
persona,rephrased,weakness,human_vs_claude,spread,centroid_loo,,y2::7,y2,4,0.3335080665765167,0.30545527203862033,0.028052794537896386
persona,rephrased,weakness,human_vs_claude,spread,centroid_loo,,y2::8,y2,3,0.40195690074968066,0.3164428570675924,0.08551404368208826
persona,rephrased,weakness,human_vs_claude,spread,centroid_loo,,y2::9,y2,4,0.3412787937746296,0.2750162767044114,0.06626251707021819
persona,rephrased,weakness,human_vs_claude,spread,mst_dispersion,,y1::1,y1,4,0.0786585134421068,0.046686131218563215,0.03197238222354358
persona,rephrased,weakness,human_vs_claude,spread,mst_dispersion,,y1::10,y1,4,0.07312095718635292,0.07085411836991394,0.002266838816438979
persona,rephrased,weakness,human_vs_claude,spread,mst_dispersion,,y1::11,y1,4,0.06385730339413975,0.051998376914577114,0.011858926479562638
persona,rephrased,weakness,human_vs_claude,spread,mst_dispersion,,y1::12,y1,4,0.06540937928694752,0.04534983749297313,0.020059541793974393
persona,rephrased,weakness,human_vs_claude,spread,mst_dispersion,,y1::2,y1,3,0.08283279520293152,0.05886826384069279,0.02396453136223873
persona,rephrased,weakness,human_vs_claude,spread,mst_dispersion,,y1::3,y1,4,0.08018743779745612,0.044554237027262786,0.03563320077019333
persona,rephrased,weakness,human_vs_claude,spread,mst_dispersion,,y1::4,y1,4,0.07619178879953965,0.0419766613009616,0.03421512749857805
persona,rephrased,weakness,human_vs_claude,spread,mst_dispersion,,y1::5,y1,4,0.07805033502307894,0.05154533109703889,0.02650500392604005
persona,rephrased,weakness,human_vs_claude,spread,mst_dispersion,,y1::6,y1,4,0.08271827480695519,0.04203390083183044,0.040684373975124755
persona,rephrased,weakness,human_vs_claude,spread,mst_dispersion,,y1::7,y1,4,0.06866635854106062,0.053606462467052494,0.01505989607400813
persona,rephrased,weakness,human_vs_claude,spread,mst_dispersion,,y1::8,y1,5,0.07320326477921801,0.04455248666402725,0.02865077811519076
persona,rephrased,weakness,human_vs_claude,spread,mst_dispersion,,y1::9,y1,3,0.06126250491794749,0.05176046628102636,0.009502038636921131
persona,rephrased,weakness,human_vs_claude,spread,mst_dispersion,,y2::1,y2,3,0.0844098506975497,0.045491701788141124,0.03891814890940857
persona,rephrased,weakness,human_vs_claude,spread,mst_dispersion,,y2::10,y2,3,0.07416750456371501,0.047661983524690546,0.02650552103902447
persona,rephrased,weakness,human_vs_claude,spread,mst_dispersion,,y2::11,y2,4,0.06131249429106511,0.06512293790676832,-0.0038104436157032073
persona,rephrased,weakness,human_vs_claude,spread,mst_dispersion,,y2::2,y2,3,0.07833259298915857,0.05674167670027859,0.021590916288879977
persona,rephrased,weakness,human_vs_claude,spread,mst_dispersion,,y2::3,y2,4,0.060112166872732575,0.041738572063250025,0.01837359480948255
persona,rephrased,weakness,human_vs_claude,spread,mst_dispersion,,y2::4,y2,2,0.07772241189687146,0.055002888844784145,0.022719523052087312
persona,rephrased,weakness,human_vs_claude,spread,mst_dispersion,,y2::5,y2,4,0.0640585690446509,0.04765831675333403,0.01640025229131687
persona,rephrased,weakness,human_vs_claude,spread,mst_dispersion,,y2::6,y2,4,0.06391657197284976,0.05604384429582917,0.007872727677020595
persona,rephrased,weakness,human_vs_claude,spread,mst_dispersion,,y2::7,y2,4,0.07460558731518947,0.06280215053024671,0.011803436784942764
persona,rephrased,weakness,human_vs_claude,spread,mst_dispersion,,y2::8,y2,3,0.0991223881097753,0.06235926211673463,0.03676312599304068
persona,rephrased,weakness,human_vs_claude,spread,mst_dispersion,,y2::9,y2,4,0.08369841684469985,0.050487343752402915,0.033211073092296935
persona,rephrased,weakness,human_vs_claude,spread,sparseness,,y1::1,y1,4,0.07878282925696574,0.04708460037363844,0.0316982288833273
persona,rephrased,weakness,human_vs_claude,spread,sparseness,,y1::10,y1,4,0.07312095718635292,0.07111817680160679,0.0020027803847461334
persona,rephrased,weakness,human_vs_claude,spread,sparseness,,y1::11,y1,4,0.06421582606756644,0.052529935566121025,0.011685890501445417
persona,rephrased,weakness,human_vs_claude,spread,sparseness,,y1::12,y1,4,0.06842042887774387,0.046328587947808364,0.022091840929935505
persona,rephrased,weakness,human_vs_claude,spread,sparseness,,y1::2,y1,3,0.08283279520293152,0.05886826384069279,0.02396453136223873
persona,rephrased,weakness,human_vs_claude,spread,sparseness,,y1::3,y1,4,0.08018743779745612,0.04544109512540036,0.03474634267205576
persona,rephrased,weakness,human_vs_claude,spread,sparseness,,y1::4,y1,4,0.07679117638821402,0.043196200867843426,0.03359497552037059
persona,rephrased,weakness,human_vs_claude,spread,sparseness,,y1::5,y1,4,0.08105712773291274,0.05464353722789857,0.02641359050501417
persona,rephrased,weakness,human_vs_claude,spread,sparseness,,y1::6,y1,4,0.08271827480695519,0.04536856082513137,0.03734971398182382
persona,rephrased,weakness,human_vs_claude,spread,sparseness,,y1::7,y1,4,0.07621323680073562,0.05776950096466543,0.018443735836070188
persona,rephrased,weakness,human_vs_claude,spread,sparseness,,y1::8,y1,5,0.07361028610722958,0.04618450637238042,0.027425779734849165
persona,rephrased,weakness,human_vs_claude,spread,sparseness,,y1::9,y1,3,0.06126250491794749,0.05176046628102636,0.009502038636921131
persona,rephrased,weakness,human_vs_claude,spread,sparseness,,y2::1,y2,3,0.0844098506975497,0.045491701788141124,0.03891814890940857
persona,rephrased,weakness,human_vs_claude,spread,sparseness,,y2::10,y2,3,0.07416750456371501,0.047661983524690546,0.02650552103902447
persona,rephrased,weakness,human_vs_claude,spread,sparseness,,y2::11,y2,4,0.061732714400330756,0.06521419273651392,-0.0034814783361831678
persona,rephrased,weakness,human_vs_claude,spread,sparseness,,y2::2,y2,3,0.07833259298915857,0.05674167670027859,0.021590916288879977
persona,rephrased,weakness,human_vs_claude,spread,sparseness,,y2::3,y2,4,0.06121567559867943,0.04196890071461987,0.019246774884059563
persona,rephrased,weakness,human_vs_claude,spread,sparseness,,y2::4,y2,2,0.07772241189687146,0.055002888844784145,0.022719523052087312
persona,rephrased,weakness,human_vs_claude,spread,sparseness,,y2::5,y2,4,0.06474244604300472,0.0492424526200641,0.015499993422940617
persona,rephrased,weakness,human_vs_claude,spread,sparseness,,y2::6,y2,4,0.0681914498438873,0.05811509941852948,0.010076350425357816
persona,rephrased,weakness,human_vs_claude,spread,sparseness,,y2::7,y2,4,0.07592365742971634,0.0661283914192321,0.009795266010484235
persona,rephrased,weakness,human_vs_claude,spread,sparseness,,y2::8,y2,3,0.0991223881097753,0.06235926211673463,0.03676312599304068
persona,rephrased,weakness,human_vs_claude,spread,sparseness,,y2::9,y2,4,0.08373209125802013,0.05102373572717976,0.032708355530840366
persona,rephrased,weakness,human_vs_claude,spread,nn_isolation,,y1::1,y1,4,0.07447093056799706,0.045223552254078675,0.029247378313918382
persona,rephrased,weakness,human_vs_claude,spread,nn_isolation,,y1::10,y1,4,0.07111389063170281,0.06916783367599418,0.0019460569557086388
persona,rephrased,weakness,human_vs_claude,spread,nn_isolation,,y1::11,y1,4,0.06263720228882316,0.048601429880438,0.014035772408385161
persona,rephrased,weakness,human_vs_claude,spread,nn_isolation,,y1::12,y1,4,0.06175287895645784,0.0434520549104359,0.018300824046021943
persona,rephrased,weakness,human_vs_claude,spread,nn_isolation,,y1::2,y1,3,0.07646293575504133,0.057297357031867745,0.019165578723173586
persona,rephrased,weakness,human_vs_claude,spread,nn_isolation,,y1::3,y1,4,0.07691789824197304,0.042720859030592015,0.03419703921138102
persona,rephrased,weakness,human_vs_claude,spread,nn_isolation,,y1::4,y1,4,0.0750154575783375,0.0412141123505556,0.033801345227781894
persona,rephrased,weakness,human_vs_claude,spread,nn_isolation,,y1::5,y1,4,0.07345075403988291,0.0487845801639913,0.02466617387589161
persona,rephrased,weakness,human_vs_claude,spread,nn_isolation,,y1::6,y1,4,0.08011922551451062,0.03959724735058878,0.040521978163921835
persona,rephrased,weakness,human_vs_claude,spread,nn_isolation,,y1::7,y1,4,0.06370644476177689,0.04845690988118482,0.015249534880592074
persona,rephrased,weakness,human_vs_claude,spread,nn_isolation,,y1::8,y1,5,0.06897044396674512,0.041421399429832736,0.027549044536912384
persona,rephrased,weakness,human_vs_claude,spread,nn_isolation,,y1::9,y1,3,0.06125635732540339,0.05079902140718144,0.010457335918221948
persona,rephrased,weakness,human_vs_claude,spread,nn_isolation,,y2::1,y2,3,0.08143930066873002,0.04452864744038648,0.03691065322834354
persona,rephrased,weakness,human_vs_claude,spread,nn_isolation,,y2::10,y2,3,0.06831916502048851,0.04610224286343466,0.022216922157053856
persona,rephrased,weakness,human_vs_claude,spread,nn_isolation,,y2::11,y2,4,0.060862854489974805,0.06321928314518037,-0.002356428655205564
persona,rephrased,weakness,human_vs_claude,spread,nn_isolation,,y2::2,y2,3,0.07807084792889966,0.0550521292375601,0.023018718691339562
persona,rephrased,weakness,human_vs_claude,spread,nn_isolation,,y2::3,y2,4,0.05925233543346162,0.039272905344311576,0.01997943008915004
persona,rephrased,weakness,human_vs_claude,spread,nn_isolation,,y2::4,y2,2,0.07772241189687146,0.055002888844784145,0.022719523052087312
persona,rephrased,weakness,human_vs_claude,spread,nn_isolation,,y2::5,y2,4,0.06226544372991677,0.04660985270816104,0.015655591021755733
persona,rephrased,weakness,human_vs_claude,spread,nn_isolation,,y2::6,y2,4,0.06120128235733019,0.05455854583079243,0.006642736526537761
persona,rephrased,weakness,human_vs_claude,spread,nn_isolation,,y2::7,y2,4,0.07025594220218451,0.06119070946455807,0.009065232737626439
persona,rephrased,weakness,human_vs_claude,spread,nn_isolation,,y2::8,y2,3,0.09084160966850537,0.060187546837813896,0.03065406283069147
persona,rephrased,weakness,human_vs_claude,spread,nn_isolation,,y2::9,y2,4,0.0823817449477646,0.04811152889488156,0.03427021605288304
persona,rephrased,weakness,human_vs_claude,spread,spherical_variance,,y1::1,y1,4,0.0346203646689065,0.020614288763655654,0.014006075905250846
persona,rephrased,weakness,human_vs_claude,spread,spherical_variance,,y1::10,y1,4,0.03547603009221867,0.030296427296331686,0.005179602795886983
persona,rephrased,weakness,human_vs_claude,spread,spherical_variance,,y1::11,y1,4,0.02608312290170922,0.023431279906151636,0.0026518429955575858
persona,rephrased,weakness,human_vs_claude,spread,spherical_variance,,y1::12,y1,4,0.030235940785778403,0.02001606914542311,0.010219871640355295
persona,rephrased,weakness,human_vs_claude,spread,spherical_variance,,y1::2,y1,3,0.03286840802724189,0.021350992586894223,0.011517415440347668
persona,rephrased,weakness,human_vs_claude,spread,spherical_variance,,y1::3,y1,4,0.03809461165678385,0.01992947729281025,0.0181651343639736
persona,rephrased,weakness,human_vs_claude,spread,spherical_variance,,y1::4,y1,4,0.031850584356751255,0.01802676887658512,0.013823815480166136
persona,rephrased,weakness,human_vs_claude,spread,spherical_variance,,y1::5,y1,4,0.03387875713068733,0.0223478109035526,0.011530946227134731
persona,rephrased,weakness,human_vs_claude,spread,spherical_variance,,y1::6,y1,4,0.03553508953630591,0.01847290637004049,0.01706218316626542
persona,rephrased,weakness,human_vs_claude,spread,spherical_variance,,y1::7,y1,4,0.03211839355327861,0.024068602904535052,0.00804979064874356
persona,rephrased,weakness,human_vs_claude,spread,spherical_variance,,y1::8,y1,5,0.03485150872936715,0.022904500765018376,0.011947007964348777
persona,rephrased,weakness,human_vs_claude,spread,spherical_variance,,y1::9,y1,3,0.022348210070537777,0.01848707738794959,0.003861132682588187
persona,rephrased,weakness,human_vs_claude,spread,spherical_variance,,y2::1,y2,3,0.03066584231773073,0.016360651238809032,0.014305191078921697
persona,rephrased,weakness,human_vs_claude,spread,spherical_variance,,y2::10,y2,3,0.029199310136733048,0.017952969802518058,0.01124634033421499
persona,rephrased,weakness,human_vs_claude,spread,spherical_variance,,y2::11,y2,4,0.024961321113981638,0.027860205254252722,-0.002898884140271084
persona,rephrased,weakness,human_vs_claude,spread,spherical_variance,,y2::2,y2,3,0.027229537866548248,0.02066023966805657,0.006569298198491679
persona,rephrased,weakness,human_vs_claude,spread,spherical_variance,,y2::3,y2,4,0.026148351061476394,0.01819692220209137,0.007951428859385025
persona,rephrased,weakness,human_vs_claude,spread,spherical_variance,,y2::4,y2,2,0.019623136721615086,0.013848173215746929,0.005774963505868157
persona,rephrased,weakness,human_vs_claude,spread,spherical_variance,,y2::5,y2,4,0.028371186299855244,0.020102997088108164,0.00826818921174708
persona,rephrased,weakness,human_vs_claude,spread,spherical_variance,,y2::6,y2,4,0.028553467433978796,0.024001003950209588,0.004552463483769208
persona,rephrased,weakness,human_vs_claude,spread,spherical_variance,,y2::7,y2,4,0.031997824492123184,0.026685739561045186,0.005312084931077998
persona,rephrased,weakness,human_vs_claude,spread,spherical_variance,,y2::8,y2,3,0.03702628717512457,0.0226693263623857,0.014356960812738871
persona,rephrased,weakness,human_vs_claude,spread,spherical_variance,,y2::9,y2,4,0.033339523952434,0.02181379676254409,0.011525727189889912
persona,rephrased,weakness,human_vs_gemini,richness,vendi,q=1,y1::1,y1,4,1.3763684649923884,1.265861347781044,0.11050711721134432
persona,rephrased,weakness,human_vs_gemini,richness,vendi,q=1,y1::10,y1,4,1.381967899998911,1.3027170684118654,0.07925083158704549
persona,rephrased,weakness,human_vs_gemini,richness,vendi,q=1,y1::11,y1,4,1.295339173314974,1.3081651817725384,-0.01282600845756443
persona,rephrased,weakness,human_vs_gemini,richness,vendi,q=1,y1::12,y1,4,1.332278709363135,1.253963855202663,0.0783148541604719
persona,rephrased,weakness,human_vs_gemini,richness,vendi,q=1,y1::2,y1,3,1.3226187167164059,1.198478090395379,0.12414062632102696
persona,rephrased,weakness,human_vs_gemini,richness,vendi,q=1,y1::3,y1,4,1.4056859001707256,1.2103507147950618,0.19533518537566374
persona,rephrased,weakness,human_vs_gemini,richness,vendi,q=1,y1::4,y1,4,1.3521865506862496,1.2252344238087471,0.12695212687750246
persona,rephrased,weakness,human_vs_gemini,richness,vendi,q=1,y1::5,y1,4,1.3705536590924343,1.3135009890786846,0.057052670013749696
persona,rephrased,weakness,human_vs_gemini,richness,vendi,q=1,y1::6,y1,4,1.3884769859627633,1.2504273118628162,0.13804967409994706
persona,rephrased,weakness,human_vs_gemini,richness,vendi,q=1,y1::7,y1,4,1.3503975577047898,1.2624973504655663,0.08790020723922343
persona,rephrased,weakness,human_vs_gemini,richness,vendi,q=1,y1::8,y1,5,1.4072320343802496,1.34754018250253,0.05969185187771964
persona,rephrased,weakness,human_vs_gemini,richness,vendi,q=1,y1::9,y1,3,1.2351103042280578,1.2135796013853413,0.02153070284271652
persona,rephrased,weakness,human_vs_gemini,richness,vendi,q=1,y2::1,y2,3,1.308515450940614,1.2076917520419408,0.10082369889867326
persona,rephrased,weakness,human_vs_gemini,richness,vendi,q=1,y2::10,y2,3,1.2916047185881592,1.2228454255961008,0.06875929299205841
persona,rephrased,weakness,human_vs_gemini,richness,vendi,q=1,y2::11,y2,4,1.2842229483969343,1.3843060076270908,-0.10008305923015648
persona,rephrased,weakness,human_vs_gemini,richness,vendi,q=1,y2::2,y2,3,1.2794909176588298,1.2492099133251924,0.03028100433363745
persona,rephrased,weakness,human_vs_gemini,richness,vendi,q=1,y2::3,y2,4,1.294905397367447,1.3253021550908082,-0.030396757723361256
persona,rephrased,weakness,human_vs_gemini,richness,vendi,q=1,y2::4,y2,2,1.178577210366716,1.1275789515615726,0.050998258805143415
persona,rephrased,weakness,human_vs_gemini,richness,vendi,q=1,y2::5,y2,4,1.3154979898890804,1.2857098805535534,0.029788109335527002
persona,rephrased,weakness,human_vs_gemini,richness,vendi,q=1,y2::6,y2,4,1.3159594281735214,1.3084099015329065,0.007549526640614923
persona,rephrased,weakness,human_vs_gemini,richness,vendi,q=1,y2::7,y2,4,1.3520528812219168,1.2296055630350435,0.12244731818687327
persona,rephrased,weakness,human_vs_gemini,richness,vendi,q=1,y2::8,y2,3,1.359193346655227,1.2897158636182688,0.06947748303695822
persona,rephrased,weakness,human_vs_gemini,richness,vendi,q=1,y2::9,y2,4,1.368565138471891,1.2732084729419058,0.09535666552998534
persona,rephrased,weakness,human_vs_gemini,dimensionality,participation_ratio,,y1::1,y1,4,2.7105807377626823,2.8214780025593855,-0.11089726479670325
persona,rephrased,weakness,human_vs_gemini,dimensionality,participation_ratio,,y1::10,y1,4,2.5943817004816827,2.625876098321102,-0.0314943978394191
persona,rephrased,weakness,human_vs_gemini,dimensionality,participation_ratio,,y1::11,y1,4,2.927084836372946,2.711073517102007,0.21601131927093897
persona,rephrased,weakness,human_vs_gemini,dimensionality,participation_ratio,,y1::12,y1,4,2.659229188316638,2.5557680623182004,0.10346112599843771
persona,rephrased,weakness,human_vs_gemini,dimensionality,participation_ratio,,y1::2,y1,3,1.7591164738041285,1.894938465175541,-0.1358219913714125
persona,rephrased,weakness,human_vs_gemini,dimensionality,participation_ratio,,y1::3,y1,4,2.530952058724124,2.6709006305002903,-0.13994857177616638
persona,rephrased,weakness,human_vs_gemini,dimensionality,participation_ratio,,y1::4,y1,4,2.8719225914472357,2.906892724577964,-0.034970133130728165
persona,rephrased,weakness,human_vs_gemini,dimensionality,participation_ratio,,y1::5,y1,4,2.7847168764633476,2.700883956161729,0.0838329203016186
persona,rephrased,weakness,human_vs_gemini,dimensionality,participation_ratio,,y1::6,y1,4,2.8785025385661878,2.7565153589502063,0.12198717961598149
persona,rephrased,weakness,human_vs_gemini,dimensionality,participation_ratio,,y1::7,y1,4,2.5953908933879584,2.7668800159234364,-0.171489122535478
persona,rephrased,weakness,human_vs_gemini,dimensionality,participation_ratio,,y1::8,y1,5,3.7093613309713382,3.418825585600813,0.29053574537052507
persona,rephrased,weakness,human_vs_gemini,dimensionality,participation_ratio,,y1::9,y1,3,1.954931506077775,1.915639257606319,0.03929224847145596
persona,rephrased,weakness,human_vs_gemini,dimensionality,participation_ratio,,y2::1,y2,3,1.9389177656594077,1.8051308556110386,0.13378691004836907
persona,rephrased,weakness,human_vs_gemini,dimensionality,participation_ratio,,y2::10,y2,3,1.7631165867313914,1.8800477164419025,-0.11693112971051112
persona,rephrased,weakness,human_vs_gemini,dimensionality,participation_ratio,,y2::11,y2,4,2.947231994280335,2.7722051927713154,0.1750268015090195
persona,rephrased,weakness,human_vs_gemini,dimensionality,participation_ratio,,y2::2,y2,3,1.9935636815177105,1.954268238166754,0.03929544335095647
persona,rephrased,weakness,human_vs_gemini,dimensionality,participation_ratio,,y2::3,y2,4,2.84334897572368,2.892988153204895,-0.04963917748121505
persona,rephrased,weakness,human_vs_gemini,dimensionality,participation_ratio,,y2::4,y2,2,1.0,1.0,0.0
persona,rephrased,weakness,human_vs_gemini,dimensionality,participation_ratio,,y2::5,y2,4,2.724157793754684,2.7024865296178944,0.02167126413678977
persona,rephrased,weakness,human_vs_gemini,dimensionality,participation_ratio,,y2::6,y2,4,2.6454681187598443,2.431257506235436,0.21421061252440854
persona,rephrased,weakness,human_vs_gemini,dimensionality,participation_ratio,,y2::7,y2,4,2.7792448776012373,2.561057108790401,0.21818776881083624
persona,rephrased,weakness,human_vs_gemini,dimensionality,participation_ratio,,y2::8,y2,3,1.8145303366809231,1.9587888431529954,-0.14425850647207228
persona,rephrased,weakness,human_vs_gemini,dimensionality,participation_ratio,,y2::9,y2,4,2.9754169101883914,2.9262458650356242,0.04917104515276716
persona,rephrased,weakness,human_vs_gemini,dimensionality,effective_rank,,y1::1,y1,4,2.8464106740548343,2.902705858412262,-0.05629518435742753
persona,rephrased,weakness,human_vs_gemini,dimensionality,effective_rank,,y1::10,y1,4,2.7736923824294837,2.7987857945787793,-0.025093412149295613
persona,rephrased,weakness,human_vs_gemini,dimensionality,effective_rank,,y1::11,y1,4,2.9633987144584304,2.847840035343169,0.11555867911526141
persona,rephrased,weakness,human_vs_gemini,dimensionality,effective_rank,,y1::12,y1,4,2.798759223772906,2.761499811742996,0.0372594120299099
persona,rephrased,weakness,human_vs_gemini,dimensionality,effective_rank,,y1::2,y1,3,1.86455971364336,1.9441451985477898,-0.07958548490442974
persona,rephrased,weakness,human_vs_gemini,dimensionality,effective_rank,,y1::3,y1,4,2.7426961065966684,2.8250227637441747,-0.08232665714750631
persona,rephrased,weakness,human_vs_gemini,dimensionality,effective_rank,,y1::4,y1,4,2.9363737418800517,2.951002047134216,-0.014628305254164253
persona,rephrased,weakness,human_vs_gemini,dimensionality,effective_rank,,y1::5,y1,4,2.8834586288325115,2.8388521623118335,0.04460646652067801
persona,rephrased,weakness,human_vs_gemini,dimensionality,effective_rank,,y1::6,y1,4,2.936317126573344,2.869342494480276,0.0669746320930682
persona,rephrased,weakness,human_vs_gemini,dimensionality,effective_rank,,y1::7,y1,4,2.7880258214457503,2.8695935150000706,-0.08156769355432036
persona,rephrased,weakness,human_vs_gemini,dimensionality,effective_rank,,y1::8,y1,5,3.8355855555265927,3.649550106977542,0.18603544854905074
persona,rephrased,weakness,human_vs_gemini,dimensionality,effective_rank,,y1::9,y1,3,1.976990234350392,1.9546271406552616,0.022363093695130454
persona,rephrased,weakness,human_vs_gemini,dimensionality,effective_rank,,y2::1,y2,3,1.9685786498622444,1.8894738161863642,0.07910483367588017
persona,rephrased,weakness,human_vs_gemini,dimensionality,effective_rank,,y2::10,y2,3,1.8670847284524292,1.9341404109569278,-0.06705568250449856
persona,rephrased,weakness,human_vs_gemini,dimensionality,effective_rank,,y2::11,y2,4,2.973729847474114,2.8779640456109616,0.09576580186315242
persona,rephrased,weakness,human_vs_gemini,dimensionality,effective_rank,,y2::2,y2,3,1.9967723185583084,1.9763359966972698,0.02043632186103861
persona,rephrased,weakness,human_vs_gemini,dimensionality,effective_rank,,y2::3,y2,4,2.9173744445574514,2.9427261873114565,-0.02535174275400509
persona,rephrased,weakness,human_vs_gemini,dimensionality,effective_rank,,y2::4,y2,2,1.0,1.0,0.0
persona,rephrased,weakness,human_vs_gemini,dimensionality,effective_rank,,y2::5,y2,4,2.858870432870904,2.837299846463792,0.021570586407111847
persona,rephrased,weakness,human_vs_gemini,dimensionality,effective_rank,,y2::6,y2,4,2.808456399278876,2.674898081869715,0.13355831740916102
persona,rephrased,weakness,human_vs_gemini,dimensionality,effective_rank,,y2::7,y2,4,2.8823526376800293,2.753994968156341,0.12835766952368832
persona,rephrased,weakness,human_vs_gemini,dimensionality,effective_rank,,y2::8,y2,3,1.8986290460299309,1.9788060195441108,-0.08017697351417996
persona,rephrased,weakness,human_vs_gemini,dimensionality,effective_rank,,y2::9,y2,4,2.987398075779494,2.9625046382235625,0.02489343755593154
persona,rephrased,weakness,human_vs_gemini,coverage,coverage_geometric,k=panel_adaptive,y1::1,y1,4,0.75,1.0,-0.25
persona,rephrased,weakness,human_vs_gemini,coverage,coverage_geometric,k=panel_adaptive,y1::10,y1,4,1.0,1.0,0.0
persona,rephrased,weakness,human_vs_gemini,coverage,coverage_geometric,k=panel_adaptive,y1::11,y1,4,1.0,1.0,0.0
persona,rephrased,weakness,human_vs_gemini,coverage,coverage_geometric,k=panel_adaptive,y1::12,y1,4,1.0,0.95,0.050000000000000044
persona,rephrased,weakness,human_vs_gemini,coverage,coverage_geometric,k=panel_adaptive,y1::2,y1,3,0.6666666666666666,1.0,-0.33333333333333337
persona,rephrased,weakness,human_vs_gemini,coverage,coverage_geometric,k=panel_adaptive,y1::3,y1,4,0.75,1.0,-0.25
persona,rephrased,weakness,human_vs_gemini,coverage,coverage_geometric,k=panel_adaptive,y1::4,y1,4,0.75,1.0,-0.25
persona,rephrased,weakness,human_vs_gemini,coverage,coverage_geometric,k=panel_adaptive,y1::5,y1,4,0.75,1.0,-0.25
persona,rephrased,weakness,human_vs_gemini,coverage,coverage_geometric,k=panel_adaptive,y1::6,y1,4,0.75,1.0,-0.25
persona,rephrased,weakness,human_vs_gemini,coverage,coverage_geometric,k=panel_adaptive,y1::7,y1,4,1.0,0.75,0.25
persona,rephrased,weakness,human_vs_gemini,coverage,coverage_geometric,k=panel_adaptive,y1::8,y1,5,1.0,1.0,0.0
persona,rephrased,weakness,human_vs_gemini,coverage,coverage_geometric,k=panel_adaptive,y1::9,y1,3,0.6666666666666666,1.0,-0.33333333333333337
persona,rephrased,weakness,human_vs_gemini,coverage,coverage_geometric,k=panel_adaptive,y2::1,y2,3,0.6666666666666666,1.0,-0.33333333333333337
persona,rephrased,weakness,human_vs_gemini,coverage,coverage_geometric,k=panel_adaptive,y2::10,y2,3,0.6666666666666666,1.0,-0.33333333333333337
persona,rephrased,weakness,human_vs_gemini,coverage,coverage_geometric,k=panel_adaptive,y2::11,y2,4,1.0,0.6,0.4
persona,rephrased,weakness,human_vs_gemini,coverage,coverage_geometric,k=panel_adaptive,y2::2,y2,3,0.6666666666666666,0.6,0.06666666666666665
persona,rephrased,weakness,human_vs_gemini,coverage,coverage_geometric,k=panel_adaptive,y2::3,y2,4,1.0,1.0,0.0
persona,rephrased,weakness,human_vs_gemini,coverage,coverage_geometric,k=panel_adaptive,y2::4,y2,2,,0.0,
persona,rephrased,weakness,human_vs_gemini,coverage,coverage_geometric,k=panel_adaptive,y2::5,y2,4,0.75,1.0,-0.25
persona,rephrased,weakness,human_vs_gemini,coverage,coverage_geometric,k=panel_adaptive,y2::6,y2,4,0.75,1.0,-0.25
persona,rephrased,weakness,human_vs_gemini,coverage,coverage_geometric,k=panel_adaptive,y2::7,y2,4,0.75,0.95,-0.19999999999999996
persona,rephrased,weakness,human_vs_gemini,coverage,coverage_geometric,k=panel_adaptive,y2::8,y2,3,0.6666666666666666,1.0,-0.33333333333333337
persona,rephrased,weakness,human_vs_gemini,coverage,coverage_geometric,k=panel_adaptive,y2::9,y2,4,1.0,0.7,0.30000000000000004
persona,rephrased,weakness,human_vs_gemini,evenness,vendi_slope,q=0..2,y1::1,y1,4,0.7127735939742745,0.7255026014422714,-0.012729007467996878
persona,rephrased,weakness,human_vs_gemini,evenness,vendi_slope,q=0..2,y1::10,y1,4,0.7118285059853333,0.7211178362683205,-0.009289330282987174
persona,rephrased,weakness,human_vs_gemini,evenness,vendi_slope,q=0..2,y1::11,y1,4,0.7224061738428973,0.7206477994203684,0.0017583744225289077
persona,rephrased,weakness,human_vs_gemini,evenness,vendi_slope,q=0..2,y1::12,y1,4,0.7177825021025204,0.7265109824459441,-0.008728480343423772
persona,rephrased,weakness,human_vs_gemini,evenness,vendi_slope,q=0..2,y1::2,y1,3,0.6200840559470316,0.6411573709726355,-0.021073315025603834
persona,rephrased,weakness,human_vs_gemini,evenness,vendi_slope,q=0..2,y1::3,y1,4,0.7088338289604208,0.7312979987868446,-0.022464169826423852
persona,rephrased,weakness,human_vs_gemini,evenness,vendi_slope,q=0..2,y1::4,y1,4,0.7159004970567966,0.7299396623527963,-0.01403916529599969
persona,rephrased,weakness,human_vs_gemini,evenness,vendi_slope,q=0..2,y1::5,y1,4,0.7135867156936982,0.7200333569808631,-0.006446641287164878
persona,rephrased,weakness,human_vs_gemini,evenness,vendi_slope,q=0..2,y1::6,y1,4,0.7116535757699547,0.7271140280599859,-0.015460452290031235
persona,rephrased,weakness,human_vs_gemini,evenness,vendi_slope,q=0..2,y1::7,y1,4,0.7156415833973937,0.7258006544493926,-0.01015907105199887
persona,rephrased,weakness,human_vs_gemini,evenness,vendi_slope,q=0..2,y1::8,y1,5,0.7698638727884921,0.7746598070419998,-0.004795934253507661
persona,rephrased,weakness,human_vs_gemini,evenness,vendi_slope,q=0..2,y1::9,y1,3,0.6355299455896691,0.6388002785522053,-0.0032703329625362043
persona,rephrased,weakness,human_vs_gemini,evenness,vendi_slope,q=0..2,y2::1,y2,3,0.6232560650928909,0.6394405734159495,-0.016184508323058622
persona,rephrased,weakness,human_vs_gemini,evenness,vendi_slope,q=0..2,y2::10,y2,3,0.6255560822727899,0.6372733287886304,-0.011717246515840496
persona,rephrased,weakness,human_vs_gemini,evenness,vendi_slope,q=0..2,y2::11,y2,4,0.7236548232113131,0.7119265601017979,0.011728263109515247
persona,rephrased,weakness,human_vs_gemini,evenness,vendi_slope,q=0..2,y2::2,y2,3,0.6283495442698835,0.6332242092741958,-0.0048746650043122175
persona,rephrased,weakness,human_vs_gemini,evenness,vendi_slope,q=0..2,y2::3,y2,4,0.7223462611287204,0.7189919447120859,0.0033543164166344175
persona,rephrased,weakness,human_vs_gemini,evenness,vendi_slope,q=0..2,y2::4,y2,2,0.45963353034420007,0.4732392353158706,-0.013605704971670518
persona,rephrased,weakness,human_vs_gemini,evenness,vendi_slope,q=0..2,y2::5,y2,4,0.7198846079653082,0.7231666548722977,-0.003282046906989522
persona,rephrased,weakness,human_vs_gemini,evenness,vendi_slope,q=0..2,y2::6,y2,4,0.7196952711192157,0.7201540189014055,-0.0004587477821897945
persona,rephrased,weakness,human_vs_gemini,evenness,vendi_slope,q=0..2,y2::7,y2,4,0.7157481135346555,0.7291232676353212,-0.013375154100665698
persona,rephrased,weakness,human_vs_gemini,evenness,vendi_slope,q=0..2,y2::8,y2,3,0.6137351031360545,0.626510668261192,-0.012775565125137445
persona,rephrased,weakness,human_vs_gemini,evenness,vendi_slope,q=0..2,y2::9,y2,4,0.7141601774490398,0.7248346290856393,-0.010674451636599525
persona,rephrased,weakness,human_vs_gemini,evenness,ripley_excess,r=pooled_q01_q50,y1::1,y1,4,-0.010336663116203813,0.030111253535475568,-0.04044791665167938
persona,rephrased,weakness,human_vs_gemini,evenness,ripley_excess,r=pooled_q01_q50,y1::10,y1,4,-0.010688766500231307,0.01790133579839056,-0.028590102298621866
persona,rephrased,weakness,human_vs_gemini,evenness,ripley_excess,r=pooled_q01_q50,y1::11,y1,4,0.011158266645455439,0.012722088200761993,-0.0015638215553065542
persona,rephrased,weakness,human_vs_gemini,evenness,ripley_excess,r=pooled_q01_q50,y1::12,y1,4,0.003137514178396302,0.039873377944582566,-0.03673586376618626
persona,rephrased,weakness,human_vs_gemini,evenness,ripley_excess,r=pooled_q01_q50,y1::2,y1,3,-0.0034047527264513574,0.032908784581745135,-0.03631353730819649
persona,rephrased,weakness,human_vs_gemini,evenness,ripley_excess,r=pooled_q01_q50,y1::3,y1,4,-0.008055738147263371,0.06351861213233334,-0.07157435027959672
persona,rephrased,weakness,human_vs_gemini,evenness,ripley_excess,r=pooled_q01_q50,y1::4,y1,4,-0.010448946504960916,0.06258214934105097,-0.07303109584601189
persona,rephrased,weakness,human_vs_gemini,evenness,ripley_excess,r=pooled_q01_q50,y1::5,y1,4,-0.010054517761295293,0.006614119735878754,-0.016668637497174045
persona,rephrased,weakness,human_vs_gemini,evenness,ripley_excess,r=pooled_q01_q50,y1::6,y1,4,-0.01635957617028842,0.04209450241405038,-0.058454078584338806
persona,rephrased,weakness,human_vs_gemini,evenness,ripley_excess,r=pooled_q01_q50,y1::7,y1,4,-0.003982475312148919,0.033697324862258675,-0.03767980017440759
persona,rephrased,weakness,human_vs_gemini,evenness,ripley_excess,r=pooled_q01_q50,y1::8,y1,5,-0.012326984894122579,0.005408469910043423,-0.017735454804166002
persona,rephrased,weakness,human_vs_gemini,evenness,ripley_excess,r=pooled_q01_q50,y1::9,y1,3,0.012142748775329863,0.027087708922619573,-0.01494496014728971
persona,rephrased,weakness,human_vs_gemini,evenness,ripley_excess,r=pooled_q01_q50,y2::1,y2,3,-0.010972284492128429,0.02524208920808832,-0.03621437370021675
persona,rephrased,weakness,human_vs_gemini,evenness,ripley_excess,r=pooled_q01_q50,y2::10,y2,3,0.0011280884151828937,0.019026051996840033,-0.01789796358165714
persona,rephrased,weakness,human_vs_gemini,evenness,ripley_excess,r=pooled_q01_q50,y2::11,y2,4,0.019695296897294313,-0.013275401746080676,0.032970698643374985
persona,rephrased,weakness,human_vs_gemini,evenness,ripley_excess,r=pooled_q01_q50,y2::2,y2,3,-0.011753950262213425,0.003420763324689573,-0.015174713586902998
persona,rephrased,weakness,human_vs_gemini,evenness,ripley_excess,r=pooled_q01_q50,y2::3,y2,4,0.012398135423406773,-0.004343144779167942,0.016741280202574715
persona,rephrased,weakness,human_vs_gemini,evenness,ripley_excess,r=pooled_q01_q50,y2::4,y2,2,-0.005765689657837117,0.017869570765991237,-0.023635260423828353
persona,rephrased,weakness,human_vs_gemini,evenness,ripley_excess,r=pooled_q01_q50,y2::5,y2,4,0.009400059339087448,0.020833213066620726,-0.011433153727533278
persona,rephrased,weakness,human_vs_gemini,evenness,ripley_excess,r=pooled_q01_q50,y2::6,y2,4,0.011063948854162583,0.011690879996311809,-0.0006269311421492254
persona,rephrased,weakness,human_vs_gemini,evenness,ripley_excess,r=pooled_q01_q50,y2::7,y2,4,-0.009057461697782192,0.04930485996756538,-0.05836232166534758
persona,rephrased,weakness,human_vs_gemini,evenness,ripley_excess,r=pooled_q01_q50,y2::8,y2,3,-0.010185617781479648,-0.009635795146510478,-0.0005498226349691694
persona,rephrased,weakness,human_vs_gemini,evenness,ripley_excess,r=pooled_q01_q50,y2::9,y2,4,-0.019303556205014536,0.028478681112077305,-0.047782237317091844
persona,rephrased,weakness,human_vs_gemini,spread,mean_pairwise,,y1::1,y1,4,0.09072287958400778,0.06141811293404509,0.02930476664996269
persona,rephrased,weakness,human_vs_gemini,spread,mean_pairwise,,y1::10,y1,4,0.09292468196444643,0.07174481975104036,0.021179862213406078
persona,rephrased,weakness,human_vs_gemini,spread,mean_pairwise,,y1::11,y1,4,0.0686478886708178,0.07278984266599474,-0.004141953995176945
persona,rephrased,weakness,human_vs_gemini,spread,mean_pairwise,,y1::12,y1,4,0.07941022594180897,0.05909920514761343,0.020311020794195535
persona,rephrased,weakness,human_vs_gemini,spread,mean_pairwise,,y1::2,y1,3,0.09698472571235905,0.05485114217954916,0.042133583532809896
persona,rephrased,weakness,human_vs_gemini,spread,mean_pairwise,,y1::3,y1,4,0.09965069850171544,0.04757641291803675,0.052074285583678694
persona,rephrased,weakness,human_vs_gemini,spread,mean_pairwise,,y1::4,y1,4,0.0835822786528481,0.050824580352949345,0.03275769829989876
persona,rephrased,weakness,human_vs_gemini,spread,mean_pairwise,,y1::5,y1,4,0.0888129921022071,0.07421159377680211,0.014601398325404982
persona,rephrased,weakness,human_vs_gemini,spread,mean_pairwise,,y1::6,y1,4,0.0930765819790107,0.05761540437171507,0.03546117760729563
persona,rephrased,weakness,human_vs_gemini,spread,mean_pairwise,,y1::7,y1,4,0.08427359453615224,0.06072660752783219,0.02354698700832005
persona,rephrased,weakness,human_vs_gemini,spread,mean_pairwise,,y1::8,y1,5,0.08561048724752666,0.07311538281056858,0.012495104436958088
persona,rephrased,weakness,human_vs_gemini,spread,mean_pairwise,,y1::9,y1,3,0.0662954664715794,0.059648236984074496,0.006647229487504902
persona,rephrased,weakness,human_vs_gemini,spread,mean_pairwise,,y2::1,y2,3,0.09058693612560753,0.05835451858291485,0.03223241754269268
persona,rephrased,weakness,human_vs_gemini,spread,mean_pairwise,,y2::10,y2,3,0.08631903084150794,0.0627807860539257,0.023538244787582235
persona,rephrased,weakness,human_vs_gemini,spread,mean_pairwise,,y2::11,y2,4,0.06573276623494428,0.09249832988122399,-0.026765563646279703
persona,rephrased,weakness,human_vs_gemini,spread,mean_pairwise,,y2::2,y2,3,0.08057644200100356,0.07089959755743404,0.009676844443569518
persona,rephrased,weakness,human_vs_gemini,spread,mean_pairwise,,y2::3,y2,4,0.06881728781295748,0.07652403774260827,-0.007706749929650786
persona,rephrased,weakness,human_vs_gemini,spread,mean_pairwise,,y2::4,y2,2,0.07772241189687146,0.05207440371412703,0.02564800818274443
persona,rephrased,weakness,human_vs_gemini,spread,mean_pairwise,,y2::5,y2,4,0.0745832645168661,0.06693498436611382,0.007648280150752279
persona,rephrased,weakness,human_vs_gemini,spread,mean_pairwise,,y2::6,y2,4,0.07505551248727228,0.07404712090191953,0.0010083915853527498
persona,rephrased,weakness,human_vs_gemini,spread,mean_pairwise,,y2::7,y2,4,0.08396238428269003,0.05285101120822906,0.031111373074460963
persona,rephrased,weakness,human_vs_gemini,spread,mean_pairwise,,y2::8,y2,3,0.10902244261241179,0.08420296553875031,0.024819477073661472
persona,rephrased,weakness,human_vs_gemini,spread,mean_pairwise,,y2::9,y2,4,0.08742336539665806,0.06296787407732657,0.024455491319331488
persona,rephrased,weakness,human_vs_gemini,spread,centroid_loo,,y1::1,y1,4,0.34532723256981784,0.28450785856664385,0.060819374003174
persona,rephrased,weakness,human_vs_gemini,spread,centroid_loo,,y1::10,y1,4,0.34806041355480094,0.30638164036944265,0.04167877318535829
persona,rephrased,weakness,human_vs_gemini,spread,centroid_loo,,y1::11,y1,4,0.3022009339478704,0.3087011134073466,-0.006500179459476174
persona,rephrased,weakness,human_vs_gemini,spread,centroid_loo,,y1::12,y1,4,0.32364369637466983,0.2793106968101182,0.04433299956455161
persona,rephrased,weakness,human_vs_gemini,spread,centroid_loo,,y1::2,y1,3,0.37817117981537934,0.28561164684725543,0.09255953296812391
persona,rephrased,weakness,human_vs_gemini,spread,centroid_loo,,y1::3,y1,4,0.35965980877222425,0.2505422422399384,0.10911756653228588
persona,rephrased,weakness,human_vs_gemini,spread,centroid_loo,,y1::4,y1,4,0.33284384133831163,0.2596577918101186,0.07318604952819302
persona,rephrased,weakness,human_vs_gemini,spread,centroid_loo,,y1::5,y1,4,0.3431082011491867,0.31318488488798524,0.029923316261201482
persona,rephrased,weakness,human_vs_gemini,spread,centroid_loo,,y1::6,y1,4,0.35114422153290414,0.2759872071628576,0.07515701437004657
persona,rephrased,weakness,human_vs_gemini,spread,centroid_loo,,y1::7,y1,4,0.334214972900014,0.28252119181809626,0.051693781081917745
persona,rephrased,weakness,human_vs_gemini,spread,centroid_loo,,y1::8,y1,5,0.3258143637340637,0.29972243155306544,0.026091932180998256
persona,rephrased,weakness,human_vs_gemini,spread,centroid_loo,,y1::9,y1,3,0.3148718389692364,0.2976309818202643,0.017240857148972055
persona,rephrased,weakness,human_vs_gemini,spread,centroid_loo,,y2::1,y2,3,0.36790444377368475,0.2925034710381197,0.07540097273556506
persona,rephrased,weakness,human_vs_gemini,spread,centroid_loo,,y2::10,y2,3,0.35685587742276254,0.30515625710477534,0.051699620317987194
persona,rephrased,weakness,human_vs_gemini,spread,centroid_loo,,y2::11,y2,4,0.29574955113492063,0.349935685110761,-0.05418613397584038
persona,rephrased,weakness,human_vs_gemini,spread,centroid_loo,,y2::2,y2,3,0.3475849252615113,0.32535084353752275,0.022234081723988552
persona,rephrased,weakness,human_vs_gemini,spread,centroid_loo,,y2::3,y2,4,0.3020978289407713,0.31874503764315687,-0.016647208702385563
persona,rephrased,weakness,human_vs_gemini,spread,centroid_loo,,y2::4,y2,2,0.3942649157530292,0.3199507567021328,0.07431415905089639
persona,rephrased,weakness,human_vs_gemini,spread,centroid_loo,,y2::5,y2,4,0.3132333649244805,0.29667748134432487,0.01655588358015564
persona,rephrased,weakness,human_vs_gemini,spread,centroid_loo,,y2::6,y2,4,0.3140447626120132,0.3118934844529766,0.002151278159036596
persona,rephrased,weakness,human_vs_gemini,spread,centroid_loo,,y2::7,y2,4,0.3335080665765167,0.26177587331605423,0.07173219326046248
persona,rephrased,weakness,human_vs_gemini,spread,centroid_loo,,y2::8,y2,3,0.40195690074968066,0.3547523773629696,0.04720452338671105
persona,rephrased,weakness,human_vs_gemini,spread,centroid_loo,,y2::9,y2,4,0.3412787937746296,0.28957479407015585,0.05170399970447376
persona,rephrased,weakness,human_vs_gemini,spread,mst_dispersion,,y1::1,y1,4,0.0786585134421068,0.05403294976095156,0.024625563681155233
persona,rephrased,weakness,human_vs_gemini,spread,mst_dispersion,,y1::10,y1,4,0.07312095718635292,0.06010540008383779,0.013015557102515132
persona,rephrased,weakness,human_vs_gemini,spread,mst_dispersion,,y1::11,y1,4,0.06385730339413975,0.06152962219459464,0.0023276811995451147
persona,rephrased,weakness,human_vs_gemini,spread,mst_dispersion,,y1::12,y1,4,0.06540937928694752,0.0483772343987151,0.017032144888232424
persona,rephrased,weakness,human_vs_gemini,spread,mst_dispersion,,y1::2,y1,3,0.08283279520293152,0.05020882048335094,0.03262397471958058
persona,rephrased,weakness,human_vs_gemini,spread,mst_dispersion,,y1::3,y1,4,0.08018743779745612,0.040451735944952036,0.03973570185250408
persona,rephrased,weakness,human_vs_gemini,spread,mst_dispersion,,y1::4,y1,4,0.07619178879953965,0.045812219680942304,0.03037956911859735
persona,rephrased,weakness,human_vs_gemini,spread,mst_dispersion,,y1::5,y1,4,0.07805033502307894,0.06339364090904523,0.014656694114033711
persona,rephrased,weakness,human_vs_gemini,spread,mst_dispersion,,y1::6,y1,4,0.08271827480695519,0.04905229290752451,0.03366598189943068
persona,rephrased,weakness,human_vs_gemini,spread,mst_dispersion,,y1::7,y1,4,0.06866635854106062,0.051637451671927646,0.017028906869132977
persona,rephrased,weakness,human_vs_gemini,spread,mst_dispersion,,y1::8,y1,5,0.07320326477921801,0.060344501355890784,0.01285876342332723
persona,rephrased,weakness,human_vs_gemini,spread,mst_dispersion,,y1::9,y1,3,0.06126250491794749,0.05424028083015018,0.007022224087797312
persona,rephrased,weakness,human_vs_gemini,spread,mst_dispersion,,y2::1,y2,3,0.0844098506975497,0.050925899067704186,0.03348395162984551
persona,rephrased,weakness,human_vs_gemini,spread,mst_dispersion,,y2::10,y2,3,0.07416750456371501,0.05694356037641923,0.01722394418729578
persona,rephrased,weakness,human_vs_gemini,spread,mst_dispersion,,y2::11,y2,4,0.06131249429106511,0.08089476683396399,-0.019582272542898876
persona,rephrased,weakness,human_vs_gemini,spread,mst_dispersion,,y2::2,y2,3,0.07833259298915857,0.06732795965850338,0.011004633330655184
persona,rephrased,weakness,human_vs_gemini,spread,mst_dispersion,,y2::3,y2,4,0.060112166872732575,0.06984758704334962,-0.009735420170617043
persona,rephrased,weakness,human_vs_gemini,spread,mst_dispersion,,y2::4,y2,2,0.07772241189687146,0.05207440371412703,0.02564800818274443
persona,rephrased,weakness,human_vs_gemini,spread,mst_dispersion,,y2::5,y2,4,0.0640585690446509,0.05621398798570439,0.00784458105894651
persona,rephrased,weakness,human_vs_gemini,spread,mst_dispersion,,y2::6,y2,4,0.06391657197284976,0.057990206950137534,0.005926365022712231
persona,rephrased,weakness,human_vs_gemini,spread,mst_dispersion,,y2::7,y2,4,0.07460558731518947,0.04294093766717867,0.0316646496480108
persona,rephrased,weakness,human_vs_gemini,spread,mst_dispersion,,y2::8,y2,3,0.0991223881097753,0.0792173845922286,0.019905003517546704
persona,rephrased,weakness,human_vs_gemini,spread,mst_dispersion,,y2::9,y2,4,0.08369841684469985,0.05829115207301298,0.025407264771686866
persona,rephrased,weakness,human_vs_gemini,spread,sparseness,,y1::1,y1,4,0.07878282925696574,0.05403294976095156,0.024749879496014177
persona,rephrased,weakness,human_vs_gemini,spread,sparseness,,y1::10,y1,4,0.07312095718635292,0.0615508886344547,0.011570068551898217
persona,rephrased,weakness,human_vs_gemini,spread,sparseness,,y1::11,y1,4,0.06421582606756644,0.06248351136208101,0.0017323147054854326
persona,rephrased,weakness,human_vs_gemini,spread,sparseness,,y1::12,y1,4,0.06842042887774387,0.052982264444860615,0.015438164432883254
persona,rephrased,weakness,human_vs_gemini,spread,sparseness,,y1::2,y1,3,0.08283279520293152,0.05020882048335094,0.03262397471958058
persona,rephrased,weakness,human_vs_gemini,spread,sparseness,,y1::3,y1,4,0.08018743779745612,0.04418774725551412,0.03599969054194199
persona,rephrased,weakness,human_vs_gemini,spread,sparseness,,y1::4,y1,4,0.07679117638821402,0.045812219680942304,0.030978956707271715
persona,rephrased,weakness,human_vs_gemini,spread,sparseness,,y1::5,y1,4,0.08105712773291274,0.06592165335947645,0.015135474373436292
persona,rephrased,weakness,human_vs_gemini,spread,sparseness,,y1::6,y1,4,0.08271827480695519,0.05157823344079204,0.03114004136616315
persona,rephrased,weakness,human_vs_gemini,spread,sparseness,,y1::7,y1,4,0.07621323680073562,0.05200898158412898,0.024204255216606643
persona,rephrased,weakness,human_vs_gemini,spread,sparseness,,y1::8,y1,5,0.07361028610722958,0.06094133078510436,0.012668955322125225
persona,rephrased,weakness,human_vs_gemini,spread,sparseness,,y1::9,y1,3,0.06126250491794749,0.05424028083015018,0.007022224087797312
persona,rephrased,weakness,human_vs_gemini,spread,sparseness,,y2::1,y2,3,0.0844098506975497,0.050925899067704186,0.03348395162984551
persona,rephrased,weakness,human_vs_gemini,spread,sparseness,,y2::10,y2,3,0.07416750456371501,0.05694356037641923,0.01722394418729578
persona,rephrased,weakness,human_vs_gemini,spread,sparseness,,y2::11,y2,4,0.061732714400330756,0.08387835953733394,-0.022145645137003185
persona,rephrased,weakness,human_vs_gemini,spread,sparseness,,y2::2,y2,3,0.07833259298915857,0.06732795965850338,0.011004633330655184
persona,rephrased,weakness,human_vs_gemini,spread,sparseness,,y2::3,y2,4,0.06121567559867943,0.07069932323190041,-0.00948364763322098
persona,rephrased,weakness,human_vs_gemini,spread,sparseness,,y2::4,y2,2,0.07772241189687146,0.05207440371412703,0.02564800818274443
persona,rephrased,weakness,human_vs_gemini,spread,sparseness,,y2::5,y2,4,0.06474244604300472,0.05819656228100565,0.00654588376199907
persona,rephrased,weakness,human_vs_gemini,spread,sparseness,,y2::6,y2,4,0.0681914498438873,0.06509583061190961,0.003095619231977681
persona,rephrased,weakness,human_vs_gemini,spread,sparseness,,y2::7,y2,4,0.07592365742971634,0.04379982667040564,0.0321238307593107
persona,rephrased,weakness,human_vs_gemini,spread,sparseness,,y2::8,y2,3,0.0991223881097753,0.0792173845922286,0.019905003517546704
persona,rephrased,weakness,human_vs_gemini,spread,sparseness,,y2::9,y2,4,0.08373209125802013,0.06040378389023001,0.023328307367790117
persona,rephrased,weakness,human_vs_gemini,spread,nn_isolation,,y1::1,y1,4,0.07447093056799706,0.0513534142273675,0.023117516340629557
persona,rephrased,weakness,human_vs_gemini,spread,nn_isolation,,y1::10,y1,4,0.07111389063170281,0.05855490638412384,0.012558984247578973
persona,rephrased,weakness,human_vs_gemini,spread,nn_isolation,,y1::11,y1,4,0.06263720228882316,0.05901563783691079,0.0036215644519123694
persona,rephrased,weakness,human_vs_gemini,spread,nn_isolation,,y1::12,y1,4,0.06175287895645784,0.04494454620915258,0.01680833274730526
persona,rephrased,weakness,human_vs_gemini,spread,nn_isolation,,y1::2,y1,3,0.07646293575504133,0.047924860663850634,0.028538075091190697
persona,rephrased,weakness,human_vs_gemini,spread,nn_isolation,,y1::3,y1,4,0.07691789824197304,0.03807954412940671,0.03883835411256633
persona,rephrased,weakness,human_vs_gemini,spread,nn_isolation,,y1::4,y1,4,0.0750154575783375,0.04486536088445129,0.030150096693886207
persona,rephrased,weakness,human_vs_gemini,spread,nn_isolation,,y1::5,y1,4,0.07345075403988291,0.06115141987977797,0.012299334160104938
persona,rephrased,weakness,human_vs_gemini,spread,nn_isolation,,y1::6,y1,4,0.08011922551451062,0.04719319488809394,0.03292603062641668
persona,rephrased,weakness,human_vs_gemini,spread,nn_isolation,,y1::7,y1,4,0.06370644476177689,0.04963601041779391,0.01407043434398298
persona,rephrased,weakness,human_vs_gemini,spread,nn_isolation,,y1::8,y1,5,0.06897044396674512,0.05444503116540815,0.01452541280133697
persona,rephrased,weakness,human_vs_gemini,spread,nn_isolation,,y1::9,y1,3,0.06125635732540339,0.052993517728966974,0.008262839596436415
persona,rephrased,weakness,human_vs_gemini,spread,nn_isolation,,y2::1,y2,3,0.08143930066873002,0.047932991019446876,0.033506309649283146
persona,rephrased,weakness,human_vs_gemini,spread,nn_isolation,,y2::10,y2,3,0.06831916502048851,0.05449945988256914,0.013819705137919372
persona,rephrased,weakness,human_vs_gemini,spread,nn_isolation,,y2::11,y2,4,0.060862854489974805,0.07751222234666826,-0.01664936785669345
persona,rephrased,weakness,human_vs_gemini,spread,nn_isolation,,y2::2,y2,3,0.07807084792889966,0.06569787985777627,0.012372968071123397
persona,rephrased,weakness,human_vs_gemini,spread,nn_isolation,,y2::3,y2,4,0.05925233543346162,0.0673030571832363,-0.008050721749774684
persona,rephrased,weakness,human_vs_gemini,spread,nn_isolation,,y2::4,y2,2,0.07772241189687146,0.05207440371412703,0.02564800818274443
persona,rephrased,weakness,human_vs_gemini,spread,nn_isolation,,y2::5,y2,4,0.06226544372991677,0.05377299422477293,0.008492449505143843
persona,rephrased,weakness,human_vs_gemini,spread,nn_isolation,,y2::6,y2,4,0.06120128235733019,0.05231489909540403,0.008886383261926159
persona,rephrased,weakness,human_vs_gemini,spread,nn_isolation,,y2::7,y2,4,0.07025594220218451,0.04032257427926869,0.029933367922915816
persona,rephrased,weakness,human_vs_gemini,spread,nn_isolation,,y2::8,y2,3,0.09084160966850537,0.077835174601986,0.01300643506651937
persona,rephrased,weakness,human_vs_gemini,spread,nn_isolation,,y2::9,y2,4,0.0823817449477646,0.05696736487779719,0.025414380069967407
persona,rephrased,weakness,human_vs_gemini,spread,spherical_variance,,y1::1,y1,4,0.0346203646689065,0.02330496841761547,0.011315396251291032
persona,rephrased,weakness,human_vs_gemini,spread,spherical_variance,,y1::10,y1,4,0.03547603009221867,0.027279933781128383,0.008196096311090285
persona,rephrased,weakness,human_vs_gemini,spread,spherical_variance,,y1::11,y1,4,0.02608312290170922,0.02768310076326508,-0.0015999778615558569
persona,rephrased,weakness,human_vs_gemini,spread,spherical_variance,,y1::12,y1,4,0.030235940785778403,0.02241405912842831,0.007821881657350094
persona,rephrased,weakness,human_vs_gemini,spread,spherical_variance,,y1::2,y1,3,0.03286840802724189,0.0184550593061543,0.014413348721087592
persona,rephrased,weakness,human_vs_gemini,spread,spherical_variance,,y1::3,y1,4,0.03809461165678385,0.01800394988785292,0.02009066176893093
persona,rephrased,weakness,human_vs_gemini,spread,spherical_variance,,y1::4,y1,4,0.031850584356751255,0.019244846295312357,0.012605738061438897
persona,rephrased,weakness,human_vs_gemini,spread,spherical_variance,,y1::5,y1,4,0.03387875713068733,0.028229054259055218,0.005649702871632113
persona,rephrased,weakness,human_vs_gemini,spread,spherical_variance,,y1::6,y1,4,0.03553508953630591,0.021845226113084613,0.013689863423221295
persona,rephrased,weakness,human_vs_gemini,spread,spherical_variance,,y1::7,y1,4,0.03211839355327861,0.023039706898134858,0.009078686655143754
persona,rephrased,weakness,human_vs_gemini,spread,spherical_variance,,y1::8,y1,5,0.03485150872936715,0.029686806360159856,0.005164702369207297
persona,rephrased,weakness,human_vs_gemini,spread,spherical_variance,,y1::9,y1,3,0.022348210070537777,0.020087590102922825,0.002260619967614952
persona,rephrased,weakness,human_vs_gemini,spread,spherical_variance,,y2::1,y2,3,0.03066584231773073,0.019650839830577305,0.011015002487153425
persona,rephrased,weakness,human_vs_gemini,spread,spherical_variance,,y2::10,y2,3,0.029199310136733048,0.021153279635704115,0.008046030501028933
persona,rephrased,weakness,human_vs_gemini,spread,spherical_variance,,y2::11,y2,4,0.024961321113981638,0.03531215527515408,-0.01035083416117244
persona,rephrased,weakness,human_vs_gemini,spread,spherical_variance,,y2::2,y2,3,0.027229537866548248,0.023921333968507496,0.003308203898040752
persona,rephrased,weakness,human_vs_gemini,spread,spherical_variance,,y2::3,y2,4,0.026148351061476394,0.02912132852922218,-0.0029729774677457847
persona,rephrased,weakness,human_vs_gemini,spread,spherical_variance,,y2::4,y2,2,0.019623136721615086,0.01311059202736654,0.006512544694248546
persona,rephrased,weakness,human_vs_gemini,spread,spherical_variance,,y2::5,y2,4,0.028371186299855244,0.025425935589625425,0.0029452507102298194
persona,rephrased,weakness,human_vs_gemini,spread,spherical_variance,,y2::6,y2,4,0.028553467433978796,0.028166170832152403,0.00038729660182639306
persona,rephrased,weakness,human_vs_gemini,spread,spherical_variance,,y2::7,y2,4,0.031997824492123184,0.020022469343992055,0.011975355148131129
persona,rephrased,weakness,human_vs_gemini,spread,spherical_variance,,y2::8,y2,3,0.03702628717512457,0.028474521822174602,0.00855176535294997
persona,rephrased,weakness,human_vs_gemini,spread,spherical_variance,,y2::9,y2,4,0.033339523952434,0.023898596859039056,0.009440927093394946
persona,rephrased,weakness,human_vs_gpt,richness,vendi,q=1,y1::1,y1,4,1.3763684649923884,1.2830669467949196,0.09330151819746879
persona,rephrased,weakness,human_vs_gpt,richness,vendi,q=1,y1::10,y1,4,1.381967899998911,1.2301696768463375,0.1517982231525734
persona,rephrased,weakness,human_vs_gpt,richness,vendi,q=1,y1::11,y1,4,1.295339173314974,1.2024646207361391,0.09287455257883481
persona,rephrased,weakness,human_vs_gpt,richness,vendi,q=1,y1::12,y1,4,1.332278709363135,1.230283827180179,0.10199488218295594
persona,rephrased,weakness,human_vs_gpt,richness,vendi,q=1,y1::2,y1,3,1.3226187167164059,1.212894916395265,0.10972380032114093
persona,rephrased,weakness,human_vs_gpt,richness,vendi,q=1,y1::3,y1,4,1.4056859001707256,1.2471500933188273,0.15853580685189828
persona,rephrased,weakness,human_vs_gpt,richness,vendi,q=1,y1::4,y1,4,1.3521865506862496,1.1678490717028758,0.18433747898337383
persona,rephrased,weakness,human_vs_gpt,richness,vendi,q=1,y1::5,y1,4,1.3705536590924343,1.2416950311870363,0.12885862790539804
persona,rephrased,weakness,human_vs_gpt,richness,vendi,q=1,y1::6,y1,4,1.3884769859627633,1.2574797811393,0.13099720482346333
persona,rephrased,weakness,human_vs_gpt,richness,vendi,q=1,y1::7,y1,4,1.3503975577047898,1.2171228391139237,0.13327471859086604
persona,rephrased,weakness,human_vs_gpt,richness,vendi,q=1,y1::8,y1,5,1.4072320343802496,1.2768640364111272,0.13036799796912235
persona,rephrased,weakness,human_vs_gpt,richness,vendi,q=1,y1::9,y1,3,1.2351103042280578,1.2177331572756833,0.017377146952374467
persona,rephrased,weakness,human_vs_gpt,richness,vendi,q=1,y2::1,y2,3,1.308515450940614,1.192252738902551,0.11626271203806304
persona,rephrased,weakness,human_vs_gpt,richness,vendi,q=1,y2::10,y2,3,1.2916047185881592,1.1943623481293155,0.09724237045884365
persona,rephrased,weakness,human_vs_gpt,richness,vendi,q=1,y2::11,y2,4,1.2842229483969343,1.2939084662574192,-0.009685517860484882
persona,rephrased,weakness,human_vs_gpt,richness,vendi,q=1,y2::2,y2,3,1.2794909176588298,1.1936763760074458,0.08581454165138402
persona,rephrased,weakness,human_vs_gpt,richness,vendi,q=1,y2::3,y2,4,1.294905397367447,1.2666612688795496,0.02824412848789737
persona,rephrased,weakness,human_vs_gpt,richness,vendi,q=1,y2::4,y2,2,1.178577210366716,1.1478314844401327,0.03074572592658331
persona,rephrased,weakness,human_vs_gpt,richness,vendi,q=1,y2::5,y2,4,1.3154979898890804,1.2315828929513883,0.08391509693769206
persona,rephrased,weakness,human_vs_gpt,richness,vendi,q=1,y2::6,y2,4,1.3159594281735214,1.2659206018947131,0.05003882627880829
persona,rephrased,weakness,human_vs_gpt,richness,vendi,q=1,y2::7,y2,4,1.3520528812219168,1.2325111212854754,0.11954175993644145
persona,rephrased,weakness,human_vs_gpt,richness,vendi,q=1,y2::8,y2,3,1.359193346655227,1.2107477589802875,0.14844558767493954
persona,rephrased,weakness,human_vs_gpt,richness,vendi,q=1,y2::9,y2,4,1.368565138471891,1.2264399609296495,0.14212517754224163
persona,rephrased,weakness,human_vs_gpt,dimensionality,participation_ratio,,y1::1,y1,4,2.7105807377626823,2.784411330851098,-0.07383059308841577
persona,rephrased,weakness,human_vs_gpt,dimensionality,participation_ratio,,y1::10,y1,4,2.5943817004816827,2.758045699901562,-0.1636639994198794
persona,rephrased,weakness,human_vs_gpt,dimensionality,participation_ratio,,y1::11,y1,4,2.927084836372946,2.912232701007702,0.014852135365243768
persona,rephrased,weakness,human_vs_gpt,dimensionality,participation_ratio,,y1::12,y1,4,2.659229188316638,2.8859003165654413,-0.2266711282488032
persona,rephrased,weakness,human_vs_gpt,dimensionality,participation_ratio,,y1::2,y1,3,1.7591164738041285,1.8580258659100384,-0.09890939210590988
persona,rephrased,weakness,human_vs_gpt,dimensionality,participation_ratio,,y1::3,y1,4,2.530952058724124,2.8551212328477065,-0.3241691741235826
persona,rephrased,weakness,human_vs_gpt,dimensionality,participation_ratio,,y1::4,y1,4,2.8719225914472357,2.6962521338427856,0.1756704576044501
persona,rephrased,weakness,human_vs_gpt,dimensionality,participation_ratio,,y1::5,y1,4,2.7847168764633476,2.667997405717603,0.11671947074574485
persona,rephrased,weakness,human_vs_gpt,dimensionality,participation_ratio,,y1::6,y1,4,2.8785025385661878,2.807829953547452,0.07067258501873575
persona,rephrased,weakness,human_vs_gpt,dimensionality,participation_ratio,,y1::7,y1,4,2.5953908933879584,2.886477201501596,-0.29108630811363767
persona,rephrased,weakness,human_vs_gpt,dimensionality,participation_ratio,,y1::8,y1,5,3.7093613309713382,3.689794717425686,0.019566613545652256
persona,rephrased,weakness,human_vs_gpt,dimensionality,participation_ratio,,y1::9,y1,3,1.954931506077775,1.713910614044068,0.2410208920337069
persona,rephrased,weakness,human_vs_gpt,dimensionality,participation_ratio,,y2::1,y2,3,1.9389177656594077,1.8892842810821016,0.0496334845773061
persona,rephrased,weakness,human_vs_gpt,dimensionality,participation_ratio,,y2::10,y2,3,1.7631165867313914,1.917077733326726,-0.15396114659533455
persona,rephrased,weakness,human_vs_gpt,dimensionality,participation_ratio,,y2::11,y2,4,2.947231994280335,2.777345981427563,0.16988601285277172
persona,rephrased,weakness,human_vs_gpt,dimensionality,participation_ratio,,y2::2,y2,3,1.9935636815177105,1.9047214674930515,0.08884221402465897
persona,rephrased,weakness,human_vs_gpt,dimensionality,participation_ratio,,y2::3,y2,4,2.84334897572368,2.876623527622385,-0.033274551898704985
persona,rephrased,weakness,human_vs_gpt,dimensionality,participation_ratio,,y2::4,y2,2,1.0,1.0,0.0
persona,rephrased,weakness,human_vs_gpt,dimensionality,participation_ratio,,y2::5,y2,4,2.724157793754684,2.606908670834604,0.11724912292008005
persona,rephrased,weakness,human_vs_gpt,dimensionality,participation_ratio,,y2::6,y2,4,2.6454681187598443,2.5751103926260805,0.07035772613376379
persona,rephrased,weakness,human_vs_gpt,dimensionality,participation_ratio,,y2::7,y2,4,2.7792448776012373,2.6743862718583444,0.10485860574289285
persona,rephrased,weakness,human_vs_gpt,dimensionality,participation_ratio,,y2::8,y2,3,1.8145303366809231,1.8731016884317089,-0.05857135175078576
persona,rephrased,weakness,human_vs_gpt,dimensionality,participation_ratio,,y2::9,y2,4,2.9754169101883914,2.6625917033611346,0.3128252068272568
persona,rephrased,weakness,human_vs_gpt,dimensionality,effective_rank,,y1::1,y1,4,2.8464106740548343,2.8837445727764566,-0.037333898721622294
persona,rephrased,weakness,human_vs_gpt,dimensionality,effective_rank,,y1::10,y1,4,2.7736923824294837,2.874242935123034,-0.10055055269355018
persona,rephrased,weakness,human_vs_gpt,dimensionality,effective_rank,,y1::11,y1,4,2.9633987144584304,2.9536379969575526,0.009760717500877814
persona,rephrased,weakness,human_vs_gpt,dimensionality,effective_rank,,y1::12,y1,4,2.798759223772906,2.942098463160844,-0.14333923938793802
persona,rephrased,weakness,human_vs_gpt,dimensionality,effective_rank,,y1::2,y1,3,1.86455971364336,1.9224464168694109,-0.05788670322605083
persona,rephrased,weakness,human_vs_gpt,dimensionality,effective_rank,,y1::3,y1,4,2.7426961065966684,2.923818416903674,-0.18112231030700565
persona,rephrased,weakness,human_vs_gpt,dimensionality,effective_rank,,y1::4,y1,4,2.9363737418800517,2.8404906655827387,0.09588307629731307
persona,rephrased,weakness,human_vs_gpt,dimensionality,effective_rank,,y1::5,y1,4,2.8834586288325115,2.8207990885126457,0.06265954031986576
persona,rephrased,weakness,human_vs_gpt,dimensionality,effective_rank,,y1::6,y1,4,2.936317126573344,2.8952136045940273,0.04110352197931677
persona,rephrased,weakness,human_vs_gpt,dimensionality,effective_rank,,y1::7,y1,4,2.7880258214457503,2.9393810148631614,-0.1513551934174111
persona,rephrased,weakness,human_vs_gpt,dimensionality,effective_rank,,y1::8,y1,5,3.8355855555265927,3.83090934942109,0.004676206105502789
persona,rephrased,weakness,human_vs_gpt,dimensionality,effective_rank,,y1::9,y1,3,1.976990234350392,1.8228743996845307,0.15411583466586132
persona,rephrased,weakness,human_vs_gpt,dimensionality,effective_rank,,y2::1,y2,3,1.9685786498622444,1.9409511178303032,0.027627532031941238
persona,rephrased,weakness,human_vs_gpt,dimensionality,effective_rank,,y2::10,y2,3,1.8670847284524292,1.9562880008027181,-0.08920327235028891
persona,rephrased,weakness,human_vs_gpt,dimensionality,effective_rank,,y2::11,y2,4,2.973729847474114,2.8801795557426564,0.09355029173145768
persona,rephrased,weakness,human_vs_gpt,dimensionality,effective_rank,,y2::2,y2,3,1.9967723185583084,1.9481158463918486,0.04865647216645974
persona,rephrased,weakness,human_vs_gpt,dimensionality,effective_rank,,y2::3,y2,4,2.9173744445574514,2.9370254846380255,-0.019651040080574056
persona,rephrased,weakness,human_vs_gpt,dimensionality,effective_rank,,y2::4,y2,2,1.0,1.0,0.0
persona,rephrased,weakness,human_vs_gpt,dimensionality,effective_rank,,y2::5,y2,4,2.858870432870904,2.7802090752437363,0.07866135762716775
persona,rephrased,weakness,human_vs_gpt,dimensionality,effective_rank,,y2::6,y2,4,2.808456399278876,2.768817513743572,0.039638885535303814
persona,rephrased,weakness,human_vs_gpt,dimensionality,effective_rank,,y2::7,y2,4,2.8823526376800293,2.823061890154642,0.05929074752538721
persona,rephrased,weakness,human_vs_gpt,dimensionality,effective_rank,,y2::8,y2,3,1.8986290460299309,1.9306069134080102,-0.03197786737807928
persona,rephrased,weakness,human_vs_gpt,dimensionality,effective_rank,,y2::9,y2,4,2.987398075779494,2.812167775666091,0.17523030011340301
persona,rephrased,weakness,human_vs_gpt,coverage,coverage_geometric,k=panel_adaptive,y1::1,y1,4,0.75,0.95,-0.19999999999999996
persona,rephrased,weakness,human_vs_gpt,coverage,coverage_geometric,k=panel_adaptive,y1::10,y1,4,1.0,1.0,0.0
persona,rephrased,weakness,human_vs_gpt,coverage,coverage_geometric,k=panel_adaptive,y1::11,y1,4,1.0,0.95,0.050000000000000044
persona,rephrased,weakness,human_vs_gpt,coverage,coverage_geometric,k=panel_adaptive,y1::12,y1,4,1.0,1.0,0.0
persona,rephrased,weakness,human_vs_gpt,coverage,coverage_geometric,k=panel_adaptive,y1::2,y1,3,0.6666666666666666,1.0,-0.33333333333333337
persona,rephrased,weakness,human_vs_gpt,coverage,coverage_geometric,k=panel_adaptive,y1::3,y1,4,0.75,1.0,-0.25
persona,rephrased,weakness,human_vs_gpt,coverage,coverage_geometric,k=panel_adaptive,y1::4,y1,4,0.75,1.0,-0.25
persona,rephrased,weakness,human_vs_gpt,coverage,coverage_geometric,k=panel_adaptive,y1::5,y1,4,0.75,1.0,-0.25
persona,rephrased,weakness,human_vs_gpt,coverage,coverage_geometric,k=panel_adaptive,y1::6,y1,4,0.75,1.0,-0.25
persona,rephrased,weakness,human_vs_gpt,coverage,coverage_geometric,k=panel_adaptive,y1::7,y1,4,1.0,1.0,0.0
persona,rephrased,weakness,human_vs_gpt,coverage,coverage_geometric,k=panel_adaptive,y1::8,y1,5,1.0,1.0,0.0
persona,rephrased,weakness,human_vs_gpt,coverage,coverage_geometric,k=panel_adaptive,y1::9,y1,3,0.6666666666666666,0.9666666666666666,-0.29999999999999993
persona,rephrased,weakness,human_vs_gpt,coverage,coverage_geometric,k=panel_adaptive,y2::1,y2,3,0.6666666666666666,1.0,-0.33333333333333337
persona,rephrased,weakness,human_vs_gpt,coverage,coverage_geometric,k=panel_adaptive,y2::10,y2,3,0.6666666666666666,1.0,-0.33333333333333337
persona,rephrased,weakness,human_vs_gpt,coverage,coverage_geometric,k=panel_adaptive,y2::11,y2,4,1.0,0.4,0.6
persona,rephrased,weakness,human_vs_gpt,coverage,coverage_geometric,k=panel_adaptive,y2::2,y2,3,0.6666666666666666,1.0,-0.33333333333333337
persona,rephrased,weakness,human_vs_gpt,coverage,coverage_geometric,k=panel_adaptive,y2::3,y2,4,1.0,1.0,0.0
persona,rephrased,weakness,human_vs_gpt,coverage,coverage_geometric,k=panel_adaptive,y2::4,y2,2,,0.2,
persona,rephrased,weakness,human_vs_gpt,coverage,coverage_geometric,k=panel_adaptive,y2::5,y2,4,0.75,1.0,-0.25
persona,rephrased,weakness,human_vs_gpt,coverage,coverage_geometric,k=panel_adaptive,y2::6,y2,4,0.75,1.0,-0.25
persona,rephrased,weakness,human_vs_gpt,coverage,coverage_geometric,k=panel_adaptive,y2::7,y2,4,0.75,1.0,-0.25
persona,rephrased,weakness,human_vs_gpt,coverage,coverage_geometric,k=panel_adaptive,y2::8,y2,3,0.6666666666666666,1.0,-0.33333333333333337
persona,rephrased,weakness,human_vs_gpt,coverage,coverage_geometric,k=panel_adaptive,y2::9,y2,4,1.0,0.95,0.050000000000000044
persona,rephrased,weakness,human_vs_gpt,evenness,vendi_slope,q=0..2,y1::1,y1,4,0.7127735939742745,0.7235667716560186,-0.010793177681744037
persona,rephrased,weakness,human_vs_gpt,evenness,vendi_slope,q=0..2,y1::10,y1,4,0.7118285059853333,0.7292880452205214,-0.01745953923518806
persona,rephrased,weakness,human_vs_gpt,evenness,vendi_slope,q=0..2,y1::11,y1,4,0.7224061738428973,0.7323081770288432,-0.009902003185945918
persona,rephrased,weakness,human_vs_gpt,evenness,vendi_slope,q=0..2,y1::12,y1,4,0.7177825021025204,0.7293948186129201,-0.011612316510399734
persona,rephrased,weakness,human_vs_gpt,evenness,vendi_slope,q=0..2,y1::2,y1,3,0.6200840559470316,0.6387829572189576,-0.01869890127192597
persona,rephrased,weakness,human_vs_gpt,evenness,vendi_slope,q=0..2,y1::3,y1,4,0.7088338289604208,0.7275744711700491,-0.018740642209628344
persona,rephrased,weakness,human_vs_gpt,evenness,vendi_slope,q=0..2,y1::4,y1,4,0.7159004970567966,0.7356571688077513,-0.019756671750954746
persona,rephrased,weakness,human_vs_gpt,evenness,vendi_slope,q=0..2,y1::5,y1,4,0.7135867156936982,0.7279395412682572,-0.01435282557455897
persona,rephrased,weakness,human_vs_gpt,evenness,vendi_slope,q=0..2,y1::6,y1,4,0.7116535757699547,0.7263999975431037,-0.014746421773148999
persona,rephrased,weakness,human_vs_gpt,evenness,vendi_slope,q=0..2,y1::7,y1,4,0.7156415833973937,0.7307703710894196,-0.015128787692025858
persona,rephrased,weakness,human_vs_gpt,evenness,vendi_slope,q=0..2,y1::8,y1,5,0.7698638727884921,0.7807934288042611,-0.010929556015768949
persona,rephrased,weakness,human_vs_gpt,evenness,vendi_slope,q=0..2,y1::9,y1,3,0.6355299455896691,0.6372191978928178,-0.0016892523031486473
persona,rephrased,weakness,human_vs_gpt,evenness,vendi_slope,q=0..2,y2::1,y2,3,0.6232560650928909,0.6420669735295976,-0.01881090843670674
persona,rephrased,weakness,human_vs_gpt,evenness,vendi_slope,q=0..2,y2::10,y2,3,0.6255560822727899,0.6418406713948867,-0.016284589122096738
persona,rephrased,weakness,human_vs_gpt,evenness,vendi_slope,q=0..2,y2::11,y2,4,0.7236548232113131,0.7223641207133168,0.0012907024979963433
persona,rephrased,weakness,human_vs_gpt,evenness,vendi_slope,q=0..2,y2::2,y2,3,0.6283495442698835,0.641897596258323,-0.013548051988439447
persona,rephrased,weakness,human_vs_gpt,evenness,vendi_slope,q=0..2,y2::3,y2,4,0.7223462611287204,0.7254881906372608,-0.0031419295085404197
persona,rephrased,weakness,human_vs_gpt,evenness,vendi_slope,q=0..2,y2::4,y2,2,0.45963353034420007,0.46783392269560264,-0.008200392351402574
persona,rephrased,weakness,human_vs_gpt,evenness,vendi_slope,q=0..2,y2::5,y2,4,0.7198846079653082,0.7289720590207092,-0.009087451055400986
persona,rephrased,weakness,human_vs_gpt,evenness,vendi_slope,q=0..2,y2::6,y2,4,0.7196952711192157,0.7252038456182698,-0.005508574499054064
persona,rephrased,weakness,human_vs_gpt,evenness,vendi_slope,q=0..2,y2::7,y2,4,0.7157481135346555,0.728935069977183,-0.013186956442527542
persona,rephrased,weakness,human_vs_gpt,evenness,vendi_slope,q=0..2,y2::8,y2,3,0.6137351031360545,0.6391872196167057,-0.025452116480651155
persona,rephrased,weakness,human_vs_gpt,evenness,vendi_slope,q=0..2,y2::9,y2,4,0.7141601774490398,0.7295743034519127,-0.015414126002872841
persona,rephrased,weakness,human_vs_gpt,evenness,ripley_excess,r=pooled_q01_q50,y1::1,y1,4,-0.010336663116203813,0.021542742260053052,-0.031879405376256865
persona,rephrased,weakness,human_vs_gpt,evenness,ripley_excess,r=pooled_q01_q50,y1::10,y1,4,-0.010688766500231307,0.05608058226033856,-0.06676934876056986
persona,rephrased,weakness,human_vs_gpt,evenness,ripley_excess,r=pooled_q01_q50,y1::11,y1,4,0.011158266645455439,0.07665517707844521,-0.06549691043298977
persona,rephrased,weakness,human_vs_gpt,evenness,ripley_excess,r=pooled_q01_q50,y1::12,y1,4,0.003137514178396302,0.05995136782214251,-0.05681385364374621
persona,rephrased,weakness,human_vs_gpt,evenness,ripley_excess,r=pooled_q01_q50,y1::2,y1,3,-0.0034047527264513574,0.02554427945141292,-0.02894903217786428
persona,rephrased,weakness,human_vs_gpt,evenness,ripley_excess,r=pooled_q01_q50,y1::3,y1,4,-0.008055738147263371,0.04663312724241527,-0.05468886538967864
persona,rephrased,weakness,human_vs_gpt,evenness,ripley_excess,r=pooled_q01_q50,y1::4,y1,4,-0.010448946504960916,0.07857090324125751,-0.08901984974621843
persona,rephrased,weakness,human_vs_gpt,evenness,ripley_excess,r=pooled_q01_q50,y1::5,y1,4,-0.010054517761295293,0.046331220809317564,-0.05638573857061285
persona,rephrased,weakness,human_vs_gpt,evenness,ripley_excess,r=pooled_q01_q50,y1::6,y1,4,-0.01635957617028842,0.03727801808952051,-0.053637594259808935
persona,rephrased,weakness,human_vs_gpt,evenness,ripley_excess,r=pooled_q01_q50,y1::7,y1,4,-0.003982475312148919,0.066338985157635,-0.07032146046978392
persona,rephrased,weakness,human_vs_gpt,evenness,ripley_excess,r=pooled_q01_q50,y1::8,y1,5,-0.012326984894122579,0.0612101472551207,-0.07353713214924328
persona,rephrased,weakness,human_vs_gpt,evenness,ripley_excess,r=pooled_q01_q50,y1::9,y1,3,0.012142748775329863,0.027182953096841694,-0.01504020432151183
persona,rephrased,weakness,human_vs_gpt,evenness,ripley_excess,r=pooled_q01_q50,y2::1,y2,3,-0.010972284492128429,0.034086507397938615,-0.04505879189006704
persona,rephrased,weakness,human_vs_gpt,evenness,ripley_excess,r=pooled_q01_q50,y2::10,y2,3,0.0011280884151828937,0.03762645306305491,-0.03649836464787202
persona,rephrased,weakness,human_vs_gpt,evenness,ripley_excess,r=pooled_q01_q50,y2::11,y2,4,0.019695296897294313,0.014348469789871657,0.005346827107422656
persona,rephrased,weakness,human_vs_gpt,evenness,ripley_excess,r=pooled_q01_q50,y2::2,y2,3,-0.011753950262213425,0.03538403807699449,-0.04713798833920791
persona,rephrased,weakness,human_vs_gpt,evenness,ripley_excess,r=pooled_q01_q50,y2::3,y2,4,0.012398135423406773,0.0312843285331117,-0.018886193109704928
persona,rephrased,weakness,human_vs_gpt,evenness,ripley_excess,r=pooled_q01_q50,y2::4,y2,2,-0.005765689657837117,0.011267602683364988,-0.017033292341202107
persona,rephrased,weakness,human_vs_gpt,evenness,ripley_excess,r=pooled_q01_q50,y2::5,y2,4,0.009400059339087448,0.05116740345460532,-0.04176734411551787
persona,rephrased,weakness,human_vs_gpt,evenness,ripley_excess,r=pooled_q01_q50,y2::6,y2,4,0.011063948854162583,0.03274338289134876,-0.021679434037186175
persona,rephrased,weakness,human_vs_gpt,evenness,ripley_excess,r=pooled_q01_q50,y2::7,y2,4,-0.009057461697782192,0.052893435909113815,-0.06195089760689601
persona,rephrased,weakness,human_vs_gpt,evenness,ripley_excess,r=pooled_q01_q50,y2::8,y2,3,-0.010185617781479648,0.025937941867246912,-0.03612355964872656
persona,rephrased,weakness,human_vs_gpt,evenness,ripley_excess,r=pooled_q01_q50,y2::9,y2,4,-0.019303556205014536,0.05625523926860324,-0.07555879547361778
persona,rephrased,weakness,human_vs_gpt,spread,mean_pairwise,,y1::1,y1,4,0.09072287958400778,0.06597553335528485,0.024747346228722933
persona,rephrased,weakness,human_vs_gpt,spread,mean_pairwise,,y1::10,y1,4,0.09292468196444643,0.05241775186551083,0.040506930098935606
persona,rephrased,weakness,human_vs_gpt,spread,mean_pairwise,,y1::11,y1,4,0.0686478886708178,0.04508563508032608,0.023562253590491716
persona,rephrased,weakness,human_vs_gpt,spread,mean_pairwise,,y1::12,y1,4,0.07941022594180897,0.05213919721223461,0.027271028729574355
persona,rephrased,weakness,human_vs_gpt,spread,mean_pairwise,,y1::2,y1,3,0.09698472571235905,0.0596859012748777,0.03729882443748136
persona,rephrased,weakness,human_vs_gpt,spread,mean_pairwise,,y1::3,y1,4,0.09965069850171544,0.056499040674272784,0.04315165782744266
persona,rephrased,weakness,human_vs_gpt,spread,mean_pairwise,,y1::4,y1,4,0.0835822786528481,0.036878335337066345,0.04670394331578176
persona,rephrased,weakness,human_vs_gpt,spread,mean_pairwise,,y1::5,y1,4,0.0888129921022071,0.055672197124658006,0.03314079497754909
persona,rephrased,weakness,human_vs_gpt,spread,mean_pairwise,,y1::6,y1,4,0.0930765819790107,0.05929955617798317,0.033777025801027524
persona,rephrased,weakness,human_vs_gpt,spread,mean_pairwise,,y1::7,y1,4,0.08427359453615224,0.04882228470386758,0.03545130983228466
persona,rephrased,weakness,human_vs_gpt,spread,mean_pairwise,,y1::8,y1,5,0.08561048724752666,0.056406612839243045,0.02920387440828362
persona,rephrased,weakness,human_vs_gpt,spread,mean_pairwise,,y1::9,y1,3,0.0662954664715794,0.06283634909744892,0.0034591173741304743
persona,rephrased,weakness,human_vs_gpt,spread,mean_pairwise,,y2::1,y2,3,0.09058693612560753,0.05293776697172099,0.03764916915388654
persona,rephrased,weakness,human_vs_gpt,spread,mean_pairwise,,y2::10,y2,3,0.08631903084150794,0.053437146791464975,0.03288188405004296
persona,rephrased,weakness,human_vs_gpt,spread,mean_pairwise,,y2::11,y2,4,0.06573276623494428,0.06878271877925242,-0.003049952544308135
persona,rephrased,weakness,human_vs_gpt,spread,mean_pairwise,,y2::2,y2,3,0.08057644200100356,0.05330129746311265,0.027275144537890907
persona,rephrased,weakness,human_vs_gpt,spread,mean_pairwise,,y2::3,y2,4,0.06881728781295748,0.06144129770747543,0.007375990105482053
persona,rephrased,weakness,human_vs_gpt,spread,mean_pairwise,,y2::4,y2,2,0.07772241189687146,0.062255654804028907,0.01546675709284255
persona,rephrased,weakness,human_vs_gpt,spread,mean_pairwise,,y2::5,y2,4,0.0745832645168661,0.05320626285817896,0.02137700165868714
persona,rephrased,weakness,human_vs_gpt,spread,mean_pairwise,,y2::6,y2,4,0.07505551248727228,0.0621917249521506,0.012863787535121685
persona,rephrased,weakness,human_vs_gpt,spread,mean_pairwise,,y2::7,y2,4,0.08396238428269003,0.05328456804959667,0.030677816233093354
persona,rephrased,weakness,human_vs_gpt,spread,mean_pairwise,,y2::8,y2,3,0.10902244261241179,0.05887725297611438,0.0501451896362974
persona,rephrased,weakness,human_vs_gpt,spread,mean_pairwise,,y2::9,y2,4,0.08742336539665806,0.05174756994671222,0.035675795449945834
persona,rephrased,weakness,human_vs_gpt,spread,centroid_loo,,y1::1,y1,4,0.34532723256981784,0.2945292910191578,0.05079794155066003
persona,rephrased,weakness,human_vs_gpt,spread,centroid_loo,,y1::10,y1,4,0.34806041355480094,0.2630896505940532,0.08497076296074774
persona,rephrased,weakness,human_vs_gpt,spread,centroid_loo,,y1::11,y1,4,0.3022009339478704,0.24492126902827982,0.05727966491959058
persona,rephrased,weakness,human_vs_gpt,spread,centroid_loo,,y1::12,y1,4,0.32364369637466983,0.2632004121440793,0.06044328423059053
persona,rephrased,weakness,human_vs_gpt,spread,centroid_loo,,y1::2,y1,3,0.37817117981537934,0.2968543113913182,0.08131686842406116
persona,rephrased,weakness,human_vs_gpt,spread,centroid_loo,,y1::3,y1,4,0.35965980877222425,0.2740838266424064,0.08557598212981787
persona,rephrased,weakness,human_vs_gpt,spread,centroid_loo,,y1::4,y1,4,0.33284384133831163,0.21950799801896065,0.11333584331935098
persona,rephrased,weakness,human_vs_gpt,spread,centroid_loo,,y1::5,y1,4,0.3431082011491867,0.2698182630790259,0.07328993807016082
persona,rephrased,weakness,human_vs_gpt,spread,centroid_loo,,y1::6,y1,4,0.35114422153290414,0.27985526862651583,0.07128895290638831
persona,rephrased,weakness,human_vs_gpt,spread,centroid_loo,,y1::7,y1,4,0.334214972900014,0.25456228844938666,0.07965268445062734
persona,rephrased,weakness,human_vs_gpt,spread,centroid_loo,,y1::8,y1,5,0.3258143637340637,0.2640962057027857,0.061718158031278
persona,rephrased,weakness,human_vs_gpt,spread,centroid_loo,,y1::9,y1,3,0.3148718389692364,0.2995468655500232,0.015324973419213184
persona,rephrased,weakness,human_vs_gpt,spread,centroid_loo,,y2::1,y2,3,0.36790444377368475,0.27992763842726454,0.08797680534642022
persona,rephrased,weakness,human_vs_gpt,spread,centroid_loo,,y2::10,y2,3,0.35685587742276254,0.28220698994114846,0.07464888748161408
persona,rephrased,weakness,human_vs_gpt,spread,centroid_loo,,y2::11,y2,4,0.29574955113492063,0.3020095738145111,-0.006260022679590471
persona,rephrased,weakness,human_vs_gpt,spread,centroid_loo,,y2::2,y2,3,0.3475849252615113,0.28134308507530453,0.06624184018620677
persona,rephrased,weakness,human_vs_gpt,spread,centroid_loo,,y2::3,y2,4,0.3020978289407713,0.2854786577317148,0.016619171209056482
persona,rephrased,weakness,human_vs_gpt,spread,centroid_loo,,y2::4,y2,2,0.3942649157530292,0.34958129648382924,0.04468361926919995
persona,rephrased,weakness,human_vs_gpt,spread,centroid_loo,,y2::5,y2,4,0.3132333649244805,0.2646481780096774,0.048585186914803125
persona,rephrased,weakness,human_vs_gpt,spread,centroid_loo,,y2::6,y2,4,0.3140447626120132,0.28612296595374426,0.027921796658268938
persona,rephrased,weakness,human_vs_gpt,spread,centroid_loo,,y2::7,y2,4,0.3335080665765167,0.2643735000736859,0.06913456650283084
persona,rephrased,weakness,human_vs_gpt,spread,centroid_loo,,y2::8,y2,3,0.40195690074968066,0.2954188513007232,0.10653804944895745
persona,rephrased,weakness,human_vs_gpt,spread,centroid_loo,,y2::9,y2,4,0.3412787937746296,0.2609432460895159,0.0803355476851137
persona,rephrased,weakness,human_vs_gpt,spread,mst_dispersion,,y1::1,y1,4,0.0786585134421068,0.05625899111885546,0.022399522323251334
persona,rephrased,weakness,human_vs_gpt,spread,mst_dispersion,,y1::10,y1,4,0.07312095718635292,0.04555893222759717,0.027562024958755753
persona,rephrased,weakness,human_vs_gpt,spread,mst_dispersion,,y1::11,y1,4,0.06385730339413975,0.04156454065522215,0.0222927627389176
persona,rephrased,weakness,human_vs_gpt,spread,mst_dispersion,,y1::12,y1,4,0.06540937928694752,0.04721227488474855,0.018197104402198974
persona,rephrased,weakness,human_vs_gpt,spread,mst_dispersion,,y1::2,y1,3,0.08283279520293152,0.05293437827468668,0.02989841692824484
persona,rephrased,weakness,human_vs_gpt,spread,mst_dispersion,,y1::3,y1,4,0.08018743779745612,0.05069597542373072,0.029491462373725394
persona,rephrased,weakness,human_vs_gpt,spread,mst_dispersion,,y1::4,y1,4,0.07619178879953965,0.03241372150989972,0.043778067289639934
persona,rephrased,weakness,human_vs_gpt,spread,mst_dispersion,,y1::5,y1,4,0.07805033502307894,0.047683208046917086,0.030367126976161854
persona,rephrased,weakness,human_vs_gpt,spread,mst_dispersion,,y1::6,y1,4,0.08271827480695519,0.05288312174841701,0.029835153058538184
persona,rephrased,weakness,human_vs_gpt,spread,mst_dispersion,,y1::7,y1,4,0.06866635854106062,0.04394280021690568,0.024723558324154946
persona,rephrased,weakness,human_vs_gpt,spread,mst_dispersion,,y1::8,y1,5,0.07320326477921801,0.04813681906821379,0.02506644571100422
persona,rephrased,weakness,human_vs_gpt,spread,mst_dispersion,,y1::9,y1,3,0.06126250491794749,0.05359175805063756,0.007670746867309931
persona,rephrased,weakness,human_vs_gpt,spread,mst_dispersion,,y2::1,y2,3,0.0844098506975497,0.04849085548592212,0.03591899521162757
persona,rephrased,weakness,human_vs_gpt,spread,mst_dispersion,,y2::10,y2,3,0.07416750456371501,0.04957572802863604,0.024591776535078977
persona,rephrased,weakness,human_vs_gpt,spread,mst_dispersion,,y2::11,y2,4,0.06131249429106511,0.06036087476724149,0.0009516195238236241
persona,rephrased,weakness,human_vs_gpt,spread,mst_dispersion,,y2::2,y2,3,0.07833259298915857,0.0490648136634473,0.029267779325711264
persona,rephrased,weakness,human_vs_gpt,spread,mst_dispersion,,y2::3,y2,4,0.060112166872732575,0.05525738702518053,0.004854779847552046
persona,rephrased,weakness,human_vs_gpt,spread,mst_dispersion,,y2::4,y2,2,0.07772241189687146,0.062255654804028907,0.01546675709284255
persona,rephrased,weakness,human_vs_gpt,spread,mst_dispersion,,y2::5,y2,4,0.0640585690446509,0.0434994615322263,0.020559107512424603
persona,rephrased,weakness,human_vs_gpt,spread,mst_dispersion,,y2::6,y2,4,0.06391657197284976,0.04974293536062132,0.014173636612228445
persona,rephrased,weakness,human_vs_gpt,spread,mst_dispersion,,y2::7,y2,4,0.07460558731518947,0.044882169578975395,0.029723417736214078
persona,rephrased,weakness,human_vs_gpt,spread,mst_dispersion,,y2::8,y2,3,0.0991223881097753,0.05314789481484905,0.045974493294926255
persona,rephrased,weakness,human_vs_gpt,spread,mst_dispersion,,y2::9,y2,4,0.08369841684469985,0.04317000193065008,0.04052841491404977
persona,rephrased,weakness,human_vs_gpt,spread,sparseness,,y1::1,y1,4,0.07878282925696574,0.05625899111885546,0.022523838138110278
persona,rephrased,weakness,human_vs_gpt,spread,sparseness,,y1::10,y1,4,0.07312095718635292,0.04679553763843634,0.026325419547916583
persona,rephrased,weakness,human_vs_gpt,spread,sparseness,,y1::11,y1,4,0.06421582606756644,0.04258784452736915,0.021627981540197294
persona,rephrased,weakness,human_vs_gpt,spread,sparseness,,y1::12,y1,4,0.06842042887774387,0.0492571417988509,0.01916328707889297
persona,rephrased,weakness,human_vs_gpt,spread,sparseness,,y1::2,y1,3,0.08283279520293152,0.05293437827468668,0.02989841692824484
persona,rephrased,weakness,human_vs_gpt,spread,sparseness,,y1::3,y1,4,0.08018743779745612,0.05300301857570242,0.027184419221753693
persona,rephrased,weakness,human_vs_gpt,spread,sparseness,,y1::4,y1,4,0.07679117638821402,0.032628134810154745,0.044163041578059274
persona,rephrased,weakness,human_vs_gpt,spread,sparseness,,y1::5,y1,4,0.08105712773291274,0.04912500820105996,0.03193211953185278
persona,rephrased,weakness,human_vs_gpt,spread,sparseness,,y1::6,y1,4,0.08271827480695519,0.05322701841448071,0.029491256392474484
persona,rephrased,weakness,human_vs_gpt,spread,sparseness,,y1::7,y1,4,0.07621323680073562,0.04424314552540941,0.03197009127532621
persona,rephrased,weakness,human_vs_gpt,spread,sparseness,,y1::8,y1,5,0.07361028610722958,0.04840216379772422,0.025208122309505365
persona,rephrased,weakness,human_vs_gpt,spread,sparseness,,y1::9,y1,3,0.06126250491794749,0.05359175805063756,0.007670746867309931
persona,rephrased,weakness,human_vs_gpt,spread,sparseness,,y2::1,y2,3,0.0844098506975497,0.04849085548592212,0.03591899521162757
persona,rephrased,weakness,human_vs_gpt,spread,sparseness,,y2::10,y2,3,0.07416750456371501,0.04957572802863604,0.024591776535078977
persona,rephrased,weakness,human_vs_gpt,spread,sparseness,,y2::11,y2,4,0.061732714400330756,0.06416063619837875,-0.0024279217980479953
persona,rephrased,weakness,human_vs_gpt,spread,sparseness,,y2::2,y2,3,0.07833259298915857,0.0490648136634473,0.029267779325711264
persona,rephrased,weakness,human_vs_gpt,spread,sparseness,,y2::3,y2,4,0.06121567559867943,0.05663137087215003,0.0045843047265293965
persona,rephrased,weakness,human_vs_gpt,spread,sparseness,,y2::4,y2,2,0.07772241189687146,0.062255654804028907,0.01546675709284255
persona,rephrased,weakness,human_vs_gpt,spread,sparseness,,y2::5,y2,4,0.06474244604300472,0.046003673613726495,0.018738772429278225
persona,rephrased,weakness,human_vs_gpt,spread,sparseness,,y2::6,y2,4,0.0681914498438873,0.05425910227216955,0.013932347571717747
persona,rephrased,weakness,human_vs_gpt,spread,sparseness,,y2::7,y2,4,0.07592365742971634,0.046383842208882704,0.029539815220833633
persona,rephrased,weakness,human_vs_gpt,spread,sparseness,,y2::8,y2,3,0.0991223881097753,0.05314789481484905,0.045974493294926255
persona,rephrased,weakness,human_vs_gpt,spread,sparseness,,y2::9,y2,4,0.08373209125802013,0.04461572298890522,0.03911636826911491
persona,rephrased,weakness,human_vs_gpt,spread,nn_isolation,,y1::1,y1,4,0.07447093056799706,0.05411842103489482,0.020352509533102234
persona,rephrased,weakness,human_vs_gpt,spread,nn_isolation,,y1::10,y1,4,0.07111389063170281,0.04403786601687997,0.027076024614822843
persona,rephrased,weakness,human_vs_gpt,spread,nn_isolation,,y1::11,y1,4,0.06263720228882316,0.04037623332372405,0.02226096896509911
persona,rephrased,weakness,human_vs_gpt,spread,nn_isolation,,y1::12,y1,4,0.06175287895645784,0.04599324255564856,0.015759636400809282
persona,rephrased,weakness,human_vs_gpt,spread,nn_isolation,,y1::2,y1,3,0.07646293575504133,0.05073711328178389,0.025725822473257443
persona,rephrased,weakness,human_vs_gpt,spread,nn_isolation,,y1::3,y1,4,0.07691789824197304,0.048435959087552424,0.028481939154420613
persona,rephrased,weakness,human_vs_gpt,spread,nn_isolation,,y1::4,y1,4,0.0750154575783375,0.030982127723488944,0.04403332985484855
persona,rephrased,weakness,human_vs_gpt,spread,nn_isolation,,y1::5,y1,4,0.07345075403988291,0.04516765511387694,0.028283098926005973
persona,rephrased,weakness,human_vs_gpt,spread,nn_isolation,,y1::6,y1,4,0.08011922551451062,0.0505656125710902,0.029553612943420418
persona,rephrased,weakness,human_vs_gpt,spread,nn_isolation,,y1::7,y1,4,0.06370644476177689,0.04310369074577312,0.020602754016003776
persona,rephrased,weakness,human_vs_gpt,spread,nn_isolation,,y1::8,y1,5,0.06897044396674512,0.04612508326699836,0.022845360699746763
persona,rephrased,weakness,human_vs_gpt,spread,nn_isolation,,y1::9,y1,3,0.06125635732540339,0.04808204369562237,0.013174313629781019
persona,rephrased,weakness,human_vs_gpt,spread,nn_isolation,,y2::1,y2,3,0.08143930066873002,0.04629821931393436,0.03514108135479566
persona,rephrased,weakness,human_vs_gpt,spread,nn_isolation,,y2::10,y2,3,0.06831916502048851,0.047628582838270185,0.02069058218221833
persona,rephrased,weakness,human_vs_gpt,spread,nn_isolation,,y2::11,y2,4,0.060862854489974805,0.057884379583836146,0.002978474906138659
persona,rephrased,weakness,human_vs_gpt,spread,nn_isolation,,y2::2,y2,3,0.07807084792889966,0.04745182308629322,0.030619024842606445
persona,rephrased,weakness,human_vs_gpt,spread,nn_isolation,,y2::3,y2,4,0.05925233543346162,0.0544730205157342,0.004779314917727415
persona,rephrased,weakness,human_vs_gpt,spread,nn_isolation,,y2::4,y2,2,0.07772241189687146,0.062255654804028907,0.01546675709284255
persona,rephrased,weakness,human_vs_gpt,spread,nn_isolation,,y2::5,y2,4,0.06226544372991677,0.04058741313962509,0.021678030590291678
persona,rephrased,weakness,human_vs_gpt,spread,nn_isolation,,y2::6,y2,4,0.06120128235733019,0.04679206809386655,0.014409214263463636
persona,rephrased,weakness,human_vs_gpt,spread,nn_isolation,,y2::7,y2,4,0.07025594220218451,0.04317158169782559,0.027084360504358918
persona,rephrased,weakness,human_vs_gpt,spread,nn_isolation,,y2::8,y2,3,0.09084160966850537,0.050979016789601296,0.03986259287890407
persona,rephrased,weakness,human_vs_gpt,spread,nn_isolation,,y2::9,y2,4,0.0823817449477646,0.04176879147112147,0.04061295347664313
persona,rephrased,weakness,human_vs_gpt,spread,spherical_variance,,y1::1,y1,4,0.0346203646689065,0.025056940429294582,0.009563424239611918
persona,rephrased,weakness,human_vs_gpt,spread,spherical_variance,,y1::10,y1,4,0.03547603009221867,0.019854616375157775,0.015621413717060894
persona,rephrased,weakness,human_vs_gpt,spread,spherical_variance,,y1::11,y1,4,0.02608312290170922,0.01705261155098383,0.009030511350725391
persona,rephrased,weakness,human_vs_gpt,spread,spherical_variance,,y1::12,y1,4,0.030235940785778403,0.019747475043166162,0.010488465742612241
persona,rephrased,weakness,human_vs_gpt,spread,spherical_variance,,y1::2,y1,3,0.03286840802724189,0.020101891212200906,0.012766516815040985
persona,rephrased,weakness,human_vs_gpt,spread,spherical_variance,,y1::3,y1,4,0.03809461165678385,0.021416632887683362,0.016677978769100488
persona,rephrased,weakness,human_vs_gpt,spread,spherical_variance,,y1::4,y1,4,0.031850584356751255,0.013927534769410421,0.017923049587340832
persona,rephrased,weakness,human_vs_gpt,spread,spherical_variance,,y1::5,y1,4,0.03387875713068733,0.021102137021553124,0.012776620109134208
persona,rephrased,weakness,human_vs_gpt,spread,spherical_variance,,y1::6,y1,4,0.03553508953630591,0.022491462782290528,0.01304362675401538
persona,rephrased,weakness,human_vs_gpt,spread,spherical_variance,,y1::7,y1,4,0.03211839355327861,0.01847942669502307,0.013638966858255542
persona,rephrased,weakness,human_vs_gpt,spread,spherical_variance,,y1::8,y1,5,0.03485150872936715,0.02282309189757925,0.012028416831787903
persona,rephrased,weakness,human_vs_gpt,spread,spherical_variance,,y1::9,y1,3,0.022348210070537777,0.02119095115808073,0.0011572589124570487
persona,rephrased,weakness,human_vs_gpt,spread,spherical_variance,,y2::1,y2,3,0.03066584231773073,0.017808219969029905,0.012857622348700824
persona,rephrased,weakness,human_vs_gpt,spread,spherical_variance,,y2::10,y2,3,0.029199310136733048,0.01797460363860507,0.011224706498127977
persona,rephrased,weakness,human_vs_gpt,spread,spherical_variance,,y2::11,y2,4,0.024961321113981638,0.02613568706571756,-0.0011743659517359228
persona,rephrased,weakness,human_vs_gpt,spread,spherical_variance,,y2::2,y2,3,0.027229537866548248,0.01793011666664107,0.009299421199907176
persona,rephrased,weakness,human_vs_gpt,spread,spherical_variance,,y2::3,y2,4,0.026148351061476394,0.02331291141017735,0.0028354396512990446
persona,rephrased,weakness,human_vs_gpt,spread,spherical_variance,,y2::4,y2,2,0.019623136721615086,0.01569645160029589,0.003926685121319197
persona,rephrased,weakness,human_vs_gpt,spread,spherical_variance,,y2::5,y2,4,0.028371186299855244,0.020156487983281957,0.008214698316573288
persona,rephrased,weakness,human_vs_gpt,spread,spherical_variance,,y2::6,y2,4,0.028553467433978796,0.023601741516919694,0.004951725917059103
persona,rephrased,weakness,human_vs_gpt,spread,spherical_variance,,y2::7,y2,4,0.031997824492123184,0.020187207315350265,0.011810617176772918
persona,rephrased,weakness,human_vs_gpt,spread,spherical_variance,,y2::8,y2,3,0.03702628717512457,0.01982479931046166,0.017201487864662912
persona,rephrased,weakness,human_vs_gpt,spread,spherical_variance,,y2::9,y2,4,0.033339523952434,0.01959837589750315,0.013741148054930853
