sample_index,human_value,ai_value,metric,condition
0,0.05235175370227678,0.03974975521856617,mean_pairwise_distance,baseline
1,0.05235175370227678,0.040013562784835754,mean_pairwise_distance,baseline
2,0.05235175370227678,0.2095666237970586,mean_pairwise_distance,baseline
3,0.05235175370227678,0.1517045943162187,mean_pairwise_distance,baseline
4,0.05235175370227678,0.20465980004887335,mean_pairwise_distance,baseline
5,0.05235175370227678,0.14753798698719311,mean_pairwise_distance,baseline
6,0.05235175370227678,0.2850968675179915,mean_pairwise_distance,baseline
7,0.05235175370227678,0.09931714379269144,mean_pairwise_distance,baseline
8,0.05235175370227678,0.19928132215507416,mean_pairwise_distance,baseline
9,0.05235175370227678,0.20483057230357596,mean_pairwise_distance,baseline
10,0.05235175370227678,0.2483896912322214,mean_pairwise_distance,baseline
11,0.05235175370227678,0.1013693927305018,mean_pairwise_distance,baseline
12,0.05235175370227678,0.10022674365477129,mean_pairwise_distance,baseline
13,0.05235175370227678,0.15446771557623218,mean_pairwise_distance,baseline
14,0.05235175370227678,0.10067424260580493,mean_pairwise_distance,baseline
15,0.05235175370227678,0.25376423733978876,mean_pairwise_distance,baseline
16,0.05235175370227678,0.14995682592919693,mean_pairwise_distance,baseline
17,0.05235175370227678,0.1545502793176372,mean_pairwise_distance,baseline
18,0.05235175370227678,0.09805988982732117,mean_pairwise_distance,baseline
19,0.05235175370227678,0.20645700919298315,mean_pairwise_distance,baseline
20,0.05235175370227678,0.03915322368795222,mean_pairwise_distance,baseline
21,0.05235175370227678,0.039827844606557854,mean_pairwise_distance,baseline
22,0.05235175370227678,0.15541534697114243,mean_pairwise_distance,baseline
23,0.05235175370227678,0.15935588636888345,mean_pairwise_distance,baseline
24,0.05235175370227678,0.20566966081325244,mean_pairwise_distance,baseline
25,0.05235175370227678,0.10073290888971019,mean_pairwise_distance,baseline
26,0.05235175370227678,0.15178426334509265,mean_pairwise_distance,baseline
27,0.05235175370227678,0.15265675425058298,mean_pairwise_distance,baseline
28,0.05235175370227678,0.15444570261499155,mean_pairwise_distance,baseline
29,0.05235175370227678,0.2502437323449629,mean_pairwise_distance,baseline
30,0.05235175370227678,0.20260349304779715,mean_pairwise_distance,baseline
31,0.05235175370227678,0.15162811543159335,mean_pairwise_distance,baseline
32,0.05235175370227678,0.2482608299952722,mean_pairwise_distance,baseline
33,0.05235175370227678,0.20208178937670743,mean_pairwise_distance,baseline
34,0.05235175370227678,0.0957146986671116,mean_pairwise_distance,baseline
35,0.05235175370227678,0.24426700969929752,mean_pairwise_distance,baseline
36,0.05235175370227678,0.1599344846759389,mean_pairwise_distance,baseline
37,0.05235175370227678,0.15110325719056864,mean_pairwise_distance,baseline
38,0.05235175370227678,0.041434622093622864,mean_pairwise_distance,baseline
39,0.05235175370227678,0.039714933384077354,mean_pairwise_distance,baseline
40,0.05235175370227678,0.10005775789027158,mean_pairwise_distance,baseline
41,0.05235175370227678,0.25095477075916034,mean_pairwise_distance,baseline
42,0.05235175370227678,0.09942715323489645,mean_pairwise_distance,baseline
43,0.05235175370227678,0.2457115421653265,mean_pairwise_distance,baseline
44,0.05235175370227678,0.03836130648262416,mean_pairwise_distance,baseline
45,0.05235175370227678,0.09886691174488293,mean_pairwise_distance,baseline
46,0.05235175370227678,0.2485429566839467,mean_pairwise_distance,baseline
47,0.05235175370227678,0.2029591315819812,mean_pairwise_distance,baseline
48,0.05235175370227678,0.0948709501579345,mean_pairwise_distance,baseline
49,0.05235175370227678,0.20396299630756906,mean_pairwise_distance,baseline
50,0.05235175370227678,0.24722932732623557,mean_pairwise_distance,baseline
51,0.05235175370227678,0.1521245912600883,mean_pairwise_distance,baseline
52,0.05235175370227678,0.0987481964906685,mean_pairwise_distance,baseline
53,0.05235175370227678,0.20549414492407336,mean_pairwise_distance,baseline
54,0.05235175370227678,0.10130362619053233,mean_pairwise_distance,baseline
55,0.05235175370227678,0.03997235453647116,mean_pairwise_distance,baseline
56,0.05235175370227678,0.1530602103165487,mean_pairwise_distance,baseline
57,0.05235175370227678,0.15674166528603775,mean_pairwise_distance,baseline
58,0.05235175370227678,0.10354352562795044,mean_pairwise_distance,baseline
59,0.05235175370227678,0.1560944007790607,mean_pairwise_distance,baseline
60,0.05235175370227678,0.2063561239732584,mean_pairwise_distance,baseline
61,0.05235175370227678,0.20657839793932767,mean_pairwise_distance,baseline
62,0.05235175370227678,0.20523056258325992,mean_pairwise_distance,baseline
63,0.05235175370227678,0.2478712585132584,mean_pairwise_distance,baseline
64,0.05235175370227678,0.20270753660692056,mean_pairwise_distance,baseline
65,0.05235175370227678,0.1590204724210053,mean_pairwise_distance,baseline
66,0.05235175370227678,0.202372335869333,mean_pairwise_distance,baseline
67,0.05235175370227678,0.15595640071295938,mean_pairwise_distance,baseline
68,0.05235175370227678,0.1507312598906958,mean_pairwise_distance,baseline
69,0.05235175370227678,0.09821734739386517,mean_pairwise_distance,baseline
70,0.05235175370227678,0.15308786993441376,mean_pairwise_distance,baseline
71,0.05235175370227678,0.1028049854421804,mean_pairwise_distance,baseline
72,0.05235175370227678,0.10246789714564448,mean_pairwise_distance,baseline
73,0.05235175370227678,0.15492844440249115,mean_pairwise_distance,baseline
74,0.05235175370227678,0.10218078840391438,mean_pairwise_distance,baseline
75,0.05235175370227678,0.09533709805944691,mean_pairwise_distance,baseline
76,0.05235175370227678,0.1496984687718478,mean_pairwise_distance,baseline
77,0.05235175370227678,0.28570513833652844,mean_pairwise_distance,baseline
78,0.05235175370227678,0.10279637763622722,mean_pairwise_distance,baseline
79,0.05235175370227678,0.15226361779827374,mean_pairwise_distance,baseline
80,0.05235175370227678,0.20730264078487048,mean_pairwise_distance,baseline
81,0.05235175370227678,0.15431920648092337,mean_pairwise_distance,baseline
82,0.05235175370227678,0.0977039249989355,mean_pairwise_distance,baseline
83,0.05235175370227678,0.1495725571402448,mean_pairwise_distance,baseline
84,0.05235175370227678,0.09680191895707323,mean_pairwise_distance,baseline
85,0.05235175370227678,0.24872741892403766,mean_pairwise_distance,baseline
86,0.05235175370227678,0.10088388533460294,mean_pairwise_distance,baseline
87,0.05235175370227678,0.1570983015501452,mean_pairwise_distance,baseline
88,0.05235175370227678,0.1575136915025975,mean_pairwise_distance,baseline
89,0.05235175370227678,0.10145485024207195,mean_pairwise_distance,baseline
90,0.05235175370227678,0.14922879194553662,mean_pairwise_distance,baseline
91,0.05235175370227678,0.20795196671730917,mean_pairwise_distance,baseline
92,0.05235175370227678,0.09713845667631729,mean_pairwise_distance,baseline
93,0.05235175370227678,0.15843975496857535,mean_pairwise_distance,baseline
94,0.05235175370227678,0.1998850993016963,mean_pairwise_distance,baseline
95,0.05235175370227678,0.15238715254742166,mean_pairwise_distance,baseline
96,0.05235175370227678,0.15407669921166342,mean_pairwise_distance,baseline
97,0.05235175370227678,0.1578919465833973,mean_pairwise_distance,baseline
98,0.05235175370227678,0.15318250915278558,mean_pairwise_distance,baseline
99,0.05235175370227678,0.14633341740242578,mean_pairwise_distance,baseline
100,0.05235175370227678,0.15840636859298224,mean_pairwise_distance,baseline
101,0.05235175370227678,0.2048325524499765,mean_pairwise_distance,baseline
102,0.05235175370227678,0.0976847200525608,mean_pairwise_distance,baseline
103,0.05235175370227678,0.19831345203836917,mean_pairwise_distance,baseline
104,0.05235175370227678,0.15114328960184994,mean_pairwise_distance,baseline
105,0.05235175370227678,0.039119855452903175,mean_pairwise_distance,baseline
106,0.05235175370227678,0.15876027152472333,mean_pairwise_distance,baseline
107,0.05235175370227678,0.24630442532626065,mean_pairwise_distance,baseline
108,0.05235175370227678,0.20328438376249533,mean_pairwise_distance,baseline
109,0.05235175370227678,0.20259697211118555,mean_pairwise_distance,baseline
110,0.05235175370227678,0.1565312813864395,mean_pairwise_distance,baseline
111,0.05235175370227678,0.1516410093533663,mean_pairwise_distance,baseline
112,0.05235175370227678,0.15377400326634585,mean_pairwise_distance,baseline
113,0.05235175370227678,0.24952431724005536,mean_pairwise_distance,baseline
114,0.05235175370227678,0.153856678678113,mean_pairwise_distance,baseline
115,0.05235175370227678,0.20768709969614804,mean_pairwise_distance,baseline
116,0.05235175370227678,0.2077282417433064,mean_pairwise_distance,baseline
117,0.05235175370227678,0.15922663357889227,mean_pairwise_distance,baseline
118,0.05235175370227678,0.20406798741563034,mean_pairwise_distance,baseline
119,0.05235175370227678,0.0405440243336523,mean_pairwise_distance,baseline
120,0.05235175370227678,0.15048856202792743,mean_pairwise_distance,baseline
121,0.05235175370227678,0.10275766218132652,mean_pairwise_distance,baseline
122,0.05235175370227678,0.14981805335862836,mean_pairwise_distance,baseline
123,0.05235175370227678,0.04090391034665315,mean_pairwise_distance,baseline
124,0.05235175370227678,0.036771603723759705,mean_pairwise_distance,baseline
125,0.05235175370227678,0.14895915113418942,mean_pairwise_distance,baseline
126,0.05235175370227678,0.1527930231904795,mean_pairwise_distance,baseline
127,0.05235175370227678,0.20131239024075595,mean_pairwise_distance,baseline
128,0.05235175370227678,0.2001457930553572,mean_pairwise_distance,baseline
129,0.05235175370227678,0.2042764352244351,mean_pairwise_distance,baseline
130,0.05235175370227678,0.10572029526525807,mean_pairwise_distance,baseline
131,0.05235175370227678,0.09725757667669666,mean_pairwise_distance,baseline
132,0.05235175370227678,0.040857595181747856,mean_pairwise_distance,baseline
133,0.05235175370227678,0.20814385315175113,mean_pairwise_distance,baseline
134,0.05235175370227678,0.15595922922428418,mean_pairwise_distance,baseline
135,0.05235175370227678,0.10003553925766775,mean_pairwise_distance,baseline
136,0.05235175370227678,0.19887555210957886,mean_pairwise_distance,baseline
137,0.05235175370227678,0.14827021402803806,mean_pairwise_distance,baseline
138,0.05235175370227678,0.09694585475054654,mean_pairwise_distance,baseline
139,0.05235175370227678,0.10054619580860666,mean_pairwise_distance,baseline
140,0.05235175370227678,0.10123565168719989,mean_pairwise_distance,baseline
141,0.05235175370227678,0.09886776340808794,mean_pairwise_distance,baseline
142,0.05235175370227678,0.15956186894842758,mean_pairwise_distance,baseline
143,0.05235175370227678,0.0976786253009389,mean_pairwise_distance,baseline
144,0.05235175370227678,0.20678341223788355,mean_pairwise_distance,baseline
145,0.05235175370227678,0.09736376411830013,mean_pairwise_distance,baseline
146,0.05235175370227678,0.2849353693219513,mean_pairwise_distance,baseline
147,0.05235175370227678,0.20245724633748352,mean_pairwise_distance,baseline
148,0.05235175370227678,0.19895674470856256,mean_pairwise_distance,baseline
149,0.05235175370227678,0.09783913966695311,mean_pairwise_distance,baseline
150,0.05235175370227678,0.19755693787171436,mean_pairwise_distance,baseline
151,0.05235175370227678,0.15162938479849472,mean_pairwise_distance,baseline
152,0.05235175370227678,0.09741612974362882,mean_pairwise_distance,baseline
153,0.05235175370227678,0.1555954173148385,mean_pairwise_distance,baseline
154,0.05235175370227678,0.1504830494228559,mean_pairwise_distance,baseline
155,0.05235175370227678,0.20833907579716016,mean_pairwise_distance,baseline
156,0.05235175370227678,0.1513673425191947,mean_pairwise_distance,baseline
157,0.05235175370227678,0.10218401365129373,mean_pairwise_distance,baseline
158,0.05235175370227678,0.19758306284667004,mean_pairwise_distance,baseline
159,0.05235175370227678,0.15638948217211032,mean_pairwise_distance,baseline
160,0.05235175370227678,0.15172986362291419,mean_pairwise_distance,baseline
161,0.05235175370227678,0.10229314952028598,mean_pairwise_distance,baseline
162,0.05235175370227678,0.10313891539931769,mean_pairwise_distance,baseline
163,0.05235175370227678,0.04075198423249919,mean_pairwise_distance,baseline
164,0.05235175370227678,0.19890045978335053,mean_pairwise_distance,baseline
165,0.05235175370227678,0.10067032307033011,mean_pairwise_distance,baseline
166,0.05235175370227678,0.2012915658385386,mean_pairwise_distance,baseline
167,0.05235175370227678,0.20778313196694898,mean_pairwise_distance,baseline
168,0.05235175370227678,0.1553918288159276,mean_pairwise_distance,baseline
169,0.05235175370227678,0.19858778465406696,mean_pairwise_distance,baseline
170,0.05235175370227678,0.24878518831117352,mean_pairwise_distance,baseline
171,0.05235175370227678,0.20247555697859512,mean_pairwise_distance,baseline
172,0.05235175370227678,0.09784021278615054,mean_pairwise_distance,baseline
173,0.05235175370227678,0.25046249929624115,mean_pairwise_distance,baseline
174,0.05235175370227678,0.15121803147048346,mean_pairwise_distance,baseline
175,0.05235175370227678,0.20390950808883185,mean_pairwise_distance,baseline
176,0.05235175370227678,0.09890555982061996,mean_pairwise_distance,baseline
177,0.05235175370227678,0.1555040817958093,mean_pairwise_distance,baseline
178,0.05235175370227678,0.20114844919664587,mean_pairwise_distance,baseline
179,0.05235175370227678,0.20259199005812994,mean_pairwise_distance,baseline
180,0.05235175370227678,0.24859572422834253,mean_pairwise_distance,baseline
181,0.05235175370227678,0.2451468272642656,mean_pairwise_distance,baseline
182,0.05235175370227678,0.16030875566919803,mean_pairwise_distance,baseline
183,0.05235175370227678,0.14879760322834662,mean_pairwise_distance,baseline
184,0.05235175370227678,0.24563330459029306,mean_pairwise_distance,baseline
185,0.05235175370227678,0.0990434840262643,mean_pairwise_distance,baseline
186,0.05235175370227678,0.15035967581828122,mean_pairwise_distance,baseline
187,0.05235175370227678,0.040708578151205314,mean_pairwise_distance,baseline
188,0.05235175370227678,0.20202295181779523,mean_pairwise_distance,baseline
189,0.05235175370227678,0.2011398901581293,mean_pairwise_distance,baseline
190,0.05235175370227678,0.2063046288584532,mean_pairwise_distance,baseline
191,0.05235175370227678,0.2070703313284712,mean_pairwise_distance,baseline
192,0.05235175370227678,0.15286521101186398,mean_pairwise_distance,baseline
193,0.05235175370227678,0.15590887696375488,mean_pairwise_distance,baseline
194,0.05235175370227678,0.15477704530648093,mean_pairwise_distance,baseline
195,0.05235175370227678,0.2083874014997671,mean_pairwise_distance,baseline
196,0.05235175370227678,0.03924881681623195,mean_pairwise_distance,baseline
197,0.05235175370227678,0.03887061804179617,mean_pairwise_distance,baseline
198,0.05235175370227678,0.1533449989533707,mean_pairwise_distance,baseline
199,0.05235175370227678,0.20747464094237378,mean_pairwise_distance,baseline
200,0.05235175370227678,0.20333489598964044,mean_pairwise_distance,baseline
201,0.05235175370227678,0.09757102760872823,mean_pairwise_distance,baseline
202,0.05235175370227678,0.15478433285777277,mean_pairwise_distance,baseline
203,0.05235175370227678,0.15178590070588788,mean_pairwise_distance,baseline
204,0.05235175370227678,0.2861635852236993,mean_pairwise_distance,baseline
205,0.05235175370227678,0.20831016401057187,mean_pairwise_distance,baseline
206,0.05235175370227678,0.15569016726120657,mean_pairwise_distance,baseline
207,0.05235175370227678,0.2063113910407417,mean_pairwise_distance,baseline
208,0.05235175370227678,0.15107075098474979,mean_pairwise_distance,baseline
209,0.05235175370227678,0.15331066667798007,mean_pairwise_distance,baseline
210,0.05235175370227678,0.10302222882334894,mean_pairwise_distance,baseline
211,0.05235175370227678,0.15204783979611905,mean_pairwise_distance,baseline
212,0.05235175370227678,0.0961481365761738,mean_pairwise_distance,baseline
213,0.05235175370227678,0.15553491695125113,mean_pairwise_distance,baseline
214,0.05235175370227678,0.20403563175276807,mean_pairwise_distance,baseline
215,0.05235175370227678,0.15429585276856253,mean_pairwise_distance,baseline
216,0.05235175370227678,0.20377602831648273,mean_pairwise_distance,baseline
217,0.05235175370227678,0.09980340555251352,mean_pairwise_distance,baseline
218,0.05235175370227678,0.14873397585902762,mean_pairwise_distance,baseline
219,0.05235175370227678,0.15828732822252356,mean_pairwise_distance,baseline
220,0.05235175370227678,0.039595938011591614,mean_pairwise_distance,baseline
221,0.05235175370227678,0.10129677047842577,mean_pairwise_distance,baseline
222,0.05235175370227678,0.09898372648261752,mean_pairwise_distance,baseline
223,0.05235175370227678,0.10276032907689513,mean_pairwise_distance,baseline
224,0.05235175370227678,0.20755631344120493,mean_pairwise_distance,baseline
225,0.05235175370227678,0.15572053618110687,mean_pairwise_distance,baseline
226,0.05235175370227678,0.1536105185629351,mean_pairwise_distance,baseline
227,0.05235175370227678,0.20018468944451553,mean_pairwise_distance,baseline
228,0.05235175370227678,0.10035154682845467,mean_pairwise_distance,baseline
229,0.05235175370227678,0.10008111678564502,mean_pairwise_distance,baseline
230,0.05235175370227678,0.09984890345057008,mean_pairwise_distance,baseline
231,0.05235175370227678,0.15130952389343924,mean_pairwise_distance,baseline
232,0.05235175370227678,0.15186610099355222,mean_pairwise_distance,baseline
233,0.05235175370227678,0.10132562407391815,mean_pairwise_distance,baseline
234,0.05235175370227678,0.2513273768274209,mean_pairwise_distance,baseline
235,0.05235175370227678,0.2042518566719628,mean_pairwise_distance,baseline
236,0.05235175370227678,0.2097079025898055,mean_pairwise_distance,baseline
237,0.05235175370227678,0.10181328642509671,mean_pairwise_distance,baseline
238,0.05235175370227678,0.09705870589719931,mean_pairwise_distance,baseline
239,0.05235175370227678,0.15846461293254446,mean_pairwise_distance,baseline
240,0.05235175370227678,0.1549835695108406,mean_pairwise_distance,baseline
241,0.05235175370227678,0.1518504235584274,mean_pairwise_distance,baseline
242,0.05235175370227678,0.09683846673475424,mean_pairwise_distance,baseline
243,0.05235175370227678,0.10166534157138568,mean_pairwise_distance,baseline
244,0.05235175370227678,0.15385481373594684,mean_pairwise_distance,baseline
245,0.05235175370227678,0.10040057765636519,mean_pairwise_distance,baseline
246,0.05235175370227678,0.04080288871946071,mean_pairwise_distance,baseline
247,0.05235175370227678,0.20961604429327924,mean_pairwise_distance,baseline
248,0.05235175370227678,0.1018527816878006,mean_pairwise_distance,baseline
249,0.05235175370227678,0.09880395910956642,mean_pairwise_distance,baseline
250,0.05235175370227678,0.2490403225770581,mean_pairwise_distance,baseline
251,0.05235175370227678,0.1520729738733043,mean_pairwise_distance,baseline
252,0.05235175370227678,0.15226314166788998,mean_pairwise_distance,baseline
253,0.05235175370227678,0.15365452634487228,mean_pairwise_distance,baseline
254,0.05235175370227678,0.03912374624621727,mean_pairwise_distance,baseline
255,0.05235175370227678,0.15261886784210507,mean_pairwise_distance,baseline
256,0.05235175370227678,0.1573018259681732,mean_pairwise_distance,baseline
257,0.05235175370227678,0.10129391935031876,mean_pairwise_distance,baseline
258,0.05235175370227678,0.10150874579848036,mean_pairwise_distance,baseline
259,0.05235175370227678,0.1559553735341008,mean_pairwise_distance,baseline
260,0.05235175370227678,0.20454066096558401,mean_pairwise_distance,baseline
261,0.05235175370227678,0.20129580836993433,mean_pairwise_distance,baseline
262,0.05235175370227678,0.2049056885270733,mean_pairwise_distance,baseline
263,0.05235175370227678,0.1517924758285402,mean_pairwise_distance,baseline
264,0.05235175370227678,0.2073043853397897,mean_pairwise_distance,baseline
265,0.05235175370227678,0.2042127593232709,mean_pairwise_distance,baseline
266,0.05235175370227678,0.04000806290170421,mean_pairwise_distance,baseline
267,0.05235175370227678,0.10084809545471735,mean_pairwise_distance,baseline
268,0.05235175370227678,0.09544037759539638,mean_pairwise_distance,baseline
269,0.05235175370227678,0.2033313892104409,mean_pairwise_distance,baseline
270,0.05235175370227678,0.2032117777662315,mean_pairwise_distance,baseline
271,0.05235175370227678,0.24935272489140628,mean_pairwise_distance,baseline
272,0.05235175370227678,0.2030640138467781,mean_pairwise_distance,baseline
273,0.05235175370227678,0.20392989994508948,mean_pairwise_distance,baseline
274,0.05235175370227678,0.15363476658055905,mean_pairwise_distance,baseline
275,0.05235175370227678,0.207334438567105,mean_pairwise_distance,baseline
276,0.05235175370227678,0.24703799641650656,mean_pairwise_distance,baseline
277,0.05235175370227678,0.15284100422274924,mean_pairwise_distance,baseline
278,0.05235175370227678,0.15218416221528186,mean_pairwise_distance,baseline
279,0.05235175370227678,0.2079839117442195,mean_pairwise_distance,baseline
280,0.05235175370227678,0.09548981976603331,mean_pairwise_distance,baseline
281,0.05235175370227678,0.04170155101142853,mean_pairwise_distance,baseline
282,0.05235175370227678,0.2006493432248534,mean_pairwise_distance,baseline
283,0.05235175370227678,0.10169161944521274,mean_pairwise_distance,baseline
284,0.05235175370227678,0.24616343254157205,mean_pairwise_distance,baseline
285,0.05235175370227678,0.20243114374371857,mean_pairwise_distance,baseline
286,0.05235175370227678,0.09571307025879268,mean_pairwise_distance,baseline
287,0.05235175370227678,0.10043357153655041,mean_pairwise_distance,baseline
288,0.05235175370227678,0.14758188686823184,mean_pairwise_distance,baseline
289,0.05235175370227678,0.15755856720355188,mean_pairwise_distance,baseline
290,0.05235175370227678,0.09623758901249278,mean_pairwise_distance,baseline
291,0.05235175370227678,0.2005032816894441,mean_pairwise_distance,baseline
292,0.05235175370227678,0.19761488442364417,mean_pairwise_distance,baseline
293,0.05235175370227678,0.25038504459170013,mean_pairwise_distance,baseline
294,0.05235175370227678,0.10221090901039334,mean_pairwise_distance,baseline
295,0.05235175370227678,0.09496104175394232,mean_pairwise_distance,baseline
296,0.05235175370227678,0.20525017863676953,mean_pairwise_distance,baseline
297,0.05235175370227678,0.1523456573486328,mean_pairwise_distance,baseline
298,0.05235175370227678,0.03841220578657309,mean_pairwise_distance,baseline
299,0.05235175370227678,0.04244564997820044,mean_pairwise_distance,baseline
300,0.05235175370227678,0.24452110335760907,mean_pairwise_distance,baseline
301,0.05235175370227678,0.14728212333008234,mean_pairwise_distance,baseline
302,0.05235175370227678,0.24291454049438355,mean_pairwise_distance,baseline
303,0.05235175370227678,0.2469386616243204,mean_pairwise_distance,baseline
304,0.05235175370227678,0.24999135779769052,mean_pairwise_distance,baseline
305,0.05235175370227678,0.1488933183930137,mean_pairwise_distance,baseline
306,0.05235175370227678,0.15174084878250543,mean_pairwise_distance,baseline
307,0.05235175370227678,0.09766793957812042,mean_pairwise_distance,baseline
308,0.05235175370227678,0.09678155654975076,mean_pairwise_distance,baseline
309,0.05235175370227678,0.096195708150449,mean_pairwise_distance,baseline
310,0.05235175370227678,0.24618585331166687,mean_pairwise_distance,baseline
311,0.05235175370227678,0.15904284984226755,mean_pairwise_distance,baseline
312,0.05235175370227678,0.25074308450985333,mean_pairwise_distance,baseline
313,0.05235175370227678,0.20172368349293945,mean_pairwise_distance,baseline
314,0.05235175370227678,0.20726244110363745,mean_pairwise_distance,baseline
315,0.05235175370227678,0.04120822975286853,mean_pairwise_distance,baseline
316,0.05235175370227678,0.10072318273099515,mean_pairwise_distance,baseline
317,0.05235175370227678,0.28331876295828534,mean_pairwise_distance,baseline
318,0.05235175370227678,0.24842363855113153,mean_pairwise_distance,baseline
319,0.05235175370227678,0.0960281453584965,mean_pairwise_distance,baseline
320,0.05235175370227678,0.10011207279951675,mean_pairwise_distance,baseline
321,0.05235175370227678,0.19952809174541428,mean_pairwise_distance,baseline
322,0.05235175370227678,0.10004667001279446,mean_pairwise_distance,baseline
323,0.05235175370227678,0.09922584007851219,mean_pairwise_distance,baseline
324,0.05235175370227678,0.15485391433059933,mean_pairwise_distance,baseline
325,0.05235175370227678,0.1532656962692502,mean_pairwise_distance,baseline
326,0.05235175370227678,0.2032969228834974,mean_pairwise_distance,baseline
327,0.05235175370227678,0.04319514917290729,mean_pairwise_distance,baseline
328,0.05235175370227678,0.20348669276407114,mean_pairwise_distance,baseline
329,0.05235175370227678,0.1541157906705683,mean_pairwise_distance,baseline
330,0.05235175370227678,0.1003094021039518,mean_pairwise_distance,baseline
331,0.05235175370227678,0.251146490630425,mean_pairwise_distance,baseline
332,0.05235175370227678,0.20027174167482278,mean_pairwise_distance,baseline
333,0.05235175370227678,0.20285300303824805,mean_pairwise_distance,baseline
334,0.05235175370227678,0.1480334365791954,mean_pairwise_distance,baseline
335,0.05235175370227678,0.2023102398446426,mean_pairwise_distance,baseline
336,0.05235175370227678,0.15590318012614496,mean_pairwise_distance,baseline
337,0.05235175370227678,0.20205968594833795,mean_pairwise_distance,baseline
338,0.05235175370227678,0.20090992507256067,mean_pairwise_distance,baseline
339,0.05235175370227678,0.15602072613983758,mean_pairwise_distance,baseline
340,0.05235175370227678,0.09750681078952292,mean_pairwise_distance,baseline
341,0.05235175370227678,0.10064018126061783,mean_pairwise_distance,baseline
342,0.05235175370227678,0.09990716946454858,mean_pairwise_distance,baseline
343,0.05235175370227678,0.15428346489729147,mean_pairwise_distance,baseline
344,0.05235175370227678,0.1550673637465526,mean_pairwise_distance,baseline
345,0.05235175370227678,0.0403507606314105,mean_pairwise_distance,baseline
346,0.05235175370227678,0.152416934137759,mean_pairwise_distance,baseline
347,0.05235175370227678,0.24622996027761768,mean_pairwise_distance,baseline
348,0.05235175370227678,0.15363616575836664,mean_pairwise_distance,baseline
349,0.05235175370227678,0.10133307771720435,mean_pairwise_distance,baseline
350,0.05235175370227678,0.24585706348946915,mean_pairwise_distance,baseline
351,0.05235175370227678,0.1997679490816923,mean_pairwise_distance,baseline
352,0.05235175370227678,0.15640929918515353,mean_pairwise_distance,baseline
353,0.05235175370227678,0.2069405790845396,mean_pairwise_distance,baseline
354,0.05235175370227678,0.03989364224460285,mean_pairwise_distance,baseline
355,0.05235175370227678,0.1018844824063448,mean_pairwise_distance,baseline
356,0.05235175370227678,0.10012199567711871,mean_pairwise_distance,baseline
357,0.05235175370227678,0.20216337706260532,mean_pairwise_distance,baseline
358,0.05235175370227678,0.15498384397491635,mean_pairwise_distance,baseline
359,0.05235175370227678,0.1542053524213346,mean_pairwise_distance,baseline
360,0.05235175370227678,0.09936766567908728,mean_pairwise_distance,baseline
361,0.05235175370227678,0.20221086076125797,mean_pairwise_distance,baseline
362,0.05235175370227678,0.21095180299442276,mean_pairwise_distance,baseline
363,0.05235175370227678,0.03921629788847309,mean_pairwise_distance,baseline
364,0.05235175370227678,0.15265982659909094,mean_pairwise_distance,baseline
365,0.05235175370227678,0.2040172714018539,mean_pairwise_distance,baseline
366,0.05235175370227678,0.14824857165219754,mean_pairwise_distance,baseline
367,0.05235175370227678,0.15179035291370196,mean_pairwise_distance,baseline
368,0.05235175370227678,0.09656757069199452,mean_pairwise_distance,baseline
369,0.05235175370227678,0.09379552357752803,mean_pairwise_distance,baseline
370,0.05235175370227678,0.15584321620436054,mean_pairwise_distance,baseline
371,0.05235175370227678,0.1540036653812695,mean_pairwise_distance,baseline
372,0.05235175370227678,0.1515417179100127,mean_pairwise_distance,baseline
373,0.05235175370227678,0.15390339317057916,mean_pairwise_distance,baseline
374,0.05235175370227678,0.04241713563444115,mean_pairwise_distance,baseline
375,0.05235175370227678,0.20189621066858646,mean_pairwise_distance,baseline
376,0.05235175370227678,0.1541474612334029,mean_pairwise_distance,baseline
377,0.05235175370227678,0.09757733792655553,mean_pairwise_distance,baseline
378,0.05235175370227678,0.10042362368625143,mean_pairwise_distance,baseline
379,0.05235175370227678,0.20616528026671277,mean_pairwise_distance,baseline
380,0.05235175370227678,0.04171496017177114,mean_pairwise_distance,baseline
381,0.05235175370227678,0.19857185018863602,mean_pairwise_distance,baseline
382,0.05235175370227678,0.1018559972759292,mean_pairwise_distance,baseline
383,0.05235175370227678,0.1575353605002754,mean_pairwise_distance,baseline
384,0.05235175370227678,0.20753556749095087,mean_pairwise_distance,baseline
385,0.05235175370227678,0.10138892726935889,mean_pairwise_distance,baseline
386,0.05235175370227678,0.0980611964176766,mean_pairwise_distance,baseline
387,0.05235175370227678,0.15342172732937479,mean_pairwise_distance,baseline
388,0.05235175370227678,0.1537923054261641,mean_pairwise_distance,baseline
389,0.05235175370227678,0.1027435719260114,mean_pairwise_distance,baseline
390,0.05235175370227678,0.1525484966666331,mean_pairwise_distance,baseline
391,0.05235175370227678,0.1556872591199611,mean_pairwise_distance,baseline
392,0.05235175370227678,0.15238393413219528,mean_pairwise_distance,baseline
393,0.05235175370227678,0.15532050184581592,mean_pairwise_distance,baseline
394,0.05235175370227678,0.19915766937459412,mean_pairwise_distance,baseline
395,0.05235175370227678,0.24568348746054727,mean_pairwise_distance,baseline
396,0.05235175370227678,0.1559054931633086,mean_pairwise_distance,baseline
397,0.05235175370227678,0.19988468324714026,mean_pairwise_distance,baseline
398,0.05235175370227678,0.20443180380131415,mean_pairwise_distance,baseline
399,0.05235175370227678,0.0995622927492315,mean_pairwise_distance,baseline
400,0.05235175370227678,0.20262113154641254,mean_pairwise_distance,baseline
401,0.05235175370227678,0.14948457149648856,mean_pairwise_distance,baseline
402,0.05235175370227678,0.19688697836615823,mean_pairwise_distance,baseline
403,0.05235175370227678,0.15680745161569165,mean_pairwise_distance,baseline
404,0.05235175370227678,0.24654941785005713,mean_pairwise_distance,baseline
405,0.05235175370227678,0.1530406658828494,mean_pairwise_distance,baseline
406,0.05235175370227678,0.20015551143955337,mean_pairwise_distance,baseline
407,0.05235175370227678,0.039696542641862106,mean_pairwise_distance,baseline
408,0.05235175370227678,0.1519395895155051,mean_pairwise_distance,baseline
409,0.05235175370227678,0.24950289302192658,mean_pairwise_distance,baseline
410,0.05235175370227678,0.1604346006284118,mean_pairwise_distance,baseline
411,0.05235175370227678,0.10295943191400159,mean_pairwise_distance,baseline
412,0.05235175370227678,0.15287161297477753,mean_pairwise_distance,baseline
413,0.05235175370227678,0.15846284835234933,mean_pairwise_distance,baseline
414,0.05235175370227678,0.1580154931121193,mean_pairwise_distance,baseline
415,0.05235175370227678,0.04036205747853155,mean_pairwise_distance,baseline
416,0.05235175370227678,0.20072763475033606,mean_pairwise_distance,baseline
417,0.05235175370227678,0.1976456540846542,mean_pairwise_distance,baseline
418,0.05235175370227678,0.15355249026076126,mean_pairwise_distance,baseline
419,0.05235175370227678,0.15459262382371625,mean_pairwise_distance,baseline
420,0.05235175370227678,0.15514126337564038,mean_pairwise_distance,baseline
421,0.05235175370227678,0.1562357238630061,mean_pairwise_distance,baseline
422,0.05235175370227678,0.15807599276893225,mean_pairwise_distance,baseline
423,0.05235175370227678,0.15393329467698047,mean_pairwise_distance,baseline
424,0.05235175370227678,0.2493468254451224,mean_pairwise_distance,baseline
425,0.05235175370227678,0.2844917500914321,mean_pairwise_distance,baseline
426,0.05235175370227678,0.15722964545012463,mean_pairwise_distance,baseline
427,0.05235175370227678,0.15155993384334882,mean_pairwise_distance,baseline
428,0.05235175370227678,0.20553625124716476,mean_pairwise_distance,baseline
429,0.05235175370227678,0.24644057222976987,mean_pairwise_distance,baseline
430,0.05235175370227678,0.2461523995569101,mean_pairwise_distance,baseline
431,0.05235175370227678,0.15858844052190366,mean_pairwise_distance,baseline
432,0.05235175370227678,0.20257061366507187,mean_pairwise_distance,baseline
433,0.05235175370227678,0.19904150133547577,mean_pairwise_distance,baseline
434,0.05235175370227678,0.15805969714176044,mean_pairwise_distance,baseline
435,0.05235175370227678,0.1524299764821652,mean_pairwise_distance,baseline
436,0.05235175370227678,0.15328346363640585,mean_pairwise_distance,baseline
437,0.05235175370227678,0.15032412152987695,mean_pairwise_distance,baseline
438,0.05235175370227678,0.1525396443167223,mean_pairwise_distance,baseline
439,0.05235175370227678,0.09519420852774217,mean_pairwise_distance,baseline
440,0.05235175370227678,0.24575351537923096,mean_pairwise_distance,baseline
441,0.05235175370227678,0.15366760426359213,mean_pairwise_distance,baseline
442,0.05235175370227678,0.09988209028017851,mean_pairwise_distance,baseline
443,0.05235175370227678,0.15868811197431662,mean_pairwise_distance,baseline
444,0.05235175370227678,0.2881203204275591,mean_pairwise_distance,baseline
445,0.05235175370227678,0.10117185893266098,mean_pairwise_distance,baseline
446,0.05235175370227678,0.10077145118487212,mean_pairwise_distance,baseline
447,0.05235175370227678,0.15678556328234466,mean_pairwise_distance,baseline
448,0.05235175370227678,0.15237709396912646,mean_pairwise_distance,baseline
449,0.05235175370227678,0.040706828413273506,mean_pairwise_distance,baseline
450,0.05235175370227678,0.1585184262675259,mean_pairwise_distance,baseline
451,0.05235175370227678,0.15803425090586243,mean_pairwise_distance,baseline
452,0.05235175370227678,0.09851611602918904,mean_pairwise_distance,baseline
453,0.05235175370227678,0.1544582217107177,mean_pairwise_distance,baseline
454,0.05235175370227678,0.24697814063121207,mean_pairwise_distance,baseline
455,0.05235175370227678,0.24898424991977072,mean_pairwise_distance,baseline
456,0.05235175370227678,0.19716293538511978,mean_pairwise_distance,baseline
457,0.05235175370227678,0.15826587761814886,mean_pairwise_distance,baseline
458,0.05235175370227678,0.20270644935223425,mean_pairwise_distance,baseline
459,0.05235175370227678,0.15759301586113428,mean_pairwise_distance,baseline
460,0.05235175370227678,0.20528467983125226,mean_pairwise_distance,baseline
461,0.05235175370227678,0.09788443495633574,mean_pairwise_distance,baseline
462,0.05235175370227678,0.0953315510580191,mean_pairwise_distance,baseline
463,0.05235175370227678,0.20404126710100137,mean_pairwise_distance,baseline
464,0.05235175370227678,0.15581273914797034,mean_pairwise_distance,baseline
465,0.05235175370227678,0.15864701822341196,mean_pairwise_distance,baseline
466,0.05235175370227678,0.15589902335004843,mean_pairwise_distance,baseline
467,0.05235175370227678,0.1528354298927096,mean_pairwise_distance,baseline
468,0.05235175370227678,0.09657747260195465,mean_pairwise_distance,baseline
469,0.05235175370227678,0.09304836710451149,mean_pairwise_distance,baseline
470,0.05235175370227678,0.14934594946887653,mean_pairwise_distance,baseline
471,0.05235175370227678,0.25064998865127563,mean_pairwise_distance,baseline
472,0.05235175370227678,0.04108091847227496,mean_pairwise_distance,baseline
473,0.05235175370227678,0.10053806224830537,mean_pairwise_distance,baseline
474,0.05235175370227678,0.20314062513381595,mean_pairwise_distance,baseline
475,0.05235175370227678,0.20108389972226892,mean_pairwise_distance,baseline
476,0.05235175370227678,0.09524792126516109,mean_pairwise_distance,baseline
477,0.05235175370227678,0.19967220093421786,mean_pairwise_distance,baseline
478,0.05235175370227678,0.20602253962882422,mean_pairwise_distance,baseline
479,0.05235175370227678,0.09614055995413437,mean_pairwise_distance,baseline
480,0.05235175370227678,0.2496035513670548,mean_pairwise_distance,baseline
481,0.05235175370227678,0.09776313809066893,mean_pairwise_distance,baseline
482,0.05235175370227678,0.20109027388538767,mean_pairwise_distance,baseline
483,0.05235175370227678,0.2031196091957243,mean_pairwise_distance,baseline
484,0.05235175370227678,0.09560324410676013,mean_pairwise_distance,baseline
485,0.05235175370227678,0.09901056694890199,mean_pairwise_distance,baseline
486,0.05235175370227678,0.10499733757124588,mean_pairwise_distance,baseline
487,0.05235175370227678,0.14986687615926086,mean_pairwise_distance,baseline
488,0.05235175370227678,0.1569275292954426,mean_pairwise_distance,baseline
489,0.05235175370227678,0.1000294225960381,mean_pairwise_distance,baseline
490,0.05235175370227678,0.14939692486887393,mean_pairwise_distance,baseline
491,0.05235175370227678,0.25273628197168646,mean_pairwise_distance,baseline
492,0.05235175370227678,0.24534205108763202,mean_pairwise_distance,baseline
493,0.05235175370227678,0.15458583996701147,mean_pairwise_distance,baseline
494,0.05235175370227678,0.03885785016146573,mean_pairwise_distance,baseline
495,0.05235175370227678,0.20391057037082114,mean_pairwise_distance,baseline
496,0.05235175370227678,0.15671755885889407,mean_pairwise_distance,baseline
497,0.05235175370227678,0.15590305667620874,mean_pairwise_distance,baseline
498,0.05235175370227678,0.20908574082634665,mean_pairwise_distance,baseline
499,0.05235175370227678,0.10099041791772653,mean_pairwise_distance,baseline
500,0.05235175370227678,0.09869360311229239,mean_pairwise_distance,baseline
501,0.05235175370227678,0.15304923882126337,mean_pairwise_distance,baseline
502,0.05235175370227678,0.20279169765856897,mean_pairwise_distance,baseline
503,0.05235175370227678,0.1016960872020646,mean_pairwise_distance,baseline
504,0.05235175370227678,0.10018904006528288,mean_pairwise_distance,baseline
505,0.05235175370227678,0.20611091070024393,mean_pairwise_distance,baseline
506,0.05235175370227678,0.20360904672871466,mean_pairwise_distance,baseline
507,0.05235175370227678,0.10122378659342589,mean_pairwise_distance,baseline
508,0.05235175370227678,0.2442315253815632,mean_pairwise_distance,baseline
509,0.05235175370227678,0.09844065160148228,mean_pairwise_distance,baseline
510,0.05235175370227678,0.25141253278189496,mean_pairwise_distance,baseline
511,0.05235175370227678,0.10028519083859892,mean_pairwise_distance,baseline
512,0.05235175370227678,0.2048385941935151,mean_pairwise_distance,baseline
513,0.05235175370227678,0.10314695118915422,mean_pairwise_distance,baseline
514,0.05235175370227678,0.10025501321898148,mean_pairwise_distance,baseline
515,0.05235175370227678,0.15498298241686914,mean_pairwise_distance,baseline
516,0.05235175370227678,0.09960568304589615,mean_pairwise_distance,baseline
517,0.05235175370227678,0.1467494868007102,mean_pairwise_distance,baseline
518,0.05235175370227678,0.24396624018552274,mean_pairwise_distance,baseline
519,0.05235175370227678,0.20408938147804953,mean_pairwise_distance,baseline
520,0.05235175370227678,0.09675723856145685,mean_pairwise_distance,baseline
521,0.05235175370227678,0.15350909313194366,mean_pairwise_distance,baseline
522,0.05235175370227678,0.20570629175472638,mean_pairwise_distance,baseline
523,0.05235175370227678,0.19850359462466635,mean_pairwise_distance,baseline
524,0.05235175370227678,0.04106801465565979,mean_pairwise_distance,baseline
525,0.05235175370227678,0.2482809709466022,mean_pairwise_distance,baseline
526,0.05235175370227678,0.10130456337344505,mean_pairwise_distance,baseline
527,0.05235175370227678,0.10078614384760498,mean_pairwise_distance,baseline
528,0.05235175370227678,0.10138211396371895,mean_pairwise_distance,baseline
529,0.05235175370227678,0.1520605775207399,mean_pairwise_distance,baseline
530,0.05235175370227678,0.10017415940054791,mean_pairwise_distance,baseline
531,0.05235175370227678,0.15434751656686835,mean_pairwise_distance,baseline
532,0.05235175370227678,0.15544318375380142,mean_pairwise_distance,baseline
533,0.05235175370227678,0.10489940784665436,mean_pairwise_distance,baseline
534,0.05235175370227678,0.24876151042493436,mean_pairwise_distance,baseline
535,0.05235175370227678,0.2516072957883239,mean_pairwise_distance,baseline
536,0.05235175370227678,0.1021714764150235,mean_pairwise_distance,baseline
537,0.05235175370227678,0.1059340099572193,mean_pairwise_distance,baseline
538,0.05235175370227678,0.20491728316182675,mean_pairwise_distance,baseline
539,0.05235175370227678,0.09683506055311723,mean_pairwise_distance,baseline
540,0.05235175370227678,0.2033989846470799,mean_pairwise_distance,baseline
541,0.05235175370227678,0.09625596985986581,mean_pairwise_distance,baseline
542,0.05235175370227678,0.15780891919795703,mean_pairwise_distance,baseline
543,0.05235175370227678,0.15102584630604318,mean_pairwise_distance,baseline
544,0.05235175370227678,0.15448829142943674,mean_pairwise_distance,baseline
545,0.05235175370227678,0.039523732992029,mean_pairwise_distance,baseline
546,0.05235175370227678,0.10151174817631839,mean_pairwise_distance,baseline
547,0.05235175370227678,0.15634930510765951,mean_pairwise_distance,baseline
548,0.05235175370227678,0.1013063529263372,mean_pairwise_distance,baseline
549,0.05235175370227678,0.03774290711512208,mean_pairwise_distance,baseline
550,0.05235175370227678,0.09687197844501541,mean_pairwise_distance,baseline
551,0.05235175370227678,0.09882804339111087,mean_pairwise_distance,baseline
552,0.05235175370227678,0.15204573148795267,mean_pairwise_distance,baseline
553,0.05235175370227678,0.15004366518480505,mean_pairwise_distance,baseline
554,0.05235175370227678,0.20419173725980072,mean_pairwise_distance,baseline
555,0.05235175370227678,0.15840701835428772,mean_pairwise_distance,baseline
556,0.05235175370227678,0.2017026614294693,mean_pairwise_distance,baseline
557,0.05235175370227678,0.15396972842838452,mean_pairwise_distance,baseline
558,0.05235175370227678,0.09918862746167088,mean_pairwise_distance,baseline
559,0.05235175370227678,0.1494870247105836,mean_pairwise_distance,baseline
560,0.05235175370227678,0.15614284121471902,mean_pairwise_distance,baseline
561,0.05235175370227678,0.1513188137367309,mean_pairwise_distance,baseline
562,0.05235175370227678,0.1018178750403785,mean_pairwise_distance,baseline
563,0.05235175370227678,0.1543934060179669,mean_pairwise_distance,baseline
564,0.05235175370227678,0.1581639251690137,mean_pairwise_distance,baseline
565,0.05235175370227678,0.2502340365775489,mean_pairwise_distance,baseline
566,0.05235175370227678,0.15915529435802353,mean_pairwise_distance,baseline
567,0.05235175370227678,0.15237982141170578,mean_pairwise_distance,baseline
568,0.05235175370227678,0.20186817481112573,mean_pairwise_distance,baseline
569,0.05235175370227678,0.20913732711505512,mean_pairwise_distance,baseline
570,0.05235175370227678,0.1532413240949156,mean_pairwise_distance,baseline
571,0.05235175370227678,0.15607789029245792,mean_pairwise_distance,baseline
572,0.05235175370227678,0.20743477250276346,mean_pairwise_distance,baseline
573,0.05235175370227678,0.1485566221207027,mean_pairwise_distance,baseline
574,0.05235175370227678,0.1573923324407796,mean_pairwise_distance,baseline
575,0.05235175370227678,0.1535872272823168,mean_pairwise_distance,baseline
576,0.05235175370227678,0.20398734562953,mean_pairwise_distance,baseline
577,0.05235175370227678,0.2886225397407773,mean_pairwise_distance,baseline
578,0.05235175370227678,0.15248620910606836,mean_pairwise_distance,baseline
579,0.05235175370227678,0.10250808080665678,mean_pairwise_distance,baseline
580,0.05235175370227678,0.20251589471643622,mean_pairwise_distance,baseline
581,0.05235175370227678,0.20211856261543606,mean_pairwise_distance,baseline
582,0.05235175370227678,0.03895578671821021,mean_pairwise_distance,baseline
583,0.05235175370227678,0.20382889316016034,mean_pairwise_distance,baseline
584,0.05235175370227678,0.1968282560114804,mean_pairwise_distance,baseline
585,0.05235175370227678,0.10223869160701164,mean_pairwise_distance,baseline
586,0.05235175370227678,0.14867577227679166,mean_pairwise_distance,baseline
587,0.05235175370227678,0.19957751082808603,mean_pairwise_distance,baseline
588,0.05235175370227678,0.20568852933499182,mean_pairwise_distance,baseline
589,0.05235175370227678,0.1019821362533117,mean_pairwise_distance,baseline
590,0.05235175370227678,0.15341486478511523,mean_pairwise_distance,baseline
591,0.05235175370227678,0.10494085003735991,mean_pairwise_distance,baseline
592,0.05235175370227678,0.1532107280648273,mean_pairwise_distance,baseline
593,0.05235175370227678,0.10149477757955257,mean_pairwise_distance,baseline
594,0.05235175370227678,0.15172350972066284,mean_pairwise_distance,baseline
595,0.05235175370227678,0.246001585434548,mean_pairwise_distance,baseline
596,0.05235175370227678,0.20313193722675912,mean_pairwise_distance,baseline
597,0.05235175370227678,0.29078468621483905,mean_pairwise_distance,baseline
598,0.05235175370227678,0.09705099263210071,mean_pairwise_distance,baseline
599,0.05235175370227678,0.09652216114074345,mean_pairwise_distance,baseline
600,0.05235175370227678,0.24524973385890012,mean_pairwise_distance,baseline
601,0.05235175370227678,0.28833034740606317,mean_pairwise_distance,baseline
602,0.05235175370227678,0.15916627480578516,mean_pairwise_distance,baseline
603,0.05235175370227678,0.15697753759240915,mean_pairwise_distance,baseline
604,0.05235175370227678,0.09907548488835573,mean_pairwise_distance,baseline
605,0.05235175370227678,0.15638275532854404,mean_pairwise_distance,baseline
606,0.05235175370227678,0.09988817796405597,mean_pairwise_distance,baseline
607,0.05235175370227678,0.09498750386030777,mean_pairwise_distance,baseline
608,0.05235175370227678,0.15555422414432873,mean_pairwise_distance,baseline
609,0.05235175370227678,0.10101846390562096,mean_pairwise_distance,baseline
610,0.05235175370227678,0.2022161050276323,mean_pairwise_distance,baseline
611,0.05235175370227678,0.04264697632770764,mean_pairwise_distance,baseline
612,0.05235175370227678,0.2087972918046793,mean_pairwise_distance,baseline
613,0.05235175370227678,0.1521273943275331,mean_pairwise_distance,baseline
614,0.05235175370227678,0.10068267890115971,mean_pairwise_distance,baseline
615,0.05235175370227678,0.2042056593027982,mean_pairwise_distance,baseline
616,0.05235175370227678,0.1509075289658407,mean_pairwise_distance,baseline
617,0.05235175370227678,0.1537860997109545,mean_pairwise_distance,baseline
618,0.05235175370227678,0.0973829012143282,mean_pairwise_distance,baseline
619,0.05235175370227678,0.1552586908868179,mean_pairwise_distance,baseline
620,0.05235175370227678,0.15300288124989145,mean_pairwise_distance,baseline
621,0.05235175370227678,0.09589461728989371,mean_pairwise_distance,baseline
622,0.05235175370227678,0.10026569540792775,mean_pairwise_distance,baseline
623,0.05235175370227678,0.10227950359050464,mean_pairwise_distance,baseline
624,0.05235175370227678,0.15578523360693408,mean_pairwise_distance,baseline
625,0.05235175370227678,0.15770021304782672,mean_pairwise_distance,baseline
626,0.05235175370227678,0.10055484884812427,mean_pairwise_distance,baseline
627,0.05235175370227678,0.2841013245902985,mean_pairwise_distance,baseline
628,0.05235175370227678,0.15304532329084375,mean_pairwise_distance,baseline
629,0.05235175370227678,0.095815228850474,mean_pairwise_distance,baseline
630,0.05235175370227678,0.14949449460968198,mean_pairwise_distance,baseline
631,0.05235175370227678,0.20791080040422824,mean_pairwise_distance,baseline
632,0.05235175370227678,0.1586632957100397,mean_pairwise_distance,baseline
633,0.05235175370227678,0.09534429278769511,mean_pairwise_distance,baseline
634,0.05235175370227678,0.0964118517905827,mean_pairwise_distance,baseline
635,0.05235175370227678,0.1476424713379781,mean_pairwise_distance,baseline
636,0.05235175370227678,0.15323678613180228,mean_pairwise_distance,baseline
637,0.05235175370227678,0.20216078602749368,mean_pairwise_distance,baseline
638,0.05235175370227678,0.20648331981402612,mean_pairwise_distance,baseline
639,0.05235175370227678,0.15650888676699914,mean_pairwise_distance,baseline
640,0.05235175370227678,0.09823634407737038,mean_pairwise_distance,baseline
641,0.05235175370227678,0.20728543224070856,mean_pairwise_distance,baseline
642,0.05235175370227678,0.24937539845116052,mean_pairwise_distance,baseline
643,0.05235175370227678,0.19960675385629706,mean_pairwise_distance,baseline
644,0.05235175370227678,0.20398292640452328,mean_pairwise_distance,baseline
645,0.05235175370227678,0.15940483450418405,mean_pairwise_distance,baseline
646,0.05235175370227678,0.10156628783983676,mean_pairwise_distance,baseline
647,0.05235175370227678,0.20215005577788522,mean_pairwise_distance,baseline
648,0.05235175370227678,0.20397181096284286,mean_pairwise_distance,baseline
649,0.05235175370227678,0.15414104701973233,mean_pairwise_distance,baseline
650,0.05235175370227678,0.09909926996871887,mean_pairwise_distance,baseline
651,0.05235175370227678,0.20520434690558392,mean_pairwise_distance,baseline
652,0.05235175370227678,0.09764728810005037,mean_pairwise_distance,baseline
653,0.05235175370227678,0.15421175391306519,mean_pairwise_distance,baseline
654,0.05235175370227678,0.20368656103790042,mean_pairwise_distance,baseline
655,0.05235175370227678,0.15265383692126971,mean_pairwise_distance,baseline
656,0.05235175370227678,0.1548223891277087,mean_pairwise_distance,baseline
657,0.05235175370227678,0.15177650696675296,mean_pairwise_distance,baseline
658,0.05235175370227678,0.10118651484312276,mean_pairwise_distance,baseline
659,0.05235175370227678,0.15274865919422256,mean_pairwise_distance,baseline
660,0.05235175370227678,0.20919025274133493,mean_pairwise_distance,baseline
661,0.05235175370227678,0.15796853878752518,mean_pairwise_distance,baseline
662,0.05235175370227678,0.15309833867747794,mean_pairwise_distance,baseline
663,0.05235175370227678,0.15182849305420526,mean_pairwise_distance,baseline
664,0.05235175370227678,0.037515499139491745,mean_pairwise_distance,baseline
665,0.05235175370227678,0.09625323087330392,mean_pairwise_distance,baseline
666,0.05235175370227678,0.041124115112741944,mean_pairwise_distance,baseline
667,0.05235175370227678,0.15135611493596918,mean_pairwise_distance,baseline
668,0.05235175370227678,0.0393808479365624,mean_pairwise_distance,baseline
669,0.05235175370227678,0.0936860870938056,mean_pairwise_distance,baseline
670,0.05235175370227678,0.09691176254287538,mean_pairwise_distance,baseline
671,0.05235175370227678,0.20215079506395361,mean_pairwise_distance,baseline
672,0.05235175370227678,0.15543332142321017,mean_pairwise_distance,baseline
673,0.05235175370227678,0.10377070955608202,mean_pairwise_distance,baseline
674,0.05235175370227678,0.15342405638675916,mean_pairwise_distance,baseline
675,0.05235175370227678,0.09943752043803218,mean_pairwise_distance,baseline
676,0.05235175370227678,0.24520857720506992,mean_pairwise_distance,baseline
677,0.05235175370227678,0.19881128016196692,mean_pairwise_distance,baseline
678,0.05235175370227678,0.19968605771837497,mean_pairwise_distance,baseline
679,0.05235175370227678,0.10178911214760641,mean_pairwise_distance,baseline
680,0.05235175370227678,0.04000400271811504,mean_pairwise_distance,baseline
681,0.05235175370227678,0.10007914111548262,mean_pairwise_distance,baseline
682,0.05235175370227678,0.0954031607379084,mean_pairwise_distance,baseline
683,0.05235175370227678,0.20359063572563202,mean_pairwise_distance,baseline
684,0.05235175370227678,0.1569563953772835,mean_pairwise_distance,baseline
685,0.05235175370227678,0.20274651050567627,mean_pairwise_distance,baseline
686,0.05235175370227678,0.15655926776968915,mean_pairwise_distance,baseline
687,0.05235175370227678,0.15578981044264179,mean_pairwise_distance,baseline
688,0.05235175370227678,0.15260200302591437,mean_pairwise_distance,baseline
689,0.05235175370227678,0.15557531052427329,mean_pairwise_distance,baseline
690,0.05235175370227678,0.15318410929012677,mean_pairwise_distance,baseline
691,0.05235175370227678,0.10078516072435341,mean_pairwise_distance,baseline
692,0.05235175370227678,0.0971086291456411,mean_pairwise_distance,baseline
693,0.05235175370227678,0.09673330482286899,mean_pairwise_distance,baseline
694,0.05235175370227678,0.09545919193109505,mean_pairwise_distance,baseline
695,0.05235175370227678,0.20371942440040497,mean_pairwise_distance,baseline
696,0.05235175370227678,0.039796369349061264,mean_pairwise_distance,baseline
697,0.05235175370227678,0.09819992469704669,mean_pairwise_distance,baseline
698,0.05235175370227678,0.15128686352680795,mean_pairwise_distance,baseline
699,0.05235175370227678,0.1613110040016325,mean_pairwise_distance,baseline
700,0.05235175370227678,0.20841774521137885,mean_pairwise_distance,baseline
701,0.05235175370227678,0.14973601286590335,mean_pairwise_distance,baseline
702,0.05235175370227678,0.2011690693410489,mean_pairwise_distance,baseline
703,0.05235175370227678,0.2522188095236013,mean_pairwise_distance,baseline
704,0.05235175370227678,0.15469706812394937,mean_pairwise_distance,baseline
705,0.05235175370227678,0.10098307570921103,mean_pairwise_distance,baseline
706,0.05235175370227678,0.1015966774917874,mean_pairwise_distance,baseline
707,0.05235175370227678,0.20551481336473004,mean_pairwise_distance,baseline
708,0.05235175370227678,0.20034832351292547,mean_pairwise_distance,baseline
709,0.05235175370227678,0.20343914097948038,mean_pairwise_distance,baseline
710,0.05235175370227678,0.098515819890697,mean_pairwise_distance,baseline
711,0.05235175370227678,0.20705271662459543,mean_pairwise_distance,baseline
712,0.05235175370227678,0.2074946075560076,mean_pairwise_distance,baseline
713,0.05235175370227678,0.1520664875686404,mean_pairwise_distance,baseline
714,0.05235175370227678,0.20297160261704517,mean_pairwise_distance,baseline
715,0.05235175370227678,0.20423936914549515,mean_pairwise_distance,baseline
716,0.05235175370227678,0.15213779898971436,mean_pairwise_distance,baseline
717,0.05235175370227678,0.0411861828664546,mean_pairwise_distance,baseline
718,0.05235175370227678,0.15636970191133823,mean_pairwise_distance,baseline
719,0.05235175370227678,0.14906365480347583,mean_pairwise_distance,baseline
720,0.05235175370227678,0.10318887634239648,mean_pairwise_distance,baseline
721,0.05235175370227678,0.09927733448654295,mean_pairwise_distance,baseline
722,0.05235175370227678,0.2483538332663977,mean_pairwise_distance,baseline
723,0.05235175370227678,0.14995750184115686,mean_pairwise_distance,baseline
724,0.05235175370227678,0.20191727207583401,mean_pairwise_distance,baseline
725,0.05235175370227678,0.15135427967832965,mean_pairwise_distance,baseline
726,0.05235175370227678,0.15497748206255466,mean_pairwise_distance,baseline
727,0.05235175370227678,0.039251503030302025,mean_pairwise_distance,baseline
728,0.05235175370227678,0.10342493500162961,mean_pairwise_distance,baseline
729,0.05235175370227678,0.15869479429109296,mean_pairwise_distance,baseline
730,0.05235175370227678,0.14789282050528546,mean_pairwise_distance,baseline
731,0.05235175370227678,0.15438058560073611,mean_pairwise_distance,baseline
732,0.05235175370227678,0.20112979223605673,mean_pairwise_distance,baseline
733,0.05235175370227678,0.1005623927229478,mean_pairwise_distance,baseline
734,0.05235175370227678,0.15652644634246826,mean_pairwise_distance,baseline
735,0.05235175370227678,0.040871556332931214,mean_pairwise_distance,baseline
736,0.05235175370227678,0.04061443650204202,mean_pairwise_distance,baseline
737,0.05235175370227678,0.1548842328339226,mean_pairwise_distance,baseline
738,0.05235175370227678,0.2014463388401529,mean_pairwise_distance,baseline
739,0.05235175370227678,0.1552142392505299,mean_pairwise_distance,baseline
740,0.05235175370227678,0.20548965337248187,mean_pairwise_distance,baseline
741,0.05235175370227678,0.10028347549702339,mean_pairwise_distance,baseline
742,0.05235175370227678,0.14865013568297678,mean_pairwise_distance,baseline
743,0.05235175370227678,0.15958426026958722,mean_pairwise_distance,baseline
744,0.05235175370227678,0.15549236912972372,mean_pairwise_distance,baseline
745,0.05235175370227678,0.09858112090189937,mean_pairwise_distance,baseline
746,0.05235175370227678,0.24419767748225818,mean_pairwise_distance,baseline
747,0.05235175370227678,0.15361605095769107,mean_pairwise_distance,baseline
748,0.05235175370227678,0.20223197871046103,mean_pairwise_distance,baseline
749,0.05235175370227678,0.205420057057392,mean_pairwise_distance,baseline
750,0.05235175370227678,0.15783922168105957,mean_pairwise_distance,baseline
751,0.05235175370227678,0.10491042245518077,mean_pairwise_distance,baseline
752,0.05235175370227678,0.15961210294203323,mean_pairwise_distance,baseline
753,0.05235175370227678,0.09476644059886104,mean_pairwise_distance,baseline
754,0.05235175370227678,0.15287336860249637,mean_pairwise_distance,baseline
755,0.05235175370227678,0.09878904546202406,mean_pairwise_distance,baseline
756,0.05235175370227678,0.09580195303490982,mean_pairwise_distance,baseline
757,0.05235175370227678,0.09862766247021822,mean_pairwise_distance,baseline
758,0.05235175370227678,0.09802122125512526,mean_pairwise_distance,baseline
759,0.05235175370227678,0.15208634439664395,mean_pairwise_distance,baseline
760,0.05235175370227678,0.15172250845686722,mean_pairwise_distance,baseline
761,0.05235175370227678,0.10370218494664067,mean_pairwise_distance,baseline
762,0.05235175370227678,0.04075576147071929,mean_pairwise_distance,baseline
763,0.05235175370227678,0.2559192041634571,mean_pairwise_distance,baseline
764,0.05235175370227678,0.0391510527124518,mean_pairwise_distance,baseline
765,0.05235175370227678,0.09878813749245505,mean_pairwise_distance,baseline
766,0.05235175370227678,0.1554320949339584,mean_pairwise_distance,baseline
767,0.05235175370227678,0.20561941739598752,mean_pairwise_distance,baseline
768,0.05235175370227678,0.10164744109504308,mean_pairwise_distance,baseline
769,0.05235175370227678,0.1512022666309191,mean_pairwise_distance,baseline
770,0.05235175370227678,0.20175252342412595,mean_pairwise_distance,baseline
771,0.05235175370227678,0.15737793191148358,mean_pairwise_distance,baseline
772,0.05235175370227678,0.20576250553131104,mean_pairwise_distance,baseline
773,0.05235175370227678,0.20082190102739297,mean_pairwise_distance,baseline
774,0.05235175370227678,0.14963233494475897,mean_pairwise_distance,baseline
775,0.05235175370227678,0.20918460820503385,mean_pairwise_distance,baseline
776,0.05235175370227678,0.1573256760717852,mean_pairwise_distance,baseline
777,0.05235175370227678,0.1559085855370925,mean_pairwise_distance,baseline
778,0.05235175370227678,0.04182625900615345,mean_pairwise_distance,baseline
779,0.05235175370227678,0.15794750612243832,mean_pairwise_distance,baseline
780,0.05235175370227678,0.037370571741473534,mean_pairwise_distance,baseline
781,0.05235175370227678,0.2022373231032149,mean_pairwise_distance,baseline
782,0.05235175370227678,0.20770044901625442,mean_pairwise_distance,baseline
783,0.05235175370227678,0.2063063270018506,mean_pairwise_distance,baseline
784,0.05235175370227678,0.20004004805455566,mean_pairwise_distance,baseline
785,0.05235175370227678,0.10008721224404135,mean_pairwise_distance,baseline
786,0.05235175370227678,0.24615594591547849,mean_pairwise_distance,baseline
787,0.05235175370227678,0.09942501830489268,mean_pairwise_distance,baseline
788,0.05235175370227678,0.2510260060841858,mean_pairwise_distance,baseline
789,0.05235175370227678,0.24569626123066476,mean_pairwise_distance,baseline
790,0.05235175370227678,0.10179397899642763,mean_pairwise_distance,baseline
791,0.05235175370227678,0.202074893614049,mean_pairwise_distance,baseline
792,0.05235175370227678,0.20284071647131396,mean_pairwise_distance,baseline
793,0.05235175370227678,0.20161142980628333,mean_pairwise_distance,baseline
794,0.05235175370227678,0.03859785540772992,mean_pairwise_distance,baseline
795,0.05235175370227678,0.10400954089145886,mean_pairwise_distance,baseline
796,0.05235175370227678,0.24890018710977005,mean_pairwise_distance,baseline
797,0.05235175370227678,0.15033505815762305,mean_pairwise_distance,baseline
798,0.05235175370227678,0.09613965080660794,mean_pairwise_distance,baseline
799,0.05235175370227678,0.1509869819573263,mean_pairwise_distance,baseline
800,0.05235175370227678,0.20825704920433255,mean_pairwise_distance,baseline
801,0.05235175370227678,0.15965474311542133,mean_pairwise_distance,baseline
802,0.05235175370227678,0.15441597827338419,mean_pairwise_distance,baseline
803,0.05235175370227678,0.2026904896785148,mean_pairwise_distance,baseline
804,0.05235175370227678,0.2019314334797765,mean_pairwise_distance,baseline
805,0.05235175370227678,0.10280223561841037,mean_pairwise_distance,baseline
806,0.05235175370227678,0.15356177280071695,mean_pairwise_distance,baseline
807,0.05235175370227678,0.04035976187513751,mean_pairwise_distance,baseline
808,0.05235175370227678,0.15408155616564242,mean_pairwise_distance,baseline
809,0.05235175370227678,0.20199184573214987,mean_pairwise_distance,baseline
810,0.05235175370227678,0.03895949139425406,mean_pairwise_distance,baseline
811,0.05235175370227678,0.15796193209561435,mean_pairwise_distance,baseline
812,0.05235175370227678,0.1579278650962317,mean_pairwise_distance,baseline
813,0.05235175370227678,0.15405940750370856,mean_pairwise_distance,baseline
814,0.05235175370227678,0.19842671664807165,mean_pairwise_distance,baseline
815,0.05235175370227678,0.2464148230232269,mean_pairwise_distance,baseline
816,0.05235175370227678,0.0386416059237695,mean_pairwise_distance,baseline
817,0.05235175370227678,0.150656067099967,mean_pairwise_distance,baseline
818,0.05235175370227678,0.1541814735755619,mean_pairwise_distance,baseline
819,0.05235175370227678,0.09563397890023093,mean_pairwise_distance,baseline
820,0.05235175370227678,0.10204662541626941,mean_pairwise_distance,baseline
821,0.05235175370227678,0.20498882758287573,mean_pairwise_distance,baseline
822,0.05235175370227678,0.2040457263765599,mean_pairwise_distance,baseline
823,0.05235175370227678,0.25123230129362567,mean_pairwise_distance,baseline
824,0.05235175370227678,0.1557277645989369,mean_pairwise_distance,baseline
825,0.05235175370227678,0.20918822641900406,mean_pairwise_distance,baseline
826,0.05235175370227678,0.20299724133118338,mean_pairwise_distance,baseline
827,0.05235175370227678,0.04135932611382526,mean_pairwise_distance,baseline
828,0.05235175370227678,0.24678787883562534,mean_pairwise_distance,baseline
829,0.05235175370227678,0.039238071488768685,mean_pairwise_distance,baseline
830,0.05235175370227678,0.20385905900020374,mean_pairwise_distance,baseline
831,0.05235175370227678,0.15518079916007904,mean_pairwise_distance,baseline
832,0.05235175370227678,0.04207944917113413,mean_pairwise_distance,baseline
833,0.05235175370227678,0.15567475203940048,mean_pairwise_distance,baseline
834,0.05235175370227678,0.1001726457252804,mean_pairwise_distance,baseline
835,0.05235175370227678,0.20324586007906043,mean_pairwise_distance,baseline
836,0.05235175370227678,0.09746355195290486,mean_pairwise_distance,baseline
837,0.05235175370227678,0.09616592585333722,mean_pairwise_distance,baseline
838,0.05235175370227678,0.15854283472294864,mean_pairwise_distance,baseline
839,0.05235175370227678,0.09546828576227422,mean_pairwise_distance,baseline
840,0.05235175370227678,0.04066405277478365,mean_pairwise_distance,baseline
841,0.05235175370227678,0.1599736489326115,mean_pairwise_distance,baseline
842,0.05235175370227678,0.03823253429925489,mean_pairwise_distance,baseline
843,0.05235175370227678,0.10248005437285533,mean_pairwise_distance,baseline
844,0.05235175370227678,0.20238207121611584,mean_pairwise_distance,baseline
845,0.05235175370227678,0.20184279077137884,mean_pairwise_distance,baseline
846,0.05235175370227678,0.10416703780178024,mean_pairwise_distance,baseline
847,0.05235175370227678,0.24889995128269723,mean_pairwise_distance,baseline
848,0.05235175370227678,0.1576289489806405,mean_pairwise_distance,baseline
849,0.05235175370227678,0.2489401153896166,mean_pairwise_distance,baseline
850,0.05235175370227678,0.10094455014104428,mean_pairwise_distance,baseline
851,0.05235175370227678,0.15626625934608368,mean_pairwise_distance,baseline
852,0.05235175370227678,0.10228768144200442,mean_pairwise_distance,baseline
853,0.05235175370227678,0.10350654341957786,mean_pairwise_distance,baseline
854,0.05235175370227678,0.09568133090324553,mean_pairwise_distance,baseline
855,0.05235175370227678,0.2525021146408654,mean_pairwise_distance,baseline
856,0.05235175370227678,0.1485572327738223,mean_pairwise_distance,baseline
857,0.05235175370227678,0.20149548817057855,mean_pairwise_distance,baseline
858,0.05235175370227678,0.25072423389306653,mean_pairwise_distance,baseline
859,0.05235175370227678,0.24883271889253097,mean_pairwise_distance,baseline
860,0.05235175370227678,0.20257815659752948,mean_pairwise_distance,baseline
861,0.05235175370227678,0.09870169685763333,mean_pairwise_distance,baseline
862,0.05235175370227678,0.15126086482888626,mean_pairwise_distance,baseline
863,0.05235175370227678,0.2485975161371495,mean_pairwise_distance,baseline
864,0.05235175370227678,0.24635923874708032,mean_pairwise_distance,baseline
865,0.05235175370227678,0.0963515333036189,mean_pairwise_distance,baseline
866,0.05235175370227678,0.20338948159349765,mean_pairwise_distance,baseline
867,0.05235175370227678,0.038479308837016106,mean_pairwise_distance,baseline
868,0.05235175370227678,0.10270312275339963,mean_pairwise_distance,baseline
869,0.05235175370227678,0.20131743496114557,mean_pairwise_distance,baseline
870,0.05235175370227678,0.15554176795152808,mean_pairwise_distance,baseline
871,0.05235175370227678,0.15143802797370276,mean_pairwise_distance,baseline
872,0.05235175370227678,0.20732019635528443,mean_pairwise_distance,baseline
873,0.05235175370227678,0.2896402683182667,mean_pairwise_distance,baseline
874,0.05235175370227678,0.15796026599265842,mean_pairwise_distance,baseline
875,0.05235175370227678,0.09612549034503137,mean_pairwise_distance,baseline
876,0.05235175370227678,0.1584722475100883,mean_pairwise_distance,baseline
877,0.05235175370227678,0.09819679674894913,mean_pairwise_distance,baseline
878,0.05235175370227678,0.15012510350570377,mean_pairwise_distance,baseline
879,0.05235175370227678,0.09272124197172082,mean_pairwise_distance,baseline
880,0.05235175370227678,0.2077053189277649,mean_pairwise_distance,baseline
881,0.05235175370227678,0.03937994373645707,mean_pairwise_distance,baseline
882,0.05235175370227678,0.15235486261458264,mean_pairwise_distance,baseline
883,0.05235175370227678,0.041353613962769036,mean_pairwise_distance,baseline
884,0.05235175370227678,0.15606436522110648,mean_pairwise_distance,baseline
885,0.05235175370227678,0.09751946794185713,mean_pairwise_distance,baseline
886,0.05235175370227678,0.09986179713675156,mean_pairwise_distance,baseline
887,0.05235175370227678,0.15188364714030692,mean_pairwise_distance,baseline
888,0.05235175370227678,0.09974537041818672,mean_pairwise_distance,baseline
889,0.05235175370227678,0.2856131436325345,mean_pairwise_distance,baseline
890,0.05235175370227678,0.15568283895258847,mean_pairwise_distance,baseline
891,0.05235175370227678,0.15507852559975485,mean_pairwise_distance,baseline
892,0.05235175370227678,0.0998164756967145,mean_pairwise_distance,baseline
893,0.05235175370227678,0.15030753070657904,mean_pairwise_distance,baseline
894,0.05235175370227678,0.0993530879849973,mean_pairwise_distance,baseline
895,0.05235175370227678,0.039186832933086654,mean_pairwise_distance,baseline
896,0.05235175370227678,0.09595968859940178,mean_pairwise_distance,baseline
897,0.05235175370227678,0.15321546204005304,mean_pairwise_distance,baseline
898,0.05235175370227678,0.2492572874890957,mean_pairwise_distance,baseline
899,0.05235175370227678,0.1027059957915144,mean_pairwise_distance,baseline
900,0.05235175370227678,0.20422341512597125,mean_pairwise_distance,baseline
901,0.05235175370227678,0.1533797621255807,mean_pairwise_distance,baseline
902,0.05235175370227678,0.1575147335237194,mean_pairwise_distance,baseline
903,0.05235175370227678,0.20266388480371167,mean_pairwise_distance,baseline
904,0.05235175370227678,0.039367863076477654,mean_pairwise_distance,baseline
905,0.05235175370227678,0.09693692112157468,mean_pairwise_distance,baseline
906,0.05235175370227678,0.2052455414896426,mean_pairwise_distance,baseline
907,0.05235175370227678,0.20462558863191266,mean_pairwise_distance,baseline
908,0.05235175370227678,0.1467019352517109,mean_pairwise_distance,baseline
909,0.05235175370227678,0.0998178809999006,mean_pairwise_distance,baseline
910,0.05235175370227678,0.20205588232387195,mean_pairwise_distance,baseline
911,0.05235175370227678,0.1551406727477967,mean_pairwise_distance,baseline
912,0.05235175370227678,0.151433212248233,mean_pairwise_distance,baseline
913,0.05235175370227678,0.15471628367194074,mean_pairwise_distance,baseline
914,0.05235175370227678,0.24494799535736264,mean_pairwise_distance,baseline
915,0.05235175370227678,0.20147261270892478,mean_pairwise_distance,baseline
916,0.05235175370227678,0.03835851001174082,mean_pairwise_distance,baseline
917,0.05235175370227678,0.10295910090797032,mean_pairwise_distance,baseline
918,0.05235175370227678,0.0958295148823101,mean_pairwise_distance,baseline
919,0.05235175370227678,0.04142863265139312,mean_pairwise_distance,baseline
920,0.05235175370227678,0.15631918402999756,mean_pairwise_distance,baseline
921,0.05235175370227678,0.09685288752491766,mean_pairwise_distance,baseline
922,0.05235175370227678,0.15407043742568124,mean_pairwise_distance,baseline
923,0.05235175370227678,0.04230952663383936,mean_pairwise_distance,baseline
924,0.05235175370227678,0.15252822519762244,mean_pairwise_distance,baseline
925,0.05235175370227678,0.15143768377454855,mean_pairwise_distance,baseline
926,0.05235175370227678,0.15125072779862778,mean_pairwise_distance,baseline
927,0.05235175370227678,0.10318926294801735,mean_pairwise_distance,baseline
928,0.05235175370227678,0.15322935816798758,mean_pairwise_distance,baseline
929,0.05235175370227678,0.10290669923714499,mean_pairwise_distance,baseline
930,0.05235175370227678,0.19579646851234286,mean_pairwise_distance,baseline
931,0.05235175370227678,0.20511454155322592,mean_pairwise_distance,baseline
932,0.05235175370227678,0.04193996582106639,mean_pairwise_distance,baseline
933,0.05235175370227678,0.20513850615429785,mean_pairwise_distance,baseline
934,0.05235175370227678,0.10240600702790875,mean_pairwise_distance,baseline
935,0.05235175370227678,0.15728580692540045,mean_pairwise_distance,baseline
936,0.05235175370227678,0.2057632099498402,mean_pairwise_distance,baseline
937,0.05235175370227678,0.154791268670983,mean_pairwise_distance,baseline
938,0.05235175370227678,0.2504389132906797,mean_pairwise_distance,baseline
939,0.05235175370227678,0.24393024699018878,mean_pairwise_distance,baseline
940,0.05235175370227678,0.1527671507695918,mean_pairwise_distance,baseline
941,0.05235175370227678,0.2886689545608792,mean_pairwise_distance,baseline
942,0.05235175370227678,0.15948539760272964,mean_pairwise_distance,baseline
943,0.05235175370227678,0.1522716333272429,mean_pairwise_distance,baseline
944,0.05235175370227678,0.1516937860858299,mean_pairwise_distance,baseline
945,0.05235175370227678,0.03823821440986965,mean_pairwise_distance,baseline
946,0.05235175370227678,0.1484553630172971,mean_pairwise_distance,baseline
947,0.05235175370227678,0.10223721703993002,mean_pairwise_distance,baseline
948,0.05235175370227678,0.20876256208645969,mean_pairwise_distance,baseline
949,0.05235175370227678,0.15305339724650024,mean_pairwise_distance,baseline
950,0.05235175370227678,0.15502262869371256,mean_pairwise_distance,baseline
951,0.05235175370227678,0.14699295928826916,mean_pairwise_distance,baseline
952,0.05235175370227678,0.10433661042465994,mean_pairwise_distance,baseline
953,0.05235175370227678,0.15224596115911432,mean_pairwise_distance,baseline
954,0.05235175370227678,0.04160574608640708,mean_pairwise_distance,baseline
955,0.05235175370227678,0.10189439845179381,mean_pairwise_distance,baseline
956,0.05235175370227678,0.24434104738499335,mean_pairwise_distance,baseline
957,0.05235175370227678,0.09642619507114877,mean_pairwise_distance,baseline
958,0.05235175370227678,0.15874220966821603,mean_pairwise_distance,baseline
959,0.05235175370227678,0.15553799283363132,mean_pairwise_distance,baseline
960,0.05235175370227678,0.15285870680224753,mean_pairwise_distance,baseline
961,0.05235175370227678,0.10248910980262305,mean_pairwise_distance,baseline
962,0.05235175370227678,0.15002598969832712,mean_pairwise_distance,baseline
963,0.05235175370227678,0.20189484306003735,mean_pairwise_distance,baseline
964,0.05235175370227678,0.15406500421493893,mean_pairwise_distance,baseline
965,0.05235175370227678,0.15750892501574731,mean_pairwise_distance,baseline
966,0.05235175370227678,0.20135968593740652,mean_pairwise_distance,baseline
967,0.05235175370227678,0.037569986972884224,mean_pairwise_distance,baseline
968,0.05235175370227678,0.19802603066674335,mean_pairwise_distance,baseline
969,0.05235175370227678,0.15841486119470105,mean_pairwise_distance,baseline
970,0.05235175370227678,0.1527220670413594,mean_pairwise_distance,baseline
971,0.05235175370227678,0.10009911079180571,mean_pairwise_distance,baseline
972,0.05235175370227678,0.1503452121504682,mean_pairwise_distance,baseline
973,0.05235175370227678,0.15321165252580002,mean_pairwise_distance,baseline
974,0.05235175370227678,0.1969184866064622,mean_pairwise_distance,baseline
975,0.05235175370227678,0.20735448339711066,mean_pairwise_distance,baseline
976,0.05235175370227678,0.20503994692926822,mean_pairwise_distance,baseline
977,0.05235175370227678,0.2032535688679209,mean_pairwise_distance,baseline
978,0.05235175370227678,0.10128754730752335,mean_pairwise_distance,baseline
979,0.05235175370227678,0.1568513538526452,mean_pairwise_distance,baseline
980,0.05235175370227678,0.04055469309388413,mean_pairwise_distance,baseline
981,0.05235175370227678,0.1518213543967296,mean_pairwise_distance,baseline
982,0.05235175370227678,0.10019468907782211,mean_pairwise_distance,baseline
983,0.05235175370227678,0.15410684408406494,mean_pairwise_distance,baseline
984,0.05235175370227678,0.15320696967392572,mean_pairwise_distance,baseline
985,0.05235175370227678,0.1518685047334362,mean_pairwise_distance,baseline
986,0.05235175370227678,0.09711860456014339,mean_pairwise_distance,baseline
987,0.05235175370227678,0.15410057263883206,mean_pairwise_distance,baseline
988,0.05235175370227678,0.15515486713454657,mean_pairwise_distance,baseline
989,0.05235175370227678,0.20522934174820368,mean_pairwise_distance,baseline
990,0.05235175370227678,0.10044954628812466,mean_pairwise_distance,baseline
991,0.05235175370227678,0.1561493663919773,mean_pairwise_distance,baseline
992,0.05235175370227678,0.10156807762832039,mean_pairwise_distance,baseline
993,0.05235175370227678,0.1581844776986616,mean_pairwise_distance,baseline
994,0.05235175370227678,0.15778100019387106,mean_pairwise_distance,baseline
995,0.05235175370227678,0.10024608547979665,mean_pairwise_distance,baseline
996,0.05235175370227678,0.040157240605637017,mean_pairwise_distance,baseline
997,0.05235175370227678,0.15586542352857327,mean_pairwise_distance,baseline
998,0.05235175370227678,0.09773756369300511,mean_pairwise_distance,baseline
999,0.05235175370227678,0.2047716160065572,mean_pairwise_distance,baseline
0,0.03275117148523745,0.027165687602499256,nearest_neighbor_distance,baseline
1,0.03275117148523745,0.0274881590967593,nearest_neighbor_distance,baseline
2,0.03275117148523745,0.04206048405688742,nearest_neighbor_distance,baseline
3,0.03275117148523745,0.03797799089680547,nearest_neighbor_distance,baseline
4,0.03275117148523745,0.04458717159602953,nearest_neighbor_distance,baseline
5,0.03275117148523745,0.0361925052559894,nearest_neighbor_distance,baseline
6,0.03275117148523745,0.048163657603056534,nearest_neighbor_distance,baseline
7,0.03275117148523745,0.05562911603761756,nearest_neighbor_distance,baseline
8,0.03275117148523745,0.041440349558125374,nearest_neighbor_distance,baseline
9,0.03275117148523745,0.04213919069456017,nearest_neighbor_distance,baseline
10,0.03275117148523745,0.046591797600621765,nearest_neighbor_distance,baseline
11,0.03275117148523745,0.05728234415468962,nearest_neighbor_distance,baseline
12,0.03275117148523745,0.05719531878181126,nearest_neighbor_distance,baseline
13,0.03275117148523745,0.035367877587028175,nearest_neighbor_distance,baseline
14,0.03275117148523745,0.056858080884684685,nearest_neighbor_distance,baseline
15,0.03275117148523745,0.04366226818250573,nearest_neighbor_distance,baseline
16,0.03275117148523745,0.0354642945787181,nearest_neighbor_distance,baseline
17,0.03275117148523745,0.040012053821397865,nearest_neighbor_distance,baseline
18,0.03275117148523745,0.056722734285437545,nearest_neighbor_distance,baseline
19,0.03275117148523745,0.03635685858519181,nearest_neighbor_distance,baseline
20,0.03275117148523745,0.02718844102776569,nearest_neighbor_distance,baseline
21,0.03275117148523745,0.027674576510553776,nearest_neighbor_distance,baseline
22,0.03275117148523745,0.03162981375404026,nearest_neighbor_distance,baseline
23,0.03275117148523745,0.039045051388118576,nearest_neighbor_distance,baseline
24,0.03275117148523745,0.04146123450735341,nearest_neighbor_distance,baseline
25,0.03275117148523745,0.058158996312514595,nearest_neighbor_distance,baseline
26,0.03275117148523745,0.03705908163734104,nearest_neighbor_distance,baseline
27,0.03275117148523745,0.0427688049233478,nearest_neighbor_distance,baseline
28,0.03275117148523745,0.04077070433160533,nearest_neighbor_distance,baseline
29,0.03275117148523745,0.0430337553438933,nearest_neighbor_distance,baseline
30,0.03275117148523745,0.04221005284267923,nearest_neighbor_distance,baseline
31,0.03275117148523745,0.04087993113890938,nearest_neighbor_distance,baseline
32,0.03275117148523745,0.045838705871416176,nearest_neighbor_distance,baseline
33,0.03275117148523745,0.04283099589140519,nearest_neighbor_distance,baseline
34,0.03275117148523745,0.05577509299568508,nearest_neighbor_distance,baseline
35,0.03275117148523745,0.04599608286567356,nearest_neighbor_distance,baseline
36,0.03275117148523745,0.03674925410229227,nearest_neighbor_distance,baseline
37,0.03275117148523745,0.03594996877338575,nearest_neighbor_distance,baseline
38,0.03275117148523745,0.029156200263811195,nearest_neighbor_distance,baseline
39,0.03275117148523745,0.027361343736233917,nearest_neighbor_distance,baseline
40,0.03275117148523745,0.0575682546781457,nearest_neighbor_distance,baseline
41,0.03275117148523745,0.04237924192262733,nearest_neighbor_distance,baseline
42,0.03275117148523745,0.056857606639032776,nearest_neighbor_distance,baseline
43,0.03275117148523745,0.0409973056420036,nearest_neighbor_distance,baseline
44,0.03275117148523745,0.02668230170788972,nearest_neighbor_distance,baseline
45,0.03275117148523745,0.05653215750404026,nearest_neighbor_distance,baseline
46,0.03275117148523745,0.04820048809051514,nearest_neighbor_distance,baseline
47,0.03275117148523745,0.04218442025391952,nearest_neighbor_distance,baseline
48,0.03275117148523745,0.05384514383647753,nearest_neighbor_distance,baseline
49,0.03275117148523745,0.03808486202488775,nearest_neighbor_distance,baseline
50,0.03275117148523745,0.04176647248475448,nearest_neighbor_distance,baseline
51,0.03275117148523745,0.03936436383620552,nearest_neighbor_distance,baseline
52,0.03275117148523745,0.05565208455790644,nearest_neighbor_distance,baseline
53,0.03275117148523745,0.04119965304499087,nearest_neighbor_distance,baseline
54,0.03275117148523745,0.05814511361329452,nearest_neighbor_distance,baseline
55,0.03275117148523745,0.027556815873021664,nearest_neighbor_distance,baseline
56,0.03275117148523745,0.04094062939934109,nearest_neighbor_distance,baseline
57,0.03275117148523745,0.03799394680106122,nearest_neighbor_distance,baseline
58,0.03275117148523745,0.06041999485181725,nearest_neighbor_distance,baseline
59,0.03275117148523745,0.03777139601500138,nearest_neighbor_distance,baseline
60,0.03275117148523745,0.044534978659256645,nearest_neighbor_distance,baseline
61,0.03275117148523745,0.042183837165003235,nearest_neighbor_distance,baseline
62,0.03275117148523745,0.036634605863819954,nearest_neighbor_distance,baseline
63,0.03275117148523745,0.04100783752358478,nearest_neighbor_distance,baseline
64,0.03275117148523745,0.041425002657848854,nearest_neighbor_distance,baseline
65,0.03275117148523745,0.03898573180903559,nearest_neighbor_distance,baseline
66,0.03275117148523745,0.0410439890363942,nearest_neighbor_distance,baseline
67,0.03275117148523745,0.03772115189096202,nearest_neighbor_distance,baseline
68,0.03275117148523745,0.04095797694247702,nearest_neighbor_distance,baseline
69,0.03275117148523745,0.05507416051367055,nearest_neighbor_distance,baseline
70,0.03275117148523745,0.03995235329088957,nearest_neighbor_distance,baseline
71,0.03275117148523745,0.058078353819639786,nearest_neighbor_distance,baseline
72,0.03275117148523745,0.05816790850266167,nearest_neighbor_distance,baseline
73,0.03275117148523745,0.04044962706773177,nearest_neighbor_distance,baseline
74,0.03275117148523745,0.0580307996791342,nearest_neighbor_distance,baseline
75,0.03275117148523745,0.053368697995724884,nearest_neighbor_distance,baseline
76,0.03275117148523745,0.03668344798295394,nearest_neighbor_distance,baseline
77,0.03275117148523745,0.05072625046191008,nearest_neighbor_distance,baseline
78,0.03275117148523745,0.05810486752053966,nearest_neighbor_distance,baseline
79,0.03275117148523745,0.03969640058019887,nearest_neighbor_distance,baseline
80,0.03275117148523745,0.038206862366717796,nearest_neighbor_distance,baseline
81,0.03275117148523745,0.04097230797228606,nearest_neighbor_distance,baseline
82,0.03275117148523745,0.055261668951615044,nearest_neighbor_distance,baseline
83,0.03275117148523745,0.03508501208346823,nearest_neighbor_distance,baseline
84,0.03275117148523745,0.05602422227030215,nearest_neighbor_distance,baseline
85,0.03275117148523745,0.04339323613954627,nearest_neighbor_distance,baseline
86,0.03275117148523745,0.05698384927666705,nearest_neighbor_distance,baseline
87,0.03275117148523745,0.037666341532831604,nearest_neighbor_distance,baseline
88,0.03275117148523745,0.037847472273785134,nearest_neighbor_distance,baseline
89,0.03275117148523745,0.05869204065074091,nearest_neighbor_distance,baseline
90,0.03275117148523745,0.03535878139993419,nearest_neighbor_distance,baseline
91,0.03275117148523745,0.04553296514179395,nearest_neighbor_distance,baseline
92,0.03275117148523745,0.05477939481320589,nearest_neighbor_distance,baseline
93,0.03275117148523745,0.03322970608006353,nearest_neighbor_distance,baseline
94,0.03275117148523745,0.040534071300340736,nearest_neighbor_distance,baseline
95,0.03275117148523745,0.04099173649497654,nearest_neighbor_distance,baseline
96,0.03275117148523745,0.03593786125597746,nearest_neighbor_distance,baseline
97,0.03275117148523745,0.033575068349423615,nearest_neighbor_distance,baseline
98,0.03275117148523745,0.04433970347694729,nearest_neighbor_distance,baseline
99,0.03275117148523745,0.03630813308384107,nearest_neighbor_distance,baseline
100,0.03275117148523745,0.035522790058799415,nearest_neighbor_distance,baseline
101,0.03275117148523745,0.043942910173664924,nearest_neighbor_distance,baseline
102,0.03275117148523745,0.056372292663740074,nearest_neighbor_distance,baseline
103,0.03275117148523745,0.042529665905496346,nearest_neighbor_distance,baseline
104,0.03275117148523745,0.036680195642554245,nearest_neighbor_distance,baseline
105,0.03275117148523745,0.026240019694618557,nearest_neighbor_distance,baseline
106,0.03275117148523745,0.037815013657445495,nearest_neighbor_distance,baseline
107,0.03275117148523745,0.04574619168820589,nearest_neighbor_distance,baseline
108,0.03275117148523745,0.042607799820278,nearest_neighbor_distance,baseline
109,0.03275117148523745,0.042362474876901375,nearest_neighbor_distance,baseline
110,0.03275117148523745,0.032754198364589523,nearest_neighbor_distance,baseline
111,0.03275117148523745,0.04156619828680287,nearest_neighbor_distance,baseline
112,0.03275117148523745,0.04076934119929438,nearest_neighbor_distance,baseline
113,0.03275117148523745,0.04209527762039848,nearest_neighbor_distance,baseline
114,0.03275117148523745,0.04192780930062999,nearest_neighbor_distance,baseline
115,0.03275117148523745,0.04531585911045904,nearest_neighbor_distance,baseline
116,0.03275117148523745,0.03871937679207843,nearest_neighbor_distance,baseline
117,0.03275117148523745,0.03810653479202934,nearest_neighbor_distance,baseline
118,0.03275117148523745,0.04404002687205439,nearest_neighbor_distance,baseline
119,0.03275117148523745,0.02831652371779732,nearest_neighbor_distance,baseline
120,0.03275117148523745,0.03625296509784201,nearest_neighbor_distance,baseline
121,0.03275117148523745,0.057868685411370316,nearest_neighbor_distance,baseline
122,0.03275117148523745,0.0356370703033779,nearest_neighbor_distance,baseline
123,0.03275117148523745,0.027211883793706478,nearest_neighbor_distance,baseline
124,0.03275117148523745,0.02523484696512637,nearest_neighbor_distance,baseline
125,0.03275117148523745,0.03594537144121916,nearest_neighbor_distance,baseline
126,0.03275117148523745,0.0399122082668802,nearest_neighbor_distance,baseline
127,0.03275117148523745,0.03649502992630005,nearest_neighbor_distance,baseline
128,0.03275117148523745,0.04286859346472699,nearest_neighbor_distance,baseline
129,0.03275117148523745,0.04389317657636559,nearest_neighbor_distance,baseline
130,0.03275117148523745,0.060815007790275245,nearest_neighbor_distance,baseline
131,0.03275117148523745,0.055444624112999955,nearest_neighbor_distance,baseline
132,0.03275117148523745,0.027650330377661663,nearest_neighbor_distance,baseline
133,0.03275117148523745,0.03672614045765089,nearest_neighbor_distance,baseline
134,0.03275117148523745,0.03282083635744841,nearest_neighbor_distance,baseline
135,0.03275117148523745,0.05697736014490542,nearest_neighbor_distance,baseline
136,0.03275117148523745,0.04177792175956394,nearest_neighbor_distance,baseline
137,0.03275117148523745,0.034885543843974236,nearest_neighbor_distance,baseline
138,0.03275117148523745,0.055988767872685974,nearest_neighbor_distance,baseline
139,0.03275117148523745,0.056584498156671936,nearest_neighbor_distance,baseline
140,0.03275117148523745,0.05775775339292443,nearest_neighbor_distance,baseline
141,0.03275117148523745,0.05506561631741731,nearest_neighbor_distance,baseline
142,0.03275117148523745,0.04016872851744942,nearest_neighbor_distance,baseline
143,0.03275117148523745,0.05497132954390153,nearest_neighbor_distance,baseline
144,0.03275117148523745,0.04040447007054868,nearest_neighbor_distance,baseline
145,0.03275117148523745,0.055413720400437065,nearest_neighbor_distance,baseline
146,0.03275117148523745,0.046721427336983055,nearest_neighbor_distance,baseline
147,0.03275117148523745,0.04145043310911759,nearest_neighbor_distance,baseline
148,0.03275117148523745,0.043039736540421196,nearest_neighbor_distance,baseline
149,0.03275117148523745,0.05573306394659955,nearest_neighbor_distance,baseline
150,0.03275117148523745,0.041549923627272896,nearest_neighbor_distance,baseline
151,0.03275117148523745,0.03732718851255334,nearest_neighbor_distance,baseline
152,0.03275117148523745,0.05411830414896426,nearest_neighbor_distance,baseline
153,0.03275117148523745,0.04207689347474471,nearest_neighbor_distance,baseline
154,0.03275117148523745,0.03645741421243419,nearest_neighbor_distance,baseline
155,0.03275117148523745,0.04312288761138916,nearest_neighbor_distance,baseline
156,0.03275117148523745,0.04259362168934034,nearest_neighbor_distance,baseline
157,0.03275117148523745,0.058385221854500145,nearest_neighbor_distance,baseline
158,0.03275117148523745,0.04305729140406069,nearest_neighbor_distance,baseline
159,0.03275117148523745,0.037711775821188225,nearest_neighbor_distance,baseline
160,0.03275117148523745,0.036407512167225715,nearest_neighbor_distance,baseline
161,0.03275117148523745,0.057702577632406486,nearest_neighbor_distance,baseline
162,0.03275117148523745,0.058051936004472816,nearest_neighbor_distance,baseline
163,0.03275117148523745,0.027438443640004032,nearest_neighbor_distance,baseline
164,0.03275117148523745,0.0413981935252314,nearest_neighbor_distance,baseline
165,0.03275117148523745,0.05887605573820031,nearest_neighbor_distance,baseline
166,0.03275117148523745,0.04329017970872962,nearest_neighbor_distance,baseline
167,0.03275117148523745,0.03724254732546599,nearest_neighbor_distance,baseline
168,0.03275117148523745,0.042136819466300636,nearest_neighbor_distance,baseline
169,0.03275117148523745,0.04362866152887759,nearest_neighbor_distance,baseline
170,0.03275117148523745,0.04537761470545893,nearest_neighbor_distance,baseline
171,0.03275117148523745,0.04128553815509962,nearest_neighbor_distance,baseline
172,0.03275117148523745,0.05551878006561943,nearest_neighbor_distance,baseline
173,0.03275117148523745,0.04060107987859975,nearest_neighbor_distance,baseline
174,0.03275117148523745,0.04060753013776696,nearest_neighbor_distance,baseline
175,0.03275117148523745,0.04399634444195291,nearest_neighbor_distance,baseline
176,0.03275117148523745,0.057188694891722305,nearest_neighbor_distance,baseline
177,0.03275117148523745,0.03292325786922289,nearest_neighbor_distance,baseline
178,0.03275117148523745,0.035332340261210564,nearest_neighbor_distance,baseline
179,0.03275117148523745,0.037638068199157715,nearest_neighbor_distance,baseline
180,0.03275117148523745,0.04167402049769526,nearest_neighbor_distance,baseline
181,0.03275117148523745,0.04618302376373955,nearest_neighbor_distance,baseline
182,0.03275117148523745,0.035488027593363884,nearest_neighbor_distance,baseline
183,0.03275117148523745,0.03535837453344594,nearest_neighbor_distance,baseline
184,0.03275117148523745,0.045913185762322464,nearest_neighbor_distance,baseline
185,0.03275117148523745,0.05649039278859678,nearest_neighbor_distance,baseline
186,0.03275117148523745,0.04031157752741938,nearest_neighbor_distance,baseline
187,0.03275117148523745,0.027307085368944252,nearest_neighbor_distance,baseline
188,0.03275117148523745,0.04201443299003269,nearest_neighbor_distance,baseline
189,0.03275117148523745,0.04220930908037269,nearest_neighbor_distance,baseline
190,0.03275117148523745,0.043629037297290306,nearest_neighbor_distance,baseline
191,0.03275117148523745,0.03739018543906834,nearest_neighbor_distance,baseline
192,0.03275117148523745,0.039881252724191414,nearest_neighbor_distance,baseline
193,0.03275117148523745,0.03760078938111015,nearest_neighbor_distance,baseline
194,0.03275117148523745,0.039983498013537865,nearest_neighbor_distance,baseline
195,0.03275117148523745,0.04145561093869417,nearest_neighbor_distance,baseline
196,0.03275117148523745,0.02738321604936019,nearest_neighbor_distance,baseline
197,0.03275117148523745,0.027065458505049995,nearest_neighbor_distance,baseline
198,0.03275117148523745,0.03921117730762647,nearest_neighbor_distance,baseline
199,0.03275117148523745,0.04371636069339255,nearest_neighbor_distance,baseline
200,0.03275117148523745,0.03849881369134654,nearest_neighbor_distance,baseline
201,0.03275117148523745,0.05604960607445758,nearest_neighbor_distance,baseline
202,0.03275117148523745,0.041411231393399445,nearest_neighbor_distance,baseline
203,0.03275117148523745,0.036896529405013374,nearest_neighbor_distance,baseline
204,0.03275117148523745,0.04668162957481716,nearest_neighbor_distance,baseline
205,0.03275117148523745,0.03828479414400847,nearest_neighbor_distance,baseline
206,0.03275117148523745,0.03557151037713756,nearest_neighbor_distance,baseline
207,0.03275117148523745,0.03913227889848792,nearest_neighbor_distance,baseline
208,0.03275117148523745,0.036317488421564514,nearest_neighbor_distance,baseline
209,0.03275117148523745,0.040961535080619484,nearest_neighbor_distance,baseline
210,0.03275117148523745,0.05836748040240744,nearest_neighbor_distance,baseline
211,0.03275117148523745,0.03691479174987129,nearest_neighbor_distance,baseline
212,0.03275117148523745,0.054763034633968186,nearest_neighbor_distance,baseline
213,0.03275117148523745,0.0359730513199516,nearest_neighbor_distance,baseline
214,0.03275117148523745,0.044044447981792946,nearest_neighbor_distance,baseline
215,0.03275117148523745,0.04063014621319978,nearest_neighbor_distance,baseline
216,0.03275117148523745,0.043929480988046395,nearest_neighbor_distance,baseline
217,0.03275117148523745,0.0572706849678703,nearest_neighbor_distance,baseline
218,0.03275117148523745,0.03569325934285703,nearest_neighbor_distance,baseline
219,0.03275117148523745,0.038621223491171135,nearest_neighbor_distance,baseline
220,0.03275117148523745,0.02657268358313519,nearest_neighbor_distance,baseline
221,0.03275117148523745,0.05751840705456941,nearest_neighbor_distance,baseline
222,0.03275117148523745,0.0571745867314546,nearest_neighbor_distance,baseline
223,0.03275117148523745,0.058507118536078415,nearest_neighbor_distance,baseline
224,0.03275117148523745,0.04085091404292895,nearest_neighbor_distance,baseline
225,0.03275117148523745,0.03178765462792438,nearest_neighbor_distance,baseline
226,0.03275117148523745,0.04153115593868753,nearest_neighbor_distance,baseline
227,0.03275117148523745,0.04232664211936619,nearest_neighbor_distance,baseline
228,0.03275117148523745,0.05562408333239348,nearest_neighbor_distance,baseline
229,0.03275117148523745,0.058166488357212234,nearest_neighbor_distance,baseline
230,0.03275117148523745,0.057671246321304985,nearest_neighbor_distance,baseline
231,0.03275117148523745,0.04147083344666854,nearest_neighbor_distance,baseline
232,0.03275117148523745,0.0375969384027564,nearest_neighbor_distance,baseline
233,0.03275117148523745,0.05648506206014882,nearest_neighbor_distance,baseline
234,0.03275117148523745,0.04313910266627436,nearest_neighbor_distance,baseline
235,0.03275117148523745,0.042611896991729736,nearest_neighbor_distance,baseline
236,0.03275117148523745,0.038370876208595604,nearest_neighbor_distance,baseline
237,0.03275117148523745,0.0582102692645529,nearest_neighbor_distance,baseline
238,0.03275117148523745,0.05612059002337248,nearest_neighbor_distance,baseline
239,0.03275117148523745,0.03583256058070971,nearest_neighbor_distance,baseline
240,0.03275117148523745,0.04135732287945955,nearest_neighbor_distance,baseline
241,0.03275117148523745,0.038775114909462303,nearest_neighbor_distance,baseline
242,0.03275117148523745,0.055990685587343964,nearest_neighbor_distance,baseline
243,0.03275117148523745,0.05833200268123461,nearest_neighbor_distance,baseline
244,0.03275117148523745,0.04219608203224514,nearest_neighbor_distance,baseline
245,0.03275117148523745,0.057097354660863464,nearest_neighbor_distance,baseline
246,0.03275117148523745,0.02764971359916355,nearest_neighbor_distance,baseline
247,0.03275117148523745,0.04279441159704457,nearest_neighbor_distance,baseline
248,0.03275117148523745,0.0579832066660342,nearest_neighbor_distance,baseline
249,0.03275117148523745,0.05591031261112379,nearest_neighbor_distance,baseline
250,0.03275117148523745,0.04360279829605766,nearest_neighbor_distance,baseline
251,0.03275117148523745,0.03849522445512855,nearest_neighbor_distance,baseline
252,0.03275117148523745,0.04189709217652031,nearest_neighbor_distance,baseline
253,0.03275117148523745,0.037475039129671844,nearest_neighbor_distance,baseline
254,0.03275117148523745,0.02717744785806407,nearest_neighbor_distance,baseline
255,0.03275117148523745,0.041430758393329124,nearest_neighbor_distance,baseline
256,0.03275117148523745,0.03887414413949718,nearest_neighbor_distance,baseline
257,0.03275117148523745,0.05875061646751736,nearest_neighbor_distance,baseline
258,0.03275117148523745,0.05875539002211198,nearest_neighbor_distance,baseline
259,0.03275117148523745,0.03636194312054178,nearest_neighbor_distance,baseline
260,0.03275117148523745,0.043430123640143356,nearest_neighbor_distance,baseline
261,0.03275117148523745,0.042593463607456375,nearest_neighbor_distance,baseline
262,0.03275117148523745,0.04262180950330651,nearest_neighbor_distance,baseline
263,0.03275117148523745,0.039827004722926926,nearest_neighbor_distance,baseline
264,0.03275117148523745,0.03630112305931423,nearest_neighbor_distance,baseline
265,0.03275117148523745,0.045050447401793106,nearest_neighbor_distance,baseline
266,0.03275117148523745,0.028231061023214588,nearest_neighbor_distance,baseline
267,0.03275117148523745,0.05751749225284742,nearest_neighbor_distance,baseline
268,0.03275117148523745,0.05445348957310552,nearest_neighbor_distance,baseline
269,0.03275117148523745,0.03777514333310335,nearest_neighbor_distance,baseline
270,0.03275117148523745,0.0441086655077727,nearest_neighbor_distance,baseline
271,0.03275117148523745,0.042401972024337105,nearest_neighbor_distance,baseline
272,0.03275117148523745,0.042474873687909996,nearest_neighbor_distance,baseline
273,0.03275117148523745,0.043609779814015266,nearest_neighbor_distance,baseline
274,0.03275117148523745,0.043234457140383514,nearest_neighbor_distance,baseline
275,0.03275117148523745,0.036979921486066734,nearest_neighbor_distance,baseline
276,0.03275117148523745,0.044870322165281876,nearest_neighbor_distance,baseline
277,0.03275117148523745,0.0388031964716704,nearest_neighbor_distance,baseline
278,0.03275117148523745,0.03738539633543595,nearest_neighbor_distance,baseline
279,0.03275117148523745,0.042313850444296135,nearest_neighbor_distance,baseline
280,0.03275117148523745,0.055474830710369606,nearest_neighbor_distance,baseline
281,0.03275117148523745,0.027874000694440758,nearest_neighbor_distance,baseline
282,0.03275117148523745,0.040239816126616104,nearest_neighbor_distance,baseline
283,0.03275117148523745,0.05772066634634267,nearest_neighbor_distance,baseline
284,0.03275117148523745,0.041487439819004227,nearest_neighbor_distance,baseline
285,0.03275117148523745,0.03777458097623742,nearest_neighbor_distance,baseline
286,0.03275117148523745,0.05353849348814591,nearest_neighbor_distance,baseline
287,0.03275117148523745,0.05628792876782625,nearest_neighbor_distance,baseline
288,0.03275117148523745,0.036642779474673065,nearest_neighbor_distance,baseline
289,0.03275117148523745,0.03702572117681089,nearest_neighbor_distance,baseline
290,0.03275117148523745,0.05440428205158399,nearest_neighbor_distance,baseline
291,0.03275117148523745,0.04096536791842917,nearest_neighbor_distance,baseline
292,0.03275117148523745,0.04016538029131682,nearest_neighbor_distance,baseline
293,0.03275117148523745,0.04817169904708862,nearest_neighbor_distance,baseline
294,0.03275117148523745,0.05940042371335237,nearest_neighbor_distance,baseline
295,0.03275117148523745,0.05375009256860484,nearest_neighbor_distance,baseline
296,0.03275117148523745,0.0459474195604739,nearest_neighbor_distance,baseline
297,0.03275117148523745,0.039432955824810524,nearest_neighbor_distance,baseline
298,0.03275117148523745,0.026928875757300335,nearest_neighbor_distance,baseline
299,0.03275117148523745,0.028724247994630234,nearest_neighbor_distance,baseline
300,0.03275117148523745,0.04474098008611928,nearest_neighbor_distance,baseline
301,0.03275117148523745,0.03351956087609996,nearest_neighbor_distance,baseline
302,0.03275117148523745,0.0444983140282009,nearest_neighbor_distance,baseline
303,0.03275117148523745,0.044716796149378235,nearest_neighbor_distance,baseline
304,0.03275117148523745,0.04803721023642499,nearest_neighbor_distance,baseline
305,0.03275117148523745,0.036070880682572075,nearest_neighbor_distance,baseline
306,0.03275117148523745,0.040393829345703125,nearest_neighbor_distance,baseline
307,0.03275117148523745,0.05604982376098633,nearest_neighbor_distance,baseline
308,0.03275117148523745,0.054462733476058296,nearest_neighbor_distance,baseline
309,0.03275117148523745,0.0554115046625552,nearest_neighbor_distance,baseline
310,0.03275117148523745,0.04612174759740415,nearest_neighbor_distance,baseline
311,0.03275117148523745,0.036793773588926895,nearest_neighbor_distance,baseline
312,0.03275117148523745,0.04766129151634548,nearest_neighbor_distance,baseline
313,0.03275117148523745,0.042889986349188766,nearest_neighbor_distance,baseline
314,0.03275117148523745,0.04186670158220374,nearest_neighbor_distance,baseline
315,0.03275117148523745,0.02759718894958496,nearest_neighbor_distance,baseline
316,0.03275117148523745,0.05672873621401579,nearest_neighbor_distance,baseline
317,0.03275117148523745,0.0461298071819803,nearest_neighbor_distance,baseline
318,0.03275117148523745,0.04699300164761751,nearest_neighbor_distance,baseline
319,0.03275117148523745,0.05395157699999602,nearest_neighbor_distance,baseline
320,0.03275117148523745,0.05672483599704245,nearest_neighbor_distance,baseline
321,0.03275117148523745,0.04232113257698391,nearest_neighbor_distance,baseline
322,0.03275117148523745,0.05664117958234704,nearest_neighbor_distance,baseline
323,0.03275117148523745,0.05493500958318296,nearest_neighbor_distance,baseline
324,0.03275117148523745,0.03613841274510259,nearest_neighbor_distance,baseline
325,0.03275117148523745,0.03749671967133232,nearest_neighbor_distance,baseline
326,0.03275117148523745,0.042297428068907364,nearest_neighbor_distance,baseline
327,0.03275117148523745,0.029372712840204655,nearest_neighbor_distance,baseline
328,0.03275117148523745,0.04140214557233064,nearest_neighbor_distance,baseline
329,0.03275117148523745,0.043042716772659965,nearest_neighbor_distance,baseline
330,0.03275117148523745,0.05804190946661908,nearest_neighbor_distance,baseline
331,0.03275117148523745,0.047886630763178284,nearest_neighbor_distance,baseline
332,0.03275117148523745,0.03999297256055086,nearest_neighbor_distance,baseline
333,0.03275117148523745,0.04640002613482268,nearest_neighbor_distance,baseline
334,0.03275117148523745,0.03645081623740818,nearest_neighbor_distance,baseline
335,0.03275117148523745,0.042787297912265945,nearest_neighbor_distance,baseline
336,0.03275117148523745,0.03283951593481976,nearest_neighbor_distance,baseline
337,0.03275117148523745,0.03700510315273119,nearest_neighbor_distance,baseline
338,0.03275117148523745,0.035260571085888405,nearest_neighbor_distance,baseline
339,0.03275117148523745,0.03304167156634123,nearest_neighbor_distance,baseline
340,0.03275117148523745,0.056738635768061096,nearest_neighbor_distance,baseline
341,0.03275117148523745,0.057272667470185654,nearest_neighbor_distance,baseline
342,0.03275117148523745,0.05765359038892,nearest_neighbor_distance,baseline
343,0.03275117148523745,0.04056542852650518,nearest_neighbor_distance,baseline
344,0.03275117148523745,0.04202337886976159,nearest_neighbor_distance,baseline
345,0.03275117148523745,0.02783450873001762,nearest_neighbor_distance,baseline
346,0.03275117148523745,0.03709206892096478,nearest_neighbor_distance,baseline
347,0.03275117148523745,0.046387410682180656,nearest_neighbor_distance,baseline
348,0.03275117148523745,0.03933858094008073,nearest_neighbor_distance,baseline
349,0.03275117148523745,0.05717448825421541,nearest_neighbor_distance,baseline
350,0.03275117148523745,0.041596749554509704,nearest_neighbor_distance,baseline
351,0.03275117148523745,0.043607478556425674,nearest_neighbor_distance,baseline
352,0.03275117148523745,0.03706500322922417,nearest_neighbor_distance,baseline
353,0.03275117148523745,0.03733525328014208,nearest_neighbor_distance,baseline
354,0.03275117148523745,0.027337799901547638,nearest_neighbor_distance,baseline
355,0.03275117148523745,0.05687477795974068,nearest_neighbor_distance,baseline
356,0.03275117148523745,0.057212464187456215,nearest_neighbor_distance,baseline
357,0.03275117148523745,0.042702724104342255,nearest_neighbor_distance,baseline
358,0.03275117148523745,0.039862358051797615,nearest_neighbor_distance,baseline
359,0.03275117148523745,0.040173356947691544,nearest_neighbor_distance,baseline
360,0.03275117148523745,0.05898581639580105,nearest_neighbor_distance,baseline
361,0.03275117148523745,0.041520624057106346,nearest_neighbor_distance,baseline
362,0.03275117148523745,0.042759066042692764,nearest_neighbor_distance,baseline
363,0.03275117148523745,0.027020184890083645,nearest_neighbor_distance,baseline
364,0.03275117148523745,0.03969196651292884,nearest_neighbor_distance,baseline
365,0.03275117148523745,0.0427571846091229,nearest_neighbor_distance,baseline
366,0.03275117148523745,0.03664350768794184,nearest_neighbor_distance,baseline
367,0.03275117148523745,0.036939014559206756,nearest_neighbor_distance,baseline
368,0.03275117148523745,0.05702632924784785,nearest_neighbor_distance,baseline
369,0.03275117148523745,0.05374056619146596,nearest_neighbor_distance,baseline
370,0.03275117148523745,0.038637705471204674,nearest_neighbor_distance,baseline
371,0.03275117148523745,0.04043465334436168,nearest_neighbor_distance,baseline
372,0.03275117148523745,0.0354660645775173,nearest_neighbor_distance,baseline
373,0.03275117148523745,0.03795763720636782,nearest_neighbor_distance,baseline
374,0.03275117148523745,0.029129080150438393,nearest_neighbor_distance,baseline
375,0.03275117148523745,0.04477721711863642,nearest_neighbor_distance,baseline
376,0.03275117148523745,0.03887832683065663,nearest_neighbor_distance,baseline
377,0.03275117148523745,0.055603592292122216,nearest_neighbor_distance,baseline
378,0.03275117148523745,0.056936362515325134,nearest_neighbor_distance,baseline
379,0.03275117148523745,0.04326076092927352,nearest_neighbor_distance,baseline
380,0.03275117148523745,0.027907677318738854,nearest_neighbor_distance,baseline
381,0.03275117148523745,0.04431937829307888,nearest_neighbor_distance,baseline
382,0.03275117148523745,0.05730135026185409,nearest_neighbor_distance,baseline
383,0.03275117148523745,0.036132154257401176,nearest_neighbor_distance,baseline
384,0.03275117148523745,0.037354269753331726,nearest_neighbor_distance,baseline
385,0.03275117148523745,0.05787490761798361,nearest_neighbor_distance,baseline
386,0.03275117148523745,0.05521445948144664,nearest_neighbor_distance,baseline
387,0.03275117148523745,0.039571891660275665,nearest_neighbor_distance,baseline
388,0.03275117148523745,0.03865211683770885,nearest_neighbor_distance,baseline
389,0.03275117148523745,0.058304447194804314,nearest_neighbor_distance,baseline
390,0.03275117148523745,0.03846507487089738,nearest_neighbor_distance,baseline
391,0.03275117148523745,0.04105445872182432,nearest_neighbor_distance,baseline
392,0.03275117148523745,0.03856709729070249,nearest_neighbor_distance,baseline
393,0.03275117148523745,0.04219347497691279,nearest_neighbor_distance,baseline
394,0.03275117148523745,0.041105462157207985,nearest_neighbor_distance,baseline
395,0.03275117148523745,0.042662553165269936,nearest_neighbor_distance,baseline
396,0.03275117148523745,0.04170239490011464,nearest_neighbor_distance,baseline
397,0.03275117148523745,0.04142353845679242,nearest_neighbor_distance,baseline
398,0.03275117148523745,0.043270717496457306,nearest_neighbor_distance,baseline
399,0.03275117148523745,0.05835285653238711,nearest_neighbor_distance,baseline
400,0.03275117148523745,0.03738765094591224,nearest_neighbor_distance,baseline
401,0.03275117148523745,0.036876129067462425,nearest_neighbor_distance,baseline
402,0.03275117148523745,0.04085004588832026,nearest_neighbor_distance,baseline
403,0.03275117148523745,0.03725726967272551,nearest_neighbor_distance,baseline
404,0.03275117148523745,0.047335533992103905,nearest_neighbor_distance,baseline
405,0.03275117148523745,0.04011188382687776,nearest_neighbor_distance,baseline
406,0.03275117148523745,0.043038699937903366,nearest_neighbor_distance,baseline
407,0.03275117148523745,0.026965265688688858,nearest_neighbor_distance,baseline
408,0.03275117148523745,0.0393810712772867,nearest_neighbor_distance,baseline
409,0.03275117148523745,0.04710917369179104,nearest_neighbor_distance,baseline
410,0.03275117148523745,0.038389973018480385,nearest_neighbor_distance,baseline
411,0.03275117148523745,0.05813827721968941,nearest_neighbor_distance,baseline
412,0.03275117148523745,0.04039104088493015,nearest_neighbor_distance,baseline
413,0.03275117148523745,0.03780071372571199,nearest_neighbor_distance,baseline
414,0.03275117148523745,0.03370163751685101,nearest_neighbor_distance,baseline
415,0.03275117148523745,0.027622997760772705,nearest_neighbor_distance,baseline
416,0.03275117148523745,0.04341056554213814,nearest_neighbor_distance,baseline
417,0.03275117148523745,0.040834128856658936,nearest_neighbor_distance,baseline
418,0.03275117148523745,0.04153109374253646,nearest_neighbor_distance,baseline
419,0.03275117148523745,0.03873520571252574,nearest_neighbor_distance,baseline
420,0.03275117148523745,0.04106770650200222,nearest_neighbor_distance,baseline
421,0.03275117148523745,0.03721318815065467,nearest_neighbor_distance,baseline
422,0.03275117148523745,0.038986783960591194,nearest_neighbor_distance,baseline
423,0.03275117148523745,0.039796450863713806,nearest_neighbor_distance,baseline
424,0.03275117148523745,0.04155167548552803,nearest_neighbor_distance,baseline
425,0.03275117148523745,0.04408335426579351,nearest_neighbor_distance,baseline
426,0.03275117148523745,0.035015987313312034,nearest_neighbor_distance,baseline
427,0.03275117148523745,0.040491168913633926,nearest_neighbor_distance,baseline
428,0.03275117148523745,0.04427169457725857,nearest_neighbor_distance,baseline
429,0.03275117148523745,0.04520848782166191,nearest_neighbor_distance,baseline
430,0.03275117148523745,0.04192252781080163,nearest_neighbor_distance,baseline
431,0.03275117148523745,0.03623292238815971,nearest_neighbor_distance,baseline
432,0.03275117148523745,0.04158658566682235,nearest_neighbor_distance,baseline
433,0.03275117148523745,0.04170114579408065,nearest_neighbor_distance,baseline
434,0.03275117148523745,0.03645153408465178,nearest_neighbor_distance,baseline
435,0.03275117148523745,0.03841946436011273,nearest_neighbor_distance,baseline
436,0.03275117148523745,0.03930854797363281,nearest_neighbor_distance,baseline
437,0.03275117148523745,0.035631192767101784,nearest_neighbor_distance,baseline
438,0.03275117148523745,0.03772869058277296,nearest_neighbor_distance,baseline
439,0.03275117148523745,0.054895753445832626,nearest_neighbor_distance,baseline
440,0.03275117148523745,0.045802126760068146,nearest_neighbor_distance,baseline
441,0.03275117148523745,0.03839588165283203,nearest_neighbor_distance,baseline
442,0.03275117148523745,0.05768856276636538,nearest_neighbor_distance,baseline
443,0.03275117148523745,0.037350374719370964,nearest_neighbor_distance,baseline
444,0.03275117148523745,0.046958026678665825,nearest_neighbor_distance,baseline
445,0.03275117148523745,0.0568296624266583,nearest_neighbor_distance,baseline
446,0.03275117148523745,0.056936699411143425,nearest_neighbor_distance,baseline
447,0.03275117148523745,0.03917325320451156,nearest_neighbor_distance,baseline
448,0.03275117148523745,0.03956939344820769,nearest_neighbor_distance,baseline
449,0.03275117148523745,0.026349046955937924,nearest_neighbor_distance,baseline
450,0.03275117148523745,0.03828473713086999,nearest_neighbor_distance,baseline
451,0.03275117148523745,0.03897372795187909,nearest_neighbor_distance,baseline
452,0.03275117148523745,0.05625612321107284,nearest_neighbor_distance,baseline
453,0.03275117148523745,0.04147814926893815,nearest_neighbor_distance,baseline
454,0.03275117148523745,0.04710746070613032,nearest_neighbor_distance,baseline
455,0.03275117148523745,0.044427698073179825,nearest_neighbor_distance,baseline
456,0.03275117148523745,0.03986904154653135,nearest_neighbor_distance,baseline
457,0.03275117148523745,0.036029735337132995,nearest_neighbor_distance,baseline
458,0.03275117148523745,0.042473697144052254,nearest_neighbor_distance,baseline
459,0.03275117148523745,0.037072593751160995,nearest_neighbor_distance,baseline
460,0.03275117148523745,0.03862446805705195,nearest_neighbor_distance,baseline
461,0.03275117148523745,0.05555735722832058,nearest_neighbor_distance,baseline
462,0.03275117148523745,0.054562288781870964,nearest_neighbor_distance,baseline
463,0.03275117148523745,0.044169928716576615,nearest_neighbor_distance,baseline
464,0.03275117148523745,0.037678646004718284,nearest_neighbor_distance,baseline
465,0.03275117148523745,0.038984552673671555,nearest_neighbor_distance,baseline
466,0.03275117148523745,0.03544237302697223,nearest_neighbor_distance,baseline
467,0.03275117148523745,0.03666429675143698,nearest_neighbor_distance,baseline
468,0.03275117148523745,0.055151726888573685,nearest_neighbor_distance,baseline
469,0.03275117148523745,0.05288411223370096,nearest_neighbor_distance,baseline
470,0.03275117148523745,0.035030139529186745,nearest_neighbor_distance,baseline
471,0.03275117148523745,0.04258894142897233,nearest_neighbor_distance,baseline
472,0.03275117148523745,0.028733294943104618,nearest_neighbor_distance,baseline
473,0.03275117148523745,0.05805193859597911,nearest_neighbor_distance,baseline
474,0.03275117148523745,0.04253826711488807,nearest_neighbor_distance,baseline
475,0.03275117148523745,0.0354156494140625,nearest_neighbor_distance,baseline
476,0.03275117148523745,0.053919139115706734,nearest_neighbor_distance,baseline
477,0.03275117148523745,0.041884461174840515,nearest_neighbor_distance,baseline
478,0.03275117148523745,0.04538676013117251,nearest_neighbor_distance,baseline
479,0.03275117148523745,0.05554572913957679,nearest_neighbor_distance,baseline
480,0.03275117148523745,0.04168446685956872,nearest_neighbor_distance,baseline
481,0.03275117148523745,0.05465552599533745,nearest_neighbor_distance,baseline
482,0.03275117148523745,0.03991117943888125,nearest_neighbor_distance,baseline
483,0.03275117148523745,0.042654659437096634,nearest_neighbor_distance,baseline
484,0.03275117148523745,0.0549757921177408,nearest_neighbor_distance,baseline
485,0.03275117148523745,0.055972804193911346,nearest_neighbor_distance,baseline
486,0.03275117148523745,0.05841870929883874,nearest_neighbor_distance,baseline
487,0.03275117148523745,0.03579659824785979,nearest_neighbor_distance,baseline
488,0.03275117148523745,0.03176222417665565,nearest_neighbor_distance,baseline
489,0.03275117148523745,0.05759667313617209,nearest_neighbor_distance,baseline
490,0.03275117148523745,0.03493206138196199,nearest_neighbor_distance,baseline
491,0.03275117148523745,0.047913494317427925,nearest_neighbor_distance,baseline
492,0.03275117148523745,0.04507803916931152,nearest_neighbor_distance,baseline
493,0.03275117148523745,0.03777174068533856,nearest_neighbor_distance,baseline
494,0.03275117148523745,0.02734361524167268,nearest_neighbor_distance,baseline
495,0.03275117148523745,0.03720205244810685,nearest_neighbor_distance,baseline
496,0.03275117148523745,0.0365244694378065,nearest_neighbor_distance,baseline
497,0.03275117148523745,0.032883112845213516,nearest_neighbor_distance,baseline
498,0.03275117148523745,0.042633714883223824,nearest_neighbor_distance,baseline
499,0.03275117148523745,0.057112118472223694,nearest_neighbor_distance,baseline
500,0.03275117148523745,0.05641697282376497,nearest_neighbor_distance,baseline
501,0.03275117148523745,0.038818525231402855,nearest_neighbor_distance,baseline
502,0.03275117148523745,0.04202609217685202,nearest_neighbor_distance,baseline
503,0.03275117148523745,0.05735184576200402,nearest_neighbor_distance,baseline
504,0.03275117148523745,0.05706496342368748,nearest_neighbor_distance,baseline
505,0.03275117148523745,0.04252759529196698,nearest_neighbor_distance,baseline
506,0.03275117148523745,0.0446087096048438,nearest_neighbor_distance,baseline
507,0.03275117148523745,0.05663520097732544,nearest_neighbor_distance,baseline
508,0.03275117148523745,0.04183516554210497,nearest_neighbor_distance,baseline
509,0.03275117148523745,0.05495752199836399,nearest_neighbor_distance,baseline
510,0.03275117148523745,0.048116707283517586,nearest_neighbor_distance,baseline
511,0.03275117148523745,0.05750618810239046,nearest_neighbor_distance,baseline
512,0.03275117148523745,0.04433036109675532,nearest_neighbor_distance,baseline
513,0.03275117148523745,0.05951002888057543,nearest_neighbor_distance,baseline
514,0.03275117148523745,0.05730741179507712,nearest_neighbor_distance,baseline
515,0.03275117148523745,0.04266692762789519,nearest_neighbor_distance,baseline
516,0.03275117148523745,0.056097585221995476,nearest_neighbor_distance,baseline
517,0.03275117148523745,0.036644347335981285,nearest_neighbor_distance,baseline
518,0.03275117148523745,0.04492004798806232,nearest_neighbor_distance,baseline
519,0.03275117148523745,0.043117217395616615,nearest_neighbor_distance,baseline
520,0.03275117148523745,0.05747831645219222,nearest_neighbor_distance,baseline
521,0.03275117148523745,0.0393352456714796,nearest_neighbor_distance,baseline
522,0.03275117148523745,0.04335298745528511,nearest_neighbor_distance,baseline
523,0.03275117148523745,0.04381346443425054,nearest_neighbor_distance,baseline
524,0.03275117148523745,0.027828076611394467,nearest_neighbor_distance,baseline
525,0.03275117148523745,0.04512949093528416,nearest_neighbor_distance,baseline
526,0.03275117148523745,0.059659719467163086,nearest_neighbor_distance,baseline
527,0.03275117148523745,0.05748260021209717,nearest_neighbor_distance,baseline
528,0.03275117148523745,0.05723089498022328,nearest_neighbor_distance,baseline
529,0.03275117148523745,0.03914184155671493,nearest_neighbor_distance,baseline
530,0.03275117148523745,0.05760130156641421,nearest_neighbor_distance,baseline
531,0.03275117148523745,0.04347683035809061,nearest_neighbor_distance,baseline
532,0.03275117148523745,0.03565703008485877,nearest_neighbor_distance,baseline
533,0.03275117148523745,0.060414622659268585,nearest_neighbor_distance,baseline
534,0.03275117148523745,0.04633408784866333,nearest_neighbor_distance,baseline
535,0.03275117148523745,0.047197681406269905,nearest_neighbor_distance,baseline
536,0.03275117148523745,0.057315352170363716,nearest_neighbor_distance,baseline
537,0.03275117148523745,0.060681306797525154,nearest_neighbor_distance,baseline
538,0.03275117148523745,0.03868512485338294,nearest_neighbor_distance,baseline
539,0.03275117148523745,0.05596212977948396,nearest_neighbor_distance,baseline
540,0.03275117148523745,0.045743810093921165,nearest_neighbor_distance,baseline
541,0.03275117148523745,0.05438258077787316,nearest_neighbor_distance,baseline
542,0.03275117148523745,0.03553983957871147,nearest_neighbor_distance,baseline
543,0.03275117148523745,0.04161534879518592,nearest_neighbor_distance,baseline
544,0.03275117148523745,0.03819742669229922,nearest_neighbor_distance,baseline
545,0.03275117148523745,0.027198081431181534,nearest_neighbor_distance,baseline
546,0.03275117148523745,0.057720308718474014,nearest_neighbor_distance,baseline
547,0.03275117148523745,0.03732674018196438,nearest_neighbor_distance,baseline
548,0.03275117148523745,0.05875881599343341,nearest_neighbor_distance,baseline
549,0.03275117148523745,0.025653494440990944,nearest_neighbor_distance,baseline
550,0.03275117148523745,0.05426377317179804,nearest_neighbor_distance,baseline
551,0.03275117148523745,0.05583569796189018,nearest_neighbor_distance,baseline
552,0.03275117148523745,0.03850680330525274,nearest_neighbor_distance,baseline
553,0.03275117148523745,0.035239851993063225,nearest_neighbor_distance,baseline
554,0.03275117148523745,0.041365042976711106,nearest_neighbor_distance,baseline
555,0.03275117148523745,0.034937868947568146,nearest_neighbor_distance,baseline
556,0.03275117148523745,0.036686086136361824,nearest_neighbor_distance,baseline
557,0.03275117148523745,0.04189834387406059,nearest_neighbor_distance,baseline
558,0.03275117148523745,0.0563084716382234,nearest_neighbor_distance,baseline
559,0.03275117148523745,0.034565741601197617,nearest_neighbor_distance,baseline
560,0.03275117148523745,0.03700740700182707,nearest_neighbor_distance,baseline
561,0.03275117148523745,0.04123258072396983,nearest_neighbor_distance,baseline
562,0.03275117148523745,0.05840253829956055,nearest_neighbor_distance,baseline
563,0.03275117148523745,0.03657070709311444,nearest_neighbor_distance,baseline
564,0.03275117148523745,0.037560074225715966,nearest_neighbor_distance,baseline
565,0.03275117148523745,0.0474532531655353,nearest_neighbor_distance,baseline
566,0.03275117148523745,0.03757561289745828,nearest_neighbor_distance,baseline
567,0.03275117148523745,0.03893513264863387,nearest_neighbor_distance,baseline
568,0.03275117148523745,0.04060712327127871,nearest_neighbor_distance,baseline
569,0.03275117148523745,0.03725136103837386,nearest_neighbor_distance,baseline
570,0.03275117148523745,0.03216889630193296,nearest_neighbor_distance,baseline
571,0.03275117148523745,0.04276700382647307,nearest_neighbor_distance,baseline
572,0.03275117148523745,0.04381118390871131,nearest_neighbor_distance,baseline
573,0.03275117148523745,0.0355785229931707,nearest_neighbor_distance,baseline
574,0.03275117148523745,0.03650664505751237,nearest_neighbor_distance,baseline
575,0.03275117148523745,0.042179613009743065,nearest_neighbor_distance,baseline
576,0.03275117148523745,0.04384992433630902,nearest_neighbor_distance,baseline
577,0.03275117148523745,0.04648909879767377,nearest_neighbor_distance,baseline
578,0.03275117148523745,0.03655477710392164,nearest_neighbor_distance,baseline
579,0.03275117148523745,0.058068736739780594,nearest_neighbor_distance,baseline
580,0.03275117148523745,0.04273561550223309,nearest_neighbor_distance,baseline
581,0.03275117148523745,0.040927988031636116,nearest_neighbor_distance,baseline
582,0.03275117148523745,0.02760035577027694,nearest_neighbor_distance,baseline
583,0.03275117148523745,0.04294371864070063,nearest_neighbor_distance,baseline
584,0.03275117148523745,0.039955973625183105,nearest_neighbor_distance,baseline
585,0.03275117148523745,0.05748673107313073,nearest_neighbor_distance,baseline
586,0.03275117148523745,0.036701777706975525,nearest_neighbor_distance,baseline
587,0.03275117148523745,0.04087676950122999,nearest_neighbor_distance,baseline
588,0.03275117148523745,0.045572887296261994,nearest_neighbor_distance,baseline
589,0.03275117148523745,0.05889231484869252,nearest_neighbor_distance,baseline
590,0.03275117148523745,0.037678563076516854,nearest_neighbor_distance,baseline
591,0.03275117148523745,0.059889845226121986,nearest_neighbor_distance,baseline
592,0.03275117148523745,0.040383224901945694,nearest_neighbor_distance,baseline
593,0.03275117148523745,0.057977158090342644,nearest_neighbor_distance,baseline
594,0.03275117148523745,0.04167555207791536,nearest_neighbor_distance,baseline
595,0.03275117148523745,0.042488144791644554,nearest_neighbor_distance,baseline
596,0.03275117148523745,0.04185541816379713,nearest_neighbor_distance,baseline
597,0.03275117148523745,0.04627476049506146,nearest_neighbor_distance,baseline
598,0.03275117148523745,0.054947225943855614,nearest_neighbor_distance,baseline
599,0.03275117148523745,0.05664093598075535,nearest_neighbor_distance,baseline
600,0.03275117148523745,0.04050604934277742,nearest_neighbor_distance,baseline
601,0.03275117148523745,0.04778906314269356,nearest_neighbor_distance,baseline
602,0.03275117148523745,0.037081954271897026,nearest_neighbor_distance,baseline
603,0.03275117148523745,0.037462672461634094,nearest_neighbor_distance,baseline
604,0.03275117148523745,0.05750674527624379,nearest_neighbor_distance,baseline
605,0.03275117148523745,0.036530331425044846,nearest_neighbor_distance,baseline
606,0.03275117148523745,0.05771149500556614,nearest_neighbor_distance,baseline
607,0.03275117148523745,0.053353553232939346,nearest_neighbor_distance,baseline
608,0.03275117148523745,0.0426603685254636,nearest_neighbor_distance,baseline
609,0.03275117148523745,0.05882136977237204,nearest_neighbor_distance,baseline
610,0.03275117148523745,0.042624455431233284,nearest_neighbor_distance,baseline
611,0.03275117148523745,0.028671560080155083,nearest_neighbor_distance,baseline
612,0.03275117148523745,0.043145353379456894,nearest_neighbor_distance,baseline
613,0.03275117148523745,0.03953116613885631,nearest_neighbor_distance,baseline
614,0.03275117148523745,0.05777662992477417,nearest_neighbor_distance,baseline
615,0.03275117148523745,0.04262038935785708,nearest_neighbor_distance,baseline
616,0.03275117148523745,0.03855845461721006,nearest_neighbor_distance,baseline
617,0.03275117148523745,0.03690861359886501,nearest_neighbor_distance,baseline
618,0.03275117148523745,0.057987801406694496,nearest_neighbor_distance,baseline
619,0.03275117148523745,0.03647066717562468,nearest_neighbor_distance,baseline
620,0.03275117148523745,0.041453478129013725,nearest_neighbor_distance,baseline
621,0.03275117148523745,0.055039942264556885,nearest_neighbor_distance,baseline
622,0.03275117148523745,0.05649203580358754,nearest_neighbor_distance,baseline
623,0.03275117148523745,0.058643460273742676,nearest_neighbor_distance,baseline
624,0.03275117148523745,0.037734127562978996,nearest_neighbor_distance,baseline
625,0.03275117148523745,0.036421532216279404,nearest_neighbor_distance,baseline
626,0.03275117148523745,0.05799390699552453,nearest_neighbor_distance,baseline
627,0.03275117148523745,0.046814055546470314,nearest_neighbor_distance,baseline
628,0.03275117148523745,0.04254380516383959,nearest_neighbor_distance,baseline
629,0.03275117148523745,0.055737236271733825,nearest_neighbor_distance,baseline
630,0.03275117148523745,0.04088644359422767,nearest_neighbor_distance,baseline
631,0.03275117148523745,0.0363922119140625,nearest_neighbor_distance,baseline
632,0.03275117148523745,0.038418741329856544,nearest_neighbor_distance,baseline
633,0.03275117148523745,0.055315662985262665,nearest_neighbor_distance,baseline
634,0.03275117148523745,0.05412006378173828,nearest_neighbor_distance,baseline
635,0.03275117148523745,0.03508646591849949,nearest_neighbor_distance,baseline
636,0.03275117148523745,0.03795780047126438,nearest_neighbor_distance,baseline
637,0.03275117148523745,0.03683932190356047,nearest_neighbor_distance,baseline
638,0.03275117148523745,0.038644072802170464,nearest_neighbor_distance,baseline
639,0.03275117148523745,0.03819746038188105,nearest_neighbor_distance,baseline
640,0.03275117148523745,0.05608315571494724,nearest_neighbor_distance,baseline
641,0.03275117148523745,0.03724879026412964,nearest_neighbor_distance,baseline
642,0.03275117148523745,0.0462749341259832,nearest_neighbor_distance,baseline
643,0.03275117148523745,0.04219511540039726,nearest_neighbor_distance,baseline
644,0.03275117148523745,0.04339791380840799,nearest_neighbor_distance,baseline
645,0.03275117148523745,0.037624607915463654,nearest_neighbor_distance,baseline
646,0.03275117148523745,0.057124640630639115,nearest_neighbor_distance,baseline
647,0.03275117148523745,0.03658157068750133,nearest_neighbor_distance,baseline
648,0.03275117148523745,0.04309417113013889,nearest_neighbor_distance,baseline
649,0.03275117148523745,0.03838289820629617,nearest_neighbor_distance,baseline
650,0.03275117148523745,0.056893636351046356,nearest_neighbor_distance,baseline
651,0.03275117148523745,0.0441326732220857,nearest_neighbor_distance,baseline
652,0.03275117148523745,0.056502280027970024,nearest_neighbor_distance,baseline
653,0.03275117148523745,0.040104155955107315,nearest_neighbor_distance,baseline
654,0.03275117148523745,0.041340529918670654,nearest_neighbor_distance,baseline
655,0.03275117148523745,0.040509470131086266,nearest_neighbor_distance,baseline
656,0.03275117148523745,0.03693187236785889,nearest_neighbor_distance,baseline
657,0.03275117148523745,0.04121120857155841,nearest_neighbor_distance,baseline
658,0.03275117148523745,0.057924309502477234,nearest_neighbor_distance,baseline
659,0.03275117148523745,0.03933635742767998,nearest_neighbor_distance,baseline
660,0.03275117148523745,0.04199006246483844,nearest_neighbor_distance,baseline
661,0.03275117148523745,0.037205810132233993,nearest_neighbor_distance,baseline
662,0.03275117148523745,0.041329282781352165,nearest_neighbor_distance,baseline
663,0.03275117148523745,0.03698788777641628,nearest_neighbor_distance,baseline
664,0.03275117148523745,0.02661588140155958,nearest_neighbor_distance,baseline
665,0.03275117148523745,0.0554267634516177,nearest_neighbor_distance,baseline
666,0.03275117148523745,0.02734171307605246,nearest_neighbor_distance,baseline
667,0.03275117148523745,0.036952666614366615,nearest_neighbor_distance,baseline
668,0.03275117148523745,0.026921189349630604,nearest_neighbor_distance,baseline
669,0.03275117148523745,0.05426604592281839,nearest_neighbor_distance,baseline
670,0.03275117148523745,0.056683161984319275,nearest_neighbor_distance,baseline
671,0.03275117148523745,0.03675718670305998,nearest_neighbor_distance,baseline
672,0.03275117148523745,0.03173903796983802,nearest_neighbor_distance,baseline
673,0.03275117148523745,0.05951530777889749,nearest_neighbor_distance,baseline
674,0.03275117148523745,0.04019317419632622,nearest_neighbor_distance,baseline
675,0.03275117148523745,0.05691257248754087,nearest_neighbor_distance,baseline
676,0.03275117148523745,0.04489426768344382,nearest_neighbor_distance,baseline
677,0.03275117148523745,0.04271588636481244,nearest_neighbor_distance,baseline
678,0.03275117148523745,0.043517618075661034,nearest_neighbor_distance,baseline
679,0.03275117148523745,0.0583861055581466,nearest_neighbor_distance,baseline
680,0.03275117148523745,0.027254428552544636,nearest_neighbor_distance,baseline
681,0.03275117148523745,0.0568980159966842,nearest_neighbor_distance,baseline
682,0.03275117148523745,0.05448045160459435,nearest_neighbor_distance,baseline
683,0.03275117148523745,0.04133435176766437,nearest_neighbor_distance,baseline
684,0.03275117148523745,0.040382224580515984,nearest_neighbor_distance,baseline
685,0.03275117148523745,0.04208441920902418,nearest_neighbor_distance,baseline
686,0.03275117148523745,0.034072184044381844,nearest_neighbor_distance,baseline
687,0.03275117148523745,0.034293306910473366,nearest_neighbor_distance,baseline
688,0.03275117148523745,0.04024505096933116,nearest_neighbor_distance,baseline
689,0.03275117148523745,0.042700236258299454,nearest_neighbor_distance,baseline
690,0.03275117148523745,0.040893596151600715,nearest_neighbor_distance,baseline
691,0.03275117148523745,0.057565476583397904,nearest_neighbor_distance,baseline
692,0.03275117148523745,0.05481709863828576,nearest_neighbor_distance,baseline
693,0.03275117148523745,0.055584117122318435,nearest_neighbor_distance,baseline
694,0.03275117148523745,0.054832150106844696,nearest_neighbor_distance,baseline
695,0.03275117148523745,0.04271192395168802,nearest_neighbor_distance,baseline
696,0.03275117148523745,0.027937150519827137,nearest_neighbor_distance,baseline
697,0.03275117148523745,0.05580376542132834,nearest_neighbor_distance,baseline
698,0.03275117148523745,0.0352996043536974,nearest_neighbor_distance,baseline
699,0.03275117148523745,0.03909944710524186,nearest_neighbor_distance,baseline
700,0.03275117148523745,0.037675253722978676,nearest_neighbor_distance,baseline
701,0.03275117148523745,0.03642902166947075,nearest_neighbor_distance,baseline
702,0.03275117148523745,0.04104105026825615,nearest_neighbor_distance,baseline
703,0.03275117148523745,0.04947579425314198,nearest_neighbor_distance,baseline
704,0.03275117148523745,0.039994815121526306,nearest_neighbor_distance,baseline
705,0.03275117148523745,0.05755960941314697,nearest_neighbor_distance,baseline
706,0.03275117148523745,0.05763648126436317,nearest_neighbor_distance,baseline
707,0.03275117148523745,0.04262935856114263,nearest_neighbor_distance,baseline
708,0.03275117148523745,0.041389237279477326,nearest_neighbor_distance,baseline
709,0.03275117148523745,0.038589249486508576,nearest_neighbor_distance,baseline
710,0.03275117148523745,0.05640887954960699,nearest_neighbor_distance,baseline
711,0.03275117148523745,0.042610621970632805,nearest_neighbor_distance,baseline
712,0.03275117148523745,0.04387142865554146,nearest_neighbor_distance,baseline
713,0.03275117148523745,0.03893219906350841,nearest_neighbor_distance,baseline
714,0.03275117148523745,0.04015530192333719,nearest_neighbor_distance,baseline
715,0.03275117148523745,0.04474983526312787,nearest_neighbor_distance,baseline
716,0.03275117148523745,0.03649500141973081,nearest_neighbor_distance,baseline
717,0.03275117148523745,0.028147661167642345,nearest_neighbor_distance,baseline
718,0.03275117148523745,0.0370580009792162,nearest_neighbor_distance,baseline
719,0.03275117148523745,0.034770395444787064,nearest_neighbor_distance,baseline
720,0.03275117148523745,0.059828753056733505,nearest_neighbor_distance,baseline
721,0.03275117148523745,0.05799987005150836,nearest_neighbor_distance,baseline
722,0.03275117148523745,0.0444162798964459,nearest_neighbor_distance,baseline
723,0.03275117148523745,0.036896428336267884,nearest_neighbor_distance,baseline
724,0.03275117148523745,0.040454825629358704,nearest_neighbor_distance,baseline
725,0.03275117148523745,0.041608701581540314,nearest_neighbor_distance,baseline
726,0.03275117148523745,0.041059361851733665,nearest_neighbor_distance,baseline
727,0.03275117148523745,0.027082505433455757,nearest_neighbor_distance,baseline
728,0.03275117148523745,0.059183278809423034,nearest_neighbor_distance,baseline
729,0.03275117148523745,0.037525669388149094,nearest_neighbor_distance,baseline
730,0.03275117148523745,0.03597979960234269,nearest_neighbor_distance,baseline
731,0.03275117148523745,0.04079054749530295,nearest_neighbor_distance,baseline
732,0.03275117148523745,0.04250723641851674,nearest_neighbor_distance,baseline
733,0.03275117148523745,0.057600119839543884,nearest_neighbor_distance,baseline
734,0.03275117148523745,0.037348050138224724,nearest_neighbor_distance,baseline
735,0.03275117148523745,0.02795732021331787,nearest_neighbor_distance,baseline
736,0.03275117148523745,0.027709953162981117,nearest_neighbor_distance,baseline
737,0.03275117148523745,0.039668650730796486,nearest_neighbor_distance,baseline
738,0.03275117148523745,0.042682015377542244,nearest_neighbor_distance,baseline
739,0.03275117148523745,0.043069665846617325,nearest_neighbor_distance,baseline
740,0.03275117148523745,0.03870471923247627,nearest_neighbor_distance,baseline
741,0.03275117148523745,0.056432840616806694,nearest_neighbor_distance,baseline
742,0.03275117148523745,0.03519734092380689,nearest_neighbor_distance,baseline
743,0.03275117148523745,0.03670117647751518,nearest_neighbor_distance,baseline
744,0.03275117148523745,0.03909719767777816,nearest_neighbor_distance,baseline
745,0.03275117148523745,0.05685991048812866,nearest_neighbor_distance,baseline
746,0.03275117148523745,0.04654184631679369,nearest_neighbor_distance,baseline
747,0.03275117148523745,0.040321702542512314,nearest_neighbor_distance,baseline
748,0.03275117148523745,0.03809115679367729,nearest_neighbor_distance,baseline
749,0.03275117148523745,0.043061300464298416,nearest_neighbor_distance,baseline
750,0.03275117148523745,0.03601298643195111,nearest_neighbor_distance,baseline
751,0.03275117148523745,0.060036928757377296,nearest_neighbor_distance,baseline
752,0.03275117148523745,0.03501950398735378,nearest_neighbor_distance,baseline
753,0.03275117148523745,0.05240793072659036,nearest_neighbor_distance,baseline
754,0.03275117148523745,0.04172804044640582,nearest_neighbor_distance,baseline
755,0.03275117148523745,0.05631572267283564,nearest_neighbor_distance,baseline
756,0.03275117148523745,0.05520291691241057,nearest_neighbor_distance,baseline
757,0.03275117148523745,0.05763454022614852,nearest_neighbor_distance,baseline
758,0.03275117148523745,0.05689684981885164,nearest_neighbor_distance,baseline
759,0.03275117148523745,0.042045328928076706,nearest_neighbor_distance,baseline
760,0.03275117148523745,0.0419217788654825,nearest_neighbor_distance,baseline
761,0.03275117148523745,0.05945577569629835,nearest_neighbor_distance,baseline
762,0.03275117148523745,0.028022252995034923,nearest_neighbor_distance,baseline
763,0.03275117148523745,0.04391148038532423,nearest_neighbor_distance,baseline
764,0.03275117148523745,0.026987438616545303,nearest_neighbor_distance,baseline
765,0.03275117148523745,0.05650938593822977,nearest_neighbor_distance,baseline
766,0.03275117148523745,0.03859226599983547,nearest_neighbor_distance,baseline
767,0.03275117148523745,0.04450908951137377,nearest_neighbor_distance,baseline
768,0.03275117148523745,0.057366788387298584,nearest_neighbor_distance,baseline
769,0.03275117148523745,0.036897742229959236,nearest_neighbor_distance,baseline
770,0.03275117148523745,0.035494801790817924,nearest_neighbor_distance,baseline
771,0.03275117148523745,0.03775559819262961,nearest_neighbor_distance,baseline
772,0.03275117148523745,0.04221150926921679,nearest_neighbor_distance,baseline
773,0.03275117148523745,0.040473759174346924,nearest_neighbor_distance,baseline
774,0.03275117148523745,0.03571487768836643,nearest_neighbor_distance,baseline
775,0.03275117148523745,0.042833898378455124,nearest_neighbor_distance,baseline
776,0.03275117148523745,0.037113739096600075,nearest_neighbor_distance,baseline
777,0.03275117148523745,0.041140854358673096,nearest_neighbor_distance,baseline
778,0.03275117148523745,0.028765613618104355,nearest_neighbor_distance,baseline
779,0.03275117148523745,0.03691769423692123,nearest_neighbor_distance,baseline
780,0.03275117148523745,0.0251086483830991,nearest_neighbor_distance,baseline
781,0.03275117148523745,0.04463418929473213,nearest_neighbor_distance,baseline
782,0.03275117148523745,0.03768311635307644,nearest_neighbor_distance,baseline
783,0.03275117148523745,0.03836970484775046,nearest_neighbor_distance,baseline
784,0.03275117148523745,0.03982422662817914,nearest_neighbor_distance,baseline
785,0.03275117148523745,0.05859341828719429,nearest_neighbor_distance,baseline
786,0.03275117148523745,0.04628591692965964,nearest_neighbor_distance,baseline
787,0.03275117148523745,0.057139655818109925,nearest_neighbor_distance,baseline
788,0.03275117148523745,0.043072783428689705,nearest_neighbor_distance,baseline
789,0.03275117148523745,0.041391362314638885,nearest_neighbor_distance,baseline
790,0.03275117148523745,0.05839205565659896,nearest_neighbor_distance,baseline
791,0.03275117148523745,0.04331591595774111,nearest_neighbor_distance,baseline
792,0.03275117148523745,0.037231248358021614,nearest_neighbor_distance,baseline
793,0.03275117148523745,0.0435713037200596,nearest_neighbor_distance,baseline
794,0.03275117148523745,0.027701979098112686,nearest_neighbor_distance,baseline
795,0.03275117148523745,0.05975561556608781,nearest_neighbor_distance,baseline
796,0.03275117148523745,0.041938740274180535,nearest_neighbor_distance,baseline
797,0.03275117148523745,0.03644544663636581,nearest_neighbor_distance,baseline
798,0.03275117148523745,0.054023214008497154,nearest_neighbor_distance,baseline
799,0.03275117148523745,0.03692093621129575,nearest_neighbor_distance,baseline
800,0.03275117148523745,0.039581345475238304,nearest_neighbor_distance,baseline
801,0.03275117148523745,0.037822028864984925,nearest_neighbor_distance,baseline
802,0.03275117148523745,0.04075535224831622,nearest_neighbor_distance,baseline
803,0.03275117148523745,0.0433553871901139,nearest_neighbor_distance,baseline
804,0.03275117148523745,0.036715168019999626,nearest_neighbor_distance,baseline
805,0.03275117148523745,0.05777341904847518,nearest_neighbor_distance,baseline
806,0.03275117148523745,0.0422415396441584,nearest_neighbor_distance,baseline
807,0.03275117148523745,0.027418203975843346,nearest_neighbor_distance,baseline
808,0.03275117148523745,0.03746119012003359,nearest_neighbor_distance,baseline
809,0.03275117148523745,0.041047995505125626,nearest_neighbor_distance,baseline
810,0.03275117148523745,0.02717653046483579,nearest_neighbor_distance,baseline
811,0.03275117148523745,0.03840200019919354,nearest_neighbor_distance,baseline
812,0.03275117148523745,0.03551405668258667,nearest_neighbor_distance,baseline
813,0.03275117148523745,0.040728504243104355,nearest_neighbor_distance,baseline
814,0.03275117148523745,0.04328671745632006,nearest_neighbor_distance,baseline
815,0.03275117148523745,0.045959488205287766,nearest_neighbor_distance,baseline
816,0.03275117148523745,0.026466227096060047,nearest_neighbor_distance,baseline
817,0.03275117148523745,0.035212133241736374,nearest_neighbor_distance,baseline
818,0.03275117148523745,0.04098210904909217,nearest_neighbor_distance,baseline
819,0.03275117148523745,0.05491554477940435,nearest_neighbor_distance,baseline
820,0.03275117148523745,0.05766502670619799,nearest_neighbor_distance,baseline
821,0.03275117148523745,0.043643956599028214,nearest_neighbor_distance,baseline
822,0.03275117148523745,0.041422830975574,nearest_neighbor_distance,baseline
823,0.03275117148523745,0.0490190283111904,nearest_neighbor_distance,baseline
824,0.03275117148523745,0.037503626035607376,nearest_neighbor_distance,baseline
825,0.03275117148523745,0.03849219498427018,nearest_neighbor_distance,baseline
826,0.03275117148523745,0.03719747843949691,nearest_neighbor_distance,baseline
827,0.03275117148523745,0.028542228367017662,nearest_neighbor_distance,baseline
828,0.03275117148523745,0.04500270926434061,nearest_neighbor_distance,baseline
829,0.03275117148523745,0.028261093989662502,nearest_neighbor_distance,baseline
830,0.03275117148523745,0.04244135255398958,nearest_neighbor_distance,baseline
831,0.03275117148523745,0.03697438343711521,nearest_neighbor_distance,baseline
832,0.03275117148523745,0.028431475162506104,nearest_neighbor_distance,baseline
833,0.03275117148523745,0.04142637615618498,nearest_neighbor_distance,baseline
834,0.03275117148523745,0.05798625427743663,nearest_neighbor_distance,baseline
835,0.03275117148523745,0.04272304928821066,nearest_neighbor_distance,baseline
836,0.03275117148523745,0.05619268831999406,nearest_neighbor_distance,baseline
837,0.03275117148523745,0.054111174915147865,nearest_neighbor_distance,baseline
838,0.03275117148523745,0.03674015791519829,nearest_neighbor_distance,baseline
839,0.03275117148523745,0.054322393044181495,nearest_neighbor_distance,baseline
840,0.03275117148523745,0.027674086715864098,nearest_neighbor_distance,baseline
841,0.03275117148523745,0.03832746070364247,nearest_neighbor_distance,baseline
842,0.03275117148523745,0.02686607319375743,nearest_neighbor_distance,baseline
843,0.03275117148523745,0.05938639588977979,nearest_neighbor_distance,baseline
844,0.03275117148523745,0.041879293711289116,nearest_neighbor_distance,baseline
845,0.03275117148523745,0.041477522124414856,nearest_neighbor_distance,baseline
846,0.03275117148523745,0.05867145113323046,nearest_neighbor_distance,baseline
847,0.03275117148523745,0.043603749378867775,nearest_neighbor_distance,baseline
848,0.03275117148523745,0.03825675404590109,nearest_neighbor_distance,baseline
849,0.03275117148523745,0.04724984842797984,nearest_neighbor_distance,baseline
850,0.03275117148523745,0.057212420131849205,nearest_neighbor_distance,baseline
851,0.03275117148523745,0.03726166745890742,nearest_neighbor_distance,baseline
852,0.03275117148523745,0.05746717297512552,nearest_neighbor_distance,baseline
853,0.03275117148523745,0.0593224893445554,nearest_neighbor_distance,baseline
854,0.03275117148523745,0.05468320328256358,nearest_neighbor_distance,baseline
855,0.03275117148523745,0.048657888951508896,nearest_neighbor_distance,baseline
856,0.03275117148523745,0.03476295782172162,nearest_neighbor_distance,baseline
857,0.03275117148523745,0.04366079102391782,nearest_neighbor_distance,baseline
858,0.03275117148523745,0.0471928041914235,nearest_neighbor_distance,baseline
859,0.03275117148523745,0.04173261963802835,nearest_neighbor_distance,baseline
860,0.03275117148523745,0.041296054487643036,nearest_neighbor_distance,baseline
861,0.03275117148523745,0.056536796300307564,nearest_neighbor_distance,baseline
862,0.03275117148523745,0.0409656374350838,nearest_neighbor_distance,baseline
863,0.03275117148523745,0.04548693221548329,nearest_neighbor_distance,baseline
864,0.03275117148523745,0.04447437110154525,nearest_neighbor_distance,baseline
865,0.03275117148523745,0.05568736791610718,nearest_neighbor_distance,baseline
866,0.03275117148523745,0.03750003161637679,nearest_neighbor_distance,baseline
867,0.03275117148523745,0.026792404444321342,nearest_neighbor_distance,baseline
868,0.03275117148523745,0.05805148249087126,nearest_neighbor_distance,baseline
869,0.03275117148523745,0.04318888809369958,nearest_neighbor_distance,baseline
870,0.03275117148523745,0.04096472004185552,nearest_neighbor_distance,baseline
871,0.03275117148523745,0.04239226942477019,nearest_neighbor_distance,baseline
872,0.03275117148523745,0.04243798359580662,nearest_neighbor_distance,baseline
873,0.03275117148523745,0.04769696100898411,nearest_neighbor_distance,baseline
874,0.03275117148523745,0.03791147470474243,nearest_neighbor_distance,baseline
875,0.03275117148523745,0.055842334809510605,nearest_neighbor_distance,baseline
876,0.03275117148523745,0.03613494790118674,nearest_neighbor_distance,baseline
877,0.03275117148523745,0.05686428754226021,nearest_neighbor_distance,baseline
878,0.03275117148523745,0.04033861989560335,nearest_neighbor_distance,baseline
879,0.03275117148523745,0.05383979237597922,nearest_neighbor_distance,baseline
880,0.03275117148523745,0.03692182768946108,nearest_neighbor_distance,baseline
881,0.03275117148523745,0.02651369571685791,nearest_neighbor_distance,baseline
882,0.03275117148523745,0.04196177099062049,nearest_neighbor_distance,baseline
883,0.03275117148523745,0.028485305931257164,nearest_neighbor_distance,baseline
884,0.03275117148523745,0.037222043327663254,nearest_neighbor_distance,baseline
885,0.03275117148523745,0.05737054866293202,nearest_neighbor_distance,baseline
886,0.03275117148523745,0.057168481142624565,nearest_neighbor_distance,baseline
887,0.03275117148523745,0.04199103687120521,nearest_neighbor_distance,baseline
888,0.03275117148523745,0.0580335751823757,nearest_neighbor_distance,baseline
889,0.03275117148523745,0.0502704407857812,nearest_neighbor_distance,baseline
890,0.03275117148523745,0.039044693760249924,nearest_neighbor_distance,baseline
891,0.03275117148523745,0.03730084066805632,nearest_neighbor_distance,baseline
892,0.03275117148523745,0.05755050286002781,nearest_neighbor_distance,baseline
893,0.03275117148523745,0.03738750841306603,nearest_neighbor_distance,baseline
894,0.03275117148523745,0.05665099620819092,nearest_neighbor_distance,baseline
895,0.03275117148523745,0.027255532534226128,nearest_neighbor_distance,baseline
896,0.03275117148523745,0.05525320509205694,nearest_neighbor_distance,baseline
897,0.03275117148523745,0.038947986519855,nearest_neighbor_distance,baseline
898,0.03275117148523745,0.047232679698778236,nearest_neighbor_distance,baseline
899,0.03275117148523745,0.05890032260314278,nearest_neighbor_distance,baseline
900,0.03275117148523745,0.04463532437448916,nearest_neighbor_distance,baseline
901,0.03275117148523745,0.04051736385925957,nearest_neighbor_distance,baseline
902,0.03275117148523745,0.034110312876494034,nearest_neighbor_distance,baseline
903,0.03275117148523745,0.037078004816304085,nearest_neighbor_distance,baseline
904,0.03275117148523745,0.028475782145624576,nearest_neighbor_distance,baseline
905,0.03275117148523745,0.05528204337410305,nearest_neighbor_distance,baseline
906,0.03275117148523745,0.043932906959367836,nearest_neighbor_distance,baseline
907,0.03275117148523745,0.03698842940123185,nearest_neighbor_distance,baseline
908,0.03275117148523745,0.03542571482451066,nearest_neighbor_distance,baseline
909,0.03275117148523745,0.05685040225153384,nearest_neighbor_distance,baseline
910,0.03275117148523745,0.0408579655315565,nearest_neighbor_distance,baseline
911,0.03275117148523745,0.03853964546452398,nearest_neighbor_distance,baseline
912,0.03275117148523745,0.03608411291371221,nearest_neighbor_distance,baseline
913,0.03275117148523745,0.038923419040182365,nearest_neighbor_distance,baseline
914,0.03275117148523745,0.04652442361997521,nearest_neighbor_distance,baseline
915,0.03275117148523745,0.041828917420428734,nearest_neighbor_distance,baseline
916,0.03275117148523745,0.026130787704301918,nearest_neighbor_distance,baseline
917,0.03275117148523745,0.059260096239007035,nearest_neighbor_distance,baseline
918,0.03275117148523745,0.05515695395676986,nearest_neighbor_distance,baseline
919,0.03275117148523745,0.027963770472485085,nearest_neighbor_distance,baseline
920,0.03275117148523745,0.03784453868865967,nearest_neighbor_distance,baseline
921,0.03275117148523745,0.0563309063082156,nearest_neighbor_distance,baseline
922,0.03275117148523745,0.04183757045994634,nearest_neighbor_distance,baseline
923,0.03275117148523745,0.029989926711372707,nearest_neighbor_distance,baseline
924,0.03275117148523745,0.03850559307181317,nearest_neighbor_distance,baseline
925,0.03275117148523745,0.03669656359631082,nearest_neighbor_distance,baseline
926,0.03275117148523745,0.036879269973091454,nearest_neighbor_distance,baseline
927,0.03275117148523745,0.05881216474201368,nearest_neighbor_distance,baseline
928,0.03275117148523745,0.040348597194837486,nearest_neighbor_distance,baseline
929,0.03275117148523745,0.058678896530814796,nearest_neighbor_distance,baseline
930,0.03275117148523745,0.04184079170227051,nearest_neighbor_distance,baseline
931,0.03275117148523745,0.043891435084135635,nearest_neighbor_distance,baseline
932,0.03275117148523745,0.029120592967323635,nearest_neighbor_distance,baseline
933,0.03275117148523745,0.04651923801587975,nearest_neighbor_distance,baseline
934,0.03275117148523745,0.05772088144136512,nearest_neighbor_distance,baseline
935,0.03275117148523745,0.0369753448859505,nearest_neighbor_distance,baseline
936,0.03275117148523745,0.042171864405922264,nearest_neighbor_distance,baseline
937,0.03275117148523745,0.03844877429630445,nearest_neighbor_distance,baseline
938,0.03275117148523745,0.048861513967099396,nearest_neighbor_distance,baseline
939,0.03275117148523745,0.046632857426353126,nearest_neighbor_distance,baseline
940,0.03275117148523745,0.03723902028539906,nearest_neighbor_distance,baseline
941,0.03275117148523745,0.045651544695315155,nearest_neighbor_distance,baseline
942,0.03275117148523745,0.039019550966179886,nearest_neighbor_distance,baseline
943,0.03275117148523745,0.04052095050397127,nearest_neighbor_distance,baseline
944,0.03275117148523745,0.03961001271786897,nearest_neighbor_distance,baseline
945,0.03275117148523745,0.02665526193121205,nearest_neighbor_distance,baseline
946,0.03275117148523745,0.03532873288444851,nearest_neighbor_distance,baseline
947,0.03275117148523745,0.05745364012925521,nearest_neighbor_distance,baseline
948,0.03275117148523745,0.041936641154081924,nearest_neighbor_distance,baseline
949,0.03275117148523745,0.03956194027610447,nearest_neighbor_distance,baseline
950,0.03275117148523745,0.041821827059206756,nearest_neighbor_distance,baseline
951,0.03275117148523745,0.034647550271904984,nearest_neighbor_distance,baseline
952,0.03275117148523745,0.059010313904803734,nearest_neighbor_distance,baseline
953,0.03275117148523745,0.04131016005640444,nearest_neighbor_distance,baseline
954,0.03275117148523745,0.028985886470131252,nearest_neighbor_distance,baseline
955,0.03275117148523745,0.05826592186222906,nearest_neighbor_distance,baseline
956,0.03275117148523745,0.04099281197008879,nearest_neighbor_distance,baseline
957,0.03275117148523745,0.05432581124098405,nearest_neighbor_distance,baseline
958,0.03275117148523745,0.03697313692258752,nearest_neighbor_distance,baseline
959,0.03275117148523745,0.04234717462373817,nearest_neighbor_distance,baseline
960,0.03275117148523745,0.04106965013172315,nearest_neighbor_distance,baseline
961,0.03275117148523745,0.05924861586612204,nearest_neighbor_distance,baseline
962,0.03275117148523745,0.0360501071681147,nearest_neighbor_distance,baseline
963,0.03275117148523745,0.04209416327269181,nearest_neighbor_distance,baseline
964,0.03275117148523745,0.04083955547083979,nearest_neighbor_distance,baseline
965,0.03275117148523745,0.03484257666961006,nearest_neighbor_distance,baseline
966,0.03275117148523745,0.04532220830088076,nearest_neighbor_distance,baseline
967,0.03275117148523745,0.025695671205935272,nearest_neighbor_distance,baseline
968,0.03275117148523745,0.041276677795078445,nearest_neighbor_distance,baseline
969,0.03275117148523745,0.03966669932655666,nearest_neighbor_distance,baseline
970,0.03275117148523745,0.03720270809919938,nearest_neighbor_distance,baseline
971,0.03275117148523745,0.056263993615689484,nearest_neighbor_distance,baseline
972,0.03275117148523745,0.03673581455064857,nearest_neighbor_distance,baseline
973,0.03275117148523745,0.041908922402755074,nearest_neighbor_distance,baseline
974,0.03275117148523745,0.04233109951019287,nearest_neighbor_distance,baseline
975,0.03275117148523745,0.04069220501443614,nearest_neighbor_distance,baseline
976,0.03275117148523745,0.03725335131520811,nearest_neighbor_distance,baseline
977,0.03275117148523745,0.03749394935110341,nearest_neighbor_distance,baseline
978,0.03275117148523745,0.05707934110060982,nearest_neighbor_distance,baseline
979,0.03275117148523745,0.03581804555395375,nearest_neighbor_distance,baseline
980,0.03275117148523745,0.027320908463519554,nearest_neighbor_distance,baseline
981,0.03275117148523745,0.04124581295510997,nearest_neighbor_distance,baseline
982,0.03275117148523745,0.057717566904814346,nearest_neighbor_distance,baseline
983,0.03275117148523745,0.04222741852635923,nearest_neighbor_distance,baseline
984,0.03275117148523745,0.041165686171987785,nearest_neighbor_distance,baseline
985,0.03275117148523745,0.04112083238104115,nearest_neighbor_distance,baseline
986,0.03275117148523745,0.05472775386727374,nearest_neighbor_distance,baseline
987,0.03275117148523745,0.0415018978326217,nearest_neighbor_distance,baseline
988,0.03275117148523745,0.040535665076711906,nearest_neighbor_distance,baseline
989,0.03275117148523745,0.042618020721103836,nearest_neighbor_distance,baseline
990,0.03275117148523745,0.05722358434096626,nearest_neighbor_distance,baseline
991,0.03275117148523745,0.03788798010867575,nearest_neighbor_distance,baseline
992,0.03275117148523745,0.05728250482807989,nearest_neighbor_distance,baseline
993,0.03275117148523745,0.03735257231670877,nearest_neighbor_distance,baseline
994,0.03275117148523745,0.035998204480046814,nearest_neighbor_distance,baseline
995,0.03275117148523745,0.05824970939885015,nearest_neighbor_distance,baseline
996,0.03275117148523745,0.027450571889462677,nearest_neighbor_distance,baseline
997,0.03275117148523745,0.03244966009388799,nearest_neighbor_distance,baseline
998,0.03275117148523745,0.05520208244738371,nearest_neighbor_distance,baseline
999,0.03275117148523745,0.043196522671243416,nearest_neighbor_distance,baseline
0,4.262692390839622,4.2626923908396215,grid_entropy,baseline
1,4.262692390839622,4.2626923908396215,grid_entropy,baseline
2,4.262692390839622,3.414441303694973,grid_entropy,baseline
3,4.262692390839622,3.290321609248305,grid_entropy,baseline
4,4.262692390839622,3.4357554339416274,grid_entropy,baseline
5,4.262692390839622,3.3487989122024966,grid_entropy,baseline
6,4.262692390839622,3.203365087509175,grid_entropy,baseline
7,4.262692390839622,3.348798912202497,grid_entropy,baseline
8,4.262692390839622,3.468576629687865,grid_entropy,baseline
9,4.262692390839622,3.1961999989708905,grid_entropy,baseline
10,4.262692390839622,3.153571738477581,grid_entropy,baseline
11,4.262692390839622,3.327484781955842,grid_entropy,baseline
12,4.262692390839622,3.6424896731661267,grid_entropy,baseline
13,4.262692390839622,3.1748858687242363,grid_entropy,baseline
14,4.262692390839622,3.534219021180341,grid_entropy,baseline
15,4.262692390839622,3.294663586209604,grid_entropy,baseline
16,4.262692390839622,3.2903216092483056,grid_entropy,baseline
17,4.262692390839622,3.207707064470474,grid_entropy,baseline
18,4.262692390839622,3.555533151426996,grid_entropy,baseline
19,4.262692390839622,3.2733494559629492,grid_entropy,baseline
20,4.262692390839622,4.2626923908396215,grid_entropy,baseline
21,4.262692390839622,4.349648912578752,grid_entropy,baseline
22,4.262692390839622,3.3274847819558424,grid_entropy,baseline
23,4.262692390839622,3.4472624994412104,grid_entropy,baseline
24,4.262692390839622,3.4144413036949723,grid_entropy,baseline
25,4.262692390839622,3.099436412484688,grid_entropy,baseline
26,4.262692390839622,3.414441303694973,grid_entropy,baseline
27,4.262692390839622,3.4472624994412104,grid_entropy,baseline
28,4.262692390839622,3.36030597770208,grid_entropy,baseline
29,4.262692390839622,3.327484781955842,grid_entropy,baseline
30,4.262692390839622,3.2077070644704735,grid_entropy,baseline
31,4.262692390839622,3.4357554339416274,grid_entropy,baseline
32,4.262692390839622,3.2733494559629497,grid_entropy,baseline
33,4.262692390839622,3.5227119556807582,grid_entropy,baseline
34,4.262692390839622,3.3816201079487347,grid_entropy,baseline
35,4.262692390839622,3.327484781955842,grid_entropy,baseline
36,4.262692390839622,3.327484781955842,grid_entropy,baseline
37,4.262692390839622,3.4472624994412104,grid_entropy,baseline
38,4.262692390839622,4.229871195093383,grid_entropy,baseline
39,4.262692390839622,4.349648912578752,grid_entropy,baseline
40,4.262692390839622,3.22467921775583,grid_entropy,baseline
41,4.262692390839622,3.327484781955842,grid_entropy,baseline
42,4.262692390839622,3.6211755429194716,grid_entropy,baseline
43,4.262692390839622,3.4144413036949723,grid_entropy,baseline
44,4.262692390839622,3.9148663038831,grid_entropy,baseline
45,4.262692390839622,3.3231428049945433,grid_entropy,baseline
46,4.262692390839622,3.2733494559629492,grid_entropy,baseline
47,4.262692390839622,3.3444569352411984,grid_entropy,baseline
48,4.262692390839622,3.5555331514269954,grid_entropy,baseline
49,4.262692390839622,3.294663586209604,grid_entropy,baseline
50,4.262692390839622,3.36030597770208,grid_entropy,baseline
51,4.262692390839622,3.2077070644704735,grid_entropy,baseline
52,4.262692390839622,3.2733494559629492,grid_entropy,baseline
53,4.262692390839622,3.3487989122024966,grid_entropy,baseline
54,4.262692390839622,3.348798912202497,grid_entropy,baseline
55,4.262692390839622,4.1757358691004915,grid_entropy,baseline
56,4.262692390839622,3.534219021180341,grid_entropy,baseline
57,4.262692390839622,3.3444569352411984,grid_entropy,baseline
58,4.262692390839622,3.468576629687865,grid_entropy,baseline
59,4.262692390839622,2.9753167180380213,grid_entropy,baseline
60,4.262692390839622,3.3487989122024966,grid_entropy,baseline
61,4.262692390839622,3.3816201079487347,grid_entropy,baseline
62,4.262692390839622,3.5883543471732335,grid_entropy,baseline
63,4.262692390839622,3.120750542731343,grid_entropy,baseline
64,4.262692390839622,3.2077070644704735,grid_entropy,baseline
65,4.262692390839622,3.2946635862096043,grid_entropy,baseline
66,4.262692390839622,3.3816201079487347,grid_entropy,baseline
67,4.262692390839622,3.468576629687865,grid_entropy,baseline
68,4.262692390839622,3.534219021180341,grid_entropy,baseline
69,4.262692390839622,3.4472624994412104,grid_entropy,baseline
70,4.262692390839622,3.2575004135020675,grid_entropy,baseline
71,4.262692390839622,2.9424955222917837,grid_entropy,baseline
72,4.262692390839622,3.083587370023807,grid_entropy,baseline
73,4.262692390839622,3.2077070644704735,grid_entropy,baseline
74,4.262692390839622,3.468576629687865,grid_entropy,baseline
75,4.262692390839622,3.2618423904633667,grid_entropy,baseline
76,4.262692390839622,3.4472624994412104,grid_entropy,baseline
77,4.262692390839622,3.083587370023807,grid_entropy,baseline
78,4.262692390839622,3.2077070644704735,grid_entropy,baseline
79,4.262692390839622,3.3487989122024966,grid_entropy,baseline
80,4.262692390839622,3.2077070644704735,grid_entropy,baseline
81,4.262692390839622,3.083587370023807,grid_entropy,baseline
82,4.262692390839622,3.4472624994412104,grid_entropy,baseline
83,4.262692390839622,3.36030597770208,grid_entropy,baseline
84,4.262692390839622,3.621175542919471,grid_entropy,baseline
85,4.262692390839622,3.2077070644704735,grid_entropy,baseline
86,4.262692390839622,3.4144413036949723,grid_entropy,baseline
87,4.262692390839622,3.327484781955842,grid_entropy,baseline
88,4.262692390839622,3.468576629687865,grid_entropy,baseline
89,4.262692390839622,3.534219021180341,grid_entropy,baseline
90,4.262692390839622,3.414441303694973,grid_entropy,baseline
91,4.262692390839622,3.4029342381953898,grid_entropy,baseline
92,4.262692390839622,3.381620107948735,grid_entropy,baseline
93,4.262692390839622,3.4357554339416274,grid_entropy,baseline
94,4.262692390839622,3.170543891762937,grid_entropy,baseline
95,4.262692390839622,3.344456935241198,grid_entropy,baseline
96,4.262692390839622,3.4472624994412104,grid_entropy,baseline
97,4.262692390839622,3.4357554339416274,grid_entropy,baseline
98,4.262692390839622,3.4357554339416274,grid_entropy,baseline
99,4.262692390839622,3.4357554339416274,grid_entropy,baseline
100,4.262692390839622,3.5555331514269954,grid_entropy,baseline
101,4.262692390839622,3.468576629687865,grid_entropy,baseline
102,4.262692390839622,3.6753108689123644,grid_entropy,baseline
103,4.262692390839622,3.5883543471732335,grid_entropy,baseline
104,4.262692390839622,3.0879293469851055,grid_entropy,baseline
105,4.262692390839622,4.1429146733542535,grid_entropy,baseline
106,4.262692390839622,3.3931271734483177,grid_entropy,baseline
107,4.262692390839622,3.327484781955842,grid_entropy,baseline
108,4.262692390839622,3.3274847819558424,grid_entropy,baseline
109,4.262692390839622,3.1535717384775808,grid_entropy,baseline
110,4.262692390839622,3.0507661742775687,grid_entropy,baseline
111,4.262692390839622,3.555533151426996,grid_entropy,baseline
112,4.262692390839622,3.0464241973162705,grid_entropy,baseline
113,4.262692390839622,3.294663586209604,grid_entropy,baseline
114,4.262692390839622,3.0507661742775687,grid_entropy,baseline
115,4.262692390839622,3.327484781955842,grid_entropy,baseline
116,4.262692390839622,3.2733494559629492,grid_entropy,baseline
117,4.262692390839622,3.501397825434103,grid_entropy,baseline
118,4.262692390839622,3.4144413036949723,grid_entropy,baseline
119,4.262692390839622,4.436605434317882,grid_entropy,baseline
120,4.262692390839622,3.22467921775583,grid_entropy,baseline
121,4.262692390839622,3.4472624994412104,grid_entropy,baseline
122,4.262692390839622,3.2733494559629492,grid_entropy,baseline
123,4.262692390839622,4.1429146733542535,grid_entropy,baseline
124,4.262692390839622,4.229871195093383,grid_entropy,baseline
125,4.262692390839622,3.555533151426996,grid_entropy,baseline
126,4.262692390839622,3.2033650875091753,grid_entropy,baseline
127,4.262692390839622,3.501397825434103,grid_entropy,baseline
128,4.262692390839622,3.5883543471732335,grid_entropy,baseline
129,4.262692390839622,3.4144413036949723,grid_entropy,baseline
130,4.262692390839622,3.3603059777020796,grid_entropy,baseline
131,4.262692390839622,3.468576629687865,grid_entropy,baseline
132,4.262692390839622,4.110093477608015,grid_entropy,baseline
133,4.262692390839622,3.435755433941627,grid_entropy,baseline
134,4.262692390839622,3.137722696016699,grid_entropy,baseline
135,4.262692390839622,3.4144413036949723,grid_entropy,baseline
136,4.262692390839622,3.4144413036949723,grid_entropy,baseline
137,4.262692390839622,3.114589262293244,grid_entropy,baseline
138,4.262692390839622,3.3444569352411984,grid_entropy,baseline
139,4.262692390839622,3.203365087509175,grid_entropy,baseline
140,4.262692390839622,3.4472624994412104,grid_entropy,baseline
141,4.262692390839622,3.1207505427313436,grid_entropy,baseline
142,4.262692390839622,3.3931271734483177,grid_entropy,baseline
143,4.262692390839622,3.468576629687865,grid_entropy,baseline
144,4.262692390839622,3.327484781955842,grid_entropy,baseline
145,4.262692390839622,3.0835873700238063,grid_entropy,baseline
146,4.262692390839622,3.1705438917629367,grid_entropy,baseline
147,4.262692390839622,3.348798912202497,grid_entropy,baseline
148,4.262692390839622,3.240528260216711,grid_entropy,baseline
149,4.262692390839622,3.257500413502068,grid_entropy,baseline
150,4.262692390839622,3.1333807190554004,grid_entropy,baseline
151,4.262692390839622,3.2033650875091753,grid_entropy,baseline
152,4.262692390839622,3.414441303694973,grid_entropy,baseline
153,4.262692390839622,3.2946635862096043,grid_entropy,baseline
154,4.262692390839622,3.0994364124846885,grid_entropy,baseline
155,4.262692390839622,3.261842390463366,grid_entropy,baseline
156,4.262692390839622,3.294663586209604,grid_entropy,baseline
157,4.262692390839622,3.501397825434103,grid_entropy,baseline
158,4.262692390839622,3.3816201079487342,grid_entropy,baseline
159,4.262692390839622,3.3444569352411984,grid_entropy,baseline
160,4.262692390839622,3.377278130987436,grid_entropy,baseline
161,4.262692390839622,2.697474999535274,grid_entropy,baseline
162,4.262692390839622,3.3816201079487342,grid_entropy,baseline
163,4.262692390839622,4.349648912578752,grid_entropy,baseline
164,4.262692390839622,3.2290211947171286,grid_entropy,baseline
165,4.262692390839622,3.534219021180341,grid_entropy,baseline
166,4.262692390839622,3.501397825434103,grid_entropy,baseline
167,4.262692390839622,3.4144413036949723,grid_entropy,baseline
168,4.262692390839622,3.468576629687865,grid_entropy,baseline
169,4.262692390839622,3.229021194717128,grid_entropy,baseline
170,4.262692390839622,3.099436412484688,grid_entropy,baseline
171,4.262692390839622,3.3116357394949603,grid_entropy,baseline
172,4.262692390839622,3.468576629687865,grid_entropy,baseline
173,4.262692390839622,3.083587370023807,grid_entropy,baseline
174,4.262692390839622,3.2946635862096043,grid_entropy,baseline
175,4.262692390839622,3.2733494559629492,grid_entropy,baseline
176,4.262692390839622,3.3816201079487342,grid_entropy,baseline
177,4.262692390839622,3.534219021180341,grid_entropy,baseline
178,4.262692390839622,3.2077070644704735,grid_entropy,baseline
179,4.262692390839622,3.522711955680758,grid_entropy,baseline
180,4.262692390839622,3.4472624994412104,grid_entropy,baseline
181,4.262692390839622,2.9638096525384383,grid_entropy,baseline
182,4.262692390839622,3.3603059777020796,grid_entropy,baseline
183,4.262692390839622,3.207707064470474,grid_entropy,baseline
184,4.262692390839622,3.2733494559629492,grid_entropy,baseline
185,4.262692390839622,3.3816201079487342,grid_entropy,baseline
186,4.262692390839622,3.3487989122024966,grid_entropy,baseline
187,4.262692390839622,4.2626923908396215,grid_entropy,baseline
188,4.262692390839622,3.294663586209604,grid_entropy,baseline
189,4.262692390839622,3.5883543471732335,grid_entropy,baseline
190,4.262692390839622,3.294663586209604,grid_entropy,baseline
191,4.262692390839622,3.2946635862096043,grid_entropy,baseline
192,4.262692390839622,3.5342190211803413,grid_entropy,baseline
193,4.262692390839622,3.2033650875091753,grid_entropy,baseline
194,4.262692390839622,3.480083695187448,grid_entropy,baseline
195,4.262692390839622,3.294663586209604,grid_entropy,baseline
196,4.262692390839622,4.1757358691004915,grid_entropy,baseline
197,4.262692390839622,4.1757358691004915,grid_entropy,baseline
198,4.262692390839622,3.2077070644704735,grid_entropy,baseline
199,4.262692390839622,3.170543891762937,grid_entropy,baseline
200,4.262692390839622,3.468576629687865,grid_entropy,baseline
201,4.262692390839622,3.3231428049945433,grid_entropy,baseline
202,4.262692390839622,3.2575004135020675,grid_entropy,baseline
203,4.262692390839622,3.468576629687865,grid_entropy,baseline
204,4.262692390839622,3.1705438917629367,grid_entropy,baseline
205,4.262692390839622,3.2077070644704735,grid_entropy,baseline
206,4.262692390839622,3.5342190211803413,grid_entropy,baseline
207,4.262692390839622,3.1049015002704614,grid_entropy,baseline
208,4.262692390839622,3.534219021180341,grid_entropy,baseline
209,4.262692390839622,3.5883543471732335,grid_entropy,baseline
210,4.262692390839622,3.468576629687865,grid_entropy,baseline
211,4.262692390839622,3.1535717384775808,grid_entropy,baseline
212,4.262692390839622,3.675310868912364,grid_entropy,baseline
213,4.262692390839622,3.555533151426996,grid_entropy,baseline
214,4.262692390839622,3.5883543471732335,grid_entropy,baseline
215,4.262692390839622,3.4144413036949723,grid_entropy,baseline
216,4.262692390839622,3.017944978531331,grid_entropy,baseline
217,4.262692390839622,3.522711955680758,grid_entropy,baseline
218,4.262692390839622,3.3931271734483177,grid_entropy,baseline
219,4.262692390839622,3.327484781955842,grid_entropy,baseline
220,4.262692390839622,4.349648912578752,grid_entropy,baseline
221,4.262692390839622,3.534219021180341,grid_entropy,baseline
222,4.262692390839622,3.2946635862096043,grid_entropy,baseline
223,4.262692390839622,3.2192141299700565,grid_entropy,baseline
224,4.262692390839622,3.240528260216711,grid_entropy,baseline
225,4.262692390839622,3.2946635862096043,grid_entropy,baseline
226,4.262692390839622,3.083587370023807,grid_entropy,baseline
227,4.262692390839622,3.0666152167384504,grid_entropy,baseline
228,4.262692390839622,3.4144413036949723,grid_entropy,baseline
229,4.262692390839622,3.621175542919471,grid_entropy,baseline
230,4.262692390839622,3.4029342381953898,grid_entropy,baseline
231,4.262692390839622,3.501397825434103,grid_entropy,baseline
232,4.262692390839622,3.447262499441211,grid_entropy,baseline
233,4.262692390839622,3.5555331514269954,grid_entropy,baseline
234,4.262692390839622,3.2405282602167116,grid_entropy,baseline
235,4.262692390839622,3.468576629687865,grid_entropy,baseline
236,4.262692390839622,3.2946635862096043,grid_entropy,baseline
237,4.262692390839622,3.2033650875091744,grid_entropy,baseline
238,4.262692390839622,3.501397825434103,grid_entropy,baseline
239,4.262692390839622,3.2733494559629492,grid_entropy,baseline
240,4.262692390839622,3.3487989122024966,grid_entropy,baseline
241,4.262692390839622,3.207707064470474,grid_entropy,baseline
242,4.262692390839622,3.5555331514269954,grid_entropy,baseline
243,4.262692390839622,3.04642419731627,grid_entropy,baseline
244,4.262692390839622,3.480083695187448,grid_entropy,baseline
245,4.262692390839622,3.3231428049945433,grid_entropy,baseline
246,4.262692390839622,4.349648912578752,grid_entropy,baseline
247,4.262692390839622,3.0666152167384504,grid_entropy,baseline
248,4.262692390839622,2.97965869499932,grid_entropy,baseline
249,4.262692390839622,3.3274847819558424,grid_entropy,baseline
250,4.262692390839622,3.2733494559629492,grid_entropy,baseline
251,4.262692390839622,3.5555331514269954,grid_entropy,baseline
252,4.262692390839622,3.4144413036949723,grid_entropy,baseline
253,4.262692390839622,3.4642346527265664,grid_entropy,baseline
254,4.262692390839622,4.349648912578752,grid_entropy,baseline
255,4.262692390839622,3.2946635862096043,grid_entropy,baseline
256,4.262692390839622,3.5883543471732335,grid_entropy,baseline
257,4.262692390839622,3.4144413036949723,grid_entropy,baseline
258,4.262692390839622,3.381620107948735,grid_entropy,baseline
259,4.262692390839622,3.4144413036949723,grid_entropy,baseline
260,4.262692390839622,3.294663586209604,grid_entropy,baseline
261,4.262692390839622,3.3487989122024966,grid_entropy,baseline
262,4.262692390839622,3.522711955680758,grid_entropy,baseline
263,4.262692390839622,3.327484781955842,grid_entropy,baseline
264,4.262692390839622,3.3816201079487347,grid_entropy,baseline
265,4.262692390839622,3.4144413036949723,grid_entropy,baseline
266,4.262692390839622,4.1429146733542535,grid_entropy,baseline
267,4.262692390839622,3.327484781955842,grid_entropy,baseline
268,4.262692390839622,3.3231428049945433,grid_entropy,baseline
269,4.262692390839622,3.2077070644704735,grid_entropy,baseline
270,4.262692390839622,3.414441303694973,grid_entropy,baseline
271,4.262692390839622,3.083587370023807,grid_entropy,baseline
272,4.262692390839622,3.468576629687865,grid_entropy,baseline
273,4.262692390839622,3.294663586209604,grid_entropy,baseline
274,4.262692390839622,3.447262499441211,grid_entropy,baseline
275,4.262692390839622,3.2831565207100213,grid_entropy,baseline
276,4.262692390839622,3.2733494559629492,grid_entropy,baseline
277,4.262692390839622,3.4144413036949723,grid_entropy,baseline
278,4.262692390839622,3.327484781955842,grid_entropy,baseline
279,4.262692390839622,3.4144413036949723,grid_entropy,baseline
280,4.262692390839622,3.501397825434103,grid_entropy,baseline
281,4.262692390839622,4.349648912578752,grid_entropy,baseline
282,4.262692390839622,3.327484781955842,grid_entropy,baseline
283,4.262692390839622,3.675310868912364,grid_entropy,baseline
284,4.262692390839622,3.2946635862096043,grid_entropy,baseline
285,4.262692390839622,3.2733494559629492,grid_entropy,baseline
286,4.262692390839622,3.621175542919471,grid_entropy,baseline
287,4.262692390839622,3.1535717384775808,grid_entropy,baseline
288,4.262692390839622,3.464234652726567,grid_entropy,baseline
289,4.262692390839622,3.4970558484728045,grid_entropy,baseline
290,4.262692390839622,3.2733494559629492,grid_entropy,baseline
291,4.262692390839622,3.4144413036949723,grid_entropy,baseline
292,4.262692390839622,2.8537196970758525,grid_entropy,baseline
293,4.262692390839622,3.5013978254341027,grid_entropy,baseline
294,4.262692390839622,3.344456935241198,grid_entropy,baseline
295,4.262692390839622,3.534219021180341,grid_entropy,baseline
296,4.262692390839622,3.36030597770208,grid_entropy,baseline
297,4.262692390839622,3.534219021180341,grid_entropy,baseline
298,4.262692390839622,3.882045108136862,grid_entropy,baseline
299,4.262692390839622,4.0559581516151235,grid_entropy,baseline
300,4.262692390839622,3.294663586209604,grid_entropy,baseline
301,4.262692390839622,3.36030597770208,grid_entropy,baseline
302,4.262692390839622,3.2405282602167116,grid_entropy,baseline
303,4.262692390839622,3.36030597770208,grid_entropy,baseline
304,4.262692390839622,3.327484781955842,grid_entropy,baseline
305,4.262692390839622,3.3061706517091873,grid_entropy,baseline
306,4.262692390839622,3.36030597770208,grid_entropy,baseline
307,4.262692390839622,3.229021194717128,grid_entropy,baseline
308,4.262692390839622,3.294663586209604,grid_entropy,baseline
309,4.262692390839622,3.2946635862096043,grid_entropy,baseline
310,4.262692390839622,3.2946635862096043,grid_entropy,baseline
311,4.262692390839622,3.4144413036949723,grid_entropy,baseline
312,4.262692390839622,3.174885868724236,grid_entropy,baseline
313,4.262692390839622,3.083587370023807,grid_entropy,baseline
314,4.262692390839622,3.1207505427313427,grid_entropy,baseline
315,4.262692390839622,4.229871195093383,grid_entropy,baseline
316,4.262692390839622,3.1748858687242363,grid_entropy,baseline
317,4.262692390839622,3.1705438917629367,grid_entropy,baseline
318,4.262692390839622,3.468576629687865,grid_entropy,baseline
319,4.262692390839622,3.414441303694973,grid_entropy,baseline
320,4.262692390839622,3.468576629687865,grid_entropy,baseline
321,4.262692390839622,3.327484781955842,grid_entropy,baseline
322,4.262692390839622,3.3444569352411984,grid_entropy,baseline
323,4.262692390839622,3.4100993267336737,grid_entropy,baseline
324,4.262692390839622,3.083587370023807,grid_entropy,baseline
325,4.262692390839622,3.468576629687865,grid_entropy,baseline
326,4.262692390839622,3.2946635862096043,grid_entropy,baseline
327,4.262692390839622,4.2626923908396215,grid_entropy,baseline
328,4.262692390839622,3.203365087509175,grid_entropy,baseline
329,4.262692390839622,3.708132064658602,grid_entropy,baseline
330,4.262692390839622,3.2946635862096043,grid_entropy,baseline
331,4.262692390839622,3.290321609248305,grid_entropy,baseline
332,4.262692390839622,3.4144413036949723,grid_entropy,baseline
333,4.262692390839622,3.2405282602167116,grid_entropy,baseline
334,4.262692390839622,3.567040216926579,grid_entropy,baseline
335,4.262692390839622,3.4685766296878655,grid_entropy,baseline
336,4.262692390839622,3.3487989122024966,grid_entropy,baseline
337,4.262692390839622,3.3487989122024966,grid_entropy,baseline
338,4.262692390839622,3.203365087509175,grid_entropy,baseline
339,4.262692390839622,3.0622732397771517,grid_entropy,baseline
340,4.262692390839622,3.327484781955842,grid_entropy,baseline
341,4.262692390839622,3.501397825434103,grid_entropy,baseline
342,4.262692390839622,3.153571738477581,grid_entropy,baseline
343,4.262692390839622,3.2733494559629492,grid_entropy,baseline
344,4.262692390839622,3.2618423904633667,grid_entropy,baseline
345,4.262692390839622,4.1757358691004915,grid_entropy,baseline
346,4.262692390839622,3.4472624994412104,grid_entropy,baseline
347,4.262692390839622,3.2405282602167116,grid_entropy,baseline
348,4.262692390839622,3.3816201079487347,grid_entropy,baseline
349,4.262692390839622,3.4144413036949723,grid_entropy,baseline
350,4.262692390839622,3.3816201079487347,grid_entropy,baseline
351,4.262692390839622,3.3816201079487347,grid_entropy,baseline
352,4.262692390839622,3.2903216092483056,grid_entropy,baseline
353,4.262692390839622,3.4685766296878655,grid_entropy,baseline
354,4.262692390839622,4.2626923908396215,grid_entropy,baseline
355,4.262692390839622,3.5013978254341027,grid_entropy,baseline
356,4.262692390839622,3.3444569352411984,grid_entropy,baseline
357,4.262692390839622,3.5013978254341027,grid_entropy,baseline
358,4.262692390839622,3.621175542919471,grid_entropy,baseline
359,4.262692390839622,3.0879293469851055,grid_entropy,baseline
360,4.262692390839622,3.414441303694973,grid_entropy,baseline
361,4.262692390839622,3.414441303694973,grid_entropy,baseline
362,4.262692390839622,3.327484781955842,grid_entropy,baseline
363,4.262692390839622,4.523561956057012,grid_entropy,baseline
364,4.262692390839622,3.5883543471732335,grid_entropy,baseline
365,4.262692390839622,3.5555331514269954,grid_entropy,baseline
366,4.262692390839622,3.36030597770208,grid_entropy,baseline
367,4.262692390839622,2.8927021732601896,grid_entropy,baseline
368,4.262692390839622,3.501397825434103,grid_entropy,baseline
369,4.262692390839622,3.468576629687865,grid_entropy,baseline
370,4.262692390839622,3.4144413036949723,grid_entropy,baseline
371,4.262692390839622,3.36030597770208,grid_entropy,baseline
372,4.262692390839622,3.327484781955842,grid_entropy,baseline
373,4.262692390839622,3.4144413036949723,grid_entropy,baseline
374,4.262692390839622,4.1757358691004915,grid_entropy,baseline
375,4.262692390839622,3.327484781955842,grid_entropy,baseline
376,4.262692390839622,3.5342190211803413,grid_entropy,baseline
377,4.262692390839622,3.207707064470474,grid_entropy,baseline
378,4.262692390839622,3.522711955680758,grid_entropy,baseline
379,4.262692390839622,3.3487989122024966,grid_entropy,baseline
380,4.262692390839622,4.088779347361361,grid_entropy,baseline
381,4.262692390839622,3.4314134569803287,grid_entropy,baseline
382,4.262692390839622,3.2733494559629492,grid_entropy,baseline
383,4.262692390839622,3.3816201079487347,grid_entropy,baseline
384,4.262692390839622,3.294663586209604,grid_entropy,baseline
385,4.262692390839622,3.36030597770208,grid_entropy,baseline
386,4.262692390839622,3.4472624994412104,grid_entropy,baseline
387,4.262692390839622,3.381620107948735,grid_entropy,baseline
388,4.262692390839622,3.5883543471732335,grid_entropy,baseline
389,4.262692390839622,3.4642346527265664,grid_entropy,baseline
390,4.262692390839622,3.4144413036949732,grid_entropy,baseline
391,4.262692390839622,3.1333807190554004,grid_entropy,baseline
392,4.262692390839622,3.22467921775583,grid_entropy,baseline
393,4.262692390839622,3.2033650875091753,grid_entropy,baseline
394,4.262692390839622,3.3816201079487347,grid_entropy,baseline
395,4.262692390839622,3.207707064470474,grid_entropy,baseline
396,4.262692390839622,3.534219021180341,grid_entropy,baseline
397,4.262692390839622,3.120750542731343,grid_entropy,baseline
398,4.262692390839622,3.501397825434103,grid_entropy,baseline
399,4.262692390839622,3.534219021180341,grid_entropy,baseline
400,4.262692390839622,3.196199998970891,grid_entropy,baseline
401,4.262692390839622,3.132257608230926,grid_entropy,baseline
402,4.262692390839622,3.4472624994412104,grid_entropy,baseline
403,4.262692390839622,3.2575004135020675,grid_entropy,baseline
404,4.262692390839622,3.294663586209604,grid_entropy,baseline
405,4.262692390839622,3.4357554339416274,grid_entropy,baseline
406,4.262692390839622,3.2405282602167116,grid_entropy,baseline
407,4.262692390839622,4.1757358691004915,grid_entropy,baseline
408,4.262692390839622,3.1535717384775808,grid_entropy,baseline
409,4.262692390839622,3.534219021180341,grid_entropy,baseline
410,4.262692390839622,3.327484781955842,grid_entropy,baseline
411,4.262692390839622,3.5555331514269954,grid_entropy,baseline
412,4.262692390839622,3.1492297615162825,grid_entropy,baseline
413,4.262692390839622,3.468576629687865,grid_entropy,baseline
414,4.262692390839622,3.116408565770045,grid_entropy,baseline
415,4.262692390839622,4.2626923908396215,grid_entropy,baseline
416,4.262692390839622,3.4357554339416274,grid_entropy,baseline
417,4.262692390839622,3.4144413036949723,grid_entropy,baseline
418,4.262692390839622,3.2946635862096043,grid_entropy,baseline
419,4.262692390839622,3.081768066547006,grid_entropy,baseline
420,4.262692390839622,3.2946635862096048,grid_entropy,baseline
421,4.262692390839622,3.435755433941628,grid_entropy,baseline
422,4.262692390839622,3.2733494559629492,grid_entropy,baseline
423,4.262692390839622,3.2903216092483056,grid_entropy,baseline
424,4.262692390839622,3.4144413036949723,grid_entropy,baseline
425,4.262692390839622,3.203365087509175,grid_entropy,baseline
426,4.262692390839622,3.240528260216712,grid_entropy,baseline
427,4.262692390839622,3.4472624994412104,grid_entropy,baseline
428,4.262692390839622,2.9266464798309015,grid_entropy,baseline
429,4.262692390839622,3.327484781955842,grid_entropy,baseline
430,4.262692390839622,3.240528260216711,grid_entropy,baseline
431,4.262692390839622,3.468576629687865,grid_entropy,baseline
432,4.262692390839622,3.435755433941627,grid_entropy,baseline
433,4.262692390839622,2.9638096525384383,grid_entropy,baseline
434,4.262692390839622,3.3816201079487347,grid_entropy,baseline
435,4.262692390839622,3.257500413502068,grid_entropy,baseline
436,4.262692390839622,3.2077070644704735,grid_entropy,baseline
437,4.262692390839622,3.5342190211803413,grid_entropy,baseline
438,4.262692390839622,3.621175542919471,grid_entropy,baseline
439,4.262692390839622,3.435755433941627,grid_entropy,baseline
440,4.262692390839622,3.2361862832554125,grid_entropy,baseline
441,4.262692390839622,3.2733494559629492,grid_entropy,baseline
442,4.262692390839622,3.435755433941627,grid_entropy,baseline
443,4.262692390839622,3.410099326733674,grid_entropy,baseline
444,4.262692390839622,3.083587370023807,grid_entropy,baseline
445,4.262692390839622,3.1377226960166995,grid_entropy,baseline
446,4.262692390839622,3.468576629687865,grid_entropy,baseline
447,4.262692390839622,3.4472624994412104,grid_entropy,baseline
448,4.262692390839622,3.5883543471732335,grid_entropy,baseline
449,4.262692390839622,4.1757358691004915,grid_entropy,baseline
450,4.262692390839622,3.3816201079487347,grid_entropy,baseline
451,4.262692390839622,3.6424896731661263,grid_entropy,baseline
452,4.262692390839622,3.5555331514269954,grid_entropy,baseline
453,4.262692390839622,3.410099326733674,grid_entropy,baseline
454,4.262692390839622,3.2033650875091753,grid_entropy,baseline
455,4.262692390839622,3.099436412484688,grid_entropy,baseline
456,4.262692390839622,3.294663586209604,grid_entropy,baseline
457,4.262692390839622,3.2405282602167116,grid_entropy,baseline
458,4.262692390839622,3.290321609248305,grid_entropy,baseline
459,4.262692390839622,3.4144413036949723,grid_entropy,baseline
460,4.262692390839622,3.555533151426996,grid_entropy,baseline
461,4.262692390839622,3.534219021180341,grid_entropy,baseline
462,4.262692390839622,3.5013978254341027,grid_entropy,baseline
463,4.262692390839622,3.522711955680758,grid_entropy,baseline
464,4.262692390839622,3.2405282602167116,grid_entropy,baseline
465,4.262692390839622,3.3274847819558424,grid_entropy,baseline
466,4.262692390839622,2.905332349584247,grid_entropy,baseline
467,4.262692390839622,3.5555331514269954,grid_entropy,baseline
468,4.262692390839622,3.1662019148016385,grid_entropy,baseline
469,4.262692390839622,3.3816201079487347,grid_entropy,baseline
470,4.262692390839622,3.501397825434103,grid_entropy,baseline
471,4.262692390839622,3.1164085657700444,grid_entropy,baseline
472,4.262692390839622,4.088779347361361,grid_entropy,baseline
473,4.262692390839622,3.6211755429194716,grid_entropy,baseline
474,4.262692390839622,3.414441303694973,grid_entropy,baseline
475,4.262692390839622,3.294663586209604,grid_entropy,baseline
476,4.262692390839622,3.4970558484728045,grid_entropy,baseline
477,4.262692390839622,3.2405282602167116,grid_entropy,baseline
478,4.262692390839622,3.2246792177558294,grid_entropy,baseline
479,4.262692390839622,3.236186283255413,grid_entropy,baseline
480,4.262692390839622,3.0124798907455577,grid_entropy,baseline
481,4.262692390839622,3.36030597770208,grid_entropy,baseline
482,4.262692390839622,3.4357554339416274,grid_entropy,baseline
483,4.262692390839622,3.344456935241198,grid_entropy,baseline
484,4.262692390839622,3.5883543471732335,grid_entropy,baseline
485,4.262692390839622,3.1049015002704614,grid_entropy,baseline
486,4.262692390839622,3.327484781955842,grid_entropy,baseline
487,4.262692390839622,3.381620107948735,grid_entropy,baseline
488,4.262692390839622,3.0666152167384504,grid_entropy,baseline
489,4.262692390839622,3.6424896731661263,grid_entropy,baseline
490,4.262692390839622,3.2077070644704735,grid_entropy,baseline
491,4.262692390839622,3.3603059777020796,grid_entropy,baseline
492,4.262692390839622,3.501397825434103,grid_entropy,baseline
493,4.262692390839622,3.2077070644704735,grid_entropy,baseline
494,4.262692390839622,4.349648912578752,grid_entropy,baseline
495,4.262692390839622,3.294663586209604,grid_entropy,baseline
496,4.262692390839622,3.501397825434103,grid_entropy,baseline
497,4.262692390839622,3.3444569352411984,grid_entropy,baseline
498,4.262692390839622,3.294663586209604,grid_entropy,baseline
499,4.262692390839622,3.4100993267336737,grid_entropy,baseline
500,4.262692390839622,3.4314134569803287,grid_entropy,baseline
501,4.262692390839622,3.4800836951874485,grid_entropy,baseline
502,4.262692390839622,3.294663586209604,grid_entropy,baseline
503,4.262692390839622,3.5555331514269954,grid_entropy,baseline
504,4.262692390839622,3.120750542731343,grid_entropy,baseline
505,4.262692390839622,3.4357554339416274,grid_entropy,baseline
506,4.262692390839622,3.2946635862096043,grid_entropy,baseline
507,4.262692390839622,3.4144413036949723,grid_entropy,baseline
508,4.262692390839622,3.186392934223819,grid_entropy,baseline
509,4.262692390839622,3.534219021180341,grid_entropy,baseline
510,4.262692390839622,3.149229761516282,grid_entropy,baseline
511,4.262692390839622,3.4472624994412104,grid_entropy,baseline
512,4.262692390839622,3.315977716456259,grid_entropy,baseline
513,4.262692390839622,3.522711955680758,grid_entropy,baseline
514,4.262692390839622,3.3816201079487347,grid_entropy,baseline
515,4.262692390839622,3.327484781955842,grid_entropy,baseline
516,4.262692390839622,3.3116357394949603,grid_entropy,baseline
517,4.262692390839622,3.5013978254341027,grid_entropy,baseline
518,4.262692390839622,3.294663586209604,grid_entropy,baseline
519,4.262692390839622,2.9140163035068443,grid_entropy,baseline
520,4.262692390839622,3.675310868912364,grid_entropy,baseline
521,4.262692390839622,3.348798912202497,grid_entropy,baseline
522,4.262692390839622,3.348798912202497,grid_entropy,baseline
523,4.262692390839622,3.229021194717128,grid_entropy,baseline
524,4.262692390839622,4.316827716832514,grid_entropy,baseline
525,4.262692390839622,3.4472624994412104,grid_entropy,baseline
526,4.262692390839622,3.240528260216711,grid_entropy,baseline
527,4.262692390839622,3.3231428049945433,grid_entropy,baseline
528,4.262692390839622,3.4472624994412104,grid_entropy,baseline
529,4.262692390839622,3.348798912202497,grid_entropy,baseline
530,4.262692390839622,3.4314134569803283,grid_entropy,baseline
531,4.262692390839622,3.4472624994412104,grid_entropy,baseline
532,4.262692390839622,3.1164085657700444,grid_entropy,baseline
533,4.262692390839622,3.4144413036949723,grid_entropy,baseline
534,4.262692390839622,3.174885868724236,grid_entropy,baseline
535,4.262692390839622,3.0337940209922127,grid_entropy,baseline
536,4.262692390839622,3.3816201079487342,grid_entropy,baseline
537,4.262692390839622,3.3603059777020796,grid_entropy,baseline
538,4.262692390839622,3.468576629687865,grid_entropy,baseline
539,4.262692390839622,3.5227119556807573,grid_entropy,baseline
540,4.262692390839622,3.468576629687865,grid_entropy,baseline
541,4.262692390839622,3.3159777164562594,grid_entropy,baseline
542,4.262692390839622,3.327484781955842,grid_entropy,baseline
543,4.262692390839622,3.377278130987436,grid_entropy,baseline
544,4.262692390839622,3.4685766296878655,grid_entropy,baseline
545,4.262692390839622,4.2626923908396215,grid_entropy,baseline
546,4.262692390839622,3.1535717384775808,grid_entropy,baseline
547,4.262692390839622,3.5555331514269954,grid_entropy,baseline
548,4.262692390839622,3.344456935241198,grid_entropy,baseline
549,4.262692390839622,4.2626923908396215,grid_entropy,baseline
550,4.262692390839622,3.5227119556807573,grid_entropy,baseline
551,4.262692390839622,3.534219021180341,grid_entropy,baseline
552,4.262692390839622,3.4144413036949723,grid_entropy,baseline
553,4.262692390839622,3.414441303694973,grid_entropy,baseline
554,4.262692390839622,3.240528260216711,grid_entropy,baseline
555,4.262692390839622,3.327484781955842,grid_entropy,baseline
556,4.262692390839622,3.621175542919471,grid_entropy,baseline
557,4.262692390839622,3.2946635862096043,grid_entropy,baseline
558,4.262692390839622,3.708132064658602,grid_entropy,baseline
559,4.262692390839622,3.5883543471732335,grid_entropy,baseline
560,4.262692390839622,3.588354347173234,grid_entropy,baseline
561,4.262692390839622,3.294663586209604,grid_entropy,baseline
562,4.262692390839622,3.5555331514269954,grid_entropy,baseline
563,4.262692390839622,3.2575004135020675,grid_entropy,baseline
564,4.262692390839622,3.555533151426996,grid_entropy,baseline
565,4.262692390839622,3.2733494559629492,grid_entropy,baseline
566,4.262692390839622,3.414441303694973,grid_entropy,baseline
567,4.262692390839622,3.534219021180341,grid_entropy,baseline
568,4.262692390839622,3.1535717384775808,grid_entropy,baseline
569,4.262692390839622,3.261842390463366,grid_entropy,baseline
570,4.262692390839622,3.2946635862096048,grid_entropy,baseline
571,4.262692390839622,3.4472624994412104,grid_entropy,baseline
572,4.262692390839622,3.3159777164562585,grid_entropy,baseline
573,4.262692390839622,3.4357554339416274,grid_entropy,baseline
574,4.262692390839622,3.186392934223819,grid_entropy,baseline
575,4.262692390839622,3.36030597770208,grid_entropy,baseline
576,4.262692390839622,3.1535717384775808,grid_entropy,baseline
577,4.262692390839622,3.0507661742775687,grid_entropy,baseline
578,4.262692390839622,3.3816201079487347,grid_entropy,baseline
579,4.262692390839622,3.2618423904633667,grid_entropy,baseline
580,4.262692390839622,3.170543891762937,grid_entropy,baseline
581,4.262692390839622,3.1377226960166995,grid_entropy,baseline
582,4.262692390839622,4.2626923908396215,grid_entropy,baseline
583,4.262692390839622,3.2290211947171286,grid_entropy,baseline
584,4.262692390839622,3.087929346985105,grid_entropy,baseline
585,4.262692390839622,3.2077070644704735,grid_entropy,baseline
586,4.262692390839622,3.2405282602167116,grid_entropy,baseline
587,4.262692390839622,3.435755433941627,grid_entropy,baseline
588,4.262692390839622,3.294663586209604,grid_entropy,baseline
589,4.262692390839622,3.4144413036949723,grid_entropy,baseline
590,4.262692390839622,3.708132064658602,grid_entropy,baseline
591,4.262692390839622,3.4100993267336737,grid_entropy,baseline
592,4.262692390839622,3.3444569352411984,grid_entropy,baseline
593,4.262692390839622,3.4642346527265664,grid_entropy,baseline
594,4.262692390839622,3.1535717384775817,grid_entropy,baseline
595,4.262692390839622,3.2946635862096048,grid_entropy,baseline
596,4.262692390839622,3.294663586209604,grid_entropy,baseline
597,4.262692390839622,3.2575004135020675,grid_entropy,baseline
598,4.262692390839622,3.555533151426996,grid_entropy,baseline
599,4.262692390839622,3.501397825434103,grid_entropy,baseline
600,4.262692390839622,2.735761283067285,grid_entropy,baseline
601,4.262692390839622,3.2246792177558294,grid_entropy,baseline
602,4.262692390839622,3.555533151426996,grid_entropy,baseline
603,4.262692390839622,3.4472624994412104,grid_entropy,baseline
604,4.262692390839622,3.3444569352411984,grid_entropy,baseline
605,4.262692390839622,3.468576629687865,grid_entropy,baseline
606,4.262692390839622,3.327484781955842,grid_entropy,baseline
607,4.262692390839622,3.170543891762937,grid_entropy,baseline
608,4.262692390839622,3.5342190211803413,grid_entropy,baseline
609,4.262692390839622,3.534219021180341,grid_entropy,baseline
610,4.262692390839622,3.5555331514269954,grid_entropy,baseline
611,4.262692390839622,4.1429146733542535,grid_entropy,baseline
612,4.262692390839622,3.5013978254341027,grid_entropy,baseline
613,4.262692390839622,3.435755433941628,grid_entropy,baseline
614,4.262692390839622,3.327484781955842,grid_entropy,baseline
615,4.262692390839622,3.501397825434103,grid_entropy,baseline
616,4.262692390839622,3.501397825434103,grid_entropy,baseline
617,4.262692390839622,3.2903216092483056,grid_entropy,baseline
618,4.262692390839622,3.4029342381953898,grid_entropy,baseline
619,4.262692390839622,3.414441303694973,grid_entropy,baseline
620,4.262692390839622,3.4472624994412104,grid_entropy,baseline
621,4.262692390839622,3.377278130987436,grid_entropy,baseline
622,4.262692390839622,3.3816201079487347,grid_entropy,baseline
623,4.262692390839622,3.22467921775583,grid_entropy,baseline
624,4.262692390839622,3.588354347173234,grid_entropy,baseline
625,4.262692390839622,3.3816201079487347,grid_entropy,baseline
626,4.262692390839622,3.534219021180341,grid_entropy,baseline
627,4.262692390839622,3.4314134569803283,grid_entropy,baseline
628,4.262692390839622,3.4472624994412104,grid_entropy,baseline
629,4.262692390839622,3.0879293469851055,grid_entropy,baseline
630,4.262692390839622,3.4144413036949723,grid_entropy,baseline
631,4.262692390839622,3.468576629687865,grid_entropy,baseline
632,4.262692390839622,3.207707064470474,grid_entropy,baseline
633,4.262692390839622,3.435755433941627,grid_entropy,baseline
634,4.262692390839622,3.294663586209604,grid_entropy,baseline
635,4.262692390839622,3.294663586209604,grid_entropy,baseline
636,4.262692390839622,2.9966308482846764,grid_entropy,baseline
637,4.262692390839622,3.261842390463366,grid_entropy,baseline
638,4.262692390839622,3.5883543471732335,grid_entropy,baseline
639,4.262692390839622,3.4144413036949723,grid_entropy,baseline
640,4.262692390839622,3.534219021180341,grid_entropy,baseline
641,4.262692390839622,3.2946635862096043,grid_entropy,baseline
642,4.262692390839622,3.2733494559629492,grid_entropy,baseline
643,4.262692390839622,3.4642346527265664,grid_entropy,baseline
644,4.262692390839622,3.327484781955842,grid_entropy,baseline
645,4.262692390839622,3.3444569352411975,grid_entropy,baseline
646,4.262692390839622,3.1377226960166995,grid_entropy,baseline
647,4.262692390839622,3.2733494559629492,grid_entropy,baseline
648,4.262692390839622,3.3274847819558415,grid_entropy,baseline
649,4.262692390839622,3.675310868912364,grid_entropy,baseline
650,4.262692390839622,3.1207505427313436,grid_entropy,baseline
651,4.262692390839622,3.174885868724236,grid_entropy,baseline
652,4.262692390839622,3.534219021180341,grid_entropy,baseline
653,4.262692390839622,3.132257608230926,grid_entropy,baseline
654,4.262692390839622,3.2405282602167116,grid_entropy,baseline
655,4.262692390839622,3.4472624994412104,grid_entropy,baseline
656,4.262692390839622,3.468576629687865,grid_entropy,baseline
657,4.262692390839622,2.9468374992530824,grid_entropy,baseline
658,4.262692390839622,3.348798912202497,grid_entropy,baseline
659,4.262692390839622,3.414441303694973,grid_entropy,baseline
660,4.262692390839622,3.2405282602167116,grid_entropy,baseline
661,4.262692390839622,3.3444569352411984,grid_entropy,baseline
662,4.262692390839622,3.4144413036949723,grid_entropy,baseline
663,4.262692390839622,3.2733494559629492,grid_entropy,baseline
664,4.262692390839622,4.2626923908396215,grid_entropy,baseline
665,4.262692390839622,3.555533151426996,grid_entropy,baseline
666,4.262692390839622,4.2626923908396215,grid_entropy,baseline
667,4.262692390839622,3.2946635862096043,grid_entropy,baseline
668,4.262692390839622,4.229871195093383,grid_entropy,baseline
669,4.262692390839622,3.294663586209604,grid_entropy,baseline
670,4.262692390839622,3.4144413036949723,grid_entropy,baseline
671,4.262692390839622,3.2077070644704735,grid_entropy,baseline
672,4.262692390839622,3.2946635862096043,grid_entropy,baseline
673,4.262692390839622,3.555533151426996,grid_entropy,baseline
674,4.262692390839622,3.414441303694973,grid_entropy,baseline
675,4.262692390839622,3.414441303694973,grid_entropy,baseline
676,4.262692390839622,3.4144413036949723,grid_entropy,baseline
677,4.262692390839622,3.3159777164562594,grid_entropy,baseline
678,4.262692390839622,3.36030597770208,grid_entropy,baseline
679,4.262692390839622,3.5227119556807573,grid_entropy,baseline
680,4.262692390839622,4.1429146733542535,grid_entropy,baseline
681,4.262692390839622,3.708132064658602,grid_entropy,baseline
682,4.262692390839622,3.5511911744656963,grid_entropy,baseline
683,4.262692390839622,3.4472624994412104,grid_entropy,baseline
684,4.262692390839622,3.120750542731343,grid_entropy,baseline
685,4.262692390839622,3.2405282602167116,grid_entropy,baseline
686,4.262692390839622,3.414441303694973,grid_entropy,baseline
687,4.262692390839622,3.4357554339416274,grid_entropy,baseline
688,4.262692390839622,3.22467921775583,grid_entropy,baseline
689,4.262692390839622,3.327484781955842,grid_entropy,baseline
690,4.262692390839622,3.3487989122024975,grid_entropy,baseline
691,4.262692390839622,3.170543891762937,grid_entropy,baseline
692,4.262692390839622,3.1705438917629367,grid_entropy,baseline
693,4.262692390839622,3.4357554339416274,grid_entropy,baseline
694,4.262692390839622,3.3816201079487347,grid_entropy,baseline
695,4.262692390839622,3.2946635862096043,grid_entropy,baseline
696,4.262692390839622,4.023136955868885,grid_entropy,baseline
697,4.262692390839622,3.5555331514269954,grid_entropy,baseline
698,4.262692390839622,3.5555331514269954,grid_entropy,baseline
699,4.262692390839622,3.6424896731661263,grid_entropy,baseline
700,4.262692390839622,3.3816201079487347,grid_entropy,baseline
701,4.262692390839622,3.207707064470474,grid_entropy,baseline
702,4.262692390839622,3.327484781955842,grid_entropy,baseline
703,4.262692390839622,3.149229761516282,grid_entropy,baseline
704,4.262692390839622,3.327484781955842,grid_entropy,baseline
705,4.262692390839622,3.2946635862096048,grid_entropy,baseline
706,4.262692390839622,3.4144413036949723,grid_entropy,baseline
707,4.262692390839622,3.414441303694973,grid_entropy,baseline
708,4.262692390839622,3.294663586209604,grid_entropy,baseline
709,4.262692390839622,3.174885868724236,grid_entropy,baseline
710,4.262692390839622,3.3603059777020796,grid_entropy,baseline
711,4.262692390839622,3.1535717384775808,grid_entropy,baseline
712,4.262692390839622,3.534219021180341,grid_entropy,baseline
713,4.262692390839622,3.534219021180341,grid_entropy,baseline
714,4.262692390839622,3.468576629687865,grid_entropy,baseline
715,4.262692390839622,3.5883543471732335,grid_entropy,baseline
716,4.262692390839622,3.36030597770208,grid_entropy,baseline
717,4.262692390839622,4.1757358691004915,grid_entropy,baseline
718,4.262692390839622,3.501397825434103,grid_entropy,baseline
719,4.262692390839622,3.2246792177558294,grid_entropy,baseline
720,4.262692390839622,3.348798912202497,grid_entropy,baseline
721,4.262692390839622,3.468576629687865,grid_entropy,baseline
722,4.262692390839622,3.534219021180341,grid_entropy,baseline
723,4.262692390839622,3.261842390463366,grid_entropy,baseline
724,4.262692390839622,3.22467921775583,grid_entropy,baseline
725,4.262692390839622,3.2946635862096043,grid_entropy,baseline
726,4.262692390839622,3.5013978254341036,grid_entropy,baseline
727,4.262692390839622,4.229871195093383,grid_entropy,baseline
728,4.262692390839622,3.4144413036949723,grid_entropy,baseline
729,4.262692390839622,3.3931271734483177,grid_entropy,baseline
730,4.262692390839622,3.1207505427313436,grid_entropy,baseline
731,4.262692390839622,3.4100993267336737,grid_entropy,baseline
732,4.262692390839622,3.2733494559629492,grid_entropy,baseline
733,4.262692390839622,3.4685766296878655,grid_entropy,baseline
734,4.262692390839622,3.468576629687865,grid_entropy,baseline
735,4.262692390839622,4.2626923908396215,grid_entropy,baseline
736,4.262692390839622,4.349648912578752,grid_entropy,baseline
737,4.262692390839622,3.2733494559629492,grid_entropy,baseline
738,4.262692390839622,3.3816201079487342,grid_entropy,baseline
739,4.262692390839622,3.534219021180341,grid_entropy,baseline
740,4.262692390839622,3.1377226960166995,grid_entropy,baseline
741,4.262692390839622,3.2733494559629492,grid_entropy,baseline
742,4.262692390839622,3.294663586209604,grid_entropy,baseline
743,4.262692390839622,3.207707064470474,grid_entropy,baseline
744,4.262692390839622,3.1748858687242363,grid_entropy,baseline
745,4.262692390839622,3.327484781955842,grid_entropy,baseline
746,4.262692390839622,3.2733494559629492,grid_entropy,baseline
747,4.262692390839622,3.2405282602167116,grid_entropy,baseline
748,4.262692390839622,3.3487989122024966,grid_entropy,baseline
749,4.262692390839622,3.294663586209604,grid_entropy,baseline
750,4.262692390839622,3.4144413036949723,grid_entropy,baseline
751,4.262692390839622,3.4970558484728045,grid_entropy,baseline
752,4.262692390839622,3.468576629687865,grid_entropy,baseline
753,4.262692390839622,3.3816201079487342,grid_entropy,baseline
754,4.262692390839622,3.4472624994412104,grid_entropy,baseline
755,4.262692390839622,3.5555331514269954,grid_entropy,baseline
756,4.262692390839622,3.5883543471732335,grid_entropy,baseline
757,4.262692390839622,3.4472624994412104,grid_entropy,baseline
758,4.262692390839622,3.4357554339416274,grid_entropy,baseline
759,4.262692390839622,3.2575004135020675,grid_entropy,baseline
760,4.262692390839622,3.5555331514269954,grid_entropy,baseline
761,4.262692390839622,3.4144413036949723,grid_entropy,baseline
762,4.262692390839622,4.1757358691004915,grid_entropy,baseline
763,4.262692390839622,3.2946635862096043,grid_entropy,baseline
764,4.262692390839622,4.349648912578752,grid_entropy,baseline
765,4.262692390839622,3.522711955680758,grid_entropy,baseline
766,4.262692390839622,3.3603059777020796,grid_entropy,baseline
767,4.262692390839622,3.4144413036949723,grid_entropy,baseline
768,4.262692390839622,3.2733494559629492,grid_entropy,baseline
769,4.262692390839622,3.327484781955842,grid_entropy,baseline
770,4.262692390839622,3.1748858687242354,grid_entropy,baseline
771,4.262692390839622,3.3816201079487347,grid_entropy,baseline
772,4.262692390839622,3.261842390463366,grid_entropy,baseline
773,4.262692390839622,3.4144413036949723,grid_entropy,baseline
774,4.262692390839622,3.327484781955842,grid_entropy,baseline
775,4.262692390839622,3.261842390463366,grid_entropy,baseline
776,4.262692390839622,3.170543891762937,grid_entropy,baseline
777,4.262692390839622,3.501397825434103,grid_entropy,baseline
778,4.262692390839622,4.1429146733542535,grid_entropy,baseline
779,4.262692390839622,3.4144413036949723,grid_entropy,baseline
780,4.262692390839622,4.2626923908396215,grid_entropy,baseline
781,4.262692390839622,3.4029342381953893,grid_entropy,baseline
782,4.262692390839622,3.2575004135020675,grid_entropy,baseline
783,4.262692390839622,3.0666152167384504,grid_entropy,baseline
784,4.262692390839622,3.468576629687865,grid_entropy,baseline
785,4.262692390839622,3.3487989122024966,grid_entropy,baseline
786,4.262692390839622,3.4144413036949723,grid_entropy,baseline
787,4.262692390839622,3.534219021180341,grid_entropy,baseline
788,4.262692390839622,3.3931271734483177,grid_entropy,baseline
789,4.262692390839622,3.000972825245975,grid_entropy,baseline
790,4.262692390839622,3.5511911744656963,grid_entropy,baseline
791,4.262692390839622,3.3816201079487347,grid_entropy,baseline
792,4.262692390839622,3.501397825434103,grid_entropy,baseline
793,4.262692390839622,3.4029342381953898,grid_entropy,baseline
794,4.262692390839622,4.1757358691004915,grid_entropy,baseline
795,4.262692390839622,3.5555331514269954,grid_entropy,baseline
796,4.262692390839622,3.327484781955842,grid_entropy,baseline
797,4.262692390839622,3.327484781955842,grid_entropy,baseline
798,4.262692390839622,3.1377226960166995,grid_entropy,baseline
799,4.262692390839622,3.0666152167384504,grid_entropy,baseline
800,4.262692390839622,3.1748858687242354,grid_entropy,baseline
801,4.262692390839622,3.4472624994412104,grid_entropy,baseline
802,4.262692390839622,3.207707064470474,grid_entropy,baseline
803,4.262692390839622,3.6424896731661263,grid_entropy,baseline
804,4.262692390839622,3.4357554339416274,grid_entropy,baseline
805,4.262692390839622,3.3816201079487342,grid_entropy,baseline
806,4.262692390839622,3.468576629687865,grid_entropy,baseline
807,4.262692390839622,4.023136955868885,grid_entropy,baseline
808,4.262692390839622,3.3603059777020796,grid_entropy,baseline
809,4.262692390839622,3.2946635862096043,grid_entropy,baseline
810,4.262692390839622,4.2626923908396215,grid_entropy,baseline
811,4.262692390839622,3.468576629687865,grid_entropy,baseline
812,4.262692390839622,3.534219021180341,grid_entropy,baseline
813,4.262692390839622,3.3816201079487347,grid_entropy,baseline
814,4.262692390839622,3.3159777164562594,grid_entropy,baseline
815,4.262692390839622,3.381620107948735,grid_entropy,baseline
816,4.262692390839622,4.349648912578752,grid_entropy,baseline
817,4.262692390839622,3.2575004135020675,grid_entropy,baseline
818,4.262692390839622,3.5883543471732335,grid_entropy,baseline
819,4.262692390839622,3.6424896731661263,grid_entropy,baseline
820,4.262692390839622,3.3931271734483177,grid_entropy,baseline
821,4.262692390839622,3.4357554339416274,grid_entropy,baseline
822,4.262692390839622,3.2946635862096043,grid_entropy,baseline
823,4.262692390839622,3.2405282602167116,grid_entropy,baseline
824,4.262692390839622,3.4800836951874485,grid_entropy,baseline
825,4.262692390839622,3.5555331514269954,grid_entropy,baseline
826,4.262692390839622,3.5227119556807573,grid_entropy,baseline
827,4.262692390839622,4.349648912578752,grid_entropy,baseline
828,4.262692390839622,3.36030597770208,grid_entropy,baseline
829,4.262692390839622,4.349648912578752,grid_entropy,baseline
830,4.262692390839622,3.22467921775583,grid_entropy,baseline
831,4.262692390839622,3.207707064470474,grid_entropy,baseline
832,4.262692390839622,4.349648912578752,grid_entropy,baseline
833,4.262692390839622,3.348798912202497,grid_entropy,baseline
834,4.262692390839622,3.468576629687865,grid_entropy,baseline
835,4.262692390839622,3.468576629687865,grid_entropy,baseline
836,4.262692390839622,3.327484781955842,grid_entropy,baseline
837,4.262692390839622,2.996630848284676,grid_entropy,baseline
838,4.262692390839622,3.555533151426996,grid_entropy,baseline
839,4.262692390839622,3.174885868724236,grid_entropy,baseline
840,4.262692390839622,4.1757358691004915,grid_entropy,baseline
841,4.262692390839622,3.4472624994412104,grid_entropy,baseline
842,4.262692390839622,4.262692390839622,grid_entropy,baseline
843,4.262692390839622,3.327484781955842,grid_entropy,baseline
844,4.262692390839622,3.2290211947171286,grid_entropy,baseline
845,4.262692390839622,3.327484781955842,grid_entropy,baseline
846,4.262692390839622,3.2405282602167116,grid_entropy,baseline
847,4.262692390839622,3.36030597770208,grid_entropy,baseline
848,4.262692390839622,3.2575004135020675,grid_entropy,baseline
849,4.262692390839622,3.3931271734483177,grid_entropy,baseline
850,4.262692390839622,3.3444569352411984,grid_entropy,baseline
851,4.262692390839622,3.1377226960166995,grid_entropy,baseline
852,4.262692390839622,3.4472624994412104,grid_entropy,baseline
853,4.262692390839622,3.344456935241198,grid_entropy,baseline
854,4.262692390839622,3.5883543471732335,grid_entropy,baseline
855,4.262692390839622,3.327484781955842,grid_entropy,baseline
856,4.262692390839622,3.3816201079487347,grid_entropy,baseline
857,4.262692390839622,3.3603059777020796,grid_entropy,baseline
858,4.262692390839622,3.290321609248305,grid_entropy,baseline
859,4.262692390839622,3.149229761516282,grid_entropy,baseline
860,4.262692390839622,3.534219021180341,grid_entropy,baseline
861,4.262692390839622,2.8537196970758525,grid_entropy,baseline
862,4.262692390839622,3.5555331514269954,grid_entropy,baseline
863,4.262692390839622,3.2077070644704735,grid_entropy,baseline
864,4.262692390839622,3.4144413036949723,grid_entropy,baseline
865,4.262692390839622,3.555533151426996,grid_entropy,baseline
866,4.262692390839622,3.1377226960166995,grid_entropy,baseline
867,4.262692390839622,4.436605434317882,grid_entropy,baseline
868,4.262692390839622,3.4642346527265664,grid_entropy,baseline
869,4.262692390839622,3.6211755429194716,grid_entropy,baseline
870,4.262692390839622,3.6211755429194716,grid_entropy,baseline
871,4.262692390839622,3.468576629687865,grid_entropy,baseline
872,4.262692390839622,3.3116357394949603,grid_entropy,baseline
873,4.262692390839622,3.236186283255413,grid_entropy,baseline
874,4.262692390839622,3.468576629687865,grid_entropy,baseline
875,4.262692390839622,3.2733494559629497,grid_entropy,baseline
876,4.262692390839622,2.996630848284676,grid_entropy,baseline
877,4.262692390839622,3.186392934223819,grid_entropy,baseline
878,4.262692390839622,3.0879293469851055,grid_entropy,baseline
879,4.262692390839622,3.2946635862096043,grid_entropy,baseline
880,4.262692390839622,3.017944978531331,grid_entropy,baseline
881,4.262692390839622,4.523561956057012,grid_entropy,baseline
882,4.262692390839622,3.236186283255413,grid_entropy,baseline
883,4.262692390839622,4.1757358691004915,grid_entropy,baseline
884,4.262692390839622,3.3603059777020796,grid_entropy,baseline
885,4.262692390839622,3.0337940209922127,grid_entropy,baseline
886,4.262692390839622,3.3816201079487347,grid_entropy,baseline
887,4.262692390839622,3.2575004135020675,grid_entropy,baseline
888,4.262692390839622,3.306170651709187,grid_entropy,baseline
889,4.262692390839622,3.029452044030914,grid_entropy,baseline
890,4.262692390839622,3.3487989122024966,grid_entropy,baseline
891,4.262692390839622,3.4800836951874485,grid_entropy,baseline
892,4.262692390839622,3.323142804994543,grid_entropy,baseline
893,4.262692390839622,3.0666152167384504,grid_entropy,baseline
894,4.262692390839622,3.203365087509175,grid_entropy,baseline
895,4.262692390839622,4.2626923908396215,grid_entropy,baseline
896,4.262692390839622,3.2405282602167116,grid_entropy,baseline
897,4.262692390839622,3.501397825434103,grid_entropy,baseline
898,4.262692390839622,3.170543891762937,grid_entropy,baseline
899,4.262692390839622,3.240528260216711,grid_entropy,baseline
900,4.262692390839622,3.3116357394949603,grid_entropy,baseline
901,4.262692390839622,3.5883543471732335,grid_entropy,baseline
902,4.262692390839622,3.174885868724236,grid_entropy,baseline
903,4.262692390839622,3.2405282602167116,grid_entropy,baseline
904,4.262692390839622,4.349648912578752,grid_entropy,baseline
905,4.262692390839622,3.621175542919471,grid_entropy,baseline
906,4.262692390839622,3.3816201079487347,grid_entropy,baseline
907,4.262692390839622,3.4144413036949723,grid_entropy,baseline
908,4.262692390839622,3.327484781955842,grid_entropy,baseline
909,4.262692390839622,3.5883543471732335,grid_entropy,baseline
910,4.262692390839622,3.315977716456259,grid_entropy,baseline
911,4.262692390839622,3.3931271734483177,grid_entropy,baseline
912,4.262692390839622,3.099436412484688,grid_entropy,baseline
913,4.262692390839622,3.4472624994412104,grid_entropy,baseline
914,4.262692390839622,3.3931271734483177,grid_entropy,baseline
915,4.262692390839622,3.377278130987436,grid_entropy,baseline
916,4.262692390839622,4.1429146733542535,grid_entropy,baseline
917,4.262692390839622,3.534219021180341,grid_entropy,baseline
918,4.262692390839622,3.4642346527265664,grid_entropy,baseline
919,4.262692390839622,4.088779347361362,grid_entropy,baseline
920,4.262692390839622,3.3274847819558424,grid_entropy,baseline
921,4.262692390839622,3.294663586209604,grid_entropy,baseline
922,4.262692390839622,3.2618423904633667,grid_entropy,baseline
923,4.262692390839622,4.2626923908396215,grid_entropy,baseline
924,4.262692390839622,3.534219021180341,grid_entropy,baseline
925,4.262692390839622,2.905332349584247,grid_entropy,baseline
926,4.262692390839622,3.2903216092483056,grid_entropy,baseline
927,4.262692390839622,3.4472624994412104,grid_entropy,baseline
928,4.262692390839622,3.5555331514269954,grid_entropy,baseline
929,4.262692390839622,3.4357554339416274,grid_entropy,baseline
930,4.262692390839622,3.3487989122024966,grid_entropy,baseline
931,4.262692390839622,3.522711955680758,grid_entropy,baseline
932,4.262692390839622,4.2626923908396215,grid_entropy,baseline
933,4.262692390839622,3.501397825434103,grid_entropy,baseline
934,4.262692390839622,3.4144413036949723,grid_entropy,baseline
935,4.262692390839622,3.501397825434103,grid_entropy,baseline
936,4.262692390839622,3.468576629687865,grid_entropy,baseline
937,4.262692390839622,3.2733494559629492,grid_entropy,baseline
938,4.262692390839622,3.0792453930625077,grid_entropy,baseline
939,4.262692390839622,3.3061706517091873,grid_entropy,baseline
940,4.262692390839622,3.2575004135020675,grid_entropy,baseline
941,4.262692390839622,3.2246792177558294,grid_entropy,baseline
942,4.262692390839622,3.501397825434103,grid_entropy,baseline
943,4.262692390839622,3.2946635862096043,grid_entropy,baseline
944,4.262692390839622,3.36030597770208,grid_entropy,baseline
945,4.262692390839622,4.023136955868885,grid_entropy,baseline
946,4.262692390839622,3.0994364124846885,grid_entropy,baseline
947,4.262692390839622,3.468576629687865,grid_entropy,baseline
948,4.262692390839622,3.174885868724236,grid_entropy,baseline
949,4.262692390839622,3.381620107948735,grid_entropy,baseline
950,4.262692390839622,3.2946635862096043,grid_entropy,baseline
951,4.262692390839622,3.501397825434103,grid_entropy,baseline
952,4.262692390839622,3.153571738477581,grid_entropy,baseline
953,4.262692390839622,3.327484781955842,grid_entropy,baseline
954,4.262692390839622,4.1757358691004915,grid_entropy,baseline
955,4.262692390839622,3.4472624994412104,grid_entropy,baseline
956,4.262692390839622,3.2946635862096043,grid_entropy,baseline
957,4.262692390839622,3.3816201079487347,grid_entropy,baseline
958,4.262692390839622,3.2946635862096043,grid_entropy,baseline
959,4.262692390839622,3.4144413036949723,grid_entropy,baseline
960,4.262692390839622,3.2033650875091753,grid_entropy,baseline
961,4.262692390839622,3.203365087509175,grid_entropy,baseline
962,4.262692390839622,3.4642346527265664,grid_entropy,baseline
963,4.262692390839622,3.2077070644704735,grid_entropy,baseline
964,4.262692390839622,3.327484781955842,grid_entropy,baseline
965,4.262692390839622,3.414441303694973,grid_entropy,baseline
966,4.262692390839622,3.3816201079487347,grid_entropy,baseline
967,4.262692390839622,4.088779347361361,grid_entropy,baseline
968,4.262692390839622,3.4472624994412104,grid_entropy,baseline
969,4.262692390839622,3.621175542919471,grid_entropy,baseline
970,4.262692390839622,3.4144413036949723,grid_entropy,baseline
971,4.262692390839622,3.5013978254341027,grid_entropy,baseline
972,4.262692390839622,3.4100993267336737,grid_entropy,baseline
973,4.262692390839622,3.3274847819558424,grid_entropy,baseline
974,4.262692390839622,3.203365087509175,grid_entropy,baseline
975,4.262692390839622,3.327484781955842,grid_entropy,baseline
976,4.262692390839622,3.174885868724236,grid_entropy,baseline
977,4.262692390839622,3.3603059777020796,grid_entropy,baseline
978,4.262692390839622,3.257500413502068,grid_entropy,baseline
979,4.262692390839622,3.257500413502068,grid_entropy,baseline
980,4.262692390839622,4.436605434317882,grid_entropy,baseline
981,4.262692390839622,3.555533151426996,grid_entropy,baseline
982,4.262692390839622,3.377278130987436,grid_entropy,baseline
983,4.262692390839622,3.501397825434103,grid_entropy,baseline
984,4.262692390839622,3.2903216092483056,grid_entropy,baseline
985,4.262692390839622,3.414441303694973,grid_entropy,baseline
986,4.262692390839622,3.4100993267336737,grid_entropy,baseline
987,4.262692390839622,2.996630848284676,grid_entropy,baseline
988,4.262692390839622,3.3061706517091873,grid_entropy,baseline
989,4.262692390839622,3.294663586209604,grid_entropy,baseline
990,4.262692390839622,3.327484781955842,grid_entropy,baseline
991,4.262692390839622,3.3816201079487347,grid_entropy,baseline
992,4.262692390839622,3.2946635862096043,grid_entropy,baseline
993,4.262692390839622,3.5883543471732335,grid_entropy,baseline
994,4.262692390839622,3.5342190211803413,grid_entropy,baseline
995,4.262692390839622,3.501397825434103,grid_entropy,baseline
996,4.262692390839622,4.1757358691004915,grid_entropy,baseline
997,4.262692390839622,3.377278130987436,grid_entropy,baseline
998,4.262692390839622,3.522711955680758,grid_entropy,baseline
999,4.262692390839622,3.0507661742775687,grid_entropy,baseline
0,0.033385750922289764,0.027982849966395985,mst_dispersion,baseline
1,0.033385750922289764,0.028177152980457653,mst_dispersion,baseline
2,0.033385750922289764,0.06967996738173744,mst_dispersion,baseline
3,0.033385750922289764,0.061513391408053314,mst_dispersion,baseline
4,0.033385750922289764,0.0699870613488284,mst_dispersion,baseline
5,0.033385750922289764,0.0617118775844574,mst_dispersion,baseline
6,0.033385750922289764,0.07564046437090094,mst_dispersion,baseline
7,0.033385750922289764,0.057765505530617454,mst_dispersion,baseline
8,0.033385750922289764,0.06772042675451799,mst_dispersion,baseline
9,0.033385750922289764,0.06782050024379384,mst_dispersion,baseline
10,0.033385750922289764,0.07383006811141968,mst_dispersion,baseline
11,0.033385750922289764,0.05976483225822449,mst_dispersion,baseline
12,0.033385750922289764,0.059147821231321854,mst_dispersion,baseline
13,0.033385750922289764,0.06264341419393366,mst_dispersion,baseline
14,0.033385750922289764,0.058965842832218514,mst_dispersion,baseline
15,0.033385750922289764,0.07278597896749323,mst_dispersion,baseline
16,0.033385750922289764,0.06091192093762485,mst_dispersion,baseline
17,0.033385750922289764,0.06416640769351613,mst_dispersion,baseline
18,0.033385750922289764,0.05836799740791321,mst_dispersion,baseline
19,0.033385750922289764,0.0654301182790236,mst_dispersion,baseline
20,0.033385750922289764,0.02758611332286488,mst_dispersion,baseline
21,0.033385750922289764,0.028091346675699406,mst_dispersion,baseline
22,0.033385750922289764,0.06103249571540139,mst_dispersion,baseline
23,0.033385750922289764,0.06608660925518382,mst_dispersion,baseline
24,0.033385750922289764,0.06880936568433588,mst_dispersion,baseline
25,0.033385750922289764,0.060350913893092765,mst_dispersion,baseline
26,0.033385750922289764,0.06291596456007524,mst_dispersion,baseline
27,0.033385750922289764,0.06575729901140387,mst_dispersion,baseline
28,0.033385750922289764,0.06498632376844232,mst_dispersion,baseline
29,0.033385750922289764,0.07073638384992426,mst_dispersion,baseline
30,0.033385750922289764,0.06805914640426636,mst_dispersion,baseline
31,0.033385750922289764,0.06358580968596718,mst_dispersion,baseline
32,0.033385750922289764,0.07300758361816406,mst_dispersion,baseline
33,0.033385750922289764,0.0689526389945637,mst_dispersion,baseline
34,0.033385750922289764,0.05740834637121721,mst_dispersion,baseline
35,0.033385750922289764,0.07205419377847151,mst_dispersion,baseline
36,0.033385750922289764,0.06518345258452675,mst_dispersion,baseline
37,0.033385750922289764,0.061679352413524284,mst_dispersion,baseline
38,0.033385750922289764,0.029609848152507435,mst_dispersion,baseline
39,0.033385750922289764,0.02845560149712996,mst_dispersion,baseline
40,0.033385750922289764,0.05932088873603127,mst_dispersion,baseline
41,0.033385750922289764,0.07001854885708202,mst_dispersion,baseline
42,0.033385750922289764,0.05875392935492776,mst_dispersion,baseline
43,0.033385750922289764,0.06820873509753834,mst_dispersion,baseline
44,0.033385750922289764,0.027353739196603947,mst_dispersion,baseline
45,0.033385750922289764,0.05862152034586126,mst_dispersion,baseline
46,0.033385750922289764,0.07549479061906988,mst_dispersion,baseline
47,0.033385750922289764,0.06791856614026157,mst_dispersion,baseline
48,0.033385750922289764,0.055850429968400436,mst_dispersion,baseline
49,0.033385750922289764,0.0658532597801902,mst_dispersion,baseline
50,0.033385750922289764,0.06919701532884077,mst_dispersion,baseline
51,0.033385750922289764,0.06300743330608714,mst_dispersion,baseline
52,0.033385750922289764,0.05780329216610302,mst_dispersion,baseline
53,0.033385750922289764,0.06878393888473511,mst_dispersion,baseline
54,0.033385750922289764,0.06009660796685652,mst_dispersion,baseline
55,0.033385750922289764,0.028034288774837147,mst_dispersion,baseline
56,0.033385750922289764,0.06429217620329424,mst_dispersion,baseline
57,0.033385750922289764,0.06469078226522966,mst_dispersion,baseline
58,0.033385750922289764,0.06241036274216392,mst_dispersion,baseline
59,0.033385750922289764,0.0641929642720656,mst_dispersion,baseline
60,0.033385750922289764,0.0701009685342962,mst_dispersion,baseline
61,0.033385750922289764,0.06928146156397733,mst_dispersion,baseline
62,0.033385750922289764,0.06596871668642218,mst_dispersion,baseline
63,0.033385750922289764,0.06854251027107239,mst_dispersion,baseline
64,0.033385750922289764,0.06692606481638821,mst_dispersion,baseline
65,0.033385750922289764,0.0660324367609891,mst_dispersion,baseline
66,0.033385750922289764,0.06685600497505882,mst_dispersion,baseline
67,0.033385750922289764,0.06480919501998207,mst_dispersion,baseline
68,0.033385750922289764,0.0637572245164351,mst_dispersion,baseline
69,0.033385750922289764,0.05710712617093867,mst_dispersion,baseline
70,0.033385750922289764,0.06346029585058038,mst_dispersion,baseline
71,0.033385750922289764,0.06039750576019287,mst_dispersion,baseline
72,0.033385750922289764,0.06041518395597285,mst_dispersion,baseline
73,0.033385750922289764,0.06408873471346768,mst_dispersion,baseline
74,0.033385750922289764,0.05998884005980058,mst_dispersion,baseline
75,0.033385750922289764,0.05534958297556097,mst_dispersion,baseline
76,0.033385750922289764,0.062243101271716034,mst_dispersion,baseline
77,0.033385750922289764,0.07709297808733853,mst_dispersion,baseline
78,0.033385750922289764,0.060789303346113724,mst_dispersion,baseline
79,0.033385750922289764,0.06287851929664612,mst_dispersion,baseline
80,0.033385750922289764,0.0673730346289548,mst_dispersion,baseline
81,0.033385750922289764,0.06436118754473599,mst_dispersion,baseline
82,0.033385750922289764,0.057332867925817314,mst_dispersion,baseline
83,0.033385750922289764,0.06087790565057234,mst_dispersion,baseline
84,0.033385750922289764,0.05774225430055098,mst_dispersion,baseline
85,0.033385750922289764,0.07102166251702742,mst_dispersion,baseline
86,0.033385750922289764,0.059051773764870384,mst_dispersion,baseline
87,0.033385750922289764,0.06454650380394676,mst_dispersion,baseline
88,0.033385750922289764,0.06494613940065558,mst_dispersion,baseline
89,0.033385750922289764,0.06060002608732744,mst_dispersion,baseline
90,0.033385750922289764,0.06078557534651323,mst_dispersion,baseline
91,0.033385750922289764,0.07203119993209839,mst_dispersion,baseline
92,0.033385750922289764,0.05672040581703186,mst_dispersion,baseline
93,0.033385750922289764,0.06310812451622703,mst_dispersion,baseline
94,0.033385750922289764,0.06644047390330922,mst_dispersion,baseline
95,0.033385750922289764,0.0637698308988051,mst_dispersion,baseline
96,0.033385750922289764,0.0630331039428711,mst_dispersion,baseline
97,0.033385750922289764,0.06287595358761874,mst_dispersion,baseline
98,0.033385750922289764,0.06712748516689647,mst_dispersion,baseline
99,0.033385750922289764,0.06167816302993081,mst_dispersion,baseline
100,0.033385750922289764,0.06405516104264693,mst_dispersion,baseline
101,0.033385750922289764,0.07009412483735518,mst_dispersion,baseline
102,0.033385750922289764,0.05821457505226135,mst_dispersion,baseline
103,0.033385750922289764,0.06854216618971391,mst_dispersion,baseline
104,0.033385750922289764,0.062089267102154816,mst_dispersion,baseline
105,0.033385750922289764,0.027019061825492165,mst_dispersion,baseline
106,0.033385750922289764,0.06505155021494086,mst_dispersion,baseline
107,0.033385750922289764,0.07186203382231972,mst_dispersion,baseline
108,0.033385750922289764,0.06838249618356879,mst_dispersion,baseline
109,0.033385750922289764,0.06783820282329213,mst_dispersion,baseline
110,0.033385750922289764,0.06165723367170854,mst_dispersion,baseline
111,0.033385750922289764,0.06444049423391168,mst_dispersion,baseline
112,0.033385750922289764,0.06435569578951056,mst_dispersion,baseline
113,0.033385750922289764,0.06953134319999,mst_dispersion,baseline
114,0.033385750922289764,0.06530110131610524,mst_dispersion,baseline
115,0.033385750922289764,0.07100523060018366,mst_dispersion,baseline
116,0.033385750922289764,0.0688199292529713,mst_dispersion,baseline
117,0.033385750922289764,0.06526398658752441,mst_dispersion,baseline
118,0.033385750922289764,0.07055257667194713,mst_dispersion,baseline
119,0.033385750922289764,0.028912958773699673,mst_dispersion,baseline
120,0.033385750922289764,0.061512044884941795,mst_dispersion,baseline
121,0.033385750922289764,0.060284452004866165,mst_dispersion,baseline
122,0.033385750922289764,0.060911379077217796,mst_dispersion,baseline
123,0.033385750922289764,0.02822448177771135,mst_dispersion,baseline
124,0.033385750922289764,0.025547293099490078,mst_dispersion,baseline
125,0.033385750922289764,0.06166354363614863,mst_dispersion,baseline
126,0.033385750922289764,0.06326189637184143,mst_dispersion,baseline
127,0.033385750922289764,0.06386713819070296,mst_dispersion,baseline
128,0.033385750922289764,0.06852398677305742,mst_dispersion,baseline
129,0.033385750922289764,0.06877938996661793,mst_dispersion,baseline
130,0.033385750922289764,0.0628320114179091,mst_dispersion,baseline
131,0.033385750922289764,0.0576594201001254,mst_dispersion,baseline
132,0.033385750922289764,0.028232227672230114,mst_dispersion,baseline
133,0.033385750922289764,0.06655957482077858,mst_dispersion,baseline
134,0.033385750922289764,0.06201717799360102,mst_dispersion,baseline
135,0.033385750922289764,0.05904265425421975,mst_dispersion,baseline
136,0.033385750922289764,0.06753626736727628,mst_dispersion,baseline
137,0.033385750922289764,0.06022994626652111,mst_dispersion,baseline
138,0.033385750922289764,0.057966126637025314,mst_dispersion,baseline
139,0.033385750922289764,0.058614942160519684,mst_dispersion,baseline
140,0.033385750922289764,0.05949334122917869,mst_dispersion,baseline
141,0.033385750922289764,0.057720019058747726,mst_dispersion,baseline
142,0.033385750922289764,0.06722660227255388,mst_dispersion,baseline
143,0.033385750922289764,0.05691498247059909,mst_dispersion,baseline
144,0.033385750922289764,0.06782793727788058,mst_dispersion,baseline
145,0.033385750922289764,0.05719716982408003,mst_dispersion,baseline
146,0.033385750922289764,0.0745986131104556,mst_dispersion,baseline
147,0.033385750922289764,0.0669078528881073,mst_dispersion,baseline
148,0.033385750922289764,0.06870856881141663,mst_dispersion,baseline
149,0.033385750922289764,0.05803713473406705,mst_dispersion,baseline
150,0.033385750922289764,0.06723711436445062,mst_dispersion,baseline
151,0.033385750922289764,0.06261807138269598,mst_dispersion,baseline
152,0.033385750922289764,0.05633920972997492,mst_dispersion,baseline
153,0.033385750922289764,0.06554473530162465,mst_dispersion,baseline
154,0.033385750922289764,0.06200646270405163,mst_dispersion,baseline
155,0.033385750922289764,0.0705562179738825,mst_dispersion,baseline
156,0.033385750922289764,0.06532737341794101,mst_dispersion,baseline
157,0.033385750922289764,0.06038159944794395,mst_dispersion,baseline
158,0.033385750922289764,0.06883313710039313,mst_dispersion,baseline
159,0.033385750922289764,0.06480276584625244,mst_dispersion,baseline
160,0.033385750922289764,0.06216971440748735,mst_dispersion,baseline
161,0.033385750922289764,0.05984951962124218,mst_dispersion,baseline
162,0.033385750922289764,0.06055811047554016,mst_dispersion,baseline
163,0.033385750922289764,0.02836437929760326,mst_dispersion,baseline
164,0.033385750922289764,0.06742923368107188,mst_dispersion,baseline
165,0.033385750922289764,0.06085526943206787,mst_dispersion,baseline
166,0.033385750922289764,0.06898951530456543,mst_dispersion,baseline
167,0.033385750922289764,0.06647391210902821,mst_dispersion,baseline
168,0.033385750922289764,0.06600825894962657,mst_dispersion,baseline
169,0.033385750922289764,0.06931408426978371,mst_dispersion,baseline
170,0.033385750922289764,0.07185366478833285,mst_dispersion,baseline
171,0.033385750922289764,0.06685846502130682,mst_dispersion,baseline
172,0.033385750922289764,0.05776209451935508,mst_dispersion,baseline
173,0.033385750922289764,0.0692226995121349,mst_dispersion,baseline
174,0.033385750922289764,0.06346813115206631,mst_dispersion,baseline
175,0.033385750922289764,0.06929573958570306,mst_dispersion,baseline
176,0.033385750922289764,0.05956862731413408,mst_dispersion,baseline
177,0.033385750922289764,0.061485989527268844,mst_dispersion,baseline
178,0.033385750922289764,0.06250345436009494,mst_dispersion,baseline
179,0.033385750922289764,0.06490550528873097,mst_dispersion,baseline
180,0.033385750922289764,0.06936406547372992,mst_dispersion,baseline
181,0.033385750922289764,0.07317568768154491,mst_dispersion,baseline
182,0.033385750922289764,0.06492235172878612,mst_dispersion,baseline
183,0.033385750922289764,0.060568695718591865,mst_dispersion,baseline
184,0.033385750922289764,0.07183041897687045,mst_dispersion,baseline
185,0.033385750922289764,0.058854536576704544,mst_dispersion,baseline
186,0.033385750922289764,0.06288117441264066,mst_dispersion,baseline
187,0.033385750922289764,0.027802968567067928,mst_dispersion,baseline
188,0.033385750922289764,0.06724495508454063,mst_dispersion,baseline
189,0.033385750922289764,0.06763663617047397,mst_dispersion,baseline
190,0.033385750922289764,0.06934775547547774,mst_dispersion,baseline
191,0.033385750922289764,0.06686952710151672,mst_dispersion,baseline
192,0.033385750922289764,0.06342968344688416,mst_dispersion,baseline
193,0.033385750922289764,0.06427675756541165,mst_dispersion,baseline
194,0.033385750922289764,0.06431252577088097,mst_dispersion,baseline
195,0.033385750922289764,0.06892492554404518,mst_dispersion,baseline
196,0.033385750922289764,0.028120479800484398,mst_dispersion,baseline
197,0.033385750922289764,0.02790920300917192,mst_dispersion,baseline
198,0.033385750922289764,0.06360549818385731,mst_dispersion,baseline
199,0.033385750922289764,0.0694295195015994,mst_dispersion,baseline
200,0.033385750922289764,0.06538534977219322,mst_dispersion,baseline
201,0.033385750922289764,0.0576439310203899,mst_dispersion,baseline
202,0.033385750922289764,0.0650183693929152,mst_dispersion,baseline
203,0.033385750922289764,0.062168812209909614,mst_dispersion,baseline
204,0.033385750922289764,0.07452452182769775,mst_dispersion,baseline
205,0.033385750922289764,0.06745190782980486,mst_dispersion,baseline
206,0.033385750922289764,0.06261648644100536,mst_dispersion,baseline
207,0.033385750922289764,0.06830822879617865,mst_dispersion,baseline
208,0.033385750922289764,0.06145556135611101,mst_dispersion,baseline
209,0.033385750922289764,0.06452184102751991,mst_dispersion,baseline
210,0.033385750922289764,0.06038529222661799,mst_dispersion,baseline
211,0.033385750922289764,0.06278771703893488,mst_dispersion,baseline
212,0.033385750922289764,0.05690312656489285,mst_dispersion,baseline
213,0.033385750922289764,0.06322014873678033,mst_dispersion,baseline
214,0.033385750922289764,0.06995075670155612,mst_dispersion,baseline
215,0.033385750922289764,0.06488918174396861,mst_dispersion,baseline
216,0.033385750922289764,0.06949254328554327,mst_dispersion,baseline
217,0.033385750922289764,0.059383221647956154,mst_dispersion,baseline
218,0.033385750922289764,0.06126945127140392,mst_dispersion,baseline
219,0.033385750922289764,0.06606518680399115,mst_dispersion,baseline
220,0.033385750922289764,0.0272322649305517,mst_dispersion,baseline
221,0.033385750922289764,0.0598914541981437,mst_dispersion,baseline
222,0.033385750922289764,0.05897019397128712,mst_dispersion,baseline
223,0.033385750922289764,0.06072678349234841,mst_dispersion,baseline
224,0.033385750922289764,0.06840852444822138,mst_dispersion,baseline
225,0.033385750922289764,0.06079912185668945,mst_dispersion,baseline
226,0.033385750922289764,0.0646397200497714,mst_dispersion,baseline
227,0.033385750922289764,0.06785911050709811,mst_dispersion,baseline
228,0.033385750922289764,0.057807274840094826,mst_dispersion,baseline
229,0.033385750922289764,0.05998400124636563,mst_dispersion,baseline
230,0.033385750922289764,0.05945114114067771,mst_dispersion,baseline
231,0.033385750922289764,0.06433390216393904,mst_dispersion,baseline
232,0.033385750922289764,0.06311068480665033,mst_dispersion,baseline
233,0.033385750922289764,0.05898322029547258,mst_dispersion,baseline
234,0.033385750922289764,0.07245666059580716,mst_dispersion,baseline
235,0.033385750922289764,0.06832524321295998,mst_dispersion,baseline
236,0.033385750922289764,0.0672381113875996,mst_dispersion,baseline
237,0.033385750922289764,0.06033567677844654,mst_dispersion,baseline
238,0.033385750922289764,0.0578591064973311,mst_dispersion,baseline
239,0.033385750922289764,0.06379381364042108,mst_dispersion,baseline
240,0.033385750922289764,0.06496394764293324,mst_dispersion,baseline
241,0.033385750922289764,0.06256346540017561,mst_dispersion,baseline
242,0.033385750922289764,0.05763100494037975,mst_dispersion,baseline
243,0.033385750922289764,0.060182406143708664,mst_dispersion,baseline
244,0.033385750922289764,0.06570305336605418,mst_dispersion,baseline
245,0.033385750922289764,0.059174667705189095,mst_dispersion,baseline
246,0.033385750922289764,0.028303032571619206,mst_dispersion,baseline
247,0.033385750922289764,0.07028676975857127,mst_dispersion,baseline
248,0.033385750922289764,0.06041377782821655,mst_dispersion,baseline
249,0.033385750922289764,0.05784374475479126,mst_dispersion,baseline
250,0.033385750922289764,0.07171543619849464,mst_dispersion,baseline
251,0.033385750922289764,0.06215743314136158,mst_dispersion,baseline
252,0.033385750922289764,0.06480424512516368,mst_dispersion,baseline
253,0.033385750922289764,0.06378600272265347,mst_dispersion,baseline
254,0.033385750922289764,0.027564777569337326,mst_dispersion,baseline
255,0.033385750922289764,0.06455555016344244,mst_dispersion,baseline
256,0.033385750922289764,0.06550092588771474,mst_dispersion,baseline
257,0.033385750922289764,0.060635200955651024,mst_dispersion,baseline
258,0.033385750922289764,0.060588804158297455,mst_dispersion,baseline
259,0.033385750922289764,0.06356218186291782,mst_dispersion,baseline
260,0.033385750922289764,0.06888598203659058,mst_dispersion,baseline
261,0.033385750922289764,0.06819654594768178,mst_dispersion,baseline
262,0.033385750922289764,0.06778895584019748,mst_dispersion,baseline
263,0.033385750922289764,0.06337359005754645,mst_dispersion,baseline
264,0.033385750922289764,0.06575001640753313,mst_dispersion,baseline
265,0.033385750922289764,0.07041536677967418,mst_dispersion,baseline
266,0.033385750922289764,0.028829902410507202,mst_dispersion,baseline
267,0.033385750922289764,0.05933335965329951,mst_dispersion,baseline
268,0.033385750922289764,0.056620570746335114,mst_dispersion,baseline
269,0.033385750922289764,0.06527328762141141,mst_dispersion,baseline
270,0.033385750922289764,0.06904773007739674,mst_dispersion,baseline
271,0.033385750922289764,0.06993949142369357,mst_dispersion,baseline
272,0.033385750922289764,0.06704375418749722,mst_dispersion,baseline
273,0.033385750922289764,0.06965527751229027,mst_dispersion,baseline
274,0.033385750922289764,0.06610618938099254,mst_dispersion,baseline
275,0.033385750922289764,0.06632682139223273,mst_dispersion,baseline
276,0.033385750922289764,0.0727417225187475,mst_dispersion,baseline
277,0.033385750922289764,0.06260553273287686,mst_dispersion,baseline
278,0.033385750922289764,0.06301520358432423,mst_dispersion,baseline
279,0.033385750922289764,0.06967850706794045,mst_dispersion,baseline
280,0.033385750922289764,0.05694404515353116,mst_dispersion,baseline
281,0.033385750922289764,0.02864430167458274,mst_dispersion,baseline
282,0.033385750922289764,0.06602480736645785,mst_dispersion,baseline
283,0.033385750922289764,0.059734431180087005,mst_dispersion,baseline
284,0.033385750922289764,0.06858476996421814,mst_dispersion,baseline
285,0.033385750922289764,0.06514758684418419,mst_dispersion,baseline
286,0.033385750922289764,0.055922462181611496,mst_dispersion,baseline
287,0.033385750922289764,0.05867841839790344,mst_dispersion,baseline
288,0.033385750922289764,0.062061106616800484,mst_dispersion,baseline
289,0.033385750922289764,0.06446726755662398,mst_dispersion,baseline
290,0.033385750922289764,0.056350683624094185,mst_dispersion,baseline
291,0.033385750922289764,0.06651987541805614,mst_dispersion,baseline
292,0.033385750922289764,0.06629691340706566,mst_dispersion,baseline
293,0.033385750922289764,0.07596702738241716,mst_dispersion,baseline
294,0.033385750922289764,0.06119647893038663,mst_dispersion,baseline
295,0.033385750922289764,0.055728256702423096,mst_dispersion,baseline
296,0.033385750922289764,0.07118162783709439,mst_dispersion,baseline
297,0.033385750922289764,0.06327188556844537,mst_dispersion,baseline
298,0.033385750922289764,0.027771979570388794,mst_dispersion,baseline
299,0.033385750922289764,0.02917547659440474,mst_dispersion,baseline
300,0.033385750922289764,0.07097378915006464,mst_dispersion,baseline
301,0.033385750922289764,0.059069966728037056,mst_dispersion,baseline
302,0.033385750922289764,0.07023345340381969,mst_dispersion,baseline
303,0.033385750922289764,0.07095220143144781,mst_dispersion,baseline
304,0.033385750922289764,0.0736407691782171,mst_dispersion,baseline
305,0.033385750922289764,0.061431844126094474,mst_dispersion,baseline
306,0.033385750922289764,0.06376907500353726,mst_dispersion,baseline
307,0.033385750922289764,0.05770756710659374,mst_dispersion,baseline
308,0.033385750922289764,0.057011290030045944,mst_dispersion,baseline
309,0.033385750922289764,0.05741789395158941,mst_dispersion,baseline
310,0.033385750922289764,0.07328634370457042,mst_dispersion,baseline
311,0.033385750922289764,0.06488533182577653,mst_dispersion,baseline
312,0.033385750922289764,0.07447348399595781,mst_dispersion,baseline
313,0.033385750922289764,0.06833305954933167,mst_dispersion,baseline
314,0.033385750922289764,0.06912948868491432,mst_dispersion,baseline
315,0.033385750922289764,0.028294476595791904,mst_dispersion,baseline
316,0.033385750922289764,0.05887374823743647,mst_dispersion,baseline
317,0.033385750922289764,0.07381694967096503,mst_dispersion,baseline
318,0.033385750922289764,0.07344605435024608,mst_dispersion,baseline
319,0.033385750922289764,0.05644000660289417,mst_dispersion,baseline
320,0.033385750922289764,0.05936908450993625,mst_dispersion,baseline
321,0.033385750922289764,0.06821006807413968,mst_dispersion,baseline
322,0.033385750922289764,0.05860105427828702,mst_dispersion,baseline
323,0.033385750922289764,0.057539200240915474,mst_dispersion,baseline
324,0.033385750922289764,0.0633010132746263,mst_dispersion,baseline
325,0.033385750922289764,0.06310899691148238,mst_dispersion,baseline
326,0.033385750922289764,0.06757388060743158,mst_dispersion,baseline
327,0.033385750922289764,0.030048256570642643,mst_dispersion,baseline
328,0.033385750922289764,0.06672535159371117,mst_dispersion,baseline
329,0.033385750922289764,0.06640625,mst_dispersion,baseline
330,0.033385750922289764,0.05995718728412281,mst_dispersion,baseline
331,0.033385750922289764,0.0739278495311737,mst_dispersion,baseline
332,0.033385750922289764,0.06603080576116388,mst_dispersion,baseline
333,0.033385750922289764,0.07234939661892978,mst_dispersion,baseline
334,0.033385750922289764,0.06211600520394065,mst_dispersion,baseline
335,0.033385750922289764,0.06765395131978122,mst_dispersion,baseline
336,0.033385750922289764,0.06179079955274409,mst_dispersion,baseline
337,0.033385750922289764,0.06422419168732384,mst_dispersion,baseline
338,0.033385750922289764,0.06261297789486972,mst_dispersion,baseline
339,0.033385750922289764,0.06185930696400729,mst_dispersion,baseline
340,0.033385750922289764,0.058462576432661575,mst_dispersion,baseline
341,0.033385750922289764,0.05950220335613598,mst_dispersion,baseline
342,0.033385750922289764,0.05960421941497109,mst_dispersion,baseline
343,0.033385750922289764,0.0646703839302063,mst_dispersion,baseline
344,0.033385750922289764,0.06543104486031966,mst_dispersion,baseline
345,0.033385750922289764,0.02845288948579268,mst_dispersion,baseline
346,0.033385750922289764,0.0625476674600081,mst_dispersion,baseline
347,0.033385750922289764,0.07346599752252753,mst_dispersion,baseline
348,0.033385750922289764,0.06342268531972711,mst_dispersion,baseline
349,0.033385750922289764,0.05900570479306308,mst_dispersion,baseline
350,0.033385750922289764,0.06904485008933327,mst_dispersion,baseline
351,0.033385750922289764,0.06911210038445213,mst_dispersion,baseline
352,0.033385750922289764,0.06375360759821805,mst_dispersion,baseline
353,0.033385750922289764,0.06650206717577847,mst_dispersion,baseline
354,0.033385750922289764,0.027889051220633766,mst_dispersion,baseline
355,0.033385750922289764,0.058956181461160835,mst_dispersion,baseline
356,0.033385750922289764,0.05906993692571467,mst_dispersion,baseline
357,0.033385750922289764,0.0687479864467274,mst_dispersion,baseline
358,0.033385750922289764,0.06447613510218533,mst_dispersion,baseline
359,0.033385750922289764,0.06423971327868375,mst_dispersion,baseline
360,0.033385750922289764,0.06092830679633401,mst_dispersion,baseline
361,0.033385750922289764,0.06719217517159203,mst_dispersion,baseline
362,0.033385750922289764,0.0703859193758531,mst_dispersion,baseline
363,0.033385750922289764,0.027546641501513393,mst_dispersion,baseline
364,0.033385750922289764,0.06358696655793623,mst_dispersion,baseline
365,0.033385750922289764,0.06823787635022943,mst_dispersion,baseline
366,0.033385750922289764,0.06242484667084434,mst_dispersion,baseline
367,0.033385750922289764,0.0627908625385978,mst_dispersion,baseline
368,0.033385750922289764,0.0587726045738567,mst_dispersion,baseline
369,0.033385750922289764,0.055810649286616935,mst_dispersion,baseline
370,0.033385750922289764,0.06518792564218695,mst_dispersion,baseline
371,0.033385750922289764,0.06449969790198586,mst_dispersion,baseline
372,0.033385750922289764,0.06191563606262207,mst_dispersion,baseline
373,0.033385750922289764,0.06441507014361295,mst_dispersion,baseline
374,0.033385750922289764,0.02962840145284479,mst_dispersion,baseline
375,0.033385750922289764,0.0704896016554399,mst_dispersion,baseline
376,0.033385750922289764,0.06321759657426314,mst_dispersion,baseline
377,0.033385750922289764,0.05745299566875805,mst_dispersion,baseline
378,0.033385750922289764,0.059270010753111405,mst_dispersion,baseline
379,0.033385750922289764,0.06890806826678189,mst_dispersion,baseline
380,0.033385750922289764,0.028831771828911522,mst_dispersion,baseline
381,0.033385750922289764,0.07041135972196405,mst_dispersion,baseline
382,0.033385750922289764,0.05954526500268416,mst_dispersion,baseline
383,0.033385750922289764,0.06437961892648177,mst_dispersion,baseline
384,0.033385750922289764,0.0667512145909396,mst_dispersion,baseline
385,0.033385750922289764,0.05981122092767195,mst_dispersion,baseline
386,0.033385750922289764,0.0573364875533364,mst_dispersion,baseline
387,0.033385750922289764,0.0634908838705583,mst_dispersion,baseline
388,0.033385750922289764,0.0642711953683333,mst_dispersion,baseline
389,0.033385750922289764,0.06104729663241993,mst_dispersion,baseline
390,0.033385750922289764,0.06238488175652244,mst_dispersion,baseline
391,0.033385750922289764,0.0650464811108329,mst_dispersion,baseline
392,0.033385750922289764,0.06232349710030989,mst_dispersion,baseline
393,0.033385750922289764,0.06565997817299583,mst_dispersion,baseline
394,0.033385750922289764,0.06725264950232072,mst_dispersion,baseline
395,0.033385750922289764,0.07000206275419756,mst_dispersion,baseline
396,0.033385750922289764,0.06599667126482184,mst_dispersion,baseline
397,0.033385750922289764,0.06735173680565575,mst_dispersion,baseline
398,0.033385750922289764,0.06963764808394692,mst_dispersion,baseline
399,0.033385750922289764,0.060305216095664284,mst_dispersion,baseline
400,0.033385750922289764,0.06445076248862526,mst_dispersion,baseline
401,0.033385750922289764,0.06223341009833596,mst_dispersion,baseline
402,0.033385750922289764,0.06631893732331016,mst_dispersion,baseline
403,0.033385750922289764,0.06396565383130853,mst_dispersion,baseline
404,0.033385750922289764,0.07452664050188931,mst_dispersion,baseline
405,0.033385750922289764,0.06425227631222118,mst_dispersion,baseline
406,0.033385750922289764,0.06900187784975226,mst_dispersion,baseline
407,0.033385750922289764,0.027912876822731712,mst_dispersion,baseline
408,0.033385750922289764,0.06306409564885226,mst_dispersion,baseline
409,0.033385750922289764,0.07455837726593018,mst_dispersion,baseline
410,0.033385750922289764,0.06675618886947632,mst_dispersion,baseline
411,0.033385750922289764,0.06054175712845542,mst_dispersion,baseline
412,0.033385750922289764,0.064178466796875,mst_dispersion,baseline
413,0.033385750922289764,0.06573172049088911,mst_dispersion,baseline
414,0.033385750922289764,0.06274867328730496,mst_dispersion,baseline
415,0.033385750922289764,0.02830196510661732,mst_dispersion,baseline
416,0.033385750922289764,0.06946255673061717,mst_dispersion,baseline
417,0.033385750922289764,0.06656293977390636,mst_dispersion,baseline
418,0.033385750922289764,0.06456956267356873,mst_dispersion,baseline
419,0.033385750922289764,0.06501491232351823,mst_dispersion,baseline
420,0.033385750922289764,0.06481368162415245,mst_dispersion,baseline
421,0.033385750922289764,0.06450023434378883,mst_dispersion,baseline
422,0.033385750922289764,0.06566396897489374,mst_dispersion,baseline
423,0.033385750922289764,0.06327260624278676,mst_dispersion,baseline
424,0.033385750922289764,0.06920840794389899,mst_dispersion,baseline
425,0.033385750922289764,0.07183709198778326,mst_dispersion,baseline
426,0.033385750922289764,0.06372392177581787,mst_dispersion,baseline
427,0.033385750922289764,0.06359398094090549,mst_dispersion,baseline
428,0.033385750922289764,0.07024594870480624,mst_dispersion,baseline
429,0.033385750922289764,0.07268561829220165,mst_dispersion,baseline
430,0.033385750922289764,0.06959990750659596,mst_dispersion,baseline
431,0.033385750922289764,0.06471160596067255,mst_dispersion,baseline
432,0.033385750922289764,0.06688903407617049,mst_dispersion,baseline
433,0.033385750922289764,0.0676163760098544,mst_dispersion,baseline
434,0.033385750922289764,0.0648760362104936,mst_dispersion,baseline
435,0.033385750922289764,0.06276722116903825,mst_dispersion,baseline
436,0.033385750922289764,0.0636118000203913,mst_dispersion,baseline
437,0.033385750922289764,0.061056402596560394,mst_dispersion,baseline
438,0.033385750922289764,0.06319153579798611,mst_dispersion,baseline
439,0.033385750922289764,0.05651493776928295,mst_dispersion,baseline
440,0.033385750922289764,0.07321103865450079,mst_dispersion,baseline
441,0.033385750922289764,0.06382942199707031,mst_dispersion,baseline
442,0.033385750922289764,0.05959916656667536,mst_dispersion,baseline
443,0.033385750922289764,0.06462649052793329,mst_dispersion,baseline
444,0.033385750922289764,0.07494542544538324,mst_dispersion,baseline
445,0.033385750922289764,0.05897112868048928,mst_dispersion,baseline
446,0.033385750922289764,0.059055293148214165,mst_dispersion,baseline
447,0.033385750922289764,0.06604161316698248,mst_dispersion,baseline
448,0.033385750922289764,0.06356500766494057,mst_dispersion,baseline
449,0.033385750922289764,0.02799663489515131,mst_dispersion,baseline
450,0.033385750922289764,0.06594522161917253,mst_dispersion,baseline
451,0.033385750922289764,0.06559102643619884,mst_dispersion,baseline
452,0.033385750922289764,0.058371256698261605,mst_dispersion,baseline
453,0.033385750922289764,0.06486384976993907,mst_dispersion,baseline
454,0.033385750922289764,0.07298331910913641,mst_dispersion,baseline
455,0.033385750922289764,0.07056378776376898,mst_dispersion,baseline
456,0.033385750922289764,0.06589107350869612,mst_dispersion,baseline
457,0.033385750922289764,0.06379066001285207,mst_dispersion,baseline
458,0.033385750922289764,0.06753889268094843,mst_dispersion,baseline
459,0.033385750922289764,0.06440151550553062,mst_dispersion,baseline
460,0.033385750922289764,0.06677547368136319,mst_dispersion,baseline
461,0.033385750922289764,0.05795256658033891,mst_dispersion,baseline
462,0.033385750922289764,0.05628960511901162,mst_dispersion,baseline
463,0.033385750922289764,0.06930198994549838,mst_dispersion,baseline
464,0.033385750922289764,0.06398597901517694,mst_dispersion,baseline
465,0.033385750922289764,0.06567590615966103,mst_dispersion,baseline
466,0.033385750922289764,0.06310427730733698,mst_dispersion,baseline
467,0.033385750922289764,0.06245715509761463,mst_dispersion,baseline
468,0.033385750922289764,0.056997564705935394,mst_dispersion,baseline
469,0.033385750922289764,0.05468149347738786,mst_dispersion,baseline
470,0.033385750922289764,0.06091005964712663,mst_dispersion,baseline
471,0.033385750922289764,0.06988933411511508,mst_dispersion,baseline
472,0.033385750922289764,0.029561552134427158,mst_dispersion,baseline
473,0.033385750922289764,0.06037215753035112,mst_dispersion,baseline
474,0.033385750922289764,0.06819510188969699,mst_dispersion,baseline
475,0.033385750922289764,0.06320554830811241,mst_dispersion,baseline
476,0.033385750922289764,0.05568845163692127,mst_dispersion,baseline
477,0.033385750922289764,0.06763093308968977,mst_dispersion,baseline
478,0.033385750922289764,0.07061059095642784,mst_dispersion,baseline
479,0.033385750922289764,0.057171843268654564,mst_dispersion,baseline
480,0.033385750922289764,0.06943673437291925,mst_dispersion,baseline
481,0.033385750922289764,0.05711307308890603,mst_dispersion,baseline
482,0.033385750922289764,0.06567344340411099,mst_dispersion,baseline
483,0.033385750922289764,0.06793977455659346,mst_dispersion,baseline
484,0.033385750922289764,0.05692214315587824,mst_dispersion,baseline
485,0.033385750922289764,0.058537624099037865,mst_dispersion,baseline
486,0.033385750922289764,0.06076086380264976,mst_dispersion,baseline
487,0.033385750922289764,0.06123034791512923,mst_dispersion,baseline
488,0.033385750922289764,0.061161593957380814,mst_dispersion,baseline
489,0.033385750922289764,0.05953908237543973,mst_dispersion,baseline
490,0.033385750922289764,0.060264105146581474,mst_dispersion,baseline
491,0.033385750922289764,0.07342572103847157,mst_dispersion,baseline
492,0.033385750922289764,0.07233782789923927,mst_dispersion,baseline
493,0.033385750922289764,0.06422299959442833,mst_dispersion,baseline
494,0.033385750922289764,0.028057629411870785,mst_dispersion,baseline
495,0.033385750922289764,0.06455111774531277,mst_dispersion,baseline
496,0.033385750922289764,0.06354240666736256,mst_dispersion,baseline
497,0.033385750922289764,0.06187045303258029,mst_dispersion,baseline
498,0.033385750922289764,0.0700985924764113,mst_dispersion,baseline
499,0.033385750922289764,0.05917100201953541,mst_dispersion,baseline
500,0.033385750922289764,0.05842674320394343,mst_dispersion,baseline
501,0.033385750922289764,0.06249942562796853,mst_dispersion,baseline
502,0.033385750922289764,0.06791025671091946,mst_dispersion,baseline
503,0.033385750922289764,0.0593213520266793,mst_dispersion,baseline
504,0.033385750922289764,0.058832507241855965,mst_dispersion,baseline
505,0.033385750922289764,0.06974334608424794,mst_dispersion,baseline
506,0.033385750922289764,0.06958091800863092,mst_dispersion,baseline
507,0.033385750922289764,0.058587255803021515,mst_dispersion,baseline
508,0.033385750922289764,0.06899285858327692,mst_dispersion,baseline
509,0.033385750922289764,0.05707133629105308,mst_dispersion,baseline
510,0.033385750922289764,0.0737897049296986,mst_dispersion,baseline
511,0.033385750922289764,0.059358653697100555,mst_dispersion,baseline
512,0.033385750922289764,0.06964140859517184,mst_dispersion,baseline
513,0.033385750922289764,0.061453922228379684,mst_dispersion,baseline
514,0.033385750922289764,0.0592421293258667,mst_dispersion,baseline
515,0.033385750922289764,0.06577738306739113,mst_dispersion,baseline
516,0.033385750922289764,0.058154542337764396,mst_dispersion,baseline
517,0.033385750922289764,0.06176112727685408,mst_dispersion,baseline
518,0.033385750922289764,0.07180136171254245,mst_dispersion,baseline
519,0.033385750922289764,0.06834725900129839,mst_dispersion,baseline
520,0.033385750922289764,0.05914501981301741,mst_dispersion,baseline
521,0.033385750922289764,0.06299662590026855,mst_dispersion,baseline
522,0.033385750922289764,0.06873352419246327,mst_dispersion,baseline
523,0.033385750922289764,0.06971246004104614,mst_dispersion,baseline
524,0.033385750922289764,0.02837913144718517,mst_dispersion,baseline
525,0.033385750922289764,0.0714988112449646,mst_dispersion,baseline
526,0.033385750922289764,0.061302399093454536,mst_dispersion,baseline
527,0.033385750922289764,0.05968540365045721,mst_dispersion,baseline
528,0.033385750922289764,0.05960098179903897,mst_dispersion,baseline
529,0.033385750922289764,0.06310209902850064,mst_dispersion,baseline
530,0.033385750922289764,0.05968419530174949,mst_dispersion,baseline
531,0.033385750922289764,0.06678917462175543,mst_dispersion,baseline
532,0.033385750922289764,0.06298060308803212,mst_dispersion,baseline
533,0.033385750922289764,0.06253115155480125,mst_dispersion,baseline
534,0.033385750922289764,0.07270040837201205,mst_dispersion,baseline
535,0.033385750922289764,0.07333293557167053,mst_dispersion,baseline
536,0.033385750922289764,0.059632870283993805,mst_dispersion,baseline
537,0.033385750922289764,0.06334881349043413,mst_dispersion,baseline
538,0.033385750922289764,0.06596214391968468,mst_dispersion,baseline
539,0.033385750922289764,0.05784950202161616,mst_dispersion,baseline
540,0.033385750922289764,0.07062350348992781,mst_dispersion,baseline
541,0.033385750922289764,0.0562995888970115,mst_dispersion,baseline
542,0.033385750922289764,0.06418320536613464,mst_dispersion,baseline
543,0.033385750922289764,0.064502168785442,mst_dispersion,baseline
544,0.033385750922289764,0.06465778838504445,mst_dispersion,baseline
545,0.033385750922289764,0.027681144801053135,mst_dispersion,baseline
546,0.033385750922289764,0.06016949361020869,mst_dispersion,baseline
547,0.033385750922289764,0.06484411521391435,mst_dispersion,baseline
548,0.033385750922289764,0.060759446837685326,mst_dispersion,baseline
549,0.033385750922289764,0.02643026276068254,mst_dispersion,baseline
550,0.033385750922289764,0.05638003078373996,mst_dispersion,baseline
551,0.033385750922289764,0.05791801485148343,mst_dispersion,baseline
552,0.033385750922289764,0.06220038099722429,mst_dispersion,baseline
553,0.033385750922289764,0.06125816431912509,mst_dispersion,baseline
554,0.033385750922289764,0.06707671555605801,mst_dispersion,baseline
555,0.033385750922289764,0.06400971250100569,mst_dispersion,baseline
556,0.033385750922289764,0.06402231346477162,mst_dispersion,baseline
557,0.033385750922289764,0.06580880826169794,mst_dispersion,baseline
558,0.033385750922289764,0.058327642354098236,mst_dispersion,baseline
559,0.033385750922289764,0.0600510375066237,mst_dispersion,baseline
560,0.033385750922289764,0.06386197155172174,mst_dispersion,baseline
561,0.033385750922289764,0.0642902824011716,mst_dispersion,baseline
562,0.033385750922289764,0.060642174699089745,mst_dispersion,baseline
563,0.033385750922289764,0.06303477558222684,mst_dispersion,baseline
564,0.033385750922289764,0.06461750919168646,mst_dispersion,baseline
565,0.033385750922289764,0.07338679649613121,mst_dispersion,baseline
566,0.033385750922289764,0.06583062356168573,mst_dispersion,baseline
567,0.033385750922289764,0.06244472752917896,mst_dispersion,baseline
568,0.033385750922289764,0.06693635474551808,mst_dispersion,baseline
569,0.033385750922289764,0.06631907278841193,mst_dispersion,baseline
570,0.033385750922289764,0.06079742041501132,mst_dispersion,baseline
571,0.033385750922289764,0.06606522744352167,mst_dispersion,baseline
572,0.033385750922289764,0.06979089162566444,mst_dispersion,baseline
573,0.033385750922289764,0.06180039860985496,mst_dispersion,baseline
574,0.033385750922289764,0.06399069861932234,mst_dispersion,baseline
575,0.033385750922289764,0.06526314399459145,mst_dispersion,baseline
576,0.033385750922289764,0.06895590641281822,mst_dispersion,baseline
577,0.033385750922289764,0.07456411285833879,mst_dispersion,baseline
578,0.033385750922289764,0.062247614968906746,mst_dispersion,baseline
579,0.033385750922289764,0.06047238815914501,mst_dispersion,baseline
580,0.033385750922289764,0.06799879670143127,mst_dispersion,baseline
581,0.033385750922289764,0.0663186555558985,mst_dispersion,baseline
582,0.033385750922289764,0.028244221752340145,mst_dispersion,baseline
583,0.033385750922289764,0.06861925666982477,mst_dispersion,baseline
584,0.033385750922289764,0.06540195508436723,mst_dispersion,baseline
585,0.033385750922289764,0.059523907574740326,mst_dispersion,baseline
586,0.033385750922289764,0.06198118762536482,mst_dispersion,baseline
587,0.033385750922289764,0.06638675386255438,mst_dispersion,baseline
588,0.033385750922289764,0.07062282345511696,mst_dispersion,baseline
589,0.033385750922289764,0.060703851959922096,mst_dispersion,baseline
590,0.033385750922289764,0.06360028006813744,mst_dispersion,baseline
591,0.033385750922289764,0.062019253318960015,mst_dispersion,baseline
592,0.033385750922289764,0.06343116543509743,mst_dispersion,baseline
593,0.033385750922289764,0.05988260019909252,mst_dispersion,baseline
594,0.033385750922289764,0.0646406195380471,mst_dispersion,baseline
595,0.033385750922289764,0.0699253488670696,mst_dispersion,baseline
596,0.033385750922289764,0.06809185580773787,mst_dispersion,baseline
597,0.033385750922289764,0.07488401640545238,mst_dispersion,baseline
598,0.033385750922289764,0.05675315856933594,mst_dispersion,baseline
599,0.033385750922289764,0.05824587561867454,mst_dispersion,baseline
600,0.033385750922289764,0.06817628307776018,mst_dispersion,baseline
601,0.033385750922289764,0.0754952837120403,mst_dispersion,baseline
602,0.033385750922289764,0.06529507582837885,mst_dispersion,baseline
603,0.033385750922289764,0.0643693587996743,mst_dispersion,baseline
604,0.033385750922289764,0.05936472524296154,mst_dispersion,baseline
605,0.033385750922289764,0.06371121514927257,mst_dispersion,baseline
606,0.033385750922289764,0.05959878455508839,mst_dispersion,baseline
607,0.033385750922289764,0.055243191393938934,mst_dispersion,baseline
608,0.033385750922289764,0.06661460345441644,mst_dispersion,baseline
609,0.033385750922289764,0.06076853654601357,mst_dispersion,baseline
610,0.033385750922289764,0.06895497441291809,mst_dispersion,baseline
611,0.033385750922289764,0.029758629473772915,mst_dispersion,baseline
612,0.033385750922289764,0.07083788243207065,mst_dispersion,baseline
613,0.033385750922289764,0.06265018473971974,mst_dispersion,baseline
614,0.033385750922289764,0.05983260815793818,mst_dispersion,baseline
615,0.033385750922289764,0.06851106611165134,mst_dispersion,baseline
616,0.033385750922289764,0.06216001510620117,mst_dispersion,baseline
617,0.033385750922289764,0.06387622518972917,mst_dispersion,baseline
618,0.033385750922289764,0.05960808829827742,mst_dispersion,baseline
619,0.033385750922289764,0.06329426982186058,mst_dispersion,baseline
620,0.033385750922289764,0.06474854729392311,mst_dispersion,baseline
621,0.033385750922289764,0.056812958283857865,mst_dispersion,baseline
622,0.033385750922289764,0.05887060815637762,mst_dispersion,baseline
623,0.033385750922289764,0.06056349927728826,mst_dispersion,baseline
624,0.033385750922289764,0.06418225981972435,mst_dispersion,baseline
625,0.033385750922289764,0.06391984495249661,mst_dispersion,baseline
626,0.033385750922289764,0.060173982923681084,mst_dispersion,baseline
627,0.033385750922289764,0.07423546639355746,mst_dispersion,baseline
628,0.033385750922289764,0.06563732028007507,mst_dispersion,baseline
629,0.033385750922289764,0.0575263418934562,mst_dispersion,baseline
630,0.033385750922289764,0.06393958763642744,mst_dispersion,baseline
631,0.033385750922289764,0.06606565009463918,mst_dispersion,baseline
632,0.033385750922289764,0.06499105420979587,mst_dispersion,baseline
633,0.033385750922289764,0.057181176814165985,mst_dispersion,baseline
634,0.033385750922289764,0.05612670833414251,mst_dispersion,baseline
635,0.033385750922289764,0.06008410453796387,mst_dispersion,baseline
636,0.033385750922289764,0.06322604688731107,mst_dispersion,baseline
637,0.033385750922289764,0.06395263021642511,mst_dispersion,baseline
638,0.033385750922289764,0.0678922019221566,mst_dispersion,baseline
639,0.033385750922289764,0.06483534520322626,mst_dispersion,baseline
640,0.033385750922289764,0.05801743539896878,mst_dispersion,baseline
641,0.033385750922289764,0.06680009852756154,mst_dispersion,baseline
642,0.033385750922289764,0.07298327034169977,mst_dispersion,baseline
643,0.033385750922289764,0.06802558627995578,mst_dispersion,baseline
644,0.033385750922289764,0.06911663846536116,mst_dispersion,baseline
645,0.033385750922289764,0.06551601670005104,mst_dispersion,baseline
646,0.033385750922289764,0.0592058463530107,mst_dispersion,baseline
647,0.033385750922289764,0.06389582698995416,mst_dispersion,baseline
648,0.033385750922289764,0.06923832676627419,mst_dispersion,baseline
649,0.033385750922289764,0.0638820393518968,mst_dispersion,baseline
650,0.033385750922289764,0.0586707050150091,mst_dispersion,baseline
651,0.033385750922289764,0.06944121284918352,mst_dispersion,baseline
652,0.033385750922289764,0.05831346728584983,mst_dispersion,baseline
653,0.033385750922289764,0.06336542151191017,mst_dispersion,baseline
654,0.033385750922289764,0.06713764775883067,mst_dispersion,baseline
655,0.033385750922289764,0.06414826620708812,mst_dispersion,baseline
656,0.033385750922289764,0.06363303011113947,mst_dispersion,baseline
657,0.033385750922289764,0.06386015090075406,mst_dispersion,baseline
658,0.033385750922289764,0.06010869416323575,mst_dispersion,baseline
659,0.033385750922289764,0.06321685693480751,mst_dispersion,baseline
660,0.033385750922289764,0.0697700164534829,mst_dispersion,baseline
661,0.033385750922289764,0.06514747576280074,mst_dispersion,baseline
662,0.033385750922289764,0.06455924836072055,mst_dispersion,baseline
663,0.033385750922289764,0.06314941156994212,mst_dispersion,baseline
664,0.033385750922289764,0.026967747644944626,mst_dispersion,baseline
665,0.033385750922289764,0.05707465789534829,mst_dispersion,baseline
666,0.033385750922289764,0.028096380558880894,mst_dispersion,baseline
667,0.033385750922289764,0.062359392642974854,mst_dispersion,baseline
668,0.033385750922289764,0.027427527037533848,mst_dispersion,baseline
669,0.033385750922289764,0.05589031360366128,mst_dispersion,baseline
670,0.033385750922289764,0.058400666171854194,mst_dispersion,baseline
671,0.033385750922289764,0.06422059102491899,mst_dispersion,baseline
672,0.033385750922289764,0.06059078736738725,mst_dispersion,baseline
673,0.033385750922289764,0.06177494471723383,mst_dispersion,baseline
674,0.033385750922289764,0.06388880447907881,mst_dispersion,baseline
675,0.033385750922289764,0.05884700200774453,mst_dispersion,baseline
676,0.033385750922289764,0.07097010178999467,mst_dispersion,baseline
677,0.033385750922289764,0.06825559518553993,mst_dispersion,baseline
678,0.033385750922289764,0.06899196993220937,mst_dispersion,baseline
679,0.033385750922289764,0.06027619405226274,mst_dispersion,baseline
680,0.033385750922289764,0.027803009206598454,mst_dispersion,baseline
681,0.033385750922289764,0.05875926667993719,mst_dispersion,baseline
682,0.033385750922289764,0.05644798278808594,mst_dispersion,baseline
683,0.033385750922289764,0.06714841723442078,mst_dispersion,baseline
684,0.033385750922289764,0.0646691241047599,mst_dispersion,baseline
685,0.033385750922289764,0.06896909258582375,mst_dispersion,baseline
686,0.033385750922289764,0.06291537122292952,mst_dispersion,baseline
687,0.033385750922289764,0.061756778847087516,mst_dispersion,baseline
688,0.033385750922289764,0.064186307516965,mst_dispersion,baseline
689,0.033385750922289764,0.06640966101126237,mst_dispersion,baseline
690,0.033385750922289764,0.06443326581608165,mst_dispersion,baseline
691,0.033385750922289764,0.059437908909537575,mst_dispersion,baseline
692,0.033385750922289764,0.056668121706355705,mst_dispersion,baseline
693,0.033385750922289764,0.05740285190668973,mst_dispersion,baseline
694,0.033385750922289764,0.05682324008508162,mst_dispersion,baseline
695,0.033385750922289764,0.06792904301123186,mst_dispersion,baseline
696,0.033385750922289764,0.02843232588334517,mst_dispersion,baseline
697,0.033385750922289764,0.05790328166701577,mst_dispersion,baseline
698,0.033385750922289764,0.060686469078063965,mst_dispersion,baseline
699,0.033385750922289764,0.06696988235820424,mst_dispersion,baseline
700,0.033385750922289764,0.06719620661302046,mst_dispersion,baseline
701,0.033385750922289764,0.06195336309346286,mst_dispersion,baseline
702,0.033385750922289764,0.06676620786840265,mst_dispersion,baseline
703,0.033385750922289764,0.07486811551180753,mst_dispersion,baseline
704,0.033385750922289764,0.06387983668934215,mst_dispersion,baseline
705,0.033385750922289764,0.05993118611249057,mst_dispersion,baseline
706,0.033385750922289764,0.05964575843377547,mst_dispersion,baseline
707,0.033385750922289764,0.06822337074713274,mst_dispersion,baseline
708,0.033385750922289764,0.06721292300657793,mst_dispersion,baseline
709,0.033385750922289764,0.06618561798875983,mst_dispersion,baseline
710,0.033385750922289764,0.058679586107080635,mst_dispersion,baseline
711,0.033385750922289764,0.06991649215871637,mst_dispersion,baseline
712,0.033385750922289764,0.07131010293960571,mst_dispersion,baseline
713,0.033385750922289764,0.06287181106480685,mst_dispersion,baseline
714,0.033385750922289764,0.06664774634621361,mst_dispersion,baseline
715,0.033385750922289764,0.06979546492749994,mst_dispersion,baseline
716,0.033385750922289764,0.061939223246140915,mst_dispersion,baseline
717,0.033385750922289764,0.028940921480005436,mst_dispersion,baseline
718,0.033385750922289764,0.06388383832844821,mst_dispersion,baseline
719,0.033385750922289764,0.060009704394774,mst_dispersion,baseline
720,0.033385750922289764,0.061863555149598556,mst_dispersion,baseline
721,0.033385750922289764,0.060031083497134125,mst_dispersion,baseline
722,0.033385750922289764,0.07055783813649957,mst_dispersion,baseline
723,0.033385750922289764,0.06063355911861767,mst_dispersion,baseline
724,0.033385750922289764,0.06635746630755338,mst_dispersion,baseline
725,0.033385750922289764,0.06445182995362715,mst_dispersion,baseline
726,0.033385750922289764,0.06508247689767317,mst_dispersion,baseline
727,0.033385750922289764,0.02780270034616644,mst_dispersion,baseline
728,0.033385750922289764,0.06107799031517722,mst_dispersion,baseline
729,0.033385750922289764,0.065425612709739,mst_dispersion,baseline
730,0.033385750922289764,0.06117744879289107,mst_dispersion,baseline
731,0.033385750922289764,0.06502275575291026,mst_dispersion,baseline
732,0.033385750922289764,0.06852087107571689,mst_dispersion,baseline
733,0.033385750922289764,0.059944133866917,mst_dispersion,baseline
734,0.033385750922289764,0.06401606852358038,mst_dispersion,baseline
735,0.033385750922289764,0.029126221483403988,mst_dispersion,baseline
736,0.033385750922289764,0.028422044082121414,mst_dispersion,baseline
737,0.033385750922289764,0.06387939778241244,mst_dispersion,baseline
738,0.033385750922289764,0.06846059723333879,mst_dispersion,baseline
739,0.033385750922289764,0.06626628203825517,mst_dispersion,baseline
740,0.033385750922289764,0.06628113714131442,mst_dispersion,baseline
741,0.033385750922289764,0.058645527471195565,mst_dispersion,baseline
742,0.033385750922289764,0.060396199876611885,mst_dispersion,baseline
743,0.033385750922289764,0.06507153944535689,mst_dispersion,baseline
744,0.033385750922289764,0.06559093431992964,mst_dispersion,baseline
745,0.033385750922289764,0.0586470907384699,mst_dispersion,baseline
746,0.033385750922289764,0.0727099126035517,mst_dispersion,baseline
747,0.033385750922289764,0.06459940563548695,mst_dispersion,baseline
748,0.033385750922289764,0.0651944713159041,mst_dispersion,baseline
749,0.033385750922289764,0.06858587535944852,mst_dispersion,baseline
750,0.033385750922289764,0.06316721439361572,mst_dispersion,baseline
751,0.033385750922289764,0.06235476786440069,mst_dispersion,baseline
752,0.033385750922289764,0.06377564506097273,mst_dispersion,baseline
753,0.033385750922289764,0.05469985170797868,mst_dispersion,baseline
754,0.033385750922289764,0.06483438069170172,mst_dispersion,baseline
755,0.033385750922289764,0.05883930217136036,mst_dispersion,baseline
756,0.033385750922289764,0.05721273205497048,mst_dispersion,baseline
757,0.033385750922289764,0.05945694446563721,mst_dispersion,baseline
758,0.033385750922289764,0.05883314392783425,mst_dispersion,baseline
759,0.033385750922289764,0.06553742831403558,mst_dispersion,baseline
760,0.033385750922289764,0.06475186077031223,mst_dispersion,baseline
761,0.033385750922289764,0.06164972348646684,mst_dispersion,baseline
762,0.033385750922289764,0.028817631981589577,mst_dispersion,baseline
763,0.033385750922289764,0.07359322092749855,mst_dispersion,baseline
764,0.033385750922289764,0.027594644914973866,mst_dispersion,baseline
765,0.033385750922289764,0.05873990058898926,mst_dispersion,baseline
766,0.033385750922289764,0.06506182930686256,mst_dispersion,baseline
767,0.033385750922289764,0.06988215717402371,mst_dispersion,baseline
768,0.033385750922289764,0.0591561577536843,mst_dispersion,baseline
769,0.033385750922289764,0.062435217879035255,mst_dispersion,baseline
770,0.033385750922289764,0.06265189701860602,mst_dispersion,baseline
771,0.033385750922289764,0.06472106142477556,mst_dispersion,baseline
772,0.033385750922289764,0.06928632747043263,mst_dispersion,baseline
773,0.033385750922289764,0.06618633595379916,mst_dispersion,baseline
774,0.033385750922289764,0.061021268367767334,mst_dispersion,baseline
775,0.033385750922289764,0.07000676610253075,mst_dispersion,baseline
776,0.033385750922289764,0.06420187245715749,mst_dispersion,baseline
777,0.033385750922289764,0.06479839032346552,mst_dispersion,baseline
778,0.033385750922289764,0.029355195435610684,mst_dispersion,baseline
779,0.033385750922289764,0.06430762193419716,mst_dispersion,baseline
780,0.033385750922289764,0.02556267109784213,mst_dispersion,baseline
781,0.033385750922289764,0.07012889331037347,mst_dispersion,baseline
782,0.033385750922289764,0.06638035720044916,mst_dispersion,baseline
783,0.033385750922289764,0.06732172044840726,mst_dispersion,baseline
784,0.033385750922289764,0.06527469916777177,mst_dispersion,baseline
785,0.033385750922289764,0.060622938654639504,mst_dispersion,baseline
786,0.033385750922289764,0.07308276133103804,mst_dispersion,baseline
787,0.033385750922289764,0.0591319663958116,mst_dispersion,baseline
788,0.033385750922289764,0.07052452997727827,mst_dispersion,baseline
789,0.033385750922289764,0.06890490651130676,mst_dispersion,baseline
790,0.033385750922289764,0.060339897871017456,mst_dispersion,baseline
791,0.033385750922289764,0.06922602382573215,mst_dispersion,baseline
792,0.033385750922289764,0.0645272894339128,mst_dispersion,baseline
793,0.033385750922289764,0.06892320513725281,mst_dispersion,baseline
794,0.033385750922289764,0.028287803584879093,mst_dispersion,baseline
795,0.033385750922289764,0.06197442791678689,mst_dispersion,baseline
796,0.033385750922289764,0.06924663619561629,mst_dispersion,baseline
797,0.033385750922289764,0.06213138049299067,mst_dispersion,baseline
798,0.033385750922289764,0.05608748305927624,mst_dispersion,baseline
799,0.033385750922289764,0.06274208155545322,mst_dispersion,baseline
800,0.033385750922289764,0.06890299645337192,mst_dispersion,baseline
801,0.033385750922289764,0.06614206324924123,mst_dispersion,baseline
802,0.033385750922289764,0.06422536752440712,mst_dispersion,baseline
803,0.033385750922289764,0.06905277208848433,mst_dispersion,baseline
804,0.033385750922289764,0.06423142823305997,mst_dispersion,baseline
805,0.033385750922289764,0.060023974288593636,mst_dispersion,baseline
806,0.033385750922289764,0.06557534499601884,mst_dispersion,baseline
807,0.033385750922289764,0.028102341023358433,mst_dispersion,baseline
808,0.033385750922289764,0.06386200948195024,mst_dispersion,baseline
809,0.033385750922289764,0.06687053767117587,mst_dispersion,baseline
810,0.033385750922289764,0.02768234231255271,mst_dispersion,baseline
811,0.033385750922289764,0.06519848379221829,mst_dispersion,baseline
812,0.033385750922289764,0.06352334672754462,mst_dispersion,baseline
813,0.033385750922289764,0.06392760981212962,mst_dispersion,baseline
814,0.033385750922289764,0.06891590898687189,mst_dispersion,baseline
815,0.033385750922289764,0.07339840314605019,mst_dispersion,baseline
816,0.033385750922289764,0.02744142304767262,mst_dispersion,baseline
817,0.033385750922289764,0.0610309514132413,mst_dispersion,baseline
818,0.033385750922289764,0.06449299237944862,mst_dispersion,baseline
819,0.033385750922289764,0.056817558678713714,mst_dispersion,baseline
820,0.033385750922289764,0.060062879865819756,mst_dispersion,baseline
821,0.033385750922289764,0.06933807243000377,mst_dispersion,baseline
822,0.033385750922289764,0.06689238277348605,mst_dispersion,baseline
823,0.033385750922289764,0.07481408931992271,mst_dispersion,baseline
824,0.033385750922289764,0.06400820341977206,mst_dispersion,baseline
825,0.033385750922289764,0.06795092604377052,mst_dispersion,baseline
826,0.033385750922289764,0.06427906047214162,mst_dispersion,baseline
827,0.033385750922289764,0.029670054262334652,mst_dispersion,baseline
828,0.033385750922289764,0.07254704291170294,mst_dispersion,baseline
829,0.033385750922289764,0.028719790957190773,mst_dispersion,baseline
830,0.033385750922289764,0.0676287358457392,mst_dispersion,baseline
831,0.033385750922289764,0.06374213099479675,mst_dispersion,baseline
832,0.033385750922289764,0.029124574227766556,mst_dispersion,baseline
833,0.033385750922289764,0.06552315842021596,mst_dispersion,baseline
834,0.033385750922289764,0.05994737148284912,mst_dispersion,baseline
835,0.033385750922289764,0.0680174312808297,mst_dispersion,baseline
836,0.033385750922289764,0.058127219026738945,mst_dispersion,baseline
837,0.033385750922289764,0.05599626356905157,mst_dispersion,baseline
838,0.033385750922289764,0.06493467092514038,mst_dispersion,baseline
839,0.033385750922289764,0.05618607997894287,mst_dispersion,baseline
840,0.033385750922289764,0.02813083746216514,mst_dispersion,baseline
841,0.033385750922289764,0.06500690904530612,mst_dispersion,baseline
842,0.033385750922289764,0.027441859245300293,mst_dispersion,baseline
843,0.033385750922289764,0.0615246133370833,mst_dispersion,baseline
844,0.033385750922289764,0.06722950393503363,mst_dispersion,baseline
845,0.033385750922289764,0.06727905165065419,mst_dispersion,baseline
846,0.033385750922289764,0.06109658425504511,mst_dispersion,baseline
847,0.033385750922289764,0.07111841169270602,mst_dispersion,baseline
848,0.033385750922289764,0.06513179161331871,mst_dispersion,baseline
849,0.033385750922289764,0.07291114330291748,mst_dispersion,baseline
850,0.033385750922289764,0.05905845761299133,mst_dispersion,baseline
851,0.033385750922289764,0.06417929584329779,mst_dispersion,baseline
852,0.033385750922289764,0.05968896096402949,mst_dispersion,baseline
853,0.033385750922289764,0.06163826855746182,mst_dispersion,baseline
854,0.033385750922289764,0.05662284114144065,mst_dispersion,baseline
855,0.033385750922289764,0.0750749869780107,mst_dispersion,baseline
856,0.033385750922289764,0.06049954349344427,mst_dispersion,baseline
857,0.033385750922289764,0.06948381933298978,mst_dispersion,baseline
858,0.033385750922289764,0.07310716943307356,mst_dispersion,baseline
859,0.033385750922289764,0.0694327787919478,mst_dispersion,baseline
860,0.033385750922289764,0.06671120090918108,mst_dispersion,baseline
861,0.033385750922289764,0.05823331258513711,mst_dispersion,baseline
862,0.033385750922289764,0.06396295536648143,mst_dispersion,baseline
863,0.033385750922289764,0.07190561023625461,mst_dispersion,baseline
864,0.033385750922289764,0.0720070790160786,mst_dispersion,baseline
865,0.033385750922289764,0.05751588398760015,mst_dispersion,baseline
866,0.033385750922289764,0.06478900259191339,mst_dispersion,baseline
867,0.033385750922289764,0.02761351520364935,mst_dispersion,baseline
868,0.033385750922289764,0.05992251363667575,mst_dispersion,baseline
869,0.033385750922289764,0.06890572472052141,mst_dispersion,baseline
870,0.033385750922289764,0.06507123871283098,mst_dispersion,baseline
871,0.033385750922289764,0.06522842699831183,mst_dispersion,baseline
872,0.033385750922289764,0.07016501101580533,mst_dispersion,baseline
873,0.033385750922289764,0.07509344816207886,mst_dispersion,baseline
874,0.033385750922289764,0.06481279568238692,mst_dispersion,baseline
875,0.033385750922289764,0.05745191194794395,mst_dispersion,baseline
876,0.033385750922289764,0.06399776718833229,mst_dispersion,baseline
877,0.033385750922289764,0.058875709772109985,mst_dispersion,baseline
878,0.033385750922289764,0.06303967129100453,mst_dispersion,baseline
879,0.033385750922289764,0.05542292107235302,mst_dispersion,baseline
880,0.033385750922289764,0.06622958725148981,mst_dispersion,baseline
881,0.033385750922289764,0.02725700627673756,mst_dispersion,baseline
882,0.033385750922289764,0.06527510285377502,mst_dispersion,baseline
883,0.033385750922289764,0.0293994816866788,mst_dispersion,baseline
884,0.033385750922289764,0.06408514759757301,mst_dispersion,baseline
885,0.033385750922289764,0.05925944989377802,mst_dispersion,baseline
886,0.033385750922289764,0.05887763608585705,mst_dispersion,baseline
887,0.033385750922289764,0.06457981196316806,mst_dispersion,baseline
888,0.033385750922289764,0.05994848771528764,mst_dispersion,baseline
889,0.033385750922289764,0.07686608758839694,mst_dispersion,baseline
890,0.033385750922289764,0.0655127465724945,mst_dispersion,baseline
891,0.033385750922289764,0.06440986828370528,mst_dispersion,baseline
892,0.033385750922289764,0.05964121222496033,mst_dispersion,baseline
893,0.033385750922289764,0.06118596412918784,mst_dispersion,baseline
894,0.033385750922289764,0.0583982223814184,mst_dispersion,baseline
895,0.033385750922289764,0.02786030281673778,mst_dispersion,baseline
896,0.033385750922289764,0.057372719049453735,mst_dispersion,baseline
897,0.033385750922289764,0.06270858645439148,mst_dispersion,baseline
898,0.033385750922289764,0.0730453296141191,mst_dispersion,baseline
899,0.033385750922289764,0.0610155002637343,mst_dispersion,baseline
900,0.033385750922289764,0.06970496611161665,mst_dispersion,baseline
901,0.033385750922289764,0.06365834041075273,mst_dispersion,baseline
902,0.033385750922289764,0.06331900574944237,mst_dispersion,baseline
903,0.033385750922289764,0.06421241164207458,mst_dispersion,baseline
904,0.033385750922289764,0.02897153930230574,mst_dispersion,baseline
905,0.033385750922289764,0.05739066004753113,mst_dispersion,baseline
906,0.033385750922289764,0.06914264505559747,mst_dispersion,baseline
907,0.033385750922289764,0.06621502204374834,mst_dispersion,baseline
908,0.033385750922289764,0.06075922738422047,mst_dispersion,baseline
909,0.033385750922289764,0.05873228745027022,mst_dispersion,baseline
910,0.033385750922289764,0.06691585345701738,mst_dispersion,baseline
911,0.033385750922289764,0.0652220682664351,mst_dispersion,baseline
912,0.033385750922289764,0.06142676418477839,mst_dispersion,baseline
913,0.033385750922289764,0.06528250195763328,mst_dispersion,baseline
914,0.033385750922289764,0.07377446781505238,mst_dispersion,baseline
915,0.033385750922289764,0.06728342446413907,mst_dispersion,baseline
916,0.033385750922289764,0.027127076279033314,mst_dispersion,baseline
917,0.033385750922289764,0.061255728656595405,mst_dispersion,baseline
918,0.033385750922289764,0.057111230763522064,mst_dispersion,baseline
919,0.033385750922289764,0.028917258436029606,mst_dispersion,baseline
920,0.033385750922289764,0.06451015038923784,mst_dispersion,baseline
921,0.033385750922289764,0.05808973854238337,mst_dispersion,baseline
922,0.033385750922289764,0.06512557918375189,mst_dispersion,baseline
923,0.033385750922289764,0.030742924321781506,mst_dispersion,baseline
924,0.033385750922289764,0.06406537511131981,mst_dispersion,baseline
925,0.033385750922289764,0.062185452743010086,mst_dispersion,baseline
926,0.033385750922289764,0.06205670941959728,mst_dispersion,baseline
927,0.033385750922289764,0.06072460521351208,mst_dispersion,baseline
928,0.033385750922289764,0.06413802775469693,mst_dispersion,baseline
929,0.033385750922289764,0.06076237017458135,mst_dispersion,baseline
930,0.033385750922289764,0.06740122762593356,mst_dispersion,baseline
931,0.033385750922289764,0.06935220956802368,mst_dispersion,baseline
932,0.033385750922289764,0.02958659150383689,mst_dispersion,baseline
933,0.033385750922289764,0.07125377655029297,mst_dispersion,baseline
934,0.033385750922289764,0.059601881287314674,mst_dispersion,baseline
935,0.033385750922289764,0.06452225284142928,mst_dispersion,baseline
936,0.033385750922289764,0.06945748762650923,mst_dispersion,baseline
937,0.033385750922289764,0.06477283347736705,mst_dispersion,baseline
938,0.033385750922289764,0.07508679953488437,mst_dispersion,baseline
939,0.033385750922289764,0.07326558232307434,mst_dispersion,baseline
940,0.033385750922289764,0.06274079463698647,mst_dispersion,baseline
941,0.033385750922289764,0.07338416305455295,mst_dispersion,baseline
942,0.033385750922289764,0.06629432060501793,mst_dispersion,baseline
943,0.033385750922289764,0.06369381872090427,mst_dispersion,baseline
944,0.033385750922289764,0.0626166435805234,mst_dispersion,baseline
945,0.033385750922289764,0.02711056037382646,mst_dispersion,baseline
946,0.033385750922289764,0.06050069494680925,mst_dispersion,baseline
947,0.033385750922289764,0.06007749384099787,mst_dispersion,baseline
948,0.033385750922289764,0.06944115866314281,mst_dispersion,baseline
949,0.033385750922289764,0.06378295204856178,mst_dispersion,baseline
950,0.033385750922289764,0.0654486905444752,mst_dispersion,baseline
951,0.033385750922289764,0.06045660918409174,mst_dispersion,baseline
952,0.033385750922289764,0.061022246425802056,mst_dispersion,baseline
953,0.033385750922289764,0.06491359526460821,mst_dispersion,baseline
954,0.033385750922289764,0.029496057467027145,mst_dispersion,baseline
955,0.033385750922289764,0.06024496663700451,mst_dispersion,baseline
956,0.033385750922289764,0.0689342428337444,mst_dispersion,baseline
957,0.033385750922289764,0.056640142744237724,mst_dispersion,baseline
958,0.033385750922289764,0.06458657438104803,mst_dispersion,baseline
959,0.033385750922289764,0.06611992825161327,mst_dispersion,baseline
960,0.033385750922289764,0.06432744047858498,mst_dispersion,baseline
961,0.033385750922289764,0.06130243702368303,mst_dispersion,baseline
962,0.033385750922289764,0.06192845377055081,mst_dispersion,baseline
963,0.033385750922289764,0.06827054240486839,mst_dispersion,baseline
964,0.033385750922289764,0.06508319215341048,mst_dispersion,baseline
965,0.033385750922289764,0.06346158276904713,mst_dispersion,baseline
966,0.033385750922289764,0.0708984759720889,mst_dispersion,baseline
967,0.033385750922289764,0.026824452660300514,mst_dispersion,baseline
968,0.033385750922289764,0.06676734577525746,mst_dispersion,baseline
969,0.033385750922289764,0.06628140265291388,mst_dispersion,baseline
970,0.033385750922289764,0.06338325684720819,mst_dispersion,baseline
971,0.033385750922289764,0.05856958302584561,mst_dispersion,baseline
972,0.033385750922289764,0.06225107203830372,mst_dispersion,baseline
973,0.033385750922289764,0.06492522358894348,mst_dispersion,baseline
974,0.033385750922289764,0.06807335669344122,mst_dispersion,baseline
975,0.033385750922289764,0.07009188695387407,mst_dispersion,baseline
976,0.033385750922289764,0.06645492532036522,mst_dispersion,baseline
977,0.033385750922289764,0.06519676609472795,mst_dispersion,baseline
978,0.033385750922289764,0.05888521942225369,mst_dispersion,baseline
979,0.033385750922289764,0.06360838900912892,mst_dispersion,baseline
980,0.033385750922289764,0.028174931352788753,mst_dispersion,baseline
981,0.033385750922289764,0.06426467678763649,mst_dispersion,baseline
982,0.033385750922289764,0.05967353961684487,mst_dispersion,baseline
983,0.033385750922289764,0.06559580835429105,mst_dispersion,baseline
984,0.033385750922289764,0.0649482174353166,mst_dispersion,baseline
985,0.033385750922289764,0.06385980411009355,mst_dispersion,baseline
986,0.033385750922289764,0.056857374581423675,mst_dispersion,baseline
987,0.033385750922289764,0.06474876674738797,mst_dispersion,baseline
988,0.033385750922289764,0.0642767304723913,mst_dispersion,baseline
989,0.033385750922289764,0.06788886948065324,mst_dispersion,baseline
990,0.033385750922289764,0.05899729782884771,mst_dispersion,baseline
991,0.033385750922289764,0.06525430083274841,mst_dispersion,baseline
992,0.033385750922289764,0.05923700061711398,mst_dispersion,baseline
993,0.033385750922289764,0.06453113393350081,mst_dispersion,baseline
994,0.033385750922289764,0.06346155567602678,mst_dispersion,baseline
995,0.033385750922289764,0.06011723117394881,mst_dispersion,baseline
996,0.033385750922289764,0.027957306666807694,mst_dispersion,baseline
997,0.033385750922289764,0.061654058369723236,mst_dispersion,baseline
998,0.033385750922289764,0.05715406211939725,mst_dispersion,baseline
999,0.033385750922289764,0.06858743862672285,mst_dispersion,baseline
